Crash_Ref_Number,Crash_Severity,Crash_Year,Crash_Month,Crash_Day_Of_Week,Crash_Hour,Crash_Nature,Crash_Type,Crash_Longitude_GDA94,Crash_Latitude_GDA94,Crash_Street,Crash_Street_Intersecting,State_Road_Name,Loc_Suburb,Loc_Local_Government_Area,Loc_Post_Code,Loc_Police_Division,Loc_Police_District,Loc_Police_Region,Loc_Queensland_Transport_Region,Loc_Main_Roads_Region,Loc_ABS_Statistical_Area_2,Loc_ABS_Statistical_Area_3,Loc_ABS_Statistical_Area_4,Loc_ABS_Remoteness,Loc_State_Electorate,Loc_Federal_Electorate,Crash_Controlling_Authority,Crash_Roadway_Feature,Crash_Traffic_Control,Crash_Speed_Limit,Crash_Road_Surface_Condition,Crash_Atmospheric_Condition,Crash_Lighting_Condition,Crash_Road_Horiz_Align,Crash_Road_Vert_Align,Crash_DCA_Code,Crash_DCA_Description,Crash_DCA_Group_Description,DCA_Key_Approach_Dir,Count_Casualty_Fatality,Count_Casualty_Hospitalised,Count_Casualty_MedicallyTreated,Count_Casualty_MinorInjury,Count_Casualty_Total,Count_Unit_Car,Count_Unit_Motorcycle_Moped,Count_Unit_Truck,Count_Unit_Bus,Count_Unit_Bicycle,Count_Unit_Pedestrian,Count_Unit_Other
288,Property damage only,2001,February,Saturday,1,Angle,Multi-Vehicle,153.0635802,-27.46988236,Balmoral St,Bennetts Rd,,Hawthorne,Brisbane City,4171,Morningside,South Brisbane,Brisbane,SEQ South,Metropolitan,Hawthorne,Brisbane Inner - East,Brisbane Inner City,Major Cities,Bulimba,Griffith,Locally-controlled,Intersection - Cross,Operating traffic lights,60 km/h,Sealed - Dry,Clear,Darkness - Lighted,Straight,Grade,101,Veh'S Adjacent Approach: Thru-Thru,Intersection from adjacent approaches,N,0,0,0,0,0,2,0,0,0,0,0,0
289,Property damage only,2001,February,Saturday,12,Angle,Multi-Vehicle,153.068032,-27.55018993,Klumpp Rd,South East Art Rd Ramp Xg,South-East Arterial Road (Pacific Motorway),Upper Mount Gravatt,Brisbane City,4122,Upper Mount Gravatt,South Brisbane,Brisbane,SEQ South,Metropolitan,Upper Mount Gravatt,Mt Gravatt,Brisbane - South,Major Cities,Mansfield,Bonner,State-controlled,Intersection - Interchange,Operating traffic lights,60 km/h,Sealed - Dry,Clear,Daylight,Straight,Level,102,Veh'S Adjacent Approach: Right-Thru,Intersection from adjacent approaches,E,0,0,0,0,0,2,0,0,0,0,0,0
290,Medical treatment,2001,February,Saturday,16,Rear-end,Multi-Vehicle,152.9937549,-27.35573823,Beckett Rd,,,Bridgeman Downs,Brisbane City,4035,Albany Creek,North Brisbane,Brisbane,SEQ North,Metropolitan,Bridgeman Downs,Bald Hills - Everton Park,Brisbane - North,Major Cities,Aspley,Dickson,Locally-controlled,No Roadway Feature,No traffic control,60 km/h,Sealed - Dry,Unknown,Daylight,Straight,Grade,301,Veh'S Same Direction: Rear End,Rear-end,S,0,0,1,0,1,2,0,0,0,0,0,0
291,Property damage only,2001,February,Saturday,8,Rear-end,Multi-Vehicle,153.2104602,-27.53762061,Capalaba - Victoria Point Rd,,Capalaba - Victoria Point Road,Capalaba,Redland City,4157,Capalaba,South Brisbane,Brisbane,SEQ South,Metropolitan,Capalaba,Capalaba,Brisbane - East,Major Cities,Capalaba,Bowman,State-controlled,No Roadway Feature,No traffic control,80 - 90 km/h,Sealed - Wet,Raining,Daylight,Straight,Grade,301,Veh'S Same Direction: Rear End,Rear-end,W,0,0,0,0,0,4,0,0,0,0,0,0
292,Property damage only,2001,February,Saturday,12,Angle,Multi-Vehicle,152.853454,-27.64310634,Redbank Plains Rd,School Rd,,Redbank Plains,Ipswich City,4301,Goodna,Ipswich,Southern,SEQ South,Metropolitan,Redbank Plains,Springfield - Redbank,Ipswich,Major Cities,Bundamba,Blair,Locally-controlled,Intersection - T-Junction,No traffic control,60 km/h,Sealed - Dry,Clear,Daylight,Curved - view obscured,Grade,202,Veh'S Opposite Approach: Thru-Right,Opposing vehicles turning,E,0,0,0,0,0,2,0,0,0,0,0,0
293,Medical treatment,2001,February,Saturday,11,Rear-end,Multi-Vehicle,152.8538355,-25.28351969,Charlton Esp,Queens Rd,,Scarness,Fraser Coast Region,4655,Hervey Bay,Wide Bay Burnett,Central,Southern,North Coast and Wide Bay/Burnett,Torquay - Scarness - Kawungan,Hervey Bay,Wide Bay,Inner Regional,Hervey Bay,Hinkler,Locally-controlled,Intersection - T-Junction,No traffic control,0 - 50 km/h,Sealed - Dry,Clear,Daylight,Straight,Level,303,Veh'S Same Direction: Right Rear,Rear-end,E,0,0,2,0,2,2,0,0,0,0,0,0
294,Property damage only,2001,February,Saturday,9,Rear-end,Multi-Vehicle,147.2520064,-19.55978991,Bruce Hwy,,Bruce Highway (Ayr - Townsville),Barratta,Burdekin Shire,4809,Ayr,Townsville,Northern,Northern,North Queensland,Burdekin,Charters Towers - Ayr - Ingham,Townsville,Outer Regional,Burdekin,Dawson,State-controlled,No Roadway Feature,No traffic control,100 - 110 km/h,Sealed - Wet,Raining,Daylight,Straight,Level,301,Veh'S Same Direction: Rear End,Rear-end,S,0,0,0,0,0,2,0,0,0,0,0,0
295,Medical treatment,2001,February,Sunday,17,Rear-end,Multi-Vehicle,153.096267,-27.46945617,Creek Rd,Wynnum Rd,,Cannon Hill,Brisbane City,4170,Morningside,South Brisbane,Brisbane,SEQ South,Metropolitan,Cannon Hill,Carindale,Brisbane - South,Major Cities,Bulimba,Griffith,Locally-controlled,Intersection - Cross,Operating traffic lights,70 km/h,Sealed - Dry,Clear,Daylight,Straight,Level,301,Veh'S Same Direction: Rear End,Rear-end,E,0,0,2,0,2,2,0,0,0,0,0,0
296,Property damage only,2001,February,Sunday,10,Rear-end,Multi-Vehicle,152.8122594,-27.60798481,Byrne St,Ipswich - Cunningham Hwy Connection Rd,Ipswich - Cunningham Hwy Connection Road,Bundamba,Ipswich City,4304,Booval,Ipswich,Southern,SEQ South,Metropolitan,Bundamba,Ipswich Inner,Ipswich,Major Cities,Bundamba,Blair,State-controlled,Intersection - T-Junction,Operating traffic lights,60 km/h,Sealed - Dry,Clear,Daylight,Straight,Level,301,Veh'S Same Direction: Rear End,Rear-end,W,0,0,0,0,0,2,0,0,0,0,0,0
297,Hospitalisation,2001,February,Sunday,0,Hit parked vehicle,Single Vehicle,153.4400562,-28.0684693,Sunshine Pde,,,Miami,Gold Coast City,4220,Broadbeach,Gold Coast,South Eastern,SEQ South,South Coast,Miami,Broadbeach - Burleigh,Gold Coast,Major Cities,Mermaid Beach,Moncrieff,Locally-controlled,No Roadway Feature,No traffic control,0 - 50 km/h,Sealed - Wet,Raining,Darkness - Not lighted,Straight,Level,200,Veh'S Opposite Approach: Other,Other,S,0,1,0,0,1,2,0,0,0,0,0,0
298,Hospitalisation,2001,February,Sunday,21,Hit pedestrian,Hit pedestrian,153.4528955,-28.0900394,Gold Coast Hwy,,Gold Coast Highway (Broadbeach - Coolangatta),Burleigh Heads,Gold Coast City,4220,Palm Beach,Gold Coast,South Eastern,SEQ South,South Coast,Burleigh Heads,Broadbeach - Burleigh,Gold Coast,Major Cities,Burleigh,Mcpherson,State-controlled,No Roadway Feature,No traffic control,60 km/h,Sealed - Dry,Clear,Darkness - Lighted,Curved - view open,Level,3,Ped'N: Far Side Vehicle Hit From Left,Pedestrian,E,0,1,0,0,1,1,0,0,0,0,1,0
299,Property damage only,2001,February,Sunday,21,Angle,Multi-Vehicle,152.0521277,-28.1849587,Cunningham Hwy,East St,Cunningham Highway (Ipswich - Warwick),Womina,Southern Downs Region,4370,Warwick,Darling Downs,Southern,Southern,Downs South West,Warwick,Granite Belt,Darling Downs - Maranoa,Inner Regional,Southern Downs,Maranoa,State-controlled,Intersection - T-Junction,No traffic control,100 - 110 km/h,Sealed - Dry,Clear,Darkness - Not lighted,Straight,Level,406,Veh'S Manoeuvring: Leaving Driveway,Vehicle leaving driveway,S,0,0,0,0,0,1,0,1,0,0,0,0
300,Property damage only,2001,February,Monday,16,Angle,Multi-Vehicle,153.0188972,-27.45996306,Boundary St,Gregory Tce,,Spring Hill,Brisbane City,4000,Brisbane City,North Brisbane,Brisbane,SEQ North,Metropolitan,Spring Hill,Brisbane Inner,Brisbane Inner City,Major Cities,Mcconnel,Brisbane,Locally-controlled,Intersection - T-Junction,Operating traffic lights,60 km/h,Sealed - Dry,Clear,Daylight,Curved - view open,Grade,202,Veh'S Opposite Approach: Thru-Right,Opposing vehicles turning,N,0,0,0,0,0,2,0,0,0,0,0,0
301,Medical treatment,2001,February,Monday,9,Rear-end,Multi-Vehicle,153.0154166,-27.46733874,South East Arterial Rd,,,Brisbane City,Brisbane City,4000,Brisbane City,North Brisbane,Brisbane,SEQ North,Metropolitan,Brisbane City,Brisbane Inner,Brisbane Inner City,Major Cities,Mcconnel,Brisbane,Locally-controlled,No Roadway Feature,No traffic control,60 km/h,Sealed - Dry,Clear,Daylight,Straight,Level,301,Veh'S Same Direction: Rear End,Rear-end,E,0,0,1,0,1,3,0,0,0,0,0,0
302,Medical treatment,2001,February,Monday,15,Angle,Multi-Vehicle,153.0170624,-27.18987891,Deception Bay Rd,Lipscombe Rd,Deception Bay Road,Deception Bay,Moreton Bay Region,4508,Deception Bay,Moreton,Southern,SEQ North,North Coast and Wide Bay/Burnett,Deception Bay,Narangba - Burpengary,Moreton Bay - North,Major Cities,Bancroft,Petrie,State-controlled,Intersection - Cross,Operating traffic lights,60 km/h,Sealed - Wet,Raining,Daylight,Curved - view obscured,Level,408,Veh'S Manoeuvring: Entering From Footway,Vehicle leaving driveway,E,0,0,1,0,1,1,0,0,0,1,0,0
303,Medical treatment,2001,February,Monday,20,Angle,Multi-Vehicle,152.7625467,-27.61595874,Gordon St,Ipswich - Cunningham Hwy Connection Rd,Ipswich - Cunningham Hwy Connection Road,Ipswich,Ipswich City,4305,Ipswich,Ipswich,Southern,SEQ South,Metropolitan,Ipswich - Central,Ipswich Inner,Ipswich,Major Cities,Ipswich,Blair,State-controlled,Intersection - Cross,Operating traffic lights,60 km/h,Sealed - Dry,Clear,Darkness - Lighted,Straight,Grade,101,Veh'S Adjacent Approach: Thru-Thru,Intersection from adjacent approaches,W,0,0,1,0,1,2,0,0,0,0,0,0
304,Minor injury,2001,February,Monday,10,Angle,Multi-Vehicle,153.3927684,-27.9878268,Cotlew St,Wardoo St,,Ashmore,Gold Coast City,4214,Southport,Gold Coast,South Eastern,SEQ South,South Coast,Ashmore,Southport,Gold Coast,Major Cities,Southport,Moncrieff,Locally-controlled,Intersection - Roundabout,Give way sign,60 km/h,Sealed - Wet,Raining,Daylight,Straight,Crest,202,Veh'S Opposite Approach: Thru-Right,Opposing vehicles turning,W,0,0,0,1,1,1,1,0,0,0,0,0
305,Medical treatment,2001,February,Monday,16,Overturned,Single Vehicle,153.0230557,-26.85580019,Bruce Hwy,,Bruce Highway (Brisbane - Gympie),Coochin Creek,Sunshine Coast Region,4519,Beerwah,Sunshine Coast,Central,SEQ North,North Coast and Wide Bay/Burnett,Beerwah,Sunshine Coast Hinterland,Sunshine Coast,Inner Regional,Caloundra,Fisher,State-controlled,No Roadway Feature,No traffic control,100 - 110 km/h,Sealed - Wet,Raining,Daylight,Straight,Level,702,Off Path-Straight: Right Off Cway,Off carriageway on straight,S,0,0,1,0,1,1,0,0,0,0,0,0
306,Property damage only,2001,February,Monday,9,Angle,Multi-Vehicle,152.7015088,-25.53712158,Kent St,Lennox St,,Maryborough,Fraser Coast Region,4650,Maryborough,Wide Bay Burnett,Central,Southern,North Coast and Wide Bay/Burnett,Maryborough (qld),Maryborough,Wide Bay,Inner Regional,Maryborough,Wide Bay,Locally-controlled,Intersection - Cross,Operating traffic lights,60 km/h,Sealed - Dry,Clear,Daylight,Straight,Grade,202,Veh'S Opposite Approach: Thru-Right,Opposing vehicles turning,N,0,0,0,0,0,2,0,0,0,0,0,0
307,Minor injury,2001,February,Monday,16,Head-on,Multi-Vehicle,151.9997923,-26.67088392,D'Aguilar Hwy,,D'Aguilar Highway (Yarraman - Kingaroy),Nanango,South Burnett Region,4615,Nanango,South West,Southern,Southern,North Coast and Wide Bay/Burnett,Nanango,Burnett,Wide Bay,Inner Regional,Nanango,Maranoa,State-controlled,No Roadway Feature,No traffic control,60 km/h,Sealed - Dry,Clear,Daylight,Straight,Grade,201,Veh'S Opposite Approach: Head On,Head-on,W,0,0,0,1,1,2,0,0,0,0,0,0
308,Minor injury,2001,February,Monday,12,Angle,Multi-Vehicle,148.160892,-23.522903,Anakie St,Yamala St,,Emerald,Central Highlands Region,4720,Emerald,Capricornia,Central,Central,Central Queensland,Emerald,Central Highlands (qld),Central Queensland,Outer Regional,Gregory,Flynn,Locally-controlled,Intersection - Cross,No traffic control,60 km/h,Sealed - Dry,Clear,Daylight,Straight,Level,101,Veh'S Adjacent Approach: Thru-Thru,Intersection from adjacent approaches,E,0,0,0,1,1,2,0,0,0,0,0,0
309,Property damage only,2001,February,Monday,17,Angle,Multi-Vehicle,148.1626671,-23.51948066,Anakie St,Esmond St,,Emerald,Central Highlands Region,4720,Emerald,Capricornia,Central,Central,Central Queensland,Emerald,Central Highlands (qld),Central Queensland,Outer Regional,Gregory,Flynn,Locally-controlled,Intersection - Cross,No traffic control,60 km/h,Sealed - Dry,Clear,Daylight,Straight,Level,101,Veh'S Adjacent Approach: Thru-Thru,Intersection from adjacent approaches,N,0,0,0,0,0,2,0,0,0,0,0,0
310,Medical treatment,2001,February,Monday,4,Overturned,Single Vehicle,149.5742419,-22.65776112,Bruce Hwy,,Bruce Highway (Rockhampton-St Lawrence),Ogmore,Livingstone Shire,4706,Marlborough,Capricornia,Central,Central,Central Queensland,Rockhampton Region - North,Rockhampton,Central Queensland,Remote,Mirani,Capricornia,State-controlled,No Roadway Feature,No traffic control,100 - 110 km/h,Sealed - Dry,Clear,Darkness - Not lighted,Straight,Level,702,Off Path-Straight: Right Off Cway,Off carriageway on straight,N,0,0,1,0,1,1,0,0,0,0,0,0
311,Property damage only,2001,February,Tuesday,14,Sideswipe,Multi-Vehicle,153.0141577,-27.41530591,Hayward St,,,Stafford,Brisbane City,4053,Stafford,North Brisbane,Brisbane,SEQ North,Metropolitan,Stafford,Chermside,Brisbane - North,Major Cities,Stafford,Brisbane,Locally-controlled,No Roadway Feature,No traffic control,0 - 50 km/h,Sealed - Dry,Clear,Daylight,Straight,Level,308,Veh'S Same Direction: Right Turn S/Swipe,Parallel lanes turning,W,0,0,0,0,0,1,0,1,0,0,0,0
312,Property damage only,2001,February,Tuesday,13,Hit object,Single Vehicle,152.9524254,-27.10625941,Buchanan Rd,Visentin Rd,,Morayfield,Moreton Bay Region,4506,Caboolture,Moreton,Southern,SEQ North,North Coast and Wide Bay/Burnett,Morayfield - East,Caboolture,Moreton Bay - North,Major Cities,Morayfield,Longman,Locally-controlled,Intersection - T-Junction,No traffic control,60 km/h,Sealed - Dry,Clear,Daylight,Curved - view open,Level,804,Off Path-Curve: Off Cway Lt Bend Hit Obj,Off carriageway on curve hit object,W,0,0,0,0,0,1,0,0,0,0,0,0
313,Hospitalisation,2001,February,Tuesday,17,Rear-end,Multi-Vehicle,153.1385057,-27.67323933,Carnival St,Loganlea Rd,,Loganlea,Logan City,4131,Logan Central,Logan,South Eastern,SEQ South,South Coast,Loganlea,Loganlea - Carbrook,Logan - Beaudesert,Major Cities,Waterford,Forde,Locally-controlled,Intersection - T-Junction,Give way sign,60 km/h,Sealed - Dry,Clear,Daylight,Straight,Level,302,Veh'S Same Direction: Left Rear,Rear-end,E,0,1,0,0,1,2,0,0,0,0,0,0
314,Property damage only,2001,February,Tuesday,11,Angle,Multi-Vehicle,151.9355434,-27.56646701,Mirle St,Warrego Hwy,Warrego Highway (Toowoomba - Dalby),Newtown,Toowoomba Region,4350,Toowoomba,Darling Downs,Southern,Southern,Downs South West,Newtown (qld),Toowoomba,Toowoomba,Inner Regional,Toowoomba North,Groom,State-controlled,Intersection - T-Junction,Give way sign,60 km/h,Sealed - Dry,Clear,Daylight,Straight,Grade,107,Veh'S Adjacent Approach: Thru-Left,Intersection from adjacent approaches,S,0,0,0,0,0,1,0,1,0,0,0,0
315,Medical treatment,2001,February,Tuesday,21,Hit object,Single Vehicle,149.2385915,-21.3837606,Sarina - Coast Rd,,Sarina - Coast Road,Sarina,Mackay Region,4737,Sarina,Mackay,Central,Central,Central Queensland,Sarina,Mackay,Mackay - Isaac - Whitsunday,Outer Regional,Mirani,Capricornia,State-controlled,No Roadway Feature,No traffic control,100 - 110 km/h,Sealed - Dry,Clear,Darkness - Not lighted,Curved - view open,Level,803,Off Path-Curve: Off Cway Rt Bend Hit Obj,Off carriageway on curve hit object,E,0,0,1,0,1,1,0,0,0,0,0,0
316,Medical treatment,2001,February,Wednesday,7,Angle,Multi-Vehicle,153.088323,-27.53623605,Creek Rd,Tarrant St,,Mount Gravatt East,Brisbane City,4122,Holland Park,South Brisbane,Brisbane,SEQ South,Metropolitan,Mount Gravatt,Mt Gravatt,Brisbane - South,Major Cities,Mansfield,Bonner,Locally-controlled,Intersection - T-Junction,No traffic control,60 km/h,Sealed - Dry,Clear,Daylight,Straight,Level,107,Veh'S Adjacent Approach: Thru-Left,Intersection from adjacent approaches,N,0,0,1,0,1,1,0,0,0,1,0,0
317,Property damage only,2001,February,Wednesday,16,Overturned,Single Vehicle,153.0489875,-27.31762548,Gateway Arterial Rd,,Gateway Arterial Road (Gateway Motorway - North),Sandgate,Brisbane City,4017,Sandgate,North Brisbane,Brisbane,SEQ North,Metropolitan,Bracken Ridge,Sandgate,Brisbane - North,Major Cities,Sandgate,Petrie,State-controlled,No Roadway Feature,No traffic control,100 - 110 km/h,Sealed - Dry,Clear,Daylight,Straight,Level,702,Off Path-Straight: Right Off Cway,Off carriageway on straight,N,0,0,0,0,0,1,0,0,0,0,0,0
318,Minor injury,2001,February,Wednesday,18,Angle,Multi-Vehicle,152.9106218,-26.42070003,Bruce Hwy,,,Cooroy,Noosa Shire,4563,Cooroy,Sunshine Coast,Central,SEQ North,North Coast and Wide Bay/Burnett,Noosa Hinterland,Noosa Hinterland,Sunshine Coast,Inner Regional,Nicklin,Wide Bay,Locally-controlled,No Roadway Feature,No traffic control,0 - 50 km/h,Unknown,Clear,Dawn/Dusk,Straight,Grade,400,Veh'S Manoeuvring: Other,Other,,0,0,0,1,1,1,0,0,0,1,0,0
319,Hospitalisation,2001,February,Wednesday,12,Rear-end,Multi-Vehicle,153.4142229,-27.99750364,Slatyer Ave,Southport - Burleigh Rd,Southport - Burleigh Road,Southport,Gold Coast City,4215,Southport,Gold Coast,South Eastern,SEQ South,South Coast,Southport - South,Southport,Gold Coast,Major Cities,Southport,Moncrieff,State-controlled,Intersection - Cross,Operating traffic lights,60 km/h,Sealed - Dry,Clear,Daylight,Straight,Level,301,Veh'S Same Direction: Rear End,Rear-end,S,0,1,0,1,2,2,0,0,0,0,0,0
320,Property damage only,2001,February,Wednesday,13,Angle,Multi-Vehicle,151.9112038,-27.53832922,Mcdougall St,Warrego Hwy,Warrego Highway (Toowoomba - Dalby),Wilsonton,Toowoomba Region,4350,Toowoomba,Darling Downs,Southern,Southern,Downs South West,Wilsonton,Toowoomba,Toowoomba,Inner Regional,Toowoomba North,Groom,State-controlled,Intersection - Cross,Operating traffic lights,60 km/h,Sealed - Dry,Clear,Daylight,Straight,Grade,306,Veh'S Same Direction: Lane Change Right,Lane changes,W,0,0,0,0,0,1,0,1,0,0,0,0
321,Property damage only,2001,February,Wednesday,8,Hit object,Single Vehicle,150.5034335,-23.3895977,Canning St,Derby St,,Allenstown,Rockhampton Region,4700,Rockhampton,Capricornia,Central,Central,Central Queensland,The Range - Allenstown,Rockhampton,Central Queensland,Inner Regional,Rockhampton,Capricornia,Locally-controlled,Intersection - Roundabout,Give way sign,60 km/h,Sealed - Dry,Clear,Daylight,Straight,Level,703,Off Path-Straight: Left Off Cway Hit Obj,Off carriageway on straight hit object,S,0,0,0,0,0,1,0,0,0,0,0,0
322,Medical treatment,2001,February,Thursday,8,Hit pedestrian,Hit pedestrian,153.0266013,-27.4740455,George St,Margaret St,,Brisbane City,Brisbane City,4000,Brisbane City,North Brisbane,Brisbane,SEQ North,Metropolitan,Brisbane City,Brisbane Inner,Brisbane Inner City,Major Cities,Mcconnel,Brisbane,Locally-controlled,Intersection - Cross,Operating traffic lights,60 km/h,Sealed - Dry,Clear,Daylight,Straight,Level,3,Ped'N: Far Side Vehicle Hit From Left,Pedestrian,E,0,0,1,0,1,1,0,0,0,0,1,0
323,Medical treatment,2001,February,Thursday,8,Hit pedestrian,Hit pedestrian,153.0231829,-27.53565208,Beaudesert Rd,Gainsborough St,,Moorooka,Brisbane City,4105,Moorooka,South Brisbane,Brisbane,SEQ South,Metropolitan,Moorooka,Nathan,Brisbane - South,Major Cities,Toohey,Moreton,Locally-controlled,Intersection - T-Junction,Operating traffic lights,60 km/h,Sealed - Dry,Clear,Daylight,Straight,Grade,1,Ped'N: Near Side Vehicle Hit From Right,Pedestrian,E,0,0,1,0,1,1,0,0,0,0,1,0
324,Property damage only,2001,February,Thursday,17,Angle,Multi-Vehicle,153.140493,-26.80135206,Arthur St,Moreton Pde,,Kings Beach,Sunshine Coast Region,4551,Caloundra,Sunshine Coast,Central,SEQ North,North Coast and Wide Bay/Burnett,Caloundra - Kings Beach,Caloundra,Sunshine Coast,Major Cities,Caloundra,Fisher,Locally-controlled,Intersection - Multiple Road,Stop sign,60 km/h,Sealed - Dry,Clear,Daylight,Straight,Level,101,Veh'S Adjacent Approach: Thru-Thru,Intersection from adjacent approaches,E,0,0,0,0,0,2,0,0,0,0,0,0
325,Property damage only,2001,February,Thursday,9,Overturned,Single Vehicle,153.0666866,-26.66137236,Sunshine Mwy Ramp P,,Sunshine Motorway (Mooloolaba - Peregian),Maroochydore,Sunshine Coast Region,4558,Maroochydore,Sunshine Coast,Central,SEQ North,North Coast and Wide Bay/Burnett,Maroochydore - Kuluin,Maroochy,Sunshine Coast,Major Cities,Maroochydore,Fairfax,State-controlled,Intersection - Interchange,No traffic control,100 - 110 km/h,Sealed - Dry,Clear,Daylight,Curved - view open,Level,800,Off Path-Curve: Other,Other,S,0,0,0,0,0,1,0,0,0,0,0,0
326,Property damage only,2001,February,Thursday,21,Overturned,Single Vehicle,152.0691802,-26.19850691,Bunya Hwy,Burnett Hwy,Bunya Highway (Kingaroy - Goomeri),Goomeri,Gympie Region,4601,Goomeri,Wide Bay Burnett,Central,Southern,North Coast and Wide Bay/Burnett,Kilkivan,Gympie - Cooloola,Wide Bay,Outer Regional,Nanango,Wide Bay,State-controlled,Intersection - T-Junction,Give way sign,100 - 110 km/h,Sealed - Dry,Clear,Darkness - Not lighted,Curved - view open,Grade,806,Vehicle Left-Turning At I/S (Or Driveway,Out of control on curve,E,0,0,0,0,0,1,0,0,0,0,0,0
327,Medical treatment,2001,February,Friday,11,Rear-end,Multi-Vehicle,152.9771811,-27.08622637,Bruce Hwy On Ramp,Bruce Hwy On Ramp,Bruce Highway (Brisbane - Gympie),Caboolture,Moreton Bay Region,4510,Caboolture,Moreton,Southern,SEQ North,North Coast and Wide Bay/Burnett,Caboolture,Caboolture,Moreton Bay - North,Major Cities,Pumicestone,Longman,State-controlled,Intersection - Interchange,Give way sign,60 km/h,Sealed - Dry,Clear,Daylight,Straight,Level,303,Veh'S Same Direction: Right Rear,Rear-end,S,0,0,1,0,1,2,0,0,0,0,0,0
328,Medical treatment,2001,February,Friday,16,Rear-end,Multi-Vehicle,152.9810396,-27.25713525,Macs La,Redcliffe Rd,Redcliffe Road,Kallangur,Moreton Bay Region,4503,Petrie,North Brisbane,Brisbane,SEQ North,North Coast and Wide Bay/Burnett,Dakabin - Kallangur,North Lakes,Moreton Bay - South,Major Cities,Murrumba,Dickson,State-controlled,Intersection - T-Junction,No traffic control,60 km/h,Sealed - Dry,Clear,Daylight,Straight,Level,303,Veh'S Same Direction: Right Rear,Rear-end,S,0,0,1,0,1,2,0,0,0,0,0,0
329,Medical treatment,2001,February,Friday,8,Rear-end,Multi-Vehicle,153.0089521,-27.23995451,Bruce Hwy,,Bruce Highway (Brisbane - Gympie),North Lakes,Moreton Bay Region,4509,Mango Hill North Lakes,North Brisbane,Brisbane,SEQ North,North Coast and Wide Bay/Burnett,North Lakes - Mango Hill,North Lakes,Moreton Bay - South,Major Cities,Bancroft,Petrie,State-controlled,No Roadway Feature,No traffic control,100 - 110 km/h,Sealed - Dry,Clear,Daylight,Straight,Level,301,Veh'S Same Direction: Rear End,Rear-end,S,0,0,1,0,1,3,0,0,0,0,0,0
330,Property damage only,2001,February,Friday,23,Hit parked vehicle,Single Vehicle,153.155014,-27.72019853,Dairy Creek Rd,,,Buccan,Logan City,4207,Jimboomba,Logan,South Eastern,SEQ South,South Coast,Logan Village,Jimboomba,Logan - Beaudesert,Major Cities,Logan,Forde,Locally-controlled,No Roadway Feature,No traffic control,80 - 90 km/h,Sealed - Dry,Clear,Darkness - Not lighted,Straight,Grade,200,Veh'S Opposite Approach: Other,Other,E,0,0,0,0,0,2,0,0,0,0,0,0
331,Minor injury,2001,February,Friday,11,Hit pedestrian,Hit pedestrian,152.5925852,-27.63988796,John St,,Ipswich - Rosewood Road,Rosewood,Ipswich City,4340,Rosewood,Ipswich,Southern,SEQ South,Metropolitan,Rosewood,Ipswich Hinterland,Ipswich,Inner Regional,Ipswich West,Blair,State-controlled,No Roadway Feature,No traffic control,0 - 50 km/h,Sealed - Dry,Clear,Daylight,Straight,Level,0,Ped'N: Hit Other,Other,S,0,0,0,1,1,1,0,0,0,0,1,0
332,Hospitalisation,2001,February,Friday,19,Angle,Multi-Vehicle,152.6574698,-26.19167997,Bruce Hwy,,Bruce Highway (Gympie - Maryborough),Gympie,Gympie Region,4570,Gympie,Wide Bay Burnett,Central,Southern,North Coast and Wide Bay/Burnett,Gympie - North,Gympie - Cooloola,Wide Bay,Inner Regional,Gympie,Wide Bay,State-controlled,No Roadway Feature,No traffic control,60 km/h,Sealed - Dry,Clear,Darkness - Lighted,Straight,Grade,406,Veh'S Manoeuvring: Leaving Driveway,Vehicle leaving driveway,S,0,1,1,0,2,2,0,0,0,0,0,0
333,Hospitalisation,2001,February,Friday,16,Hit object,Single Vehicle,143.4971492,-26.16960046,Diamantina Development Rd,,Diamantina Dev Road (Quilpie - Windorah),Eromanga,Quilpie Shire,4480,Quilpie,South West,Southern,Southern,Downs South West,Far South West,Outback - South,Queensland - Outback,Very Remote,Warrego,Maranoa,State-controlled,No Roadway Feature,No traffic control,100 - 110 km/h,Sealed - Dry,Clear,Daylight,Curved - view open,Level,800,Off Path-Curve: Other,Other,N,0,1,0,0,1,1,0,0,0,0,0,0
334,Minor injury,2001,February,Saturday,2,Angle,Multi-Vehicle,153.0236151,-27.47224424,Elizabeth St,William St,South-East Arterial Road (Pacific Motorway),Brisbane City,Brisbane City,4000,Brisbane City,North Brisbane,Brisbane,SEQ North,Metropolitan,Brisbane City,Brisbane Inner,Brisbane Inner City,Major Cities,Mcconnel,Brisbane,State-controlled,Intersection - Cross,Operating traffic lights,0 - 50 km/h,Sealed - Dry,Clear,Darkness - Lighted,Straight,Level,309,Veh'S Same Direction: Left Turn S/Swipe,Parallel lanes turning,S,0,0,0,2,2,2,0,0,0,0,0,0
335,Medical treatment,2001,February,Saturday,16,Angle,Multi-Vehicle,153.0102631,-27.40953637,Stafford St,Victor St,East-West Arterial Road,Stafford,Brisbane City,4053,Stafford,North Brisbane,Brisbane,SEQ North,Metropolitan,Stafford,Chermside,Brisbane - North,Major Cities,Stafford,Lilley,State-controlled,Intersection - T-Junction,No traffic control,60 km/h,Sealed - Dry,Clear,Daylight,Straight,Level,202,Veh'S Opposite Approach: Thru-Right,Opposing vehicles turning,W,0,0,1,0,1,2,0,0,0,0,0,0