Crash_Ref_Number,Crash_Severity,Crash_Year,Crash_Month,Crash_Day_Of_Week,Crash_Hour,Crash_Nature,Crash_Type,Crash_Longitude_GDA94,Crash_Latitude_GDA94,Crash_Street,Crash_Street_Intersecting,State_Road_Name,Loc_Suburb,Loc_Local_Government_Area,Loc_Post_Code,Loc_Police_Division,Loc_Police_District,Loc_Police_Region,Loc_Queensland_Transport_Region,Loc_Main_Roads_Region,Loc_ABS_Statistical_Area_2,Loc_ABS_Statistical_Area_3,Loc_ABS_Statistical_Area_4,Loc_ABS_Remoteness,Loc_State_Electorate,Loc_Federal_Electorate,Crash_Controlling_Authority,Crash_Roadway_Feature,Crash_Traffic_Control,Crash_Speed_Limit,Crash_Road_Surface_Condition,Crash_Atmospheric_Condition,Crash_Lighting_Condition,Crash_Road_Horiz_Align,Crash_Road_Vert_Align,Crash_DCA_Code,Crash_DCA_Description,Crash_DCA_Group_Description,DCA_Key_Approach_Dir,Count_Casualty_Fatality,Count_Casualty_Hospitalised,Count_Casualty_MedicallyTreated,Count_Casualty_MinorInjury,Count_Casualty_Total,Count_Unit_Car,Count_Unit_Motorcycle_Moped,Count_Unit_Truck,Count_Unit_Bus,Count_Unit_Bicycle,Count_Unit_Pedestrian,Count_Unit_Other
384,Minor injury,2001,March,Saturday,19,Angle,Multi-Vehicle,152.7688819,-27.62844824,Chermside Rd,Salisbury Rd,,Eastern Heights,Ipswich City,4305,Ipswich,Ipswich,Southern,SEQ South,Metropolitan,Ipswich - East,Ipswich Inner,Ipswich,Major Cities,Ipswich,Blair,Locally-controlled,Intersection - Cross,Stop sign,60 km/h,Sealed - Dry,Clear,Darkness - Lighted,Curved - view obscured,Level,105,Veh'S Adjacent Approach: Right-Right,Intersection from adjacent approaches,E,0,0,0,1,1,1,1,0,0,0,0,0
385,Medical treatment,2001,March,Saturday,11,Fall from vehicle,Single Vehicle,152.9838377,-27.4187088,Samford Rd,,Samford Sub-Arterial Road,Enoggera,Brisbane City,4051,Ferny Grove,North Brisbane,Brisbane,SEQ North,Metropolitan,Enoggera,The Gap - Enoggera,Brisbane - West,Major Cities,Ferny Grove,Ryan,State-controlled,No Roadway Feature,No traffic control,60 km/h,Sealed - Dry,Clear,Daylight,Straight,Grade,705,Off Path-Straight:Out Of Control On Cway,Out of control on straight,N,0,0,1,0,1,0,1,0,0,0,0,0
386,Medical treatment,2001,March,Saturday,10,Rear-end,Multi-Vehicle,153.3822333,-27.98642531,Cotlew St,,Labrador - Carrara Road,Ashmore,Gold Coast City,4214,Southport,Gold Coast,South Eastern,SEQ South,South Coast,Ashmore,Southport,Gold Coast,Major Cities,Southport,Moncrieff,State-controlled,No Roadway Feature,No traffic control,60 km/h,Sealed - Dry,Clear,Daylight,Straight,Level,301,Veh'S Same Direction: Rear End,Rear-end,W,0,0,1,1,2,4,0,0,0,0,0,0
387,Medical treatment,2001,March,Saturday,7,Hit parked vehicle,Single Vehicle,153.1297831,-26.72491492,Minkara St,,,Warana,Sunshine Coast Region,4575,Kawana Waters,Sunshine Coast,Central,SEQ North,North Coast and Wide Bay/Burnett,Parrearra - Warana,Caloundra,Sunshine Coast,Major Cities,Kawana,Fisher,Locally-controlled,No Roadway Feature,No traffic control,0 - 50 km/h,Sealed - Wet,Raining,Daylight,Straight,Level,700,Off Path-Straight: Other,Other,,0,0,1,0,1,1,0,0,0,1,0,0
388,Medical treatment,2001,March,Saturday,12,Angle,Multi-Vehicle,149.1589799,-21.06046469,Eimeo Rd,Mackay - Bucasia Rd,Mackay - Bucasia Road,Rural View,Mackay Region,4740,Mackay Northern Beaches,Mackay,Central,Central,Central Queensland,Eimeo - Rural View,Mackay,Mackay - Isaac - Whitsunday,Inner Regional,Whitsunday,Dawson,State-controlled,Intersection - T-Junction,Give way sign,60 km/h,Sealed - Dry,Clear,Daylight,Straight,Level,202,Veh'S Opposite Approach: Thru-Right,Opposing vehicles turning,N,0,0,1,1,2,2,0,0,0,0,0,0
389,Fatal,2001,March,Sunday,14,Hit pedestrian,Hit pedestrian,153.0196603,-27.4848564,Gladstone Rd,,,Highgate Hill,Brisbane City,4101,West End,South Brisbane,Brisbane,SEQ South,Metropolitan,Highgate Hill,Brisbane Inner,Brisbane Inner City,Major Cities,South Brisbane,Griffith,Locally-controlled,No Roadway Feature,No traffic control,60 km/h,Sealed - Dry,Clear,Daylight,Straight,Dip,1,Ped'N: Near Side Vehicle Hit From Right,Pedestrian,N,1,0,0,0,1,1,0,0,0,0,1,0
390,Medical treatment,2001,March,Sunday,14,Hit pedestrian,Hit pedestrian,153.3895606,-28.01429547,Benowa Rd,,,Benowa,Gold Coast City,4217,Broadbeach,Gold Coast,South Eastern,SEQ South,South Coast,Benowa,Surfers Paradise,Gold Coast,Major Cities,Surfers Paradise,Moncrieff,Locally-controlled,No Roadway Feature,No traffic control,60 km/h,Sealed - Dry,Clear,Daylight,Straight,Level,3,Ped'N: Far Side Vehicle Hit From Left,Pedestrian,S,0,0,1,0,1,1,0,0,0,0,1,0
391,Property damage only,2001,March,Sunday,2,Hit object,Single Vehicle,153.3114728,-27.8579492,Days Rd,Foxwell Rd,,Coomera,Gold Coast City,4209,Coomera,Gold Coast,South Eastern,SEQ South,South Coast,Coomera,Ormeau - Oxenford,Gold Coast,Major Cities,Theodore,Fadden,Locally-controlled,Intersection - Roundabout,Give way sign,60 km/h,Sealed - Dry,Clear,Darkness - Lighted,Straight,Level,708,Off Path-Straight: Mounts Traffic Island,Off carriageway on straight hit object,N,0,0,0,0,0,1,0,0,0,0,0,0
392,Medical treatment,2001,March,Sunday,17,Rear-end,Multi-Vehicle,153.4270737,-27.99859077,Elkhorn Ave,Gold Coast Hwy,,Surfers Paradise,Gold Coast City,4217,Surfers Paradise,Gold Coast,South Eastern,SEQ South,South Coast,Surfers Paradise,Surfers Paradise,Gold Coast,Major Cities,Surfers Paradise,Moncrieff,Locally-controlled,Intersection - T-Junction,No traffic control,0 - 50 km/h,Sealed - Dry,Clear,Daylight,Straight,Level,302,Veh'S Same Direction: Left Rear,Rear-end,E,0,0,2,0,2,2,0,0,0,0,0,0
393,Medical treatment,2001,March,Sunday,0,Angle,Multi-Vehicle,153.4246026,-27.98129317,Breaker St,Tedder Ave,,Main Beach,Gold Coast City,4217,Surfers Paradise,Gold Coast,South Eastern,SEQ South,South Coast,Main Beach,Surfers Paradise,Gold Coast,Major Cities,Surfers Paradise,Moncrieff,Locally-controlled,Intersection - Cross,No traffic control,60 km/h,Sealed - Dry,Clear,Darkness - Lighted,Straight,Level,101,Veh'S Adjacent Approach: Thru-Thru,Intersection from adjacent approaches,S,0,0,2,0,2,2,0,0,0,0,0,0
394,Hospitalisation,2001,March,Sunday,3,Hit object,Single Vehicle,153.1147864,-26.69647374,Parrearra Bridge,,Nicklin Way,Minyama,Sunshine Coast Region,4575,Kawana Waters,Sunshine Coast,Central,SEQ North,North Coast and Wide Bay/Burnett,Buddina - Minyama,Caloundra,Sunshine Coast,Major Cities,Kawana,Fisher,State-controlled,Bridge/Causeway,No traffic control,80 - 90 km/h,Sealed - Dry,Clear,Darkness - Lighted,Straight,Level,704,Off Path-Straight:Right Off Cway Hit Obj,Off carriageway on straight hit object,N,0,1,0,0,1,1,0,0,0,0,0,0
395,Medical treatment,2001,March,Sunday,14,Rear-end,Multi-Vehicle,151.9551226,-27.54986155,Delacey St,New England Hwy,New England Highway (Yarraman-Toowoomba),North Toowoomba,Toowoomba Region,4350,Toowoomba,Darling Downs,Southern,Southern,Downs South West,North Toowoomba - Harlaxton,Toowoomba,Toowoomba,Inner Regional,Toowoomba North,Groom,State-controlled,Intersection - Cross,No traffic control,60 km/h,Sealed - Dry,Clear,Daylight,Straight,Level,303,Veh'S Same Direction: Right Rear,Rear-end,N,0,0,1,0,1,2,0,0,0,0,0,0
396,Medical treatment,2001,March,Sunday,12,Sideswipe,Multi-Vehicle,151.9556504,-27.54735017,New England Hwy,,New England Highway (Toowoomba-Warwick),North Toowoomba,Toowoomba Region,4350,Toowoomba,Darling Downs,Southern,Southern,Downs South West,North Toowoomba - Harlaxton,Toowoomba,Toowoomba,Inner Regional,Toowoomba North,Groom,State-controlled,No Roadway Feature,No traffic control,60 km/h,Sealed - Dry,Clear,Daylight,Straight,Level,306,Veh'S Same Direction: Lane Change Right,Lane changes,S,0,0,1,0,1,2,0,0,0,0,0,0
397,Minor injury,2001,March,Sunday,1,Overturned,Single Vehicle,152.0744093,-28.22061724,Junabee Rd,,,Junabee,Southern Downs Region,4370,Warwick,Darling Downs,Southern,Southern,Downs South West,Southern Downs - East,Granite Belt,Darling Downs - Maranoa,Inner Regional,Southern Downs,Maranoa,Locally-controlled,No Roadway Feature,No traffic control,100 - 110 km/h,Sealed - Dry,Clear,Darkness - Not lighted,Curved - view open,Level,805,Off Path-Curve: Out Of Control On Cway,Out of control on curve,E,0,0,0,1,1,1,0,0,0,0,0,0
398,Hospitalisation,2001,March,Monday,14,Angle,Multi-Vehicle,153.1013144,-27.43120308,Lavarack Ave,,,Eagle Farm,Brisbane City,4009,Hendra,North Brisbane,Brisbane,SEQ North,Metropolitan,Eagle Farm - Pinkenba,Nundah,Brisbane - North,Major Cities,Clayfield,Lilley,Locally-controlled,Median Opening,No traffic control,60 km/h,Sealed - Dry,Clear,Daylight,Curved - view obscured,Level,207,Veh'S Opposite Approach: U-Turn,U-turn,E,0,1,0,0,1,1,1,0,0,0,0,0
399,Medical treatment,2001,March,Monday,13,Angle,Multi-Vehicle,153.4378844,-28.06359133,Gold Coast Hwy,Pacific Ave,Gold Coast Highway (Broadbeach - Coolangatta),Miami,Gold Coast City,4220,Broadbeach,Gold Coast,South Eastern,SEQ South,South Coast,Miami,Broadbeach - Burleigh,Gold Coast,Major Cities,Mermaid Beach,Moncrieff,State-controlled,Intersection - T-Junction,Operating traffic lights,60 km/h,Sealed - Dry,Clear,Daylight,Straight,Level,309,Veh'S Same Direction: Left Turn S/Swipe,Parallel lanes turning,N,0,0,1,0,1,1,1,0,0,0,0,0
400,Hospitalisation,2001,March,Monday,17,Non-collision - miscellaneous,Other,153.1179954,-26.78026566,Tristania St,,,Aroona,Sunshine Coast Region,4551,Caloundra,Sunshine Coast,Central,SEQ North,North Coast and Wide Bay/Burnett,Aroona - Currimundi,Caloundra,Sunshine Coast,Major Cities,Kawana,Fisher,Locally-controlled,No Roadway Feature,No traffic control,0 - 50 km/h,Sealed - Dry,Clear,Daylight,Curved - view obscured,Crest,0,Ped'N: Hit Other,Other,N,0,1,0,0,1,1,0,0,0,0,1,0
401,Medical treatment,2001,March,Monday,16,Rear-end,Multi-Vehicle,153.3571101,-28.0485116,Gold Coast - Springbrook Rd,,Gold Coast - Springbrook Road,Merrimac,Gold Coast City,4226,Mudgeeraba,Gold Coast,South Eastern,SEQ South,South Coast,Merrimac,Robina,Gold Coast,Major Cities,Mudgeeraba,Moncrieff,State-controlled,No Roadway Feature,No traffic control,60 km/h,Sealed - Dry,Clear,Daylight,Straight,Level,301,Veh'S Same Direction: Rear End,Rear-end,W,0,0,1,0,1,3,0,0,0,0,0,0
402,Minor injury,2001,March,Monday,8,Rear-end,Multi-Vehicle,153.0031482,-26.68391135,Bruce Hwy,,Bruce Highway (Brisbane - Gympie),Chevallum,Sunshine Coast Region,4555,Palmwoods,Sunshine Coast,Central,SEQ North,North Coast and Wide Bay/Burnett,Palmwoods,Sunshine Coast Hinterland,Sunshine Coast,Inner Regional,Nicklin,Fisher,State-controlled,No Roadway Feature,No traffic control,100 - 110 km/h,Sealed - Dry,Clear,Daylight,Straight,Level,301,Veh'S Same Direction: Rear End,Rear-end,N,0,0,0,1,1,2,0,0,0,0,0,0
403,Medical treatment,2001,March,Monday,12,Rear-end,Multi-Vehicle,149.1876616,-21.13759869,Mackay - Slade Point Rd,,Mackay - Slade Point Road,Cremorne,Mackay Region,4740,Mackay,Mackay,Central,Central,Central Queensland,North Mackay,Mackay,Mackay - Isaac - Whitsunday,Inner Regional,Mackay,Dawson,State-controlled,Bridge/Causeway,No traffic control,60 km/h,Sealed - Dry,Clear,Daylight,Straight,Level,301,Veh'S Same Direction: Rear End,Rear-end,N,0,0,1,0,1,2,0,0,0,0,0,0
404,Medical treatment,2001,March,Tuesday,22,Angle,Multi-Vehicle,153.050744,-27.58279741,Beenleigh Rd,Stones Rd,,Sunnybank,Brisbane City,4109,Upper Mount Gravatt,South Brisbane,Brisbane,SEQ South,Metropolitan,Sunnybank Hills,Sunnybank,Brisbane - South,Major Cities,Stretton,Moreton,Locally-controlled,Intersection - Cross,Operating traffic lights,60 km/h,Sealed - Dry,Clear,Darkness - Lighted,Straight,Level,202,Veh'S Opposite Approach: Thru-Right,Opposing vehicles turning,S,0,0,2,0,2,2,0,0,0,0,0,0
405,Medical treatment,2001,March,Tuesday,18,Rear-end,Multi-Vehicle,152.99537,-27.47393797,Milton Rd,,,Auchenflower,Brisbane City,4066,Indooroopilly,North Brisbane,Brisbane,SEQ North,Metropolitan,Auchenflower,Brisbane Inner - West,Brisbane Inner City,Major Cities,Maiwar,Ryan,Locally-controlled,No Roadway Feature,No traffic control,60 km/h,Sealed - Dry,Clear,Dawn/Dusk,Straight,Level,301,Veh'S Same Direction: Rear End,Rear-end,E,0,0,1,0,1,2,0,0,0,0,0,0
406,Minor injury,2001,March,Tuesday,7,Hit pedestrian,Hit pedestrian,153.0359175,-27.41802709,Lutwyche Rd,Norman Ave,,Lutwyche,Brisbane City,4030,Stafford,North Brisbane,Brisbane,SEQ North,Metropolitan,Wooloowin - Lutwyche,Brisbane Inner - North,Brisbane Inner City,Major Cities,Clayfield,Brisbane,Locally-controlled,Intersection - Cross,Operating traffic lights,60 km/h,Sealed - Dry,Clear,Daylight,Straight,Level,1,Ped'N: Near Side Vehicle Hit From Right,Pedestrian,N,0,0,0,1,1,1,0,0,0,0,1,0
407,Minor injury,2001,March,Tuesday,23,Hit object,Single Vehicle,153.08153,-26.65455917,Primary School Crt,,,Maroochydore,Sunshine Coast Region,4558,Maroochydore,Sunshine Coast,Central,SEQ North,North Coast and Wide Bay/Burnett,Maroochydore - Kuluin,Maroochy,Sunshine Coast,Major Cities,Maroochydore,Fairfax,Locally-controlled,No Roadway Feature,No traffic control,0 - 50 km/h,Sealed - Dry,Clear,Darkness - Lighted,Straight,Level,704,Off Path-Straight:Right Off Cway Hit Obj,Off carriageway on straight hit object,E,0,0,0,1,1,1,0,0,0,0,0,0
408,Minor injury,2001,March,Tuesday,2,Rear-end,Multi-Vehicle,153.4284806,-28.00173278,Cavill Ave,Gold Coast Hwy,,Surfers Paradise,Gold Coast City,4217,Surfers Paradise,Gold Coast,South Eastern,SEQ South,South Coast,Surfers Paradise,Surfers Paradise,Gold Coast,Major Cities,Surfers Paradise,Moncrieff,Locally-controlled,Intersection - Cross,Operating traffic lights,0 - 50 km/h,Sealed - Dry,Clear,Darkness - Lighted,Straight,Level,301,Veh'S Same Direction: Rear End,Rear-end,S,0,0,0,1,1,2,0,0,0,0,0,0
409,Property damage only,2001,March,Tuesday,22,Hit object,Single Vehicle,151.7487534,-24.88071281,Bruce Hwy,,Bruce Highway (Gin Gin - Benaraby),Takilberan,Bundaberg Region,4671,Gin Gin,Wide Bay Burnett,Central,Southern,North Coast and Wide Bay/Burnett,Gin Gin,Burnett,Wide Bay,Outer Regional,Callide,Flynn,State-controlled,No Roadway Feature,No traffic control,100 - 110 km/h,Sealed - Dry,Clear,Darkness - Not lighted,Curved - view obscured,Level,800,Off Path-Curve: Other,Other,S,0,0,0,0,0,1,0,0,0,0,0,0
410,Medical treatment,2001,March,Tuesday,9,Rear-end,Multi-Vehicle,152.676245,-26.19854596,Crescent Rd,Red Hill Rd,,Gympie,Gympie Region,4570,Gympie,Wide Bay Burnett,Central,Southern,North Coast and Wide Bay/Burnett,Gympie - North,Gympie - Cooloola,Wide Bay,Inner Regional,Gympie,Wide Bay,Locally-controlled,Intersection - T-Junction,No traffic control,60 km/h,Sealed - Dry,Clear,Daylight,Curved - view open,Level,303,Veh'S Same Direction: Right Rear,Rear-end,S,0,0,3,0,3,2,0,0,0,0,0,0
411,Medical treatment,2001,March,Wednesday,16,Sideswipe,Multi-Vehicle,153.0256187,-27.52192677,Ipswich Rd,,,Annerley,Brisbane City,4103,Annerley,South Brisbane,Brisbane,SEQ South,Metropolitan,Yeronga,Holland Park - Yeronga,Brisbane - South,Major Cities,Miller,Moreton,Locally-controlled,No Roadway Feature,No traffic control,60 km/h,Sealed - Wet,Raining,Daylight,Straight,Level,307,Veh'S Same Direction: Lane Change Left,Lane changes,N,0,0,1,0,1,2,0,0,0,0,0,0
412,Minor injury,2001,March,Wednesday,15,Rear-end,Multi-Vehicle,153.0167258,-27.33189146,Lacey Rd,,,Bald Hills,Brisbane City,4036,Carseldine,North Brisbane,Brisbane,SEQ North,Metropolitan,Bald Hills,Bald Hills - Everton Park,Brisbane - North,Major Cities,Aspley,Petrie,Locally-controlled,No Roadway Feature,No traffic control,60 km/h,Sealed - Dry,Clear,Daylight,Straight,Level,301,Veh'S Same Direction: Rear End,Rear-end,S,0,0,0,1,1,2,0,0,0,0,0,0
413,Medical treatment,2001,March,Wednesday,14,Rear-end,Multi-Vehicle,153.0659355,-27.56142981,Mains Rd,,Nathan Connection Arterial Road,Macgregor,Brisbane City,4109,Upper Mount Gravatt,South Brisbane,Brisbane,SEQ South,Metropolitan,Robertson,Nathan,Brisbane - South,Major Cities,Toohey,Moreton,State-controlled,No Roadway Feature,No traffic control,60 km/h,Sealed - Wet,Raining,Daylight,Straight,Level,301,Veh'S Same Direction: Rear End,Rear-end,N,0,0,3,0,3,4,0,0,0,0,0,0
414,Property damage only,2001,March,Wednesday,6,Sideswipe,Multi-Vehicle,153.1210192,-27.60936167,Pacific Hwy,,Pacific Highway (Pacific Motorway),Underwood,Logan City,4119,Springwood,Logan,South Eastern,SEQ South,South Coast,Underwood,Springwood - Kingston,Logan - Beaudesert,Major Cities,Waterford,Rankin,State-controlled,No Roadway Feature,No traffic control,100 - 110 km/h,Sealed - Dry,Clear,Daylight,Straight,Level,305,Veh'S Same Direction: Lane Side Swipe,Lane changes,N,0,0,0,0,0,1,0,1,0,0,0,0
415,Property damage only,2001,March,Wednesday,13,Hit object,Single Vehicle,153.1277572,-27.62338289,Pacific Hwy,,Pacific Highway (Pacific Motorway),Slacks Creek,Logan City,4127,Springwood,Logan,South Eastern,SEQ South,South Coast,Slacks Creek,Springwood - Kingston,Logan - Beaudesert,Major Cities,Waterford,Rankin,State-controlled,No Roadway Feature,No traffic control,100 - 110 km/h,Sealed - Wet,Raining,Daylight,Curved - view open,Level,607,Veh'S On Path: Temporary Object On C'Way,Other,N,0,0,0,0,0,1,0,0,0,0,0,0
416,Medical treatment,2001,March,Wednesday,6,Overturned,Single Vehicle,151.7807385,-27.61628855,Gore Hwy,,Gore Highway (Toowoomba-Millmerran),Athol,Toowoomba Region,4350,Drayton,Darling Downs,Southern,Southern,Downs South West,Pittsworth,Darling Downs - East,Darling Downs - Maranoa,Inner Regional,Condamine,Groom,State-controlled,No Roadway Feature,No traffic control,100 - 110 km/h,Sealed - Dry,Clear,Dawn/Dusk,Curved - view obscured,Dip,800,Off Path-Curve: Other,Other,N,0,0,1,0,1,0,0,1,0,0,0,0
417,Property damage only,2001,March,Wednesday,8,Angle,Multi-Vehicle,150.5258987,-23.36321329,Elphinstone St,,,Berserker,Rockhampton Region,4701,North Rockhampton,Capricornia,Central,Central,Central Queensland,Berserker,Rockhampton,Central Queensland,Inner Regional,Rockhampton,Capricornia,Locally-controlled,No Roadway Feature,No traffic control,60 km/h,Sealed - Dry,Clear,Daylight,Straight,Grade,406,Veh'S Manoeuvring: Leaving Driveway,Vehicle leaving driveway,E,0,0,0,0,0,2,0,0,0,0,0,0
418,Medical treatment,2001,March,Wednesday,7,Rear-end,Multi-Vehicle,150.5105538,-23.36778166,Glenmore Rd,Welch St,,Park Avenue,Rockhampton Region,4701,North Rockhampton,Capricornia,Central,Central,Central Queensland,Park Avenue,Rockhampton,Central Queensland,Inner Regional,Rockhampton,Capricornia,Locally-controlled,Intersection - T-Junction,Railway - lights and boom gate,60 km/h,Sealed - Dry,Clear,Daylight,Straight,Grade,303,Veh'S Same Direction: Right Rear,Rear-end,N,0,0,1,0,1,1,0,1,0,0,0,0
419,Property damage only,2001,March,Thursday,6,Hit object,Single Vehicle,153.1586522,-27.70133887,Brisbane - Beenleigh Rd,,Brisbane - Beenleigh Road,Bethania,Logan City,4205,Beenleigh,Logan,South Eastern,SEQ South,South Coast,Bethania - Waterford,Loganlea - Carbrook,Logan - Beaudesert,Major Cities,Waterford,Forde,State-controlled,No Roadway Feature,No traffic control,80 - 90 km/h,Sealed - Wet,Raining,Daylight,Curved - view obscured,Crest,803,Off Path-Curve: Off Cway Rt Bend Hit Obj,Off carriageway on curve hit object,N,0,0,0,0,0,1,0,0,0,0,0,0
420,Medical treatment,2001,March,Thursday,12,Angle,Multi-Vehicle,152.7648377,-27.61644422,Ipswich - Cunningham Hwy Connection Rd,Thorn St,Ipswich - Cunningham Hwy Connection Road,Ipswich,Ipswich City,4305,Ipswich,Ipswich,Southern,SEQ South,Metropolitan,Ipswich - Central,Ipswich Inner,Ipswich,Major Cities,Ipswich,Blair,State-controlled,Intersection - Cross,Give way sign,0 - 50 km/h,Sealed - Dry,Clear,Daylight,Straight,Grade,101,Veh'S Adjacent Approach: Thru-Thru,Intersection from adjacent approaches,S,0,0,1,0,1,2,0,0,0,0,0,0
421,Property damage only,2001,March,Thursday,8,Rear-end,Multi-Vehicle,152.8565198,-27.64449827,Frawley Dr,Redbank Plains Rd,,Redbank Plains,Ipswich City,4301,Goodna,Ipswich,Southern,SEQ South,Metropolitan,Redbank Plains,Springfield - Redbank,Ipswich,Major Cities,Bundamba,Oxley,Locally-controlled,Intersection - T-Junction,No traffic control,60 km/h,Sealed - Dry,Clear,Daylight,Straight,Level,303,Veh'S Same Direction: Right Rear,Rear-end,W,0,0,0,0,0,2,0,0,0,0,0,0
422,Hospitalisation,2001,March,Thursday,15,Angle,Multi-Vehicle,152.8534,-27.64302352,Redbank Plains Rd,School Rd,,Redbank Plains,Ipswich City,4301,Goodna,Ipswich,Southern,SEQ South,Metropolitan,Redbank Plains,Springfield - Redbank,Ipswich,Major Cities,Bundamba,Blair,Locally-controlled,Intersection - T-Junction,Stop sign,60 km/h,Sealed - Dry,Clear,Daylight,Curved - view obscured,Crest,104,Veh'S Adjacent Approach: Thru-Right,Intersection from adjacent approaches,W,0,1,0,0,1,1,0,0,0,0,0,1
423,Hospitalisation,2001,March,Thursday,6,Rear-end,Multi-Vehicle,152.8808756,-27.6007581,Ipswich Mwy,,Cunningham Highway (Ipswich Motorway),Redbank,Ipswich City,4301,Goodna,Ipswich,Southern,SEQ South,Metropolitan,Collingwood Park - Redbank,Springfield - Redbank,Ipswich,Major Cities,Bundamba,Oxley,State-controlled,No Roadway Feature,No traffic control,100 - 110 km/h,Sealed - Wet,Raining,Daylight,Straight,Level,301,Veh'S Same Direction: Rear End,Rear-end,E,0,1,0,0,1,1,0,1,0,0,0,0
424,Property damage only,2001,March,Thursday,14,Rear-end,Multi-Vehicle,151.9402427,-27.54966241,Bridge St,Gladstone St,,Newtown,Toowoomba Region,4350,Toowoomba,Darling Downs,Southern,Southern,Downs South West,Newtown (qld),Toowoomba,Toowoomba,Inner Regional,Toowoomba North,Groom,Locally-controlled,Intersection - T-Junction,No traffic control,60 km/h,Sealed - Dry,Clear,Daylight,Straight,Level,303,Veh'S Same Direction: Right Rear,Rear-end,W,0,0,0,0,0,2,0,0,0,0,0,0
425,Hospitalisation,2001,March,Thursday,18,Hit object,Single Vehicle,149.3500289,-26.0040561,Roma - Taroom Rd,,Roma - Taroom Road,Eurombah,Western Downs Region,4420,Roma,South West,Southern,Southern,Downs South West,Miles - Wandoan,Darling Downs (west) - Maranoa,Darling Downs - Maranoa,Remote,Callide,Maranoa,State-controlled,Bridge/Causeway,No traffic control,100 - 110 km/h,Unsealed - Dry,Clear,Dawn/Dusk,Curved - view open,Dip,800,Off Path-Curve: Other,Other,W,0,3,0,0,3,1,0,0,0,0,0,0
426,Medical treatment,2001,March,Thursday,16,Angle,Multi-Vehicle,150.4958085,-23.38907209,Agnes St,Denham St,,The Range,Rockhampton Region,4700,Rockhampton,Capricornia,Central,Central,Central Queensland,The Range - Allenstown,Rockhampton,Central Queensland,Inner Regional,Rockhampton,Capricornia,Locally-controlled,Intersection - Roundabout,Give way sign,60 km/h,Sealed - Dry,Clear,Daylight,Straight,Crest,101,Veh'S Adjacent Approach: Thru-Thru,Intersection from adjacent approaches,E,0,0,1,0,1,1,0,0,0,1,0,0
427,Hospitalisation,2001,March,Friday,16,Hit pedestrian,Hit pedestrian,153.0266544,-27.46800538,Edward St,,,Brisbane City,Brisbane City,4000,Brisbane City,North Brisbane,Brisbane,SEQ North,Metropolitan,Brisbane City,Brisbane Inner,Brisbane Inner City,Major Cities,Mcconnel,Brisbane,Locally-controlled,No Roadway Feature,No traffic control,0 - 50 km/h,Sealed - Wet,Raining,Daylight,Straight,Level,3,Ped'N: Far Side Vehicle Hit From Left,Pedestrian,S,0,1,0,0,1,1,0,0,0,0,1,0
428,Medical treatment,2001,March,Friday,16,Rear-end,Multi-Vehicle,153.0225246,-27.47163215,Victoria Bridge,,,Brisbane City,Brisbane City,4000,Brisbane City,North Brisbane,Brisbane,SEQ North,Metropolitan,Brisbane City,Brisbane Inner,Brisbane Inner City,Major Cities,Mcconnel,Brisbane,Locally-controlled,Bridge/Causeway,No traffic control,0 - 50 km/h,Sealed - Wet,Raining,Daylight,Straight,Level,301,Veh'S Same Direction: Rear End,Rear-end,E,0,0,1,2,3,3,0,0,0,0,0,0
429,Property damage only,2001,March,Friday,10,Angle,Multi-Vehicle,153.0495107,-27.47262209,Oxlade Dr,,,New Farm,Brisbane City,4005,Fortitude Valley,North Brisbane,Brisbane,SEQ North,Metropolitan,New Farm,Brisbane Inner,Brisbane Inner City,Major Cities,Mcconnel,Brisbane,Locally-controlled,No Roadway Feature,No traffic control,0 - 50 km/h,Sealed - Dry,Clear,Daylight,Curved - view open,Level,308,Veh'S Same Direction: Right Turn S/Swipe,Parallel lanes turning,E,0,0,0,0,0,2,0,0,0,0,0,0
430,Medical treatment,2001,March,Friday,16,Rear-end,Multi-Vehicle,0,0,Breakfast Ck Rd,,,Unknown,Unknown,Unknown,Unknown,Unknown,Unknown,Unknown,Unknown,Unknown,Unknown,Unknown,Unknown,Unknown,Unknown,Locally-controlled,No Roadway Feature,No traffic control,60 km/h,Sealed - Wet,Raining,Daylight,Straight,Level,301,Veh'S Same Direction: Rear End,Rear-end,E,0,0,1,0,1,4,0,0,0,0,0,0
431,Hospitalisation,2001,March,Friday,12,Angle,Multi-Vehicle,153.0162247,-27.41454392,Babarra St,Webster Rd,,Stafford,Brisbane City,4053,Stafford,North Brisbane,Brisbane,SEQ North,Metropolitan,Stafford,Chermside,Brisbane - North,Major Cities,Stafford,Brisbane,Locally-controlled,Intersection - T-Junction,No traffic control,60 km/h,Sealed - Dry,Clear,Daylight,Straight,Level,104,Veh'S Adjacent Approach: Thru-Right,Intersection from adjacent approaches,S,0,1,1,0,2,2,0,0,0,0,0,0
432,Medical treatment,2001,March,Friday,18,Rear-end,Multi-Vehicle,152.9604766,-27.33771839,South Pine Rd,,South Pine Road,Eatons Hill,Moreton Bay Region,4037,Albany Creek,North Brisbane,Brisbane,SEQ North,North Coast and Wide Bay/Burnett,Eatons Hill,The Hills District,Moreton Bay - South,Major Cities,Everton,Dickson,State-controlled,No Roadway Feature,No traffic control,60 km/h,Sealed - Wet,Raining,Darkness - Lighted,Straight,Level,301,Veh'S Same Direction: Rear End,Rear-end,N,0,0,1,0,1,2,0,0,0,0,0,0