Crash_Ref_Number,Crash_Severity,Crash_Year,Crash_Month,Crash_Day_Of_Week,Crash_Hour,Crash_Nature,Crash_Type,Crash_Longitude_GDA94,Crash_Latitude_GDA94,Crash_Street,Crash_Street_Intersecting,State_Road_Name,Loc_Suburb,Loc_Local_Government_Area,Loc_Post_Code,Loc_Police_Division,Loc_Police_District,Loc_Police_Region,Loc_Queensland_Transport_Region,Loc_Main_Roads_Region,Loc_ABS_Statistical_Area_2,Loc_ABS_Statistical_Area_3,Loc_ABS_Statistical_Area_4,Loc_ABS_Remoteness,Loc_State_Electorate,Loc_Federal_Electorate,Crash_Controlling_Authority,Crash_Roadway_Feature,Crash_Traffic_Control,Crash_Speed_Limit,Crash_Road_Surface_Condition,Crash_Atmospheric_Condition,Crash_Lighting_Condition,Crash_Road_Horiz_Align,Crash_Road_Vert_Align,Crash_DCA_Code,Crash_DCA_Description,Crash_DCA_Group_Description,DCA_Key_Approach_Dir,Count_Casualty_Fatality,Count_Casualty_Hospitalised,Count_Casualty_MedicallyTreated,Count_Casualty_MinorInjury,Count_Casualty_Total,Count_Unit_Car,Count_Unit_Motorcycle_Moped,Count_Unit_Truck,Count_Unit_Bus,Count_Unit_Bicycle,Count_Unit_Pedestrian,Count_Unit_Other
481,Hospitalisation,2001,March,Sunday,9,Angle,Multi-Vehicle,153.0616231,-27.3628506,Sandgate Rd,Zillmere Rd,Sandgate Sub-Arterial Road,Boondall,Brisbane City,4034,Boondall,North Brisbane,Brisbane,SEQ North,Metropolitan,Boondall,Nundah,Brisbane - North,Major Cities,Nudgee,Lilley,State-controlled,Intersection - T-Junction,Operating traffic lights,70 km/h,Sealed - Dry,Clear,Daylight,Straight,Level,408,Veh'S Manoeuvring: Entering From Footway,Vehicle leaving driveway,S,0,1,0,0,1,1,0,0,0,0,0,1
482,Property damage only,2001,March,Sunday,1,Hit object,Single Vehicle,153.0969872,-27.2563396,Hornibrook Esp,,Brighton - Redcliffe Road,Woody Point,Moreton Bay Region,4019,Redcliffe,Moreton,Southern,SEQ North,North Coast and Wide Bay/Burnett,Margate - Woody Point,Redcliffe,Moreton Bay - North,Major Cities,Redcliffe,Petrie,State-controlled,No Roadway Feature,No traffic control,60 km/h,Sealed - Dry,Clear,Darkness - Lighted,Curved - view open,Level,800,Off Path-Curve: Other,Other,N,0,0,0,0,0,1,0,0,0,0,0,0
483,Property damage only,2001,March,Sunday,14,Angle,Multi-Vehicle,152.7998662,-27.61224515,Ipswich - Cunningham Hwy Connection Rd,Stafford St,Ipswich - Cunningham Hwy Connection Road,Booval,Ipswich City,4304,Booval,Ipswich,Southern,SEQ South,Metropolitan,Ipswich - East,Ipswich Inner,Ipswich,Major Cities,Ipswich,Blair,State-controlled,Intersection - Cross,Operating traffic lights,60 km/h,Sealed - Wet,Clear,Daylight,Straight,Level,202,Veh'S Opposite Approach: Thru-Right,Opposing vehicles turning,N,0,0,0,0,0,2,0,0,0,0,0,0
484,Medical treatment,2001,March,Sunday,17,Angle,Multi-Vehicle,153.4202266,-27.99802141,Burra St,Thomas Dr,,Surfers Paradise,Gold Coast City,4217,Surfers Paradise,Gold Coast,South Eastern,SEQ South,South Coast,Surfers Paradise,Surfers Paradise,Gold Coast,Major Cities,Surfers Paradise,Moncrieff,Locally-controlled,Intersection - Cross,No traffic control,0 - 50 km/h,Sealed - Dry,Clear,Daylight,Straight,Level,101,Veh'S Adjacent Approach: Thru-Thru,Intersection from adjacent approaches,E,0,0,1,0,1,2,0,0,0,0,0,0
485,Minor injury,2001,March,Sunday,10,Rear-end,Multi-Vehicle,153.4239513,-27.98218105,Gold Coast Hwy,,,Main Beach,Gold Coast City,4217,Surfers Paradise,Gold Coast,South Eastern,SEQ South,South Coast,Surfers Paradise,Surfers Paradise,Gold Coast,Major Cities,Surfers Paradise,Moncrieff,Locally-controlled,No Roadway Feature,No traffic control,70 km/h,Sealed - Dry,Clear,Daylight,Straight,Grade,301,Veh'S Same Direction: Rear End,Rear-end,S,0,0,0,1,1,3,0,0,0,0,0,0
486,Minor injury,2001,March,Sunday,21,Sideswipe,Multi-Vehicle,151.4350463,-27.06095442,Dalby - Cooyar Rd,,Dalby - Cooyar Road,Kaimkillenbun,Western Downs Region,4406,Bell,South West,Southern,Southern,Downs South West,Wambo,Darling Downs - East,Darling Downs - Maranoa,Inner Regional,Warrego,Maranoa,State-controlled,Railway Crossing,No traffic control,60 km/h,Sealed - Dry,Clear,Darkness - Lighted,Curved - view open,Level,201,Veh'S Opposite Approach: Head On,Head-on,W,0,0,0,1,1,2,0,0,0,0,0,0
487,Medical treatment,2001,March,Monday,8,Rear-end,Multi-Vehicle,152.9576862,-27.51213825,Centenary Hwy,,Centenary Motorway (Ellen Grove - Toowong),Indooroopilly,Brisbane City,4068,Indooroopilly,North Brisbane,Brisbane,SEQ North,Metropolitan,Chapel Hill,Kenmore - Brookfield - Moggill,Brisbane - West,Major Cities,Moggill,Ryan,State-controlled,No Roadway Feature,No traffic control,80 - 90 km/h,Sealed - Dry,Clear,Daylight,Straight,Grade,301,Veh'S Same Direction: Rear End,Rear-end,N,0,0,1,0,1,3,0,1,0,0,0,0
488,Medical treatment,2001,March,Monday,18,Angle,Multi-Vehicle,152.9790185,-27.55356527,Cook St,Oxley Rd,,Oxley,Brisbane City,4075,Sherwood,South Brisbane,Brisbane,SEQ South,Metropolitan,Oxley (qld),Forest Lake - Oxley,Ipswich,Major Cities,Mount Ommaney,Moreton,Locally-controlled,Intersection - T-Junction,Give way sign,60 km/h,Sealed - Dry,Clear,Dawn/Dusk,Straight,Level,202,Veh'S Opposite Approach: Thru-Right,Opposing vehicles turning,S,0,0,1,0,1,2,0,0,0,0,0,0
489,Property damage only,2001,March,Monday,6,Angle,Multi-Vehicle,153.2036757,-27.7174824,Alamein St,Bellew St,,Beenleigh,Logan City,4207,Beenleigh,Logan,South Eastern,SEQ South,South Coast,Beenleigh,Beenleigh,Logan - Beaudesert,Major Cities,Macalister,Forde,Locally-controlled,Intersection - T-Junction,Give way sign,0 - 50 km/h,Sealed - Dry,Clear,Daylight,Straight,Dip,101,Veh'S Adjacent Approach: Thru-Thru,Intersection from adjacent approaches,E,0,0,0,0,0,2,0,0,0,0,0,0
490,Minor injury,2001,March,Monday,15,Angle,Multi-Vehicle,0,0,Wynyard St,,,Unknown,Unknown,Unknown,Unknown,Unknown,Unknown,Unknown,Unknown,Unknown,Unknown,Unknown,Unknown,Unknown,Unknown,Locally-controlled,No Roadway Feature,No traffic control,60 km/h,Sealed - Dry,Clear,Daylight,Straight,Level,400,Veh'S Manoeuvring: Other,Other,,0,0,0,1,1,1,0,0,0,1,0,0
491,Hospitalisation,2001,March,Monday,14,Sideswipe,Multi-Vehicle,152.4027903,-26.94045458,D'Aguilar Hwy,,D'Aguilar Highway (Kilcoy - Yarraman),Harlin,Somerset Region,4306,Moore,Moreton,Southern,SEQ North,North Coast and Wide Bay/Burnett,Kilcoy,Caboolture Hinterland,Moreton Bay - North,Inner Regional,Nanango,Blair,State-controlled,No Roadway Feature,No traffic control,100 - 110 km/h,Sealed - Dry,Clear,Daylight,Straight,Level,201,Veh'S Opposite Approach: Head On,Head-on,E,0,3,0,0,3,2,0,0,0,0,0,0
492,Hospitalisation,2001,March,Monday,15,Overturned,Single Vehicle,152.3153344,-25.19210381,Goodwood Rd,,Goodwood Road,Redridge,Bundaberg Region,4660,Childers,Wide Bay Burnett,Central,Southern,North Coast and Wide Bay/Burnett,Bundaberg Region - South,Bundaberg,Wide Bay,Inner Regional,Burnett,Hinkler,State-controlled,No Roadway Feature,No traffic control,100 - 110 km/h,Sealed - Wet,Raining,Daylight,Curved - view obscured,Level,802,Off Path-Curve: Off Cway Left Bend,Off carriageway on curve,E,0,1,0,0,1,1,0,0,0,0,0,0
493,Minor injury,2001,March,Monday,16,Angle,Multi-Vehicle,152.872459,-25.28621011,Fraser St,Truro St,,Torquay,Fraser Coast Region,4655,Hervey Bay,Wide Bay Burnett,Central,Southern,North Coast and Wide Bay/Burnett,Torquay - Scarness - Kawungan,Hervey Bay,Wide Bay,Inner Regional,Hervey Bay,Hinkler,Locally-controlled,Intersection - Cross,Give way sign,60 km/h,Sealed - Wet,Raining,Daylight,Straight,Level,101,Veh'S Adjacent Approach: Thru-Thru,Intersection from adjacent approaches,N,0,0,0,1,1,2,0,0,0,0,0,0
494,Property damage only,2001,March,Monday,12,Angle,Multi-Vehicle,151.9441017,-27.55579129,Taylor St,West St,,Toowoomba City,Toowoomba Region,4350,Toowoomba,Darling Downs,Southern,Southern,Downs South West,Toowoomba - Central,Toowoomba,Toowoomba,Inner Regional,Toowoomba North,Groom,Locally-controlled,Intersection - Cross,Operating traffic lights,60 km/h,Sealed - Dry,Clear,Daylight,Straight,Level,101,Veh'S Adjacent Approach: Thru-Thru,Intersection from adjacent approaches,E,0,0,0,0,0,3,0,0,0,0,0,0
495,Property damage only,2001,March,Monday,7,Hit animal,Other,148.3818247,-28.60524444,St George - Dirranbandi Rd,,Castlereagh Highway (Noondoo - Hebel),Dirranbandi,Balonne Shire,4486,Dirranbandi,South West,Southern,Southern,Downs South West,Balonne,Darling Downs (west) - Maranoa,Darling Downs - Maranoa,Very Remote,Warrego,Maranoa,State-controlled,No Roadway Feature,No traffic control,100 - 110 km/h,Sealed - Dry,Clear,Daylight,Straight,Grade,609,Pass & Misc: Hit Animal,Hit animal,E,0,0,0,0,0,1,0,0,0,0,0,1
496,Property damage only,2001,March,Monday,11,Angle,Multi-Vehicle,150.5024508,-23.39091484,Caroline St,Upper Dawson Rd,,Allenstown,Rockhampton Region,4700,Rockhampton,Capricornia,Central,Central,Central Queensland,The Range - Allenstown,Rockhampton,Central Queensland,Inner Regional,Rockhampton,Capricornia,Locally-controlled,Intersection - Cross,Stop sign,60 km/h,Sealed - Dry,Clear,Daylight,Straight,Level,101,Veh'S Adjacent Approach: Thru-Thru,Intersection from adjacent approaches,W,0,0,0,0,0,2,0,0,0,0,0,0
497,Property damage only,2001,March,Monday,13,Overturned,Single Vehicle,146.9959634,-23.03512025,Clermont - Alpha Rd,,Clermont - Alpha Road,Quetta,Isaac Region,4721,Clermont,Mackay,Central,Central,Central Queensland,Clermont,Bowen Basin - North,Mackay - Isaac - Whitsunday,Very Remote,Burdekin,Capricornia,State-controlled,No Roadway Feature,No traffic control,100 - 110 km/h,Unsealed - Dry,Clear,Daylight,Curved - view obscured,Grade,805,Off Path-Curve: Out Of Control On Cway,Out of control on curve,W,0,0,0,0,0,1,0,0,0,0,0,0
498,Medical treatment,2001,March,Tuesday,15,Rear-end,Multi-Vehicle,153.0315594,-27.51231811,Ipswich Rd,,,Annerley,Brisbane City,4103,Annerley,South Brisbane,Brisbane,SEQ South,Metropolitan,Annerley,Holland Park - Yeronga,Brisbane - South,Major Cities,Miller,Moreton,Locally-controlled,No Roadway Feature,No traffic control,60 km/h,Sealed - Dry,Clear,Daylight,Straight,Level,301,Veh'S Same Direction: Rear End,Rear-end,W,0,0,1,0,1,3,0,0,0,0,0,0
499,Property damage only,2001,March,Tuesday,13,Angle,Multi-Vehicle,153.0061341,-27.46922406,Railway Tce,Walsh St,,Milton,Brisbane City,4064,Brisbane City,North Brisbane,Brisbane,SEQ North,Metropolitan,Paddington - Milton,Brisbane Inner - West,Brisbane Inner City,Major Cities,Cooper,Brisbane,Locally-controlled,Intersection - T-Junction,No traffic control,0 - 50 km/h,Sealed - Dry,Clear,Daylight,Straight,Level,202,Veh'S Opposite Approach: Thru-Right,Opposing vehicles turning,E,0,0,0,0,0,2,0,0,0,0,0,0
500,Minor injury,2001,March,Tuesday,16,Hit object,Single Vehicle,153.0295805,-27.30850472,Gateway Arterial Rd,,Gateway Arterial Road (Gateway Motorway - North),Bald Hills,Brisbane City,4036,Sandgate,North Brisbane,Brisbane,SEQ North,Metropolitan,Bald Hills,Bald Hills - Everton Park,Brisbane - North,Major Cities,Sandgate,Petrie,State-controlled,No Roadway Feature,No traffic control,100 - 110 km/h,Sealed - Dry,Clear,Daylight,Curved - view open,Level,803,Off Path-Curve: Off Cway Rt Bend Hit Obj,Off carriageway on curve hit object,N,0,0,0,1,1,0,0,1,0,0,0,0
501,Property damage only,2001,March,Tuesday,17,Angle,Multi-Vehicle,153.1273384,-27.48263506,Belmont Rd,Thurston St,,Tingalpa,Brisbane City,4173,Wynnum,South Brisbane,Brisbane,SEQ South,Metropolitan,Belmont - Gumdale,Capalaba,Brisbane - East,Major Cities,Chatsworth,Bonner,Locally-controlled,Intersection - Cross,Stop sign,60 km/h,Sealed - Dry,Clear,Daylight,Straight,Level,202,Veh'S Opposite Approach: Thru-Right,Opposing vehicles turning,S,0,0,0,0,0,2,0,0,0,0,0,0
502,Medical treatment,2001,March,Tuesday,8,Angle,Multi-Vehicle,152.9846956,-27.38559697,Old Northern Rd,Rode Rd,Everton Park - Albany Creek Road,Mcdowall,Brisbane City,4053,Albany Creek,North Brisbane,Brisbane,SEQ North,Metropolitan,Mcdowall,Bald Hills - Everton Park,Brisbane - North,Major Cities,Aspley,Lilley,State-controlled,Intersection - Roundabout,Give way sign,60 km/h,Sealed - Dry,Clear,Daylight,Straight,Level,104,Veh'S Adjacent Approach: Thru-Right,Intersection from adjacent approaches,S,0,0,1,0,1,2,0,0,0,0,0,0
503,Hospitalisation,2001,March,Tuesday,7,Hit object,Single Vehicle,152.977094,-27.01544209,Bruce Hwy,,Bruce Highway (Brisbane - Gympie),Elimbah,Moreton Bay Region,4516,Caboolture,Moreton,Southern,SEQ North,North Coast and Wide Bay/Burnett,Elimbah,Caboolture,Moreton Bay - North,Major Cities,Pumicestone,Longman,State-controlled,No Roadway Feature,No traffic control,100 - 110 km/h,Sealed - Dry,Clear,Daylight,Straight,Level,704,Off Path-Straight:Right Off Cway Hit Obj,Off carriageway on straight hit object,S,0,2,0,0,2,1,0,0,0,0,0,0
504,Medical treatment,2001,March,Tuesday,15,Rear-end,Multi-Vehicle,152.9610658,-27.397593,Dawson Pde,,,Arana Hills,Moreton Bay Region,4054,Ferny Grove,North Brisbane,Brisbane,SEQ North,North Coast and Wide Bay/Burnett,The Hills District,The Hills District,Moreton Bay - South,Major Cities,Everton,Dickson,Locally-controlled,No Roadway Feature,No traffic control,60 km/h,Sealed - Dry,Clear,Daylight,Straight,Level,301,Veh'S Same Direction: Rear End,Rear-end,S,0,0,1,0,1,2,0,0,0,0,0,0
505,Hospitalisation,2001,March,Tuesday,12,Rear-end,Multi-Vehicle,152.9526357,-26.50439723,Bruce Hwy,,Bruce Highway (Brisbane - Gympie),North Arm,Sunshine Coast Region,4561,Eumundi,Sunshine Coast,Central,SEQ North,North Coast and Wide Bay/Burnett,Eumundi - Yandina,Nambour,Sunshine Coast,Inner Regional,Nicklin,Fairfax,State-controlled,No Roadway Feature,No traffic control,100 - 110 km/h,Sealed - Wet,Raining,Daylight,Straight,Grade,301,Veh'S Same Direction: Rear End,Rear-end,N,0,1,0,0,1,2,0,1,0,0,0,0
506,Property damage only,2001,March,Tuesday,14,Hit object,Single Vehicle,152.7460882,-26.58222592,Eumundi - Kenilworth Rd,,Eumundi - Kenilworth Road,Kenilworth,Sunshine Coast Region,4574,Kenilworth,Sunshine Coast,Central,SEQ North,North Coast and Wide Bay/Burnett,Maroochy Hinterland,Sunshine Coast Hinterland,Sunshine Coast,Inner Regional,Nicklin,Fairfax,State-controlled,No Roadway Feature,No traffic control,100 - 110 km/h,Sealed - Wet,Raining,Daylight,Curved - view open,Grade,607,Veh'S On Path: Temporary Object On C'Way,Other,W,0,0,0,0,0,1,0,0,0,0,0,0
507,Medical treatment,2001,March,Tuesday,17,Rear-end,Multi-Vehicle,153.4260965,-28.00257194,Gold Coast Hwy,Whelan St,,Surfers Paradise,Gold Coast City,4217,Surfers Paradise,Gold Coast,South Eastern,SEQ South,South Coast,Surfers Paradise,Surfers Paradise,Gold Coast,Major Cities,Surfers Paradise,Moncrieff,Locally-controlled,Intersection - Cross,Operating traffic lights,60 km/h,Sealed - Dry,Clear,Daylight,Straight,Level,302,Veh'S Same Direction: Left Rear,Rear-end,E,0,0,1,0,1,1,0,0,1,0,0,0
508,Medical treatment,2001,March,Tuesday,15,Rear-end,Multi-Vehicle,153.4647052,-28.12434226,Pacific Hwy Off Ramp,Palm Beach Ave,Pacific Highway (Pacific Motorway),Palm Beach,Gold Coast City,4221,Palm Beach,Gold Coast,South Eastern,SEQ South,South Coast,Palm Beach,Coolangatta,Gold Coast,Major Cities,Burleigh,Mcpherson,State-controlled,Intersection - Interchange,Give way sign,60 km/h,Sealed - Dry,Clear,Daylight,Curved - view open,Level,302,Veh'S Same Direction: Left Rear,Rear-end,S,0,0,1,0,1,2,0,0,0,0,0,0
509,Medical treatment,2001,March,Tuesday,9,Angle,Multi-Vehicle,153.4102719,-28.10170488,Ambassador Dr,Burleigh Connection Rd,Burleigh Connection Road,Varsity Lakes,Gold Coast City,4227,Robina,Gold Coast,South Eastern,SEQ South,South Coast,Varsity Lakes,Robina,Gold Coast,Major Cities,Burleigh,Mcpherson,State-controlled,Intersection - T-Junction,Operating traffic lights,70 km/h,Sealed - Dry,Clear,Daylight,Straight,Grade,104,Veh'S Adjacent Approach: Thru-Right,Intersection from adjacent approaches,W,0,0,1,0,1,3,0,0,0,0,0,0
510,Property damage only,2001,March,Tuesday,18,Rear-end,Multi-Vehicle,151.2343444,-23.8737126,Dawson Hwy,,Dawson Highway (Gladstone - Biloela),New Auckland,Gladstone Region,4680,Gladstone,Capricornia,Central,Central,Central Queensland,Clinton - New Auckland,Gladstone,Central Queensland,Inner Regional,Gladstone,Flynn,State-controlled,No Roadway Feature,No traffic control,60 km/h,Sealed - Dry,Clear,Dawn/Dusk,Straight,Level,301,Veh'S Same Direction: Rear End,Rear-end,W,0,0,0,0,0,2,0,0,0,0,0,0
511,Medical treatment,2001,March,Wednesday,20,Angle,Multi-Vehicle,153.0278462,-27.4662857,Adelaide St,Creek St,,Brisbane City,Brisbane City,4000,Brisbane City,North Brisbane,Brisbane,SEQ North,Metropolitan,Brisbane City,Brisbane Inner,Brisbane Inner City,Major Cities,Mcconnel,Brisbane,Locally-controlled,Intersection - Cross,Operating traffic lights,0 - 50 km/h,Sealed - Wet,Raining,Darkness - Lighted,Straight,Level,101,Veh'S Adjacent Approach: Thru-Thru,Intersection from adjacent approaches,S,0,0,1,1,2,2,0,0,0,0,0,0
512,Property damage only,2001,March,Wednesday,15,Angle,Multi-Vehicle,153.0027334,-27.47096284,Gordon St,,,Milton,Brisbane City,4064,Brisbane City,North Brisbane,Brisbane,SEQ North,Metropolitan,Paddington - Milton,Brisbane Inner - West,Brisbane Inner City,Major Cities,Cooper,Brisbane,Locally-controlled,No Roadway Feature,No traffic control,0 - 50 km/h,Sealed - Dry,Clear,Daylight,Straight,Grade,401,Veh'S Manoeuvring: Leaving Parking,Vehicle leaving driveway,E,0,0,0,0,0,3,0,0,0,0,0,0
513,Property damage only,2001,March,Wednesday,21,Angle,Multi-Vehicle,153.0715043,-27.47906615,Darcy Rd,Oateson Skyline Dr,,Seven Hills,Brisbane City,4170,Morningside,South Brisbane,Brisbane,SEQ South,Metropolitan,Morningside - Seven Hills,Brisbane Inner - East,Brisbane Inner City,Major Cities,Bulimba,Griffith,Locally-controlled,Intersection - T-Junction,Give way sign,60 km/h,Sealed - Wet,Clear,Darkness - Lighted,Straight,Grade,104,Veh'S Adjacent Approach: Thru-Right,Intersection from adjacent approaches,S,0,0,0,0,0,2,0,0,0,0,0,0
514,Property damage only,2001,March,Wednesday,8,Rear-end,Multi-Vehicle,153.0646761,-27.5687616,Leadenhall St,Mains Rd,,Macgregor,Brisbane City,4109,Upper Mount Gravatt,South Brisbane,Brisbane,SEQ South,Metropolitan,Robertson,Nathan,Brisbane - South,Major Cities,Toohey,Moreton,Locally-controlled,Intersection - Cross,Operating traffic lights,60 km/h,Sealed - Dry,Clear,Daylight,Straight,Level,301,Veh'S Same Direction: Rear End,Rear-end,S,0,0,0,0,0,2,0,0,0,0,0,0
515,Medical treatment,2001,March,Wednesday,20,Angle,Multi-Vehicle,153.0381898,-27.35942293,Handford Rd,Zillmere Rd,,Zillmere,Brisbane City,4034,Boondall,North Brisbane,Brisbane,SEQ North,Metropolitan,Zillmere,Sandgate,Brisbane - North,Major Cities,Nudgee,Lilley,Locally-controlled,Intersection - Cross,Operating traffic lights,60 km/h,Sealed - Wet,Raining,Darkness - Lighted,Straight,Level,202,Veh'S Opposite Approach: Thru-Right,Opposing vehicles turning,W,0,0,1,0,1,2,0,0,0,0,0,0
516,Medical treatment,2001,March,Wednesday,19,Angle,Multi-Vehicle,153.2055939,-27.69849992,Finch St,Swallow St,,Eagleby,Logan City,4207,Beenleigh,Logan,South Eastern,SEQ South,South Coast,Eagleby,Beenleigh,Logan - Beaudesert,Major Cities,Macalister,Forde,Locally-controlled,Intersection - Cross,No traffic control,60 km/h,Sealed - Wet,Raining,Darkness - Lighted,Straight,Level,101,Veh'S Adjacent Approach: Thru-Thru,Intersection from adjacent approaches,S,0,0,1,0,1,2,0,0,0,0,0,0
517,Medical treatment,2001,March,Wednesday,21,Hit object,Single Vehicle,153.1241807,-27.61612049,South East Arterial Rd,,South-East Arterial Road (Pacific Motorway),Slacks Creek,Logan City,4127,Springwood,Logan,South Eastern,SEQ South,South Coast,Underwood,Springwood - Kingston,Logan - Beaudesert,Major Cities,Waterford,Rankin,State-controlled,No Roadway Feature,No traffic control,100 - 110 km/h,Sealed - Wet,Raining,Darkness - Lighted,Straight,Level,607,Veh'S On Path: Temporary Object On C'Way,Other,N,0,0,2,0,2,1,0,0,0,0,0,0
518,Property damage only,2001,March,Wednesday,17,Rear-end,Multi-Vehicle,153.0321116,-27.42677636,Lutwyche Rd,Maygar St,,Windsor,Brisbane City,4030,Stafford,North Brisbane,Brisbane,SEQ North,Metropolitan,Windsor,Brisbane Inner - North,Brisbane Inner City,Major Cities,Clayfield,Brisbane,Locally-controlled,Intersection - T-Junction,Operating traffic lights,60 km/h,Sealed - Dry,Clear,Dawn/Dusk,Straight,Level,303,Veh'S Same Direction: Right Rear,Rear-end,E,0,0,0,0,0,2,0,0,0,0,0,0
519,Property damage only,2001,March,Wednesday,19,Sideswipe,Multi-Vehicle,153.3539249,-28.04532376,Pacific Hwy,,Pacific Highway (Pacific Motorway),Worongary,Gold Coast City,4213,Mudgeeraba,Gold Coast,South Eastern,SEQ South,South Coast,Worongary - Tallai,Nerang,Gold Coast,Major Cities,Mudgeeraba,Wright,State-controlled,No Roadway Feature,No traffic control,100 - 110 km/h,Sealed - Wet,Raining,Darkness - Not lighted,Straight,Level,307,Veh'S Same Direction: Lane Change Left,Lane changes,N,0,0,0,0,0,1,0,1,0,0,0,0
520,Property damage only,2001,March,Wednesday,19,Angle,Multi-Vehicle,150.3140889,-28.54807717,Frideswide St,Goondiwindi Connection Rd,Goondiwindi Connection Road,Goondiwindi,Goondiwindi Region,4390,Goondiwindi,Darling Downs,Southern,Southern,Downs South West,Goondiwindi,Darling Downs (west) - Maranoa,Darling Downs - Maranoa,Outer Regional,Southern Downs,Maranoa,State-controlled,Intersection - Cross,Give way sign,60 km/h,Sealed - Wet,Raining,Darkness - Lighted,Straight,Level,101,Veh'S Adjacent Approach: Thru-Thru,Intersection from adjacent approaches,S,0,0,0,0,0,2,0,0,0,0,0,0
521,Minor injury,2001,March,Wednesday,4,Hit parked vehicle,Single Vehicle,148.9633402,-26.58215843,Warrego Hwy,,Warrego Highway (Miles - Roma),Blythdale,Maranoa Region,4455,Roma,South West,Southern,Southern,Downs South West,Roma Region,Darling Downs (west) - Maranoa,Darling Downs - Maranoa,Outer Regional,Warrego,Maranoa,State-controlled,Bridge/Causeway,No traffic control,100 - 110 km/h,Sealed - Dry,Clear,Darkness - Not lighted,Straight,Level,608,Veh'S On Path: Accident Or Broken Down,Hit parked vehicle,E,0,0,0,2,2,0,0,2,0,0,0,0
522,Property damage only,2001,March,Thursday,2,Hit object,Single Vehicle,153.0388859,-27.50948154,South East Arterial Rd,,South-East Arterial Road (Pacific Motorway),Greenslopes,Brisbane City,4120,Annerley,South Brisbane,Brisbane,SEQ South,Metropolitan,Greenslopes,Holland Park - Yeronga,Brisbane - South,Major Cities,Greenslopes,Griffith,State-controlled,No Roadway Feature,No traffic control,100 - 110 km/h,Sealed - Wet,Raining,Darkness - Lighted,Curved - view open,Level,803,Off Path-Curve: Off Cway Rt Bend Hit Obj,Off carriageway on curve hit object,N,0,0,0,0,0,1,0,0,0,0,0,0
523,Hospitalisation,2001,March,Thursday,20,Fall from vehicle,Single Vehicle,152.6744936,-26.16636468,Saleyard Rd,,,Araluen,Gympie Region,4570,Gympie,Wide Bay Burnett,Central,Southern,North Coast and Wide Bay/Burnett,Gympie - North,Gympie - Cooloola,Wide Bay,Inner Regional,Gympie,Wide Bay,Locally-controlled,No Roadway Feature,No traffic control,60 km/h,Sealed - Dry,Clear,Darkness - Not lighted,Curved - view open,Level,805,Off Path-Curve: Out Of Control On Cway,Out of control on curve,S,0,1,0,0,1,0,1,0,0,0,0,0
524,Medical treatment,2001,March,Thursday,18,Angle,Multi-Vehicle,150.5373331,-23.34782901,Dean St,Stewart St,,Frenchville,Rockhampton Region,4701,North Rockhampton,Capricornia,Central,Central,Central Queensland,Frenchville - Mount Archer,Rockhampton,Central Queensland,Inner Regional,Rockhampton,Capricornia,Locally-controlled,Intersection - T-Junction,No traffic control,60 km/h,Sealed - Dry,Clear,Darkness - Lighted,Straight,Level,308,Veh'S Same Direction: Right Turn S/Swipe,Parallel lanes turning,S,0,0,1,0,1,1,1,0,0,0,0,0
525,Minor injury,2001,March,Friday,18,Angle,Multi-Vehicle,153.0507757,-27.58258166,Beenleigh Rd,Stones Rd,,Sunnybank,Brisbane City,4109,Upper Mount Gravatt,South Brisbane,Brisbane,SEQ South,Metropolitan,Sunnybank,Sunnybank,Brisbane - South,Major Cities,Toohey,Moreton,Locally-controlled,Intersection - Cross,Operating traffic lights,60 km/h,Sealed - Dry,Clear,Darkness - Lighted,Straight,Level,202,Veh'S Opposite Approach: Thru-Right,Opposing vehicles turning,W,0,0,0,1,1,2,0,0,0,0,0,0
526,Minor injury,2001,March,Friday,11,Rear-end,Multi-Vehicle,153.0299759,-27.4440885,Bowen Bridge Rd,,,Herston,Brisbane City,4006,Fortitude Valley,North Brisbane,Brisbane,SEQ North,Metropolitan,Newstead - Bowen Hills,Brisbane Inner - North,Brisbane Inner City,Major Cities,Mcconnel,Brisbane,Locally-controlled,No Roadway Feature,No traffic control,60 km/h,Sealed - Dry,Clear,Daylight,Straight,Level,301,Veh'S Same Direction: Rear End,Rear-end,S,0,0,0,1,1,4,0,0,0,0,0,0
527,Minor injury,2001,March,Friday,7,Rear-end,Multi-Vehicle,153.3778367,-27.92490249,Pine Ridge Rd,,,Biggera Waters,Gold Coast City,4216,Runaway Bay,Gold Coast,South Eastern,SEQ South,South Coast,Biggera Waters,Gold Coast - North,Gold Coast,Major Cities,Bonney,Fadden,Locally-controlled,No Roadway Feature,No traffic control,60 km/h,Sealed - Dry,Clear,Daylight,Straight,Grade,303,Veh'S Same Direction: Right Rear,Rear-end,,0,0,0,1,1,2,0,0,0,0,0,0
528,Property damage only,2001,March,Friday,10,Angle,Multi-Vehicle,152.8662807,-25.30181531,Boundary Rd,,,Wondunna,Fraser Coast Region,4655,Hervey Bay,Wide Bay Burnett,Central,Southern,North Coast and Wide Bay/Burnett,Urangan - Wondunna,Hervey Bay,Wide Bay,Inner Regional,Hervey Bay,Hinkler,Locally-controlled,No Roadway Feature,No traffic control,60 km/h,Sealed - Wet,Raining,Daylight,Straight,Level,202,Veh'S Opposite Approach: Thru-Right,Opposing vehicles turning,E,0,0,0,0,0,3,0,0,0,0,0,0