Crash_Ref_Number,Crash_Severity,Crash_Year,Crash_Month,Crash_Day_Of_Week,Crash_Hour,Crash_Nature,Crash_Type,Crash_Longitude_GDA94,Crash_Latitude_GDA94,Crash_Street,Crash_Street_Intersecting,State_Road_Name,Loc_Suburb,Loc_Local_Government_Area,Loc_Post_Code,Loc_Police_Division,Loc_Police_District,Loc_Police_Region,Loc_Queensland_Transport_Region,Loc_Main_Roads_Region,Loc_ABS_Statistical_Area_2,Loc_ABS_Statistical_Area_3,Loc_ABS_Statistical_Area_4,Loc_ABS_Remoteness,Loc_State_Electorate,Loc_Federal_Electorate,Crash_Controlling_Authority,Crash_Roadway_Feature,Crash_Traffic_Control,Crash_Speed_Limit,Crash_Road_Surface_Condition,Crash_Atmospheric_Condition,Crash_Lighting_Condition,Crash_Road_Horiz_Align,Crash_Road_Vert_Align,Crash_DCA_Code,Crash_DCA_Description,Crash_DCA_Group_Description,DCA_Key_Approach_Dir,Count_Casualty_Fatality,Count_Casualty_Hospitalised,Count_Casualty_MedicallyTreated,Count_Casualty_MinorInjury,Count_Casualty_Total,Count_Unit_Car,Count_Unit_Motorcycle_Moped,Count_Unit_Truck,Count_Unit_Bus,Count_Unit_Bicycle,Count_Unit_Pedestrian,Count_Unit_Other
675,Property damage only,2001,April,Sunday,3,Hit object,Single Vehicle,152.5414428,-27.3709281,Brisbane Valley Hwy,,Brisbane Valley Highway (Ipswich-Harlin),Wivenhoe Hill,Somerset Region,4311,Lowood,Ipswich,Southern,SEQ North,North Coast and Wide Bay/Burnett,Lowood,Ipswich Hinterland,Ipswich,Inner Regional,Nanango,Blair,State-controlled,No Roadway Feature,No traffic control,100 - 110 km/h,Sealed - Dry,Clear,Darkness - Not lighted,Curved - view open,Level,803,Off Path-Curve: Off Cway Rt Bend Hit Obj,Off carriageway on curve hit object,E,0,0,0,0,0,1,0,0,0,0,0,0
676,Minor injury,2001,April,Sunday,1,Hit object,Single Vehicle,0,0,Kilcoy - Beerwah Rd,,,Unknown,Unknown,Unknown,Unknown,Unknown,Unknown,Unknown,Unknown,Unknown,Unknown,Unknown,Unknown,Unknown,Unknown,Locally-controlled,Bridge/Causeway,No traffic control,60 km/h,Sealed - Wet,Raining,Darkness - Not lighted,Curved - view obscured,Grade,800,Off Path-Curve: Other,Other,N,0,0,0,1,1,1,0,0,0,0,0,0
677,Medical treatment,2001,April,Sunday,1,Head-on,Multi-Vehicle,152.818352,-25.28587432,Maryborough - Hervey Bay Rd,,Maryborough - Hervey Bay Road,Urraween,Fraser Coast Region,4655,Hervey Bay,Wide Bay Burnett,Central,Southern,North Coast and Wide Bay/Burnett,Pialba - Eli Waters,Hervey Bay,Wide Bay,Inner Regional,Hervey Bay,Hinkler,State-controlled,No Roadway Feature,No traffic control,60 km/h,Sealed - Wet,Raining,Darkness - Lighted,Straight,Level,501,Veh'S Overtaking: Head On,Head-on,E,0,0,1,0,1,2,0,0,0,0,0,0
678,Fatal,2001,April,Sunday,4,Hit object,Single Vehicle,152.6657114,-25.61717331,Teddington Rd,,,Teddington,Fraser Coast Region,4650,Maryborough,Wide Bay Burnett,Central,Southern,North Coast and Wide Bay/Burnett,Maryborough Region - South,Maryborough,Wide Bay,Inner Regional,Maryborough,Wide Bay,Locally-controlled,No Roadway Feature,No traffic control,80 - 90 km/h,Sealed - Dry,Clear,Darkness - Not lighted,Straight,Crest,700,Off Path-Straight: Other,Other,S,1,1,0,0,2,1,0,0,0,0,0,0
679,Medical treatment,2001,April,Monday,13,Rear-end,Multi-Vehicle,152.9874231,-27.3874215,Rode Rd,,,Mcdowall,Brisbane City,4053,Albany Creek,North Brisbane,Brisbane,SEQ North,Metropolitan,Mcdowall,Bald Hills - Everton Park,Brisbane - North,Major Cities,Aspley,Lilley,Locally-controlled,No Roadway Feature,No traffic control,60 km/h,Sealed - Dry,Clear,Daylight,Straight,Crest,301,Veh'S Same Direction: Rear End,Rear-end,E,0,0,1,0,1,2,0,0,0,0,0,0
680,Medical treatment,2001,April,Monday,2,Hit object,Single Vehicle,153.3973946,-27.97482259,Ward St,,,Southport,Gold Coast City,4215,Southport,Gold Coast,South Eastern,SEQ South,South Coast,Southport - South,Southport,Gold Coast,Major Cities,Southport,Moncrieff,Locally-controlled,No Roadway Feature,No traffic control,0 - 50 km/h,Sealed - Dry,Clear,Darkness - Not lighted,Straight,Level,703,Off Path-Straight: Left Off Cway Hit Obj,Off carriageway on straight hit object,S,0,0,1,0,1,1,0,0,0,0,0,0
681,Property damage only,2001,April,Monday,13,Angle,Multi-Vehicle,149.3236958,-26.60060995,Warrego Hwy,,Warrego Highway (Miles - Roma),Wallumbilla North,Maranoa Region,4428,Yuleba,South West,Southern,Southern,Downs South West,Roma Region,Darling Downs (west) - Maranoa,Darling Downs - Maranoa,Remote,Warrego,Maranoa,State-controlled,No Roadway Feature,No traffic control,100 - 110 km/h,Sealed - Dry,Clear,Daylight,Straight,Level,506,Veh'S Overtaking: Overtake-Right Turn,Overtaking same direction,E,0,0,0,0,0,2,0,0,0,0,0,0
682,Hospitalisation,2001,April,Monday,9,Hit animal,Other,145.978373,-27.28172725,Mitchell Hwy,,Mitchell Highway (Cunnamulla - Charleville),Wyandra,Paroo Shire,4489,Wyandra,South West,Southern,Southern,Downs South West,Far South West,Outback - South,Queensland - Outback,Very Remote,Warrego,Maranoa,State-controlled,No Roadway Feature,No traffic control,100 - 110 km/h,Sealed - Dry,Clear,Daylight,Straight,Level,609,Pass & Misc: Hit Animal,Hit animal,N,0,1,0,0,1,0,1,0,0,0,0,1
683,Hospitalisation,2001,April,Tuesday,11,Angle,Multi-Vehicle,153.0629111,-27.49255669,Leicester St,Old Cleveland Rd,,Coorparoo,Brisbane City,4151,Coorparoo,South Brisbane,Brisbane,SEQ South,Metropolitan,Coorparoo,Holland Park - Yeronga,Brisbane - South,Major Cities,Greenslopes,Griffith,Locally-controlled,Intersection - T-Junction,Give way sign,60 km/h,Sealed - Dry,Clear,Daylight,Straight,Grade,107,Veh'S Adjacent Approach: Thru-Left,Intersection from adjacent approaches,W,0,1,0,0,1,1,0,0,0,1,0,0
684,Hospitalisation,2001,April,Tuesday,0,Hit object,Single Vehicle,153.0201685,-27.48016393,Ernest St,,,South Brisbane,Brisbane City,4101,West End,South Brisbane,Brisbane,SEQ South,Metropolitan,South Brisbane,Brisbane Inner,Brisbane Inner City,Major Cities,South Brisbane,Griffith,Locally-controlled,No Roadway Feature,No traffic control,60 km/h,Sealed - Dry,Clear,Darkness - Lighted,Straight,Level,704,Off Path-Straight:Right Off Cway Hit Obj,Off carriageway on straight hit object,E,0,1,1,0,2,1,0,0,0,0,0,0
685,Fatal,2001,April,Tuesday,8,Angle,Multi-Vehicle,152.846141,-27.2810633,Kriesch Rd,Mt Samson Rd,,Samsonvale,Moreton Bay Region,4520,Dayboro,North Brisbane,Brisbane,SEQ North,North Coast and Wide Bay/Burnett,Dayboro,The Hills District,Moreton Bay - South,Inner Regional,Pine Rivers,Dickson,Locally-controlled,Intersection - T-Junction,Give way sign,100 - 110 km/h,Sealed - Dry,Clear,Daylight,Straight,Level,104,Veh'S Adjacent Approach: Thru-Right,Intersection from adjacent approaches,N,1,0,0,0,1,1,0,1,0,0,0,0
686,Minor injury,2001,April,Tuesday,13,Rear-end,Multi-Vehicle,153.4068864,-27.99787323,Racecourse Dr,Slatyer Ave,,Bundall,Gold Coast City,4217,Southport,Gold Coast,South Eastern,SEQ South,South Coast,Bundall,Surfers Paradise,Gold Coast,Major Cities,Southport,Moncrieff,Locally-controlled,Intersection - T-Junction,Operating traffic lights,60 km/h,Sealed - Dry,Clear,Daylight,Straight,Level,301,Veh'S Same Direction: Rear End,Rear-end,W,0,0,0,1,1,2,0,0,0,0,0,0
687,Minor injury,2001,April,Tuesday,15,Angle,Multi-Vehicle,150.5369306,-23.34981314,Dean St,Honour St,,Frenchville,Rockhampton Region,4701,North Rockhampton,Capricornia,Central,Central,Central Queensland,Frenchville - Mount Archer,Rockhampton,Central Queensland,Inner Regional,Rockhampton,Capricornia,Locally-controlled,Intersection - T-Junction,Give way sign,60 km/h,Sealed - Dry,Clear,Daylight,Straight,Level,102,Veh'S Adjacent Approach: Right-Thru,Intersection from adjacent approaches,W,0,0,0,1,1,1,0,0,0,1,0,0
688,Medical treatment,2001,April,Wednesday,13,Rear-end,Multi-Vehicle,153.1252537,-27.44542094,Port Of Brisbane Rd,Ramsay Rd,Port Of Brisbane Road,Hemmant,Brisbane City,4174,Wynnum,South Brisbane,Brisbane,SEQ South,Metropolitan,Wynnum West - Hemmant,Wynnum - Manly,Brisbane - East,Major Cities,Lytton,Bonner,State-controlled,Intersection - T-Junction,No traffic control,60 km/h,Sealed - Dry,Clear,Daylight,Straight,Level,302,Veh'S Same Direction: Left Rear,Rear-end,W,0,0,1,0,1,1,0,1,0,0,0,0
689,Medical treatment,2001,April,Wednesday,15,Hit parked vehicle,Single Vehicle,153.1397929,-26.80414583,Ormonde Tce,,,Kings Beach,Sunshine Coast Region,4551,Caloundra,Sunshine Coast,Central,SEQ North,North Coast and Wide Bay/Burnett,Caloundra - Kings Beach,Caloundra,Sunshine Coast,Major Cities,Caloundra,Fisher,Locally-controlled,No Roadway Feature,No traffic control,0 - 50 km/h,Sealed - Dry,Clear,Daylight,Curved - view open,Crest,601,Veh'S On Path: Parked,Hit parked vehicle,S,0,0,1,0,1,1,1,0,0,0,0,0
690,Minor injury,2001,April,Thursday,11,Sideswipe,Multi-Vehicle,153.0252368,-27.57520679,Mt Lindesay Art. Rd,,Mount Lindesay Arterial Road,Acacia Ridge,Brisbane City,4110,Acacia Ridge,South Brisbane,Brisbane,SEQ South,Metropolitan,Rocklea - Acacia Ridge,Rocklea - Acacia Ridge,Brisbane - South,Major Cities,Algester,Moreton,State-controlled,No Roadway Feature,No traffic control,70 km/h,Sealed - Dry,Clear,Daylight,Straight,Level,309,Veh'S Same Direction: Left Turn S/Swipe,Parallel lanes turning,S,0,0,0,1,1,1,1,0,0,0,0,0
691,Hospitalisation,2001,April,Thursday,7,Hit pedestrian,Hit pedestrian,153.0264546,-27.46118021,Boundary St,St Pauls Tce,,Spring Hill,Brisbane City,4000,Brisbane City,North Brisbane,Brisbane,SEQ North,Metropolitan,Spring Hill,Brisbane Inner,Brisbane Inner City,Major Cities,Mcconnel,Brisbane,Locally-controlled,Intersection - Cross,Operating traffic lights,60 km/h,Sealed - Dry,Clear,Daylight,Straight,Level,1,Ped'N: Near Side Vehicle Hit From Right,Pedestrian,S,0,1,0,0,1,1,0,0,0,0,1,0
692,Property damage only,2001,April,Thursday,19,Angle,Multi-Vehicle,153.0512312,-27.50357295,Cornwall St,,,Greenslopes,Brisbane City,4120,Coorparoo,South Brisbane,Brisbane,SEQ South,Metropolitan,Coorparoo,Holland Park - Yeronga,Brisbane - South,Major Cities,Greenslopes,Griffith,Locally-controlled,No Roadway Feature,No traffic control,60 km/h,Sealed - Dry,Clear,Darkness - Lighted,Straight,Grade,309,Veh'S Same Direction: Left Turn S/Swipe,Parallel lanes turning,E,0,0,0,0,0,2,0,0,0,0,0,0
693,Property damage only,2001,April,Thursday,18,Angle,Multi-Vehicle,153.025675,-27.31071241,Bracken Ridge Rd,Glenealy St,,Bracken Ridge,Brisbane City,4017,Sandgate,North Brisbane,Brisbane,SEQ North,Metropolitan,Bracken Ridge,Sandgate,Brisbane - North,Major Cities,Sandgate,Petrie,Locally-controlled,Intersection - T-Junction,No traffic control,0 - 50 km/h,Sealed - Dry,Clear,Darkness - Lighted,Straight,Level,104,Veh'S Adjacent Approach: Thru-Right,Intersection from adjacent approaches,W,0,0,0,0,0,2,0,0,0,0,0,0
694,Medical treatment,2001,April,Thursday,6,Angle,Multi-Vehicle,153.0288503,-27.41523669,Cowper St,Gordon St,,Gordon Park,Brisbane City,4031,Stafford,North Brisbane,Brisbane,SEQ North,Metropolitan,Kedron - Gordon Park,Chermside,Brisbane - North,Major Cities,Clayfield,Brisbane,Locally-controlled,Intersection - Cross,Give way sign,0 - 50 km/h,Sealed - Dry,Clear,Dawn/Dusk,Straight,Level,101,Veh'S Adjacent Approach: Thru-Thru,Intersection from adjacent approaches,W,0,0,1,0,1,1,0,0,0,1,0,0
695,Property damage only,2001,April,Thursday,17,Rear-end,Multi-Vehicle,152.9111862,-26.42159155,Bruce Hwy,Crystal St,Cooroy Connection Road,Cooroy,Noosa Shire,4563,Cooroy,Sunshine Coast,Central,SEQ North,North Coast and Wide Bay/Burnett,Noosa Hinterland,Noosa Hinterland,Sunshine Coast,Inner Regional,Nicklin,Wide Bay,State-controlled,Intersection - T-Junction,No traffic control,60 km/h,Sealed - Dry,Clear,Daylight,Straight,Crest,303,Veh'S Same Direction: Right Rear,Rear-end,S,0,0,0,0,0,2,0,0,0,0,0,0
696,Medical treatment,2001,April,Thursday,11,Rear-end,Multi-Vehicle,151.2553015,-23.84261374,Goondoon St,,,Gladstone Central,Gladstone Region,4680,Gladstone,Capricornia,Central,Central,Central Queensland,Gladstone,Gladstone,Central Queensland,Inner Regional,Gladstone,Flynn,Locally-controlled,No Roadway Feature,No traffic control,0 - 50 km/h,Sealed - Dry,Clear,Daylight,Straight,Grade,301,Veh'S Same Direction: Rear End,Rear-end,N,0,0,1,0,1,2,0,0,0,0,0,0
697,Hospitalisation,2001,April,Thursday,17,Hit parked vehicle,Single Vehicle,148.0402843,-21.99896022,Belyando Ave,,,Moranbah,Isaac Region,4744,Moranbah,Mackay,Central,Central,Central Queensland,Moranbah,Bowen Basin - North,Mackay - Isaac - Whitsunday,Outer Regional,Burdekin,Capricornia,Locally-controlled,No Roadway Feature,No traffic control,60 km/h,Sealed - Dry,Clear,Dawn/Dusk,Curved - view open,Level,601,Veh'S On Path: Parked,Hit parked vehicle,W,0,2,0,0,2,1,0,0,0,0,0,1
698,Medical treatment,2001,April,Friday,13,Rear-end,Multi-Vehicle,152.9758919,-27.5002296,Belgrave Rd,Coonan St,,Indooroopilly,Brisbane City,4068,Indooroopilly,North Brisbane,Brisbane,SEQ North,Metropolitan,Indooroopilly,Sherwood - Indooroopilly,Brisbane - West,Major Cities,Maiwar,Ryan,Locally-controlled,Intersection - Cross,Operating traffic lights,0 - 50 km/h,Sealed - Dry,Clear,Daylight,Straight,Level,404,Veh'S Manoeuvring: Reversing,Hit parked vehicle,W,0,0,1,0,1,2,0,0,0,0,0,0
699,Minor injury,2001,April,Friday,11,Hit object,Single Vehicle,153.3675825,-27.65375268,Folwell St,,,Russell Island,Redland City,4184,Russell Island,South Brisbane,Brisbane,SEQ South,Metropolitan,Redland Islands,Cleveland - Stradbroke,Brisbane - East,Outer Regional,Redlands,Bowman,Locally-controlled,No Roadway Feature,No traffic control,0 - 50 km/h,Unsealed - Dry,Clear,Daylight,Curved - view obscured,Level,803,Off Path-Curve: Off Cway Rt Bend Hit Obj,Off carriageway on curve hit object,S,0,0,0,1,1,1,0,0,0,0,0,0
700,Medical treatment,2001,April,Friday,18,Hit parked vehicle,Single Vehicle,153.1063485,-27.24685334,Mabel St,Oxley Ave,Brighton - Redcliffe Road,Margate,Moreton Bay Region,4019,Redcliffe,Moreton,Southern,SEQ North,North Coast and Wide Bay/Burnett,Margate - Woody Point,Redcliffe,Moreton Bay - North,Major Cities,Redcliffe,Petrie,State-controlled,Intersection - T-Junction,No traffic control,60 km/h,Sealed - Dry,Clear,Darkness - Lighted,Straight,Level,601,Veh'S On Path: Parked,Hit parked vehicle,N,0,0,2,0,2,3,0,0,0,0,0,0
701,Property damage only,2001,April,Friday,6,Angle,Multi-Vehicle,153.059152,-27.39788058,Rode Rd,Sandgate Rd,Sandgate Sub-Arterial Road,Nundah,Brisbane City,4012,Hendra,North Brisbane,Brisbane,SEQ North,Metropolitan,Nundah,Nundah,Brisbane - North,Major Cities,Nudgee,Lilley,State-controlled,Intersection - T-Junction,Operating traffic lights,0 - 50 km/h,Sealed - Dry,Clear,Daylight,Curved - view open,Level,202,Veh'S Opposite Approach: Thru-Right,Opposing vehicles turning,S,0,0,0,0,0,2,0,0,0,0,0,0
702,Medical treatment,2001,April,Friday,18,Overturned,Single Vehicle,153.1121848,-26.69461921,Sunshine Mwy,,Sunshine Motorway (Mooloolaba - Peregian),Mooloolaba,Sunshine Coast Region,4557,Maroochydore,Sunshine Coast,Central,SEQ North,North Coast and Wide Bay/Burnett,Mooloolaba - Alexandra Headland,Maroochy,Sunshine Coast,Major Cities,Maroochydore,Fisher,State-controlled,No Roadway Feature,No traffic control,100 - 110 km/h,Sealed - Dry,Clear,Darkness - Lighted,Straight,Level,702,Off Path-Straight: Right Off Cway,Off carriageway on straight,N,0,0,1,0,1,1,0,0,0,0,0,0
703,Property damage only,2001,April,Friday,16,Rear-end,Multi-Vehicle,153.3633017,-28.07080675,Pacific Hwy,,Pacific Highway (Pacific Motorway),Robina,Gold Coast City,4226,Mudgeeraba,Gold Coast,South Eastern,SEQ South,South Coast,Robina,Robina,Gold Coast,Major Cities,Mudgeeraba,Mcpherson,State-controlled,No Roadway Feature,No traffic control,100 - 110 km/h,Sealed - Dry,Clear,Daylight,Straight,Level,301,Veh'S Same Direction: Rear End,Rear-end,S,0,0,0,0,0,2,0,0,0,0,0,0
704,Minor injury,2001,April,Friday,7,Angle,Multi-Vehicle,152.6936265,-25.53120509,Kent St,Pallas St,,Maryborough,Fraser Coast Region,4650,Maryborough,Wide Bay Burnett,Central,Southern,North Coast and Wide Bay/Burnett,Maryborough (qld),Maryborough,Wide Bay,Inner Regional,Maryborough,Wide Bay,Locally-controlled,Intersection - Cross,No traffic control,60 km/h,Sealed - Dry,Clear,Daylight,Curved - view obscured,Crest,101,Veh'S Adjacent Approach: Thru-Thru,Intersection from adjacent approaches,N,0,0,0,1,1,1,0,1,0,0,0,0
705,Property damage only,2001,April,Saturday,13,Hit parked vehicle,Single Vehicle,153.0144495,-27.46153626,Petrie Tce,,,Petrie Terrace,Brisbane City,4000,Brisbane City,North Brisbane,Brisbane,SEQ North,Metropolitan,Brisbane City,Brisbane Inner,Brisbane Inner City,Major Cities,Mcconnel,Brisbane,Locally-controlled,No Roadway Feature,No traffic control,60 km/h,Sealed - Wet,Raining,Daylight,Straight,Level,601,Veh'S On Path: Parked,Hit parked vehicle,N,0,0,0,0,0,2,0,0,0,0,0,0
706,Property damage only,2001,April,Saturday,2,Hit object,Single Vehicle,152.950347,-27.6049531,Forest Lake Blvd,,,Forest Lake,Brisbane City,4078,Inala,South Brisbane,Brisbane,SEQ South,Metropolitan,Forest Lake - Doolandella,Forest Lake - Oxley,Ipswich,Major Cities,Inala,Oxley,Locally-controlled,No Roadway Feature,No traffic control,70 km/h,Sealed - Wet,Clear,Darkness - Lighted,Straight,Grade,607,Veh'S On Path: Temporary Object On C'Way,Other,N,0,0,0,0,0,1,0,0,0,0,0,0
707,Medical treatment,2001,April,Saturday,10,Rear-end,Multi-Vehicle,153.0188547,-27.2929884,Gympie Arterial Rd,,Gympie Arterial Road,Bald Hills,Brisbane City,4036,Sandgate,North Brisbane,Brisbane,SEQ North,Metropolitan,Bald Hills,Bald Hills - Everton Park,Brisbane - North,Major Cities,Sandgate,Petrie,State-controlled,Bridge/Causeway,No traffic control,80 - 90 km/h,Sealed - Wet,Raining,Daylight,Straight,Level,301,Veh'S Same Direction: Rear End,Rear-end,S,0,0,2,0,2,2,0,0,0,0,0,0
708,Minor injury,2001,April,Saturday,11,Rear-end,Multi-Vehicle,153.0652511,-27.56516287,Fleetwood St,Mains Rd,,Macgregor,Brisbane City,4109,Upper Mount Gravatt,South Brisbane,Brisbane,SEQ South,Metropolitan,Robertson,Nathan,Brisbane - South,Major Cities,Toohey,Moreton,Locally-controlled,Intersection - T-Junction,Operating traffic lights,60 km/h,Sealed - Dry,Clear,Daylight,Straight,Level,301,Veh'S Same Direction: Rear End,Rear-end,N,0,0,0,1,1,2,0,0,0,0,0,0
709,Minor injury,2001,April,Saturday,9,Rear-end,Multi-Vehicle,153.1172259,-27.54734624,Gateway Arterial Rd,,Gateway Motorway (Eight Mile Plains - Nudgee),Rochedale,Brisbane City,4123,Upper Mount Gravatt,South Brisbane,Brisbane,SEQ South,Metropolitan,Wishart,Mt Gravatt,Brisbane - South,Major Cities,Mansfield,Bonner,State-controlled,No Roadway Feature,No traffic control,100 - 110 km/h,Sealed - Wet,Raining,Daylight,Straight,Level,301,Veh'S Same Direction: Rear End,Rear-end,S,0,0,0,1,1,2,0,0,0,0,0,0
710,Property damage only,2001,April,Saturday,9,Hit object,Single Vehicle,153.1173665,-27.54708239,Gateway Arterial Rd,,Gateway Motorway (Eight Mile Plains - Nudgee),Rochedale,Brisbane City,4123,Upper Mount Gravatt,South Brisbane,Brisbane,SEQ South,Metropolitan,Wishart,Mt Gravatt,Brisbane - South,Major Cities,Mansfield,Bonner,State-controlled,No Roadway Feature,No traffic control,100 - 110 km/h,Sealed - Wet,Raining,Daylight,Straight,Grade,607,Veh'S On Path: Temporary Object On C'Way,Other,S,0,0,0,0,0,1,0,0,0,0,0,0
711,Property damage only,2001,April,Saturday,10,Sideswipe,Multi-Vehicle,152.9800459,-27.26416661,Redcliffe Rd,,Redcliffe Road,Petrie,Moreton Bay Region,4503,Petrie,North Brisbane,Brisbane,SEQ North,North Coast and Wide Bay/Burnett,Petrie,Strathpine,Moreton Bay - South,Major Cities,Kurwongbah,Dickson,State-controlled,No Roadway Feature,No traffic control,60 km/h,Sealed - Wet,Raining,Daylight,Curved - view open,Dip,305,Veh'S Same Direction: Lane Side Swipe,Lane changes,N,0,0,0,0,0,2,0,0,0,0,0,0
712,Hospitalisation,2001,April,Saturday,5,Hit object,Single Vehicle,153.0781419,-27.21947641,Redcliffe Rd,,Redcliffe Road,Kippa-ring,Moreton Bay Region,4021,Redcliffe,Moreton,Southern,SEQ North,North Coast and Wide Bay/Burnett,Rothwell - Kippa-ring,Redcliffe,Moreton Bay - North,Major Cities,Murrumba,Petrie,State-controlled,No Roadway Feature,Pedestrian operated lights,70 km/h,Sealed - Wet,Clear,Dawn/Dusk,Straight,Level,703,Off Path-Straight: Left Off Cway Hit Obj,Off carriageway on straight hit object,W,0,1,0,0,1,1,0,0,0,0,0,0
713,Medical treatment,2001,April,Saturday,9,Rear-end,Multi-Vehicle,153.1247078,-27.61573361,Pacific Hwy,Pacific Hwy Ramp Xp,Pacific Highway (Pacific Motorway),Springwood,Logan City,4127,Springwood,Logan,South Eastern,SEQ South,South Coast,Springwood,Springwood - Kingston,Logan - Beaudesert,Major Cities,Springwood,Rankin,State-controlled,Intersection - Interchange,No traffic control,100 - 110 km/h,Sealed - Wet,Clear,Daylight,Straight,Level,301,Veh'S Same Direction: Rear End,Rear-end,S,0,0,1,0,1,2,0,0,0,0,0,0
714,Minor injury,2001,April,Saturday,12,Angle,Multi-Vehicle,153.0930466,-26.69283057,Golf Links Rd,Karawatha Dr,,Mountain Creek,Sunshine Coast Region,4557,Maroochydore,Sunshine Coast,Central,SEQ North,North Coast and Wide Bay/Burnett,Mountain Creek,Buderim,Sunshine Coast,Major Cities,Buderim,Fairfax,Locally-controlled,Intersection - Roundabout,Give way sign,60 km/h,Sealed - Dry,Clear,Daylight,Curved - view open,Level,408,Veh'S Manoeuvring: Entering From Footway,Vehicle leaving driveway,E,0,0,0,1,1,1,0,0,0,1,0,0
715,Medical treatment,2001,April,Saturday,23,Overturned,Single Vehicle,152.6225586,-27.80828434,Cunningham Hwy,,Cunningham Highway (Ipswich - Warwick),Warrill View,Scenic Rim Region,4307,Harrisville,Ipswich,Southern,SEQ South,South Coast,Boonah,Ipswich Hinterland,Ipswich,Inner Regional,Scenic Rim,Wright,State-controlled,No Roadway Feature,No traffic control,100 - 110 km/h,Sealed - Wet,Raining,Darkness - Not lighted,Straight,Level,701,Off Path-Straight: Left Off Cway,Off carriageway on straight,S,0,0,1,0,1,1,0,0,0,0,0,0
716,Minor injury,2001,April,Sunday,2,Overturned,Single Vehicle,153.0585238,-27.53651498,South East Arterial Rd,,South-East Arterial Road (Pacific Motorway),Holland Park West,Brisbane City,4121,Holland Park,South Brisbane,Brisbane,SEQ South,Metropolitan,Holland Park West,Holland Park - Yeronga,Brisbane - South,Major Cities,Greenslopes,Bonner,State-controlled,No Roadway Feature,No traffic control,100 - 110 km/h,Sealed - Wet,Raining,Darkness - Lighted,Straight,Level,702,Off Path-Straight: Right Off Cway,Off carriageway on straight,N,0,0,0,1,1,1,0,0,0,0,0,0
717,Medical treatment,2001,April,Sunday,16,Hit object,Single Vehicle,153.0552559,-27.21401434,Drysdale St,,,Rothwell,Moreton Bay Region,4022,Redcliffe,Moreton,Southern,SEQ North,North Coast and Wide Bay/Burnett,Rothwell - Kippa-ring,Redcliffe,Moreton Bay - North,Major Cities,Murrumba,Petrie,Locally-controlled,No Roadway Feature,No traffic control,0 - 50 km/h,Sealed - Dry,Clear,Daylight,Straight,Level,201,Veh'S Opposite Approach: Head On,Head-on,W,0,0,1,0,1,2,0,0,0,0,0,0
718,Hospitalisation,2001,April,Sunday,18,Angle,Multi-Vehicle,149.1477378,-21.22130028,Bruce Hwy,Gorman St,Bruce Highway (St. Lawrence - Mackay),Bakers Creek,Mackay Region,4740,Mackay,Mackay,Central,Central,Central Queensland,Ooralea - Bakers Creek,Mackay,Mackay - Isaac - Whitsunday,Inner Regional,Mirani,Capricornia,State-controlled,Intersection - T-Junction,No traffic control,80 - 90 km/h,Sealed - Dry,Clear,Darkness - Lighted,Straight,Level,202,Veh'S Opposite Approach: Thru-Right,Opposing vehicles turning,S,0,1,2,0,3,3,0,0,0,0,0,0
719,Hospitalisation,2001,April,Sunday,0,Overturned,Single Vehicle,147.4218912,-19.5540837,Parker Rd,,,Ayr,Burdekin Shire,4807,Ayr,Townsville,Northern,Northern,North Queensland,Ayr,Charters Towers - Ayr - Ingham,Townsville,Outer Regional,Burdekin,Dawson,Locally-controlled,No Roadway Feature,No traffic control,100 - 110 km/h,Sealed - Dry,Clear,Darkness - Not lighted,Curved - view open,Level,802,Off Path-Curve: Off Cway Left Bend,Off carriageway on curve,S,0,1,0,0,1,1,0,0,0,0,0,0
720,Property damage only,2001,April,Monday,9,Angle,Multi-Vehicle,153.038181,-27.49743452,Carl St,O'Keefe St,,Woolloongabba,Brisbane City,4102,Dutton Park,South Brisbane,Brisbane,SEQ South,Metropolitan,Woolloongabba,Holland Park - Yeronga,Brisbane - South,Major Cities,South Brisbane,Griffith,Locally-controlled,Intersection - T-Junction,Stop sign,60 km/h,Sealed - Dry,Clear,Daylight,Straight,Level,104,Veh'S Adjacent Approach: Thru-Right,Intersection from adjacent approaches,W,0,0,0,0,0,2,0,0,0,0,0,0
721,Property damage only,2001,April,Monday,16,Rear-end,Multi-Vehicle,153.0497657,-27.42732594,Butler St,Sandgate Rd,,Clayfield,Brisbane City,4011,Hendra,North Brisbane,Brisbane,SEQ North,Metropolitan,Clayfield,Brisbane Inner - North,Brisbane Inner City,Major Cities,Clayfield,Brisbane,Locally-controlled,Intersection - T-Junction,No traffic control,60 km/h,Sealed - Dry,Clear,Daylight,Curved - view open,Level,303,Veh'S Same Direction: Right Rear,Rear-end,N,0,0,0,0,0,2,0,0,0,0,0,0
722,Minor injury,2001,April,Monday,19,Angle,Multi-Vehicle,152.9767298,-27.39005968,Queens Rd,Timms Rd,,Everton Park,Brisbane City,4053,Ferny Grove,North Brisbane,Brisbane,SEQ North,Metropolitan,Everton Park,Bald Hills - Everton Park,Brisbane - North,Major Cities,Everton,Lilley,Locally-controlled,Intersection - T-Junction,No traffic control,60 km/h,Sealed - Dry,Clear,Darkness - Lighted,Curved - view open,Level,202,Veh'S Opposite Approach: Thru-Right,Opposing vehicles turning,S,0,0,0,1,1,1,0,0,0,1,0,0
723,Medical treatment,2001,April,Monday,13,Sideswipe,Multi-Vehicle,153.1559629,-27.07448882,Welsby Pde,,,Bongaree,Moreton Bay Region,4507,Bribie Island,Moreton,Southern,SEQ North,North Coast and Wide Bay/Burnett,Bribie Island,Bribie - Beachmere,Moreton Bay - North,Inner Regional,Pumicestone,Longman,Locally-controlled,No Roadway Feature,No traffic control,60 km/h,Sealed - Dry,Clear,Daylight,Straight,Level,308,Veh'S Same Direction: Right Turn S/Swipe,Parallel lanes turning,S,0,0,1,0,1,1,0,0,0,1,0,0