Crash_Ref_Number,Crash_Severity,Crash_Year,Crash_Month,Crash_Day_Of_Week,Crash_Hour,Crash_Nature,Crash_Type,Crash_Longitude_GDA94,Crash_Latitude_GDA94,Crash_Street,Crash_Street_Intersecting,State_Road_Name,Loc_Suburb,Loc_Local_Government_Area,Loc_Post_Code,Loc_Police_Division,Loc_Police_District,Loc_Police_Region,Loc_Queensland_Transport_Region,Loc_Main_Roads_Region,Loc_ABS_Statistical_Area_2,Loc_ABS_Statistical_Area_3,Loc_ABS_Statistical_Area_4,Loc_ABS_Remoteness,Loc_State_Electorate,Loc_Federal_Electorate,Crash_Controlling_Authority,Crash_Roadway_Feature,Crash_Traffic_Control,Crash_Speed_Limit,Crash_Road_Surface_Condition,Crash_Atmospheric_Condition,Crash_Lighting_Condition,Crash_Road_Horiz_Align,Crash_Road_Vert_Align,Crash_DCA_Code,Crash_DCA_Description,Crash_DCA_Group_Description,DCA_Key_Approach_Dir,Count_Casualty_Fatality,Count_Casualty_Hospitalised,Count_Casualty_MedicallyTreated,Count_Casualty_MinorInjury,Count_Casualty_Total,Count_Unit_Car,Count_Unit_Motorcycle_Moped,Count_Unit_Truck,Count_Unit_Bus,Count_Unit_Bicycle,Count_Unit_Pedestrian,Count_Unit_Other
772,Hospitalisation,2001,May,Tuesday,14,Angle,Multi-Vehicle,153.4447704,-28.074585,Gold Coast Hwy,Kratzmann Ave,Gold Coast Highway (Broadbeach - Coolangatta),Miami,Gold Coast City,4220,Broadbeach,Gold Coast,South Eastern,SEQ South,South Coast,Miami,Broadbeach - Burleigh,Gold Coast,Major Cities,Mermaid Beach,Moncrieff,State-controlled,Intersection - Cross,Operating traffic lights,70 km/h,Sealed - Dry,Clear,Daylight,Straight,Level,207,Veh'S Opposite Approach: U-Turn,U-turn,N,0,1,0,0,1,2,0,0,0,0,0,0
773,Property damage only,2001,May,Wednesday,15,Angle,Multi-Vehicle,153.1707818,-27.4421305,Berrima St,,,Wynnum,Brisbane City,4178,Wynnum,South Brisbane,Brisbane,SEQ South,Metropolitan,Wynnum,Wynnum - Manly,Brisbane - East,Major Cities,Lytton,Bonner,Locally-controlled,No Roadway Feature,No traffic control,0 - 50 km/h,Sealed - Dry,Clear,Daylight,Straight,Grade,202,Veh'S Opposite Approach: Thru-Right,Opposing vehicles turning,,0,0,0,0,0,2,0,0,0,0,0,0
774,Property damage only,2001,May,Wednesday,6,Angle,Multi-Vehicle,153.1440134,-27.46723836,Bognor St,Torquay Cr,,Tingalpa,Brisbane City,4173,Wynnum,South Brisbane,Brisbane,SEQ South,Metropolitan,Tingalpa,Wynnum - Manly,Brisbane - East,Major Cities,Lytton,Bonner,Locally-controlled,Intersection - Roundabout,Give way sign,0 - 50 km/h,Sealed - Dry,Clear,Daylight,Straight,Level,104,Veh'S Adjacent Approach: Thru-Right,Intersection from adjacent approaches,W,0,0,0,0,0,2,0,0,0,0,0,0
775,Property damage only,2001,May,Wednesday,16,Rear-end,Multi-Vehicle,153.0115738,-26.67226398,Maroochydore Rd,,Maroochydore Road,Forest Glen,Sunshine Coast Region,4556,Maroochydore,Sunshine Coast,Central,SEQ North,North Coast and Wide Bay/Burnett,Diddillibah - Rosemount,Nambour,Sunshine Coast,Major Cities,Ninderry,Fairfax,State-controlled,No Roadway Feature,No traffic control,80 - 90 km/h,Sealed - Wet,Clear,Daylight,Straight,Level,301,Veh'S Same Direction: Rear End,Rear-end,W,0,0,0,0,0,3,0,0,0,0,0,0
776,Medical treatment,2001,May,Wednesday,7,Fall from vehicle,Single Vehicle,152.6456009,-26.19986291,Gympie - Woolooga Rd,,Gympie - Woolooga Road,Southside,Gympie Region,4570,Gympie,Wide Bay Burnett,Central,Southern,North Coast and Wide Bay/Burnett,Gympie - South,Gympie - Cooloola,Wide Bay,Inner Regional,Gympie,Wide Bay,State-controlled,No Roadway Feature,No traffic control,60 km/h,Sealed - Dry,Clear,Daylight,Straight,Level,901,Pass & Misc: Fell In/From Vehicle,Other,N,0,0,1,0,1,0,0,0,0,1,0,0
777,Medical treatment,2001,May,Thursday,10,Rear-end,Multi-Vehicle,152.9459001,-27.02922112,Beerburrum Rd,,Beerburrum Road,Elimbah,Moreton Bay Region,4516,Caboolture,Moreton,Southern,SEQ North,North Coast and Wide Bay/Burnett,Elimbah,Caboolture,Moreton Bay - North,Major Cities,Glass House,Longman,State-controlled,No Roadway Feature,No traffic control,100 - 110 km/h,Sealed - Dry,Clear,Daylight,Straight,Level,505,Veh'S Overtaking: Pulling Out Rear End,Overtaking same direction,S,0,0,1,0,1,1,0,1,0,0,0,0
778,Hospitalisation,2001,May,Thursday,8,Rear-end,Multi-Vehicle,153.0361552,-27.69442938,Mt Lindesay Hwy,,Mount Lindesay Highway (Brisbane-Beaudesert),Park Ridge,Logan City,4125,Browns Plains,Logan,South Eastern,SEQ South,South Coast,Boronia Heights - Park Ridge,Browns Plains,Logan - Beaudesert,Major Cities,Logan,Forde,State-controlled,No Roadway Feature,No traffic control,70 km/h,Sealed - Dry,Clear,Daylight,Straight,Level,301,Veh'S Same Direction: Rear End,Rear-end,N,0,2,0,0,2,4,0,0,0,0,0,0
779,Property damage only,2001,May,Thursday,16,Rear-end,Multi-Vehicle,152.7473647,-27.62490243,Old Toowoomba Rd,,,One Mile,Ipswich City,4305,Ipswich,Ipswich,Southern,SEQ South,Metropolitan,Leichhardt - One Mile,Ipswich Inner,Ipswich,Major Cities,Ipswich West,Blair,Locally-controlled,Bridge/Causeway,No traffic control,60 km/h,Sealed - Dry,Clear,Daylight,Curved - view open,Level,301,Veh'S Same Direction: Rear End,Rear-end,E,0,0,0,0,0,2,0,2,0,0,0,0
780,Medical treatment,2001,May,Thursday,7,Angle,Multi-Vehicle,153.0060027,-27.43473572,Enoggera Rd,Wickham St,,Newmarket,Brisbane City,4051,Stafford,North Brisbane,Brisbane,SEQ North,Metropolitan,Newmarket,Brisbane Inner - North,Brisbane Inner City,Major Cities,Stafford,Brisbane,Locally-controlled,Intersection - T-Junction,No traffic control,60 km/h,Sealed - Dry,Clear,Daylight,Straight,Level,202,Veh'S Opposite Approach: Thru-Right,Opposing vehicles turning,N,0,0,1,0,1,1,0,0,0,1,0,0
781,Hospitalisation,2001,May,Thursday,14,Hit pedestrian,Hit pedestrian,153.4110495,-27.9725097,Southport - Nerang Rd,,Southport - Nerang Road,Southport,Gold Coast City,4215,Southport,Gold Coast,South Eastern,SEQ South,South Coast,Southport - North,Southport,Gold Coast,Major Cities,Southport,Moncrieff,State-controlled,No Roadway Feature,No traffic control,60 km/h,Sealed - Dry,Clear,Daylight,Straight,Dip,1,Ped'N: Near Side Vehicle Hit From Right,Pedestrian,S,0,1,0,0,1,1,0,0,0,0,1,0
782,Property damage only,2001,May,Thursday,18,Hit animal,Other,148.6721309,-20.29680081,Proserpine - Shute Harbour Rd,,Proserpine - Shute Harbour Road,Cannonvale,Whitsunday Region,4800,Whitsunday,Mackay,Central,Central,Central Queensland,Airlie - Whitsundays,Whitsunday,Mackay - Isaac - Whitsunday,Outer Regional,Whitsunday,Dawson,State-controlled,No Roadway Feature,No traffic control,100 - 110 km/h,Sealed - Dry,Clear,Dawn/Dusk,Straight,Level,609,Pass & Misc: Hit Animal,Hit animal,W,0,0,0,0,0,1,0,0,0,0,0,1
783,Minor injury,2001,May,Friday,23,Head-on,Multi-Vehicle,153.0041748,-27.49805078,Carmody Rd,,,St Lucia,Brisbane City,4067,Indooroopilly,North Brisbane,Brisbane,SEQ North,Metropolitan,St Lucia,Sherwood - Indooroopilly,Brisbane - West,Major Cities,Maiwar,Ryan,Locally-controlled,No Roadway Feature,No traffic control,0 - 50 km/h,Sealed - Dry,Clear,Darkness - Lighted,Curved - view open,Crest,201,Veh'S Opposite Approach: Head On,Head-on,E,0,0,0,1,1,2,0,0,0,0,0,0
784,Property damage only,2001,May,Friday,18,Angle,Multi-Vehicle,152.977188,-27.50213399,Clarence Rd,Westminster Rd,,Indooroopilly,Brisbane City,4068,Indooroopilly,North Brisbane,Brisbane,SEQ North,Metropolitan,Indooroopilly,Sherwood - Indooroopilly,Brisbane - West,Major Cities,Maiwar,Ryan,Locally-controlled,Intersection - T-Junction,Operating traffic lights,60 km/h,Sealed - Dry,Clear,Darkness - Lighted,Straight,Level,104,Veh'S Adjacent Approach: Thru-Right,Intersection from adjacent approaches,N,0,0,0,0,0,2,0,0,0,0,0,0
785,Medical treatment,2001,May,Friday,13,Rear-end,Multi-Vehicle,153.0356998,-27.47602302,Main St,River Tce,,Kangaroo Point,Brisbane City,4169,Dutton Park,South Brisbane,Brisbane,SEQ South,Metropolitan,Kangaroo Point,Brisbane Inner,Brisbane Inner City,Major Cities,South Brisbane,Griffith,Locally-controlled,Intersection - T-Junction,Operating traffic lights,60 km/h,Sealed - Dry,Clear,Daylight,Straight,Level,301,Veh'S Same Direction: Rear End,Rear-end,S,0,0,1,0,1,1,0,1,0,0,0,0
786,Property damage only,2001,May,Friday,1,Hit object,Single Vehicle,152.8739981,-27.63306793,Kruger Pde,Redbank Plains Rd,,Bellbird Park,Ipswich City,4300,Goodna,Ipswich,Southern,SEQ South,Metropolitan,Bellbird Park - Brookwater,Springfield - Redbank,Ipswich,Major Cities,Bundamba,Oxley,Locally-controlled,Intersection - Roundabout,Give way sign,60 km/h,Sealed - Dry,Clear,Darkness - Lighted,Straight,Level,708,Off Path-Straight: Mounts Traffic Island,Off carriageway on straight hit object,E,0,0,0,0,0,1,0,0,0,0,0,0
787,Minor injury,2001,May,Friday,17,Rear-end,Multi-Vehicle,153.0676593,-26.64114107,Sunshine Mwy,,Sunshine Motorway (Mooloolaba - Peregian),Bli Bli,Sunshine Coast Region,4564,Maroochydore,Sunshine Coast,Central,SEQ North,North Coast and Wide Bay/Burnett,Marcoola - Mudjimba,Maroochy,Sunshine Coast,Major Cities,Ninderry,Fairfax,State-controlled,Bridge/Causeway,No traffic control,100 - 110 km/h,Sealed - Dry,Clear,Dawn/Dusk,Straight,Crest,301,Veh'S Same Direction: Rear End,Rear-end,N,0,0,0,1,1,2,0,1,0,0,0,0
788,Property damage only,2001,May,Friday,15,Rear-end,Multi-Vehicle,153.0508875,-26.40216716,Eumundi - Noosa Rd,,,Noosaville,Noosa Shire,4566,Noosa Heads,Sunshine Coast,Central,SEQ North,North Coast and Wide Bay/Burnett,Noosaville,Noosa,Sunshine Coast,Major Cities,Noosa,Wide Bay,Locally-controlled,No Roadway Feature,No traffic control,60 km/h,Sealed - Dry,Clear,Daylight,Straight,Level,301,Veh'S Same Direction: Rear End,Rear-end,E,0,0,0,0,0,3,0,0,0,0,0,0
789,Property damage only,2001,May,Friday,18,Sideswipe,Multi-Vehicle,152.4648445,-25.30996773,Bruce Hwy,,Bruce Highway (Maryborough - Gin Gin),Cherwell,Fraser Coast Region,4660,Howard,Wide Bay Burnett,Central,Southern,North Coast and Wide Bay/Burnett,Burrum - Fraser,Maryborough,Wide Bay,Inner Regional,Maryborough,Hinkler,State-controlled,No Roadway Feature,No traffic control,100 - 110 km/h,Sealed - Dry,Clear,Darkness - Not lighted,Straight,Level,500,Veh'S Overtaking: Other,Other,N,0,0,0,0,0,1,0,1,0,0,0,0
790,Property damage only,2001,May,Friday,18,Rear-end,Multi-Vehicle,151.9833334,-27.92300083,Gatton - Clifton Rd,New England Hwy,New England Highway (Toowoomba-Warwick),Clifton,Toowoomba Region,4361,Clifton,Darling Downs,Southern,Southern,Downs South West,Clifton - Greenmount,Granite Belt,Darling Downs - Maranoa,Inner Regional,Condamine,Maranoa,State-controlled,Intersection - T-Junction,No traffic control,100 - 110 km/h,Sealed - Dry,Clear,Darkness - Not lighted,Straight,Level,303,Veh'S Same Direction: Right Rear,Rear-end,N,0,0,0,0,0,2,0,0,0,0,0,0
791,Minor injury,2001,May,Friday,12,Rear-end,Multi-Vehicle,151.2663636,-23.85157443,Toolooa St,,,South Gladstone,Gladstone Region,4680,Gladstone,Capricornia,Central,Central,Central Queensland,Gladstone,Gladstone,Central Queensland,Inner Regional,Gladstone,Flynn,Locally-controlled,No Roadway Feature,No traffic control,60 km/h,Sealed - Dry,Clear,Daylight,Straight,Level,301,Veh'S Same Direction: Rear End,Rear-end,S,0,0,0,1,1,3,0,0,0,0,0,0
792,Minor injury,2001,May,Saturday,17,Angle,Multi-Vehicle,153.0466428,-27.49868378,Laura St,Old Cleveland Rd,,Stones Corner,Brisbane City,4120,Coorparoo,South Brisbane,Brisbane,SEQ South,Metropolitan,Greenslopes,Holland Park - Yeronga,Brisbane - South,Major Cities,Greenslopes,Griffith,Locally-controlled,Intersection - Cross,Operating traffic lights,60 km/h,Sealed - Dry,Clear,Daylight,Straight,Level,202,Veh'S Opposite Approach: Thru-Right,Opposing vehicles turning,W,0,0,0,1,1,2,0,0,0,0,0,0
793,Property damage only,2001,May,Saturday,10,Rear-end,Multi-Vehicle,153.1730869,-27.44886484,Andrew St,Pine St,,Wynnum,Brisbane City,4178,Wynnum,South Brisbane,Brisbane,SEQ South,Metropolitan,Wynnum,Wynnum - Manly,Brisbane - East,Major Cities,Lytton,Bonner,Locally-controlled,Intersection - Cross,No traffic control,60 km/h,Sealed - Dry,Clear,Daylight,Straight,Level,303,Veh'S Same Direction: Right Rear,Rear-end,W,0,0,0,0,0,2,0,0,0,0,0,0
794,Medical treatment,2001,May,Saturday,19,Angle,Multi-Vehicle,153.1224563,-27.68623622,Brisbane - Beenleigh Rd,Muchow Rd,Brisbane - Beenleigh Road,Waterford West,Logan City,4133,Logan Central,Logan,South Eastern,SEQ South,South Coast,Waterford West,Loganlea - Carbrook,Logan - Beaudesert,Major Cities,Waterford,Forde,State-controlled,Intersection - T-Junction,Operating traffic lights,70 km/h,Sealed - Dry,Clear,Darkness - Lighted,Straight,Level,104,Veh'S Adjacent Approach: Thru-Right,Intersection from adjacent approaches,N,0,0,5,0,5,2,0,0,0,0,0,0
795,Property damage only,2001,May,Saturday,15,Hit object,Single Vehicle,152.7713941,-27.57951494,Warrego Hwy,,Warrego Highway (Ipswich - Toowoomba),Tivoli,Ipswich City,4305,Karana Downs,Ipswich,Southern,SEQ South,Metropolitan,North Ipswich - Tivoli,Ipswich Inner,Ipswich,Major Cities,Ipswich West,Blair,State-controlled,No Roadway Feature,No traffic control,100 - 110 km/h,Sealed - Dry,Clear,Daylight,Straight,Level,703,Off Path-Straight: Left Off Cway Hit Obj,Off carriageway on straight hit object,E,0,0,0,0,0,1,0,0,0,0,0,0
796,Property damage only,2001,May,Saturday,18,Hit object,Single Vehicle,152.839735,-27.59375354,Warrego Hwy,,Warrego Highway (Ipswich - Toowoomba),Riverview,Ipswich City,4303,Goodna,Ipswich,Southern,SEQ South,Metropolitan,Riverview,Ipswich Inner,Ipswich,Major Cities,Bundamba,Blair,State-controlled,No Roadway Feature,No traffic control,80 - 90 km/h,Sealed - Dry,Clear,Darkness - Lighted,Curved - view open,Level,803,Off Path-Curve: Off Cway Rt Bend Hit Obj,Off carriageway on curve hit object,W,0,0,0,0,0,1,0,0,0,0,0,0
797,Property damage only,2001,May,Saturday,3,Hit object,Single Vehicle,150.4848434,-24.37770677,Paynes Rd,,,Dakenba,Banana Shire,4715,Biloela,Capricornia,Central,Central,Central Queensland,Banana,Biloela,Central Queensland,Outer Regional,Callide,Flynn,Locally-controlled,No Roadway Feature,No traffic control,100 - 110 km/h,Sealed - Dry,Fog,Darkness - Lighted,Curved - view open,Level,808,Off Path-Curve: Mounts Traffic Island,Off carriageway on curve hit object,W,0,0,0,0,0,1,0,0,0,0,0,0
798,Minor injury,2001,May,Saturday,5,Angle,Multi-Vehicle,150.5078111,-23.38169755,Campbell St,Denham St,,Rockhampton City,Rockhampton Region,4700,Rockhampton,Capricornia,Central,Central,Central Queensland,Rockhampton City,Rockhampton,Central Queensland,Inner Regional,Rockhampton,Capricornia,Locally-controlled,Intersection - Cross,Give way sign,60 km/h,Sealed - Dry,Clear,Dawn/Dusk,Straight,Level,101,Veh'S Adjacent Approach: Thru-Thru,Intersection from adjacent approaches,E,0,0,0,1,1,2,0,0,0,0,0,0
799,Property damage only,2001,May,Saturday,12,Rear-end,Multi-Vehicle,147.3958,-19.59484396,Bruce Hwy,Mirrigan Rd,Bruce Highway (Bowen - Ayr),Ayr,Burdekin Shire,4807,Ayr,Townsville,Northern,Northern,North Queensland,Ayr,Charters Towers - Ayr - Ingham,Townsville,Outer Regional,Burdekin,Dawson,State-controlled,Intersection - T-Junction,No traffic control,70 km/h,Sealed - Dry,Clear,Daylight,Straight,Level,303,Veh'S Same Direction: Right Rear,Rear-end,S,0,0,0,0,0,2,0,1,0,0,0,0
800,Property damage only,2001,May,Sunday,10,Angle,Multi-Vehicle,153.0988145,-27.46992516,Wynnum Rd,,,Cannon Hill,Brisbane City,4170,Morningside,South Brisbane,Brisbane,SEQ South,Metropolitan,Murarrie,Wynnum - Manly,Brisbane - East,Major Cities,Bulimba,Bonner,Locally-controlled,No Roadway Feature,No traffic control,70 km/h,Sealed - Dry,Clear,Daylight,Straight,Level,406,Veh'S Manoeuvring: Leaving Driveway,Vehicle leaving driveway,W,0,0,0,0,0,2,0,0,0,0,0,0
801,Minor injury,2001,May,Sunday,8,Angle,Multi-Vehicle,153.0426672,-27.48548854,Elfin St,Vulture St,,East Brisbane,Brisbane City,4169,Dutton Park,South Brisbane,Brisbane,SEQ South,Metropolitan,East Brisbane,Brisbane Inner - East,Brisbane Inner City,Major Cities,South Brisbane,Griffith,Locally-controlled,Intersection - Cross,Operating traffic lights,60 km/h,Sealed - Dry,Clear,Daylight,Straight,Grade,101,Veh'S Adjacent Approach: Thru-Thru,Intersection from adjacent approaches,E,0,0,0,1,1,2,0,0,0,0,0,0
802,Property damage only,2001,May,Sunday,4,Hit object,Single Vehicle,152.7619604,-27.60867247,Ipswich - Warrego Hwy Connection Rd,Pine St,Ipswich - Warrego Hwy Connection Road,North Ipswich,Ipswich City,4305,Ipswich,Ipswich,Southern,SEQ South,Metropolitan,North Ipswich - Tivoli,Ipswich Inner,Ipswich,Major Cities,Ipswich West,Blair,State-controlled,Intersection - Roundabout,Give way sign,60 km/h,Sealed - Wet,Raining,Darkness - Lighted,Straight,Level,708,Off Path-Straight: Mounts Traffic Island,Off carriageway on straight hit object,E,0,0,0,0,0,1,0,0,0,0,0,0
803,Property damage only,2001,May,Sunday,20,Hit object,Single Vehicle,153.0930619,-26.49196628,Maroochydore - Noosa Rd,,Maroochydore - Noosa Road,Peregian Beach,Noosa Shire,4573,Coolum,Sunshine Coast,Central,SEQ North,North Coast and Wide Bay/Burnett,Peregian Beach - Marcus Beach,Noosa,Sunshine Coast,Major Cities,Noosa,Wide Bay,State-controlled,No Roadway Feature,No traffic control,80 - 90 km/h,Sealed - Dry,Clear,Darkness - Lighted,Curved - view open,Level,808,Off Path-Curve: Mounts Traffic Island,Off carriageway on curve hit object,N,0,0,0,0,0,1,0,0,0,0,0,0
804,Hospitalisation,2001,May,Sunday,23,Overturned,Single Vehicle,148.2070791,-28.63344594,Castlereagh Hwy,,Castlereagh Highway (Noondoo - Hebel),Dirranbandi,Balonne Shire,4486,Dirranbandi,South West,Southern,Southern,Downs South West,Balonne,Darling Downs (west) - Maranoa,Darling Downs - Maranoa,Very Remote,Warrego,Maranoa,State-controlled,No Roadway Feature,No traffic control,100 - 110 km/h,Sealed - Dry,Clear,Darkness - Not lighted,Straight,Level,702,Off Path-Straight: Right Off Cway,Off carriageway on straight,S,0,1,0,0,1,1,0,0,0,0,0,0
805,Property damage only,2001,May,Monday,11,Rear-end,Multi-Vehicle,153.0325051,-27.51012884,Annerley Rd,Ipswich Rd,,Annerley,Brisbane City,4103,Annerley,South Brisbane,Brisbane,SEQ South,Metropolitan,Annerley,Holland Park - Yeronga,Brisbane - South,Major Cities,Miller,Moreton,Locally-controlled,Intersection - T-Junction,Operating traffic lights,60 km/h,Sealed - Dry,Clear,Daylight,Straight,Level,301,Veh'S Same Direction: Rear End,Rear-end,N,0,0,0,0,0,2,0,0,0,0,0,0
806,Property damage only,2001,May,Monday,7,Sideswipe,Multi-Vehicle,0,0,Cooroy Mountain Rd,,,Unknown,Unknown,Unknown,Unknown,Unknown,Unknown,Unknown,Unknown,Unknown,Unknown,Unknown,Unknown,Unknown,Unknown,Locally-controlled,Bridge/Causeway,Give way sign,80 - 90 km/h,Sealed - Dry,Clear,Daylight,Curved - view open,Level,201,Veh'S Opposite Approach: Head On,Head-on,E,0,0,0,0,0,1,0,0,0,0,0,1
807,Medical treatment,2001,May,Monday,15,Rear-end,Multi-Vehicle,153.1172337,-26.68481856,Brisbane Rd,,,Mooloolaba,Sunshine Coast Region,4557,Maroochydore,Sunshine Coast,Central,SEQ North,North Coast and Wide Bay/Burnett,Mooloolaba - Alexandra Headland,Maroochy,Sunshine Coast,Major Cities,Maroochydore,Fisher,Locally-controlled,No Roadway Feature,No traffic control,60 km/h,Sealed - Dry,Clear,Daylight,Straight,Level,301,Veh'S Same Direction: Rear End,Rear-end,S,0,0,1,0,1,3,0,0,0,0,0,0
808,Property damage only,2001,May,Monday,17,Hit object,Single Vehicle,153.1025804,-26.67408011,Mooloolaba Rd,,Mooloolaba Road,Alexandra Headland,Sunshine Coast Region,4572,Maroochydore,Sunshine Coast,Central,SEQ North,North Coast and Wide Bay/Burnett,Mooloolaba - Alexandra Headland,Maroochy,Sunshine Coast,Major Cities,Maroochydore,Fisher,State-controlled,No Roadway Feature,No traffic control,60 km/h,Sealed - Dry,Clear,Dawn/Dusk,Straight,Crest,703,Off Path-Straight: Left Off Cway Hit Obj,Off carriageway on straight hit object,E,0,0,0,0,0,1,0,0,0,0,0,0
809,Medical treatment,2001,May,Monday,14,Angle,Multi-Vehicle,153.4125348,-27.99081956,Cotlew St E,Southport - Burleigh Rd,Southport - Burleigh Road,Southport,Gold Coast City,4215,Southport,Gold Coast,South Eastern,SEQ South,South Coast,Southport - South,Southport,Gold Coast,Major Cities,Southport,Moncrieff,State-controlled,Intersection - Cross,Operating traffic lights,60 km/h,Sealed - Wet,Raining,Daylight,Curved - view open,Level,202,Veh'S Opposite Approach: Thru-Right,Opposing vehicles turning,S,0,0,1,0,1,1,1,0,0,0,0,0
810,Hospitalisation,2001,May,Monday,17,Fall from vehicle,Single Vehicle,151.9916282,-26.6839743,D'Aguilar Hwy,,D'Aguilar Highway (Yarraman - Kingaroy),Nanango,South Burnett Region,4615,Nanango,South West,Southern,Southern,North Coast and Wide Bay/Burnett,Nanango,Burnett,Wide Bay,Inner Regional,Nanango,Maranoa,State-controlled,No Roadway Feature,No traffic control,100 - 110 km/h,Sealed - Dry,Clear,Daylight,Straight,Grade,705,Off Path-Straight:Out Of Control On Cway,Out of control on straight,W,0,1,0,0,1,0,1,0,0,0,0,0
811,Property damage only,2001,May,Monday,15,Angle,Multi-Vehicle,150.3079803,-28.54577362,Callandoon St,Mclean St,,Goondiwindi,Goondiwindi Region,4390,Goondiwindi,Darling Downs,Southern,Southern,Downs South West,Goondiwindi,Darling Downs (west) - Maranoa,Darling Downs - Maranoa,Outer Regional,Southern Downs,Maranoa,Locally-controlled,Intersection - Cross,Give way sign,60 km/h,Sealed - Dry,Clear,Daylight,Straight,Dip,101,Veh'S Adjacent Approach: Thru-Thru,Intersection from adjacent approaches,E,0,0,0,0,0,3,0,0,0,0,0,0
812,Property damage only,2001,May,Tuesday,6,Angle,Multi-Vehicle,153.0367928,-27.57739537,Peterkin St,,,Acacia Ridge,Brisbane City,4110,Acacia Ridge,South Brisbane,Brisbane,SEQ South,Metropolitan,Rocklea - Acacia Ridge,Rocklea - Acacia Ridge,Brisbane - South,Major Cities,Stretton,Moreton,Locally-controlled,No Roadway Feature,No traffic control,60 km/h,Sealed - Dry,Clear,Daylight,Straight,Level,308,Veh'S Same Direction: Right Turn S/Swipe,Parallel lanes turning,N,0,0,0,0,0,1,0,1,0,0,0,0
813,Medical treatment,2001,May,Tuesday,14,Rear-end,Multi-Vehicle,153.0265576,-27.45815946,Rogers St,Water St,,Spring Hill,Brisbane City,4000,Brisbane City,North Brisbane,Brisbane,SEQ North,Metropolitan,Spring Hill,Brisbane Inner,Brisbane Inner City,Major Cities,Mcconnel,Brisbane,Locally-controlled,Intersection - Cross,No traffic control,0 - 50 km/h,Sealed - Dry,Clear,Daylight,Straight,Level,303,Veh'S Same Direction: Right Rear,Rear-end,S,0,0,1,0,1,2,0,0,0,0,0,0
814,Minor injury,2001,May,Tuesday,11,Rear-end,Multi-Vehicle,152.9765344,-27.15375282,Burpengary Service Rd,Station Rd,Burpengary Service Road (Lhs Bruce Highw,Burpengary,Moreton Bay Region,4505,Burpengary,Moreton,Southern,SEQ North,North Coast and Wide Bay/Burnett,Burpengary,Narangba - Burpengary,Moreton Bay - North,Major Cities,Kurwongbah,Longman,State-controlled,Intersection - Roundabout,Give way sign,60 km/h,Sealed - Dry,Clear,Daylight,Straight,Level,301,Veh'S Same Direction: Rear End,Rear-end,N,0,0,0,1,1,2,0,0,0,0,0,0
815,Property damage only,2001,May,Tuesday,14,Rear-end,Multi-Vehicle,152.7606738,-27.61915322,Ipswich - Cunningham Hwy Connection Rd,,Ipswich - Cunningham Hwy Connection Road,Ipswich,Ipswich City,4305,Ipswich,Ipswich,Southern,SEQ South,Metropolitan,Ipswich - Central,Ipswich Inner,Ipswich,Major Cities,Ipswich,Blair,State-controlled,No Roadway Feature,No traffic control,60 km/h,Sealed - Dry,Clear,Daylight,Straight,Grade,301,Veh'S Same Direction: Rear End,Rear-end,W,0,0,0,0,0,2,0,0,0,0,0,0
816,Property damage only,2001,May,Tuesday,8,Hit object,Single Vehicle,153.0330965,-26.83266517,Bruce Hwy,,Bruce Highway (Brisbane - Gympie),Bells Creek,Sunshine Coast Region,4551,Beerwah,Sunshine Coast,Central,SEQ North,North Coast and Wide Bay/Burnett,Landsborough,Sunshine Coast Hinterland,Sunshine Coast,Inner Regional,Caloundra,Fisher,State-controlled,No Roadway Feature,No traffic control,100 - 110 km/h,Sealed - Dry,Clear,Daylight,Straight,Level,607,Veh'S On Path: Temporary Object On C'Way,Other,N,0,0,0,0,0,1,0,0,0,0,0,0
817,Property damage only,2001,May,Wednesday,15,Angle,Multi-Vehicle,153.0244402,-27.46081711,Boundary St,Water St,,Spring Hill,Brisbane City,4000,Brisbane City,North Brisbane,Brisbane,SEQ North,Metropolitan,Spring Hill,Brisbane Inner,Brisbane Inner City,Major Cities,Mcconnel,Brisbane,Locally-controlled,Intersection - Cross,Operating traffic lights,60 km/h,Sealed - Dry,Clear,Daylight,Straight,Grade,202,Veh'S Opposite Approach: Thru-Right,Opposing vehicles turning,W,0,0,0,0,0,1,0,0,1,0,0,0
818,Medical treatment,2001,May,Wednesday,16,Overturned,Single Vehicle,153.0318664,-27.30967185,Gateway Arterial Rd,,Gateway Arterial Road (Gateway Motorway - North),Bald Hills,Brisbane City,4036,Sandgate,North Brisbane,Brisbane,SEQ North,Metropolitan,Bracken Ridge,Sandgate,Brisbane - North,Major Cities,Sandgate,Petrie,State-controlled,No Roadway Feature,No traffic control,100 - 110 km/h,Sealed - Dry,Clear,Daylight,Straight,Level,705,Off Path-Straight:Out Of Control On Cway,Out of control on straight,N,0,0,1,0,1,0,0,1,0,0,0,0
819,Minor injury,2001,May,Wednesday,12,Angle,Multi-Vehicle,153.0158558,-27.35526102,Graham Rd,Gympie Rd,Gympie Arterial Road,Carseldine,Brisbane City,4034,Carseldine,North Brisbane,Brisbane,SEQ North,Metropolitan,Carseldine,Bald Hills - Everton Park,Brisbane - North,Major Cities,Aspley,Petrie,State-controlled,Intersection - T-Junction,Operating traffic lights,70 km/h,Sealed - Dry,Clear,Daylight,Straight,Level,202,Veh'S Opposite Approach: Thru-Right,Opposing vehicles turning,S,0,0,0,1,1,2,0,0,0,0,0,0
820,Property damage only,2001,May,Wednesday,8,Rear-end,Multi-Vehicle,152.6842655,-27.99324802,Ipswich - Boonah Rd,,Ipswich - Boonah Road,Boonah,Scenic Rim Region,4310,Boonah,Ipswich,Southern,SEQ South,South Coast,Boonah,Ipswich Hinterland,Ipswich,Inner Regional,Scenic Rim,Wright,State-controlled,No Roadway Feature,Road/Rail worker,0 - 50 km/h,Sealed - Dry,Clear,Daylight,Straight,Level,301,Veh'S Same Direction: Rear End,Rear-end,E,0,0,0,0,0,1,0,1,0,0,0,0