Crash_Ref_Number,Crash_Severity,Crash_Year,Crash_Month,Crash_Day_Of_Week,Crash_Hour,Crash_Nature,Crash_Type,Crash_Longitude_GDA94,Crash_Latitude_GDA94,Crash_Street,Crash_Street_Intersecting,State_Road_Name,Loc_Suburb,Loc_Local_Government_Area,Loc_Post_Code,Loc_Police_Division,Loc_Police_District,Loc_Police_Region,Loc_Queensland_Transport_Region,Loc_Main_Roads_Region,Loc_ABS_Statistical_Area_2,Loc_ABS_Statistical_Area_3,Loc_ABS_Statistical_Area_4,Loc_ABS_Remoteness,Loc_State_Electorate,Loc_Federal_Electorate,Crash_Controlling_Authority,Crash_Roadway_Feature,Crash_Traffic_Control,Crash_Speed_Limit,Crash_Road_Surface_Condition,Crash_Atmospheric_Condition,Crash_Lighting_Condition,Crash_Road_Horiz_Align,Crash_Road_Vert_Align,Crash_DCA_Code,Crash_DCA_Description,Crash_DCA_Group_Description,DCA_Key_Approach_Dir,Count_Casualty_Fatality,Count_Casualty_Hospitalised,Count_Casualty_MedicallyTreated,Count_Casualty_MinorInjury,Count_Casualty_Total,Count_Unit_Car,Count_Unit_Motorcycle_Moped,Count_Unit_Truck,Count_Unit_Bus,Count_Unit_Bicycle,Count_Unit_Pedestrian,Count_Unit_Other
821,Property damage only,2001,May,Wednesday,16,Angle,Multi-Vehicle,152.3467394,-24.88882591,Maynard St,Miller St,,Norville,Bundaberg Region,4670,Bundaberg,Wide Bay Burnett,Central,Southern,North Coast and Wide Bay/Burnett,Svensson Heights - Norville,Bundaberg,Wide Bay,Inner Regional,Bundaberg,Hinkler,Locally-controlled,Intersection - T-Junction,No traffic control,60 km/h,Sealed - Dry,Clear,Daylight,Straight,Level,106,Veh'S Adjacent Approach: Left-Right,Intersection from adjacent approaches,W,0,0,0,0,0,2,0,0,0,0,0,0
822,Medical treatment,2001,May,Wednesday,7,Overturned,Single Vehicle,150.0424079,-24.98612786,Leichhardt Hwy,,Leichhardt Highway (Westwood - Taroom),Isla,Banana Shire,4719,Theodore,Capricornia,Central,Central,Central Queensland,Banana,Biloela,Central Queensland,Remote,Callide,Flynn,State-controlled,No Roadway Feature,No traffic control,100 - 110 km/h,Sealed - Dry,Clear,Daylight,Curved - view open,Crest,805,Off Path-Curve: Out Of Control On Cway,Out of control on curve,N,0,0,1,0,1,1,0,0,0,0,0,0
823,Medical treatment,2001,May,Wednesday,11,Rear-end,Multi-Vehicle,150.5373362,-23.34728232,Dean St,Vallis St,,Frenchville,Rockhampton Region,4701,North Rockhampton,Capricornia,Central,Central,Central Queensland,Frenchville - Mount Archer,Rockhampton,Central Queensland,Inner Regional,Rockhampton,Capricornia,Locally-controlled,Intersection - T-Junction,No traffic control,60 km/h,Sealed - Dry,Clear,Daylight,Straight,Level,303,Veh'S Same Direction: Right Rear,Rear-end,N,0,0,1,0,1,2,0,0,0,0,0,0
824,Hospitalisation,2001,May,Wednesday,6,Overturned,Single Vehicle,147.3329905,-22.39636469,Gregory Developmental Rd,,Peak Downs Highway (Clermont - Nebo),Kilcummin,Isaac Region,4721,Clermont,Mackay,Central,Central,Central Queensland,Clermont,Bowen Basin - North,Mackay - Isaac - Whitsunday,Remote,Burdekin,Capricornia,State-controlled,No Roadway Feature,No traffic control,100 - 110 km/h,Sealed - Dry,Clear,Dawn/Dusk,Straight,Level,702,Off Path-Straight: Right Off Cway,Off carriageway on straight,N,0,2,0,0,2,1,0,0,0,0,0,0
825,Medical treatment,2001,May,Thursday,6,Rear-end,Multi-Vehicle,153.0106936,-27.31753673,Bald Hills Rd,Strathpine Rd,Strathpine Sub-Arterial Road,Bald Hills,Brisbane City,4036,Carseldine,North Brisbane,Brisbane,SEQ North,Metropolitan,Bald Hills,Bald Hills - Everton Park,Brisbane - North,Major Cities,Aspley,Petrie,State-controlled,Intersection - Cross,Operating traffic lights,60 km/h,Sealed - Dry,Clear,Dawn/Dusk,Straight,Level,301,Veh'S Same Direction: Rear End,Rear-end,E,0,0,1,0,1,1,0,1,0,0,0,0
826,Minor injury,2001,May,Thursday,2,Angle,Multi-Vehicle,152.9975926,-27.53548442,Sherwood Rd,,,Rocklea,Brisbane City,4106,Sherwood,South Brisbane,Brisbane,SEQ South,Metropolitan,Rocklea - Acacia Ridge,Rocklea - Acacia Ridge,Brisbane - South,Major Cities,Miller,Moreton,Locally-controlled,No Roadway Feature,No traffic control,60 km/h,Sealed - Dry,Clear,Darkness - Lighted,Straight,Level,309,Veh'S Same Direction: Left Turn S/Swipe,Parallel lanes turning,E,0,0,0,1,1,2,0,0,0,0,0,0
827,Hospitalisation,2001,May,Thursday,20,Angle,Multi-Vehicle,153.0823825,-27.56410891,Macgregor St,,,Upper Mount Gravatt,Brisbane City,4122,Upper Mount Gravatt,South Brisbane,Brisbane,SEQ South,Metropolitan,Upper Mount Gravatt,Mt Gravatt,Brisbane - South,Major Cities,Mansfield,Bonner,Locally-controlled,No Roadway Feature,Stop sign,60 km/h,Sealed - Dry,Clear,Darkness - Lighted,Straight,Grade,406,Veh'S Manoeuvring: Leaving Driveway,Vehicle leaving driveway,E,0,1,1,0,2,2,0,0,0,0,0,0
828,Minor injury,2001,May,Thursday,11,Sideswipe,Multi-Vehicle,153.0448244,-27.35839018,Church Rd,Harold St,,Zillmere,Brisbane City,4034,Boondall,North Brisbane,Brisbane,SEQ North,Metropolitan,Zillmere,Sandgate,Brisbane - North,Major Cities,Nudgee,Lilley,Locally-controlled,Intersection - T-Junction,No traffic control,60 km/h,Sealed - Dry,Clear,Daylight,Straight,Grade,308,Veh'S Same Direction: Right Turn S/Swipe,Parallel lanes turning,N,0,0,0,1,1,1,1,0,0,0,0,0
829,Property damage only,2001,May,Thursday,19,Hit object,Single Vehicle,152.7670148,-27.61293719,King Edward Pde,,,Ipswich,Ipswich City,4305,Ipswich,Ipswich,Southern,SEQ South,Metropolitan,Ipswich - East,Ipswich Inner,Ipswich,Major Cities,Ipswich,Blair,Locally-controlled,No Roadway Feature,No traffic control,60 km/h,Sealed - Wet,Raining,Darkness - Lighted,Curved - view obscured,Grade,803,Off Path-Curve: Off Cway Rt Bend Hit Obj,Off carriageway on curve hit object,W,0,0,0,0,0,1,0,0,0,0,0,0
830,Property damage only,2001,May,Thursday,8,Angle,Multi-Vehicle,152.3402951,-24.88456959,Barnes St,Branyan St,,Svensson Heights,Bundaberg Region,4670,Bundaberg,Wide Bay Burnett,Central,Southern,North Coast and Wide Bay/Burnett,Svensson Heights - Norville,Bundaberg,Wide Bay,Inner Regional,Bundaberg,Hinkler,Locally-controlled,Intersection - T-Junction,No traffic control,60 km/h,Sealed - Dry,Clear,Daylight,Straight,Level,104,Veh'S Adjacent Approach: Thru-Right,Intersection from adjacent approaches,S,0,0,0,0,0,3,0,0,0,0,0,0
831,Property damage only,2001,May,Friday,17,Rear-end,Multi-Vehicle,153.0569545,-27.53418213,Monash Rd,,,Tarragindi,Brisbane City,4121,Holland Park,South Brisbane,Brisbane,SEQ South,Metropolitan,Tarragindi,Nathan,Brisbane - South,Major Cities,Miller,Moreton,Locally-controlled,No Roadway Feature,No traffic control,60 km/h,Sealed - Dry,Clear,Dawn/Dusk,Straight,Dip,301,Veh'S Same Direction: Rear End,Rear-end,E,0,0,0,0,0,2,0,0,0,0,0,0
832,Hospitalisation,2001,May,Friday,17,Overturned,Single Vehicle,153.0207029,-27.33802091,Roghan Rd,,,Carseldine,Brisbane City,4034,Carseldine,North Brisbane,Brisbane,SEQ North,Metropolitan,Carseldine,Bald Hills - Everton Park,Brisbane - North,Major Cities,Aspley,Petrie,Locally-controlled,No Roadway Feature,No traffic control,0 - 50 km/h,Unsealed - Dry,Clear,Dawn/Dusk,Straight,Level,704,Off Path-Straight:Right Off Cway Hit Obj,Off carriageway on straight hit object,E,0,2,0,0,2,1,0,0,0,0,0,0
833,Medical treatment,2001,May,Friday,15,Rear-end,Multi-Vehicle,153.1270106,-27.60443209,Donna Ave,,,Rochedale South,Logan City,4123,Springwood,Logan,South Eastern,SEQ South,South Coast,Rochedale South - Priestdale,Springwood - Kingston,Logan - Beaudesert,Major Cities,Springwood,Rankin,Locally-controlled,No Roadway Feature,No traffic control,60 km/h,Sealed - Dry,Clear,Daylight,Straight,Level,302,Veh'S Same Direction: Left Rear,Rear-end,N,0,0,2,0,2,2,0,0,0,0,0,0
834,Hospitalisation,2001,May,Friday,15,Rear-end,Multi-Vehicle,152.9101482,-27.60842073,Ipswich Mwy,,Cunningham Highway (Ipswich Motorway),Gailes,Ipswich City,4300,Goodna,Ipswich,Southern,SEQ South,Metropolitan,Camira - Gailes,Springfield - Redbank,Ipswich,Major Cities,Jordan,Oxley,State-controlled,No Roadway Feature,No traffic control,100 - 110 km/h,Sealed - Dry,Clear,Daylight,Straight,Grade,301,Veh'S Same Direction: Rear End,Rear-end,E,0,1,0,0,1,3,0,0,0,0,0,0
835,Hospitalisation,2001,May,Friday,14,Sideswipe,Multi-Vehicle,153.3690957,-28.04589569,Gold Coast - Springbrook Rd,,Gold Coast - Springbrook Road,Merrimac,Gold Coast City,4226,Mudgeeraba,Gold Coast,South Eastern,SEQ South,South Coast,Carrara,Nerang,Gold Coast,Major Cities,Mudgeeraba,Moncrieff,State-controlled,No Roadway Feature,No traffic control,60 km/h,Sealed - Dry,Clear,Daylight,Curved - view open,Level,305,Veh'S Same Direction: Lane Side Swipe,Lane changes,E,0,1,0,0,1,1,0,0,0,1,0,0
836,Property damage only,2001,May,Friday,7,Rear-end,Multi-Vehicle,153.4290414,-27.97997262,Main Beach Pde,Woodroffe Ave,,Main Beach,Gold Coast City,4217,Surfers Paradise,Gold Coast,South Eastern,SEQ South,South Coast,Main Beach,Surfers Paradise,Gold Coast,Major Cities,Surfers Paradise,Moncrieff,Locally-controlled,Intersection - Cross,No traffic control,60 km/h,Sealed - Dry,Clear,Daylight,Straight,Level,303,Veh'S Same Direction: Right Rear,Rear-end,S,0,0,0,0,0,2,0,0,0,0,0,0
837,Minor injury,2001,May,Saturday,14,Angle,Multi-Vehicle,153.1058569,-27.4978422,Bedivere St,,,Carindale,Brisbane City,4152,Carina,South Brisbane,Brisbane,SEQ South,Metropolitan,Carindale,Carindale,Brisbane - South,Major Cities,Chatsworth,Bonner,Locally-controlled,No Roadway Feature,No traffic control,60 km/h,Sealed - Dry,Clear,Daylight,Straight,Crest,308,Veh'S Same Direction: Right Turn S/Swipe,Parallel lanes turning,N,0,0,0,1,1,1,0,1,0,0,0,0
838,Minor injury,2001,May,Saturday,22,Angle,Multi-Vehicle,152.9941496,-27.49198546,Gailey Rd,Sir Fred Schonell Dr,,St Lucia,Brisbane City,4067,Indooroopilly,North Brisbane,Brisbane,SEQ North,Metropolitan,St Lucia,Sherwood - Indooroopilly,Brisbane - West,Major Cities,Maiwar,Ryan,Locally-controlled,Intersection - T-Junction,Operating traffic lights,60 km/h,Sealed - Dry,Clear,Darkness - Lighted,Straight,Level,202,Veh'S Opposite Approach: Thru-Right,Opposing vehicles turning,N,0,0,0,2,2,1,1,0,0,0,0,0
839,Medical treatment,2001,May,Saturday,8,Sideswipe,Multi-Vehicle,153.0883959,-27.46837809,Wynnum Rd,,,Cannon Hill,Brisbane City,4170,Morningside,South Brisbane,Brisbane,SEQ South,Metropolitan,Cannon Hill,Carindale,Brisbane - South,Major Cities,Bulimba,Griffith,Locally-controlled,No Roadway Feature,No traffic control,60 km/h,Sealed - Dry,Clear,Daylight,Straight,Grade,305,Veh'S Same Direction: Lane Side Swipe,Lane changes,W,0,0,1,0,1,0,0,0,1,1,0,0
840,Minor injury,2001,May,Saturday,11,Rear-end,Multi-Vehicle,153.0354861,-27.49925739,Ipswich Rd,,,Woolloongabba,Brisbane City,4102,Dutton Park,South Brisbane,Brisbane,SEQ South,Metropolitan,Woolloongabba,Holland Park - Yeronga,Brisbane - South,Major Cities,South Brisbane,Griffith,Locally-controlled,No Roadway Feature,Operating traffic lights,60 km/h,Sealed - Dry,Clear,Daylight,Straight,Level,301,Veh'S Same Direction: Rear End,Rear-end,N,0,0,0,2,2,2,0,0,0,0,0,0
841,Medical treatment,2001,May,Saturday,17,Angle,Multi-Vehicle,153.0713198,-27.21838186,Nathan Rd,Redcliffe Rd,Redcliffe Road,Kippa-ring,Moreton Bay Region,4021,Redcliffe,Moreton,Southern,SEQ North,North Coast and Wide Bay/Burnett,Rothwell - Kippa-ring,Redcliffe,Moreton Bay - North,Major Cities,Murrumba,Petrie,State-controlled,Intersection - Cross,Operating traffic lights,80 - 90 km/h,Sealed - Dry,Clear,Dawn/Dusk,Straight,Level,202,Veh'S Opposite Approach: Thru-Right,Opposing vehicles turning,W,0,0,1,0,1,2,0,0,0,0,0,0
842,Hospitalisation,2001,May,Saturday,15,Angle,Multi-Vehicle,153.107673,-27.59355432,Brisbane - Beenleigh Rd,Logan Sub-Arterial Rd,Brisbane - Beenleigh Road,Underwood,Logan City,4119,Logan Central,Logan,South Eastern,SEQ South,South Coast,Underwood,Springwood - Kingston,Logan - Beaudesert,Major Cities,Waterford,Rankin,State-controlled,Intersection - Cross,Operating traffic lights,80 - 90 km/h,Sealed - Dry,Clear,Daylight,Straight,Level,207,Veh'S Opposite Approach: U-Turn,U-turn,N,0,1,0,0,1,2,0,0,0,0,0,0
843,Medical treatment,2001,May,Saturday,11,Overturned,Single Vehicle,144.7272081,-23.26038437,Ilfracombe - Aramac Rd,,Ilfracombe - Aramac Road,Ilfracombe,Longreach Region,4727,Ilfracombe,South West,Southern,Central,Central Queensland,Longreach,Outback - South,Queensland - Outback,Very Remote,Gregory,Maranoa,State-controlled,No Roadway Feature,No traffic control,100 - 110 km/h,Unsealed - Dry,Clear,Daylight,Straight,Level,700,Off Path-Straight: Other,Other,S,0,0,1,0,1,1,0,0,0,0,0,0
844,Medical treatment,2001,May,Saturday,9,Rear-end,Multi-Vehicle,149.1774278,-21.14623396,Milton St,,,Mackay,Mackay Region,4740,Mackay,Mackay,Central,Central,Central Queensland,Mackay,Mackay,Mackay - Isaac - Whitsunday,Inner Regional,Mackay,Dawson,Locally-controlled,No Roadway Feature,No traffic control,60 km/h,Sealed - Dry,Clear,Daylight,Straight,Level,301,Veh'S Same Direction: Rear End,Rear-end,N,0,0,1,0,1,2,0,0,0,0,0,0
845,Property damage only,2001,May,Sunday,12,Angle,Multi-Vehicle,153.041644,-27.46372633,Brunswick St,Heal St,,New Farm,Brisbane City,4005,Fortitude Valley,North Brisbane,Brisbane,SEQ North,Metropolitan,New Farm,Brisbane Inner,Brisbane Inner City,Major Cities,Mcconnel,Brisbane,Locally-controlled,Intersection - T-Junction,No traffic control,60 km/h,Sealed - Dry,Clear,Daylight,Straight,Crest,102,Veh'S Adjacent Approach: Right-Thru,Intersection from adjacent approaches,W,0,0,0,0,0,2,0,0,0,0,0,0
846,Property damage only,2001,May,Sunday,19,Hit object,Single Vehicle,153.0215384,-27.30367628,Gateway Arterial Rd,,Gateway Arterial Road (Gateway Motorway - North),Bald Hills,Brisbane City,4036,Sandgate,North Brisbane,Brisbane,SEQ North,Metropolitan,Bald Hills,Bald Hills - Everton Park,Brisbane - North,Major Cities,Sandgate,Petrie,State-controlled,No Roadway Feature,No traffic control,100 - 110 km/h,Sealed - Dry,Clear,Darkness - Not lighted,Curved - view open,Level,800,Off Path-Curve: Other,Other,E,0,0,0,0,0,0,0,0,1,0,0,0
847,Medical treatment,2001,May,Sunday,19,Angle,Multi-Vehicle,153.0853951,-27.23427584,Clontarf - Anzac Ave Rd,Macdonnell Rd,Clontarf - Anzac Avenue Road,Clontarf,Moreton Bay Region,4019,Redcliffe,Moreton,Southern,SEQ North,North Coast and Wide Bay/Burnett,Clontarf,Redcliffe,Moreton Bay - North,Major Cities,Redcliffe,Petrie,State-controlled,Intersection - Cross,Operating traffic lights,60 km/h,Sealed - Dry,Clear,Darkness - Lighted,Straight,Grade,202,Veh'S Opposite Approach: Thru-Right,Opposing vehicles turning,S,0,0,2,0,2,1,0,1,0,0,0,0
848,Medical treatment,2001,May,Sunday,11,Rear-end,Multi-Vehicle,153.0256762,-27.6758635,Federation Dr,Middle Rd,,Hillcrest,Logan City,4118,Browns Plains,Logan,South Eastern,SEQ South,South Coast,Hillcrest,Browns Plains,Logan - Beaudesert,Major Cities,Logan,Rankin,Locally-controlled,Intersection - T-Junction,No traffic control,60 km/h,Sealed - Dry,Clear,Daylight,Straight,Level,301,Veh'S Same Direction: Rear End,Rear-end,W,0,0,1,1,2,2,0,0,0,0,0,0
849,Minor injury,2001,May,Sunday,13,Rear-end,Multi-Vehicle,152.7609647,-27.61424478,Ipswich - Warrego Hwy Connection Rd,,Ipswich - Warrego Hwy Connection Road,Ipswich,Ipswich City,4305,Ipswich,Ipswich,Southern,SEQ South,Metropolitan,Ipswich - Central,Ipswich Inner,Ipswich,Major Cities,Ipswich,Blair,State-controlled,No Roadway Feature,No traffic control,0 - 50 km/h,Sealed - Dry,Clear,Daylight,Straight,Grade,303,Veh'S Same Direction: Right Rear,Rear-end,N,0,0,0,1,1,2,0,0,0,0,0,0
850,Medical treatment,2001,May,Sunday,1,Hit object,Single Vehicle,152.9475087,-26.62943052,Blaxland Rd,,,Burnside,Sunshine Coast Region,4560,Nambour,Sunshine Coast,Central,SEQ North,North Coast and Wide Bay/Burnett,Nambour,Nambour,Sunshine Coast,Major Cities,Nicklin,Fairfax,Locally-controlled,No Roadway Feature,No traffic control,60 km/h,Sealed - Dry,Clear,Darkness - Lighted,Straight,Level,704,Off Path-Straight:Right Off Cway Hit Obj,Off carriageway on straight hit object,S,0,0,1,0,1,1,0,0,0,0,0,0
851,Minor injury,2001,May,Monday,9,Sideswipe,Multi-Vehicle,153.124667,-27.50699977,Gateway Arterial Rd,,Gateway Motorway (Eight Mile Plains - Nudgee),Belmont,Brisbane City,4153,Carina,South Brisbane,Brisbane,SEQ South,Metropolitan,Carindale,Carindale,Brisbane - South,Major Cities,Chatsworth,Bonner,State-controlled,No Roadway Feature,No traffic control,100 - 110 km/h,Sealed - Dry,Clear,Daylight,Straight,Level,307,Veh'S Same Direction: Lane Change Left,Lane changes,N,0,0,0,2,2,1,0,1,0,0,0,0
852,Medical treatment,2001,May,Monday,9,Rear-end,Multi-Vehicle,153.0241258,-27.47378337,South East Arterial Rd,,South-East Arterial Road (Pacific Motorway),Brisbane City,Brisbane City,4000,Brisbane City,North Brisbane,Brisbane,SEQ North,Metropolitan,Brisbane City,Brisbane Inner,Brisbane Inner City,Major Cities,Mcconnel,Brisbane,State-controlled,No Roadway Feature,No traffic control,70 km/h,Sealed - Dry,Clear,Daylight,Straight,Level,301,Veh'S Same Direction: Rear End,Rear-end,S,0,0,1,0,1,4,0,0,0,0,0,0
853,Medical treatment,2001,May,Monday,13,Angle,Multi-Vehicle,153.072878,-27.47089065,Richmond Rd,Wickham St,,Morningside,Brisbane City,4170,Morningside,South Brisbane,Brisbane,SEQ South,Metropolitan,Morningside - Seven Hills,Brisbane Inner - East,Brisbane Inner City,Major Cities,Bulimba,Griffith,Locally-controlled,Intersection - T-Junction,No traffic control,60 km/h,Sealed - Dry,Clear,Daylight,Straight,Grade,104,Veh'S Adjacent Approach: Thru-Right,Intersection from adjacent approaches,W,0,0,1,0,1,2,0,0,0,0,0,0
854,Property damage only,2001,May,Monday,10,Rear-end,Multi-Vehicle,153.0661218,-27.56104512,Griffith Arterial Rd,Mains Rd,Griffith Arterial Road,Macgregor,Brisbane City,4109,Upper Mount Gravatt,South Brisbane,Brisbane,SEQ South,Metropolitan,Macgregor (qld),Mt Gravatt,Brisbane - South,Major Cities,Toohey,Moreton,State-controlled,Intersection - T-Junction,No traffic control,60 km/h,Sealed - Dry,Clear,Daylight,Straight,Level,302,Veh'S Same Direction: Left Rear,Rear-end,W,0,0,0,0,0,2,0,0,0,0,0,0
855,Minor injury,2001,May,Monday,13,Angle,Multi-Vehicle,153.4079969,-27.94156407,Broad St,Gold Coast Hwy,,Labrador,Gold Coast City,4215,Southport,Gold Coast,South Eastern,SEQ South,South Coast,Labrador,Gold Coast - North,Gold Coast,Major Cities,Bonney,Fadden,Locally-controlled,Intersection - Cross,Give way sign,60 km/h,Sealed - Dry,Clear,Daylight,Straight,Level,104,Veh'S Adjacent Approach: Thru-Right,Intersection from adjacent approaches,N,0,0,0,1,1,2,0,0,0,0,0,0
856,Minor injury,2001,May,Monday,12,Sideswipe,Multi-Vehicle,152.3479259,-24.87997086,Bundaberg - Port Rd,Kensington St,Bundaberg - Port Road,Norville,Bundaberg Region,4670,Bundaberg,Wide Bay Burnett,Central,Southern,North Coast and Wide Bay/Burnett,Svensson Heights - Norville,Bundaberg,Wide Bay,Inner Regional,Bundaberg,Hinkler,State-controlled,Intersection - Cross,No traffic control,60 km/h,Sealed - Dry,Clear,Daylight,Straight,Level,309,Veh'S Same Direction: Left Turn S/Swipe,Parallel lanes turning,W,0,0,0,1,1,1,0,0,0,1,0,0
857,Minor injury,2001,May,Monday,22,Hit pedestrian,Hit pedestrian,152.7406386,-25.46382187,Prawle Rd,,,Dundathu,Fraser Coast Region,4650,Maryborough,Wide Bay Burnett,Central,Southern,North Coast and Wide Bay/Burnett,Burrum - Fraser,Maryborough,Wide Bay,Inner Regional,Maryborough,Hinkler,Locally-controlled,No Roadway Feature,No traffic control,100 - 110 km/h,Sealed - Dry,Clear,Darkness - Not lighted,Straight,Level,4,Ped'N: Play; Work; Stand; Lie On C'Way,Pedestrian,W,0,0,0,1,1,1,0,0,0,0,1,0
858,Medical treatment,2001,May,Monday,8,Overturned,Single Vehicle,150.55977,-24.4237867,Valentine Plains Rd,,,Valentine Plains,Banana Shire,4715,Biloela,Capricornia,Central,Central,Central Queensland,Banana,Biloela,Central Queensland,Outer Regional,Callide,Flynn,Locally-controlled,No Roadway Feature,No traffic control,100 - 110 km/h,Sealed - Dry,Clear,Daylight,Straight,Dip,701,Off Path-Straight: Left Off Cway,Off carriageway on straight,W,0,0,1,0,1,1,0,0,0,0,0,0
859,Medical treatment,2001,May,Monday,19,Angle,Multi-Vehicle,150.515766,-23.35360857,Alexandra St,Main St,,Park Avenue,Rockhampton Region,4701,North Rockhampton,Capricornia,Central,Central,Central Queensland,Park Avenue,Rockhampton,Central Queensland,Inner Regional,Rockhampton,Capricornia,Locally-controlled,Intersection - Roundabout,Give way sign,60 km/h,Sealed - Dry,Clear,Darkness - Lighted,Straight,Level,101,Veh'S Adjacent Approach: Thru-Thru,Intersection from adjacent approaches,W,0,0,1,0,1,2,0,0,0,0,0,0
860,Minor injury,2001,May,Monday,16,Angle,Multi-Vehicle,150.5126039,-23.38383551,Denison St,Derby St,,Rockhampton City,Rockhampton Region,4700,Rockhampton,Capricornia,Central,Central,Central Queensland,Rockhampton City,Rockhampton,Central Queensland,Inner Regional,Rockhampton,Capricornia,Locally-controlled,Intersection - Cross,Stop sign,60 km/h,Sealed - Dry,Clear,Daylight,Straight,Level,101,Veh'S Adjacent Approach: Thru-Thru,Intersection from adjacent approaches,W,0,0,0,1,1,2,0,0,0,0,0,0
861,Property damage only,2001,May,Tuesday,8,Rear-end,Multi-Vehicle,153.1818624,-27.71328555,Brisbane - Beenleigh Rd,,,Beenleigh,Logan City,4207,Beenleigh,Logan,South Eastern,SEQ South,South Coast,Beenleigh,Beenleigh,Logan - Beaudesert,Major Cities,Macalister,Forde,Locally-controlled,No Roadway Feature,No traffic control,60 km/h,Sealed - Dry,Clear,Daylight,Curved - view open,Crest,301,Veh'S Same Direction: Rear End,Rear-end,W,0,0,0,0,0,2,0,0,0,0,0,0
862,Property damage only,2001,May,Tuesday,7,Angle,Multi-Vehicle,153.04449,-27.38773592,Newman Rd,,,Wavell Heights,Brisbane City,4012,Boondall,North Brisbane,Brisbane,SEQ North,Metropolitan,Wavell Heights,Chermside,Brisbane - North,Major Cities,Nudgee,Lilley,Locally-controlled,No Roadway Feature,No traffic control,60 km/h,Sealed - Dry,Clear,Daylight,Straight,Level,202,Veh'S Opposite Approach: Thru-Right,Opposing vehicles turning,N,0,0,0,0,0,2,0,0,0,0,0,0
863,Minor injury,2001,May,Tuesday,13,Hit object,Single Vehicle,153.0795277,-27.42684962,Gateway Arterial Rd,,Southern Cross Way,Eagle Farm,Brisbane City,4009,Hendra,North Brisbane,Brisbane,SEQ North,Metropolitan,Ascot,Brisbane Inner - North,Brisbane Inner City,Major Cities,Clayfield,Brisbane,State-controlled,No Roadway Feature,No traffic control,80 - 90 km/h,Sealed - Dry,Clear,Daylight,Curved - view open,Level,607,Veh'S On Path: Temporary Object On C'Way,Other,N,0,0,0,1,1,1,0,0,0,0,0,0
864,Medical treatment,2001,May,Tuesday,16,Sideswipe,Multi-Vehicle,153.1163442,-26.80020412,Nicklin Wy,Caloundra Rd,Caloundra Road,Caloundra West,Sunshine Coast Region,4551,Caloundra,Sunshine Coast,Central,SEQ North,North Coast and Wide Bay/Burnett,Caloundra - West,Caloundra,Sunshine Coast,Major Cities,Kawana,Fisher,State-controlled,Intersection - Roundabout,Give way sign,60 km/h,Sealed - Dry,Clear,Daylight,Straight,Level,305,Veh'S Same Direction: Lane Side Swipe,Lane changes,W,0,0,1,0,1,1,1,0,0,0,0,0
865,Hospitalisation,2001,May,Tuesday,15,Angle,Multi-Vehicle,153.4120194,-27.96033475,Gold Coast Hwy,Smith St Connection Rd,Gold Coast Highway (Helensvale - Southport),Southport,Gold Coast City,4215,Southport,Gold Coast,South Eastern,SEQ South,South Coast,Southport - North,Southport,Gold Coast,Major Cities,Bonney,Moncrieff,State-controlled,Intersection - T-Junction,Operating traffic lights,60 km/h,Sealed - Dry,Clear,Daylight,Straight,Level,408,Veh'S Manoeuvring: Entering From Footway,Vehicle leaving driveway,W,0,1,0,0,1,1,0,0,0,1,0,0
866,Medical treatment,2001,May,Tuesday,6,Hit object,Single Vehicle,153.3786836,-28.08358451,Pacific Hwy,,Pacific Highway (Pacific Motorway),Mudgeeraba,Gold Coast City,4213,Robina,Gold Coast,South Eastern,SEQ South,South Coast,Mudgeeraba - Bonogin,Mudgeeraba - Tallebudgera,Gold Coast,Major Cities,Mudgeeraba,Mcpherson,State-controlled,No Roadway Feature,No traffic control,100 - 110 km/h,Sealed - Dry,Clear,Daylight,Straight,Grade,703,Off Path-Straight: Left Off Cway Hit Obj,Off carriageway on straight hit object,N,0,0,1,0,1,1,0,0,0,0,0,0
867,Property damage only,2001,May,Tuesday,17,Rear-end,Multi-Vehicle,153.0775295,-26.78118088,Caloundra Rd,Westaway Rd,,Meridan Plains,Sunshine Coast Region,4551,Caloundra,Sunshine Coast,Central,SEQ North,North Coast and Wide Bay/Burnett,Caloundra - West,Caloundra,Sunshine Coast,Major Cities,Caloundra,Fisher,Locally-controlled,Intersection - T-Junction,No traffic control,100 - 110 km/h,Sealed - Dry,Clear,Darkness - Not lighted,Straight,Level,303,Veh'S Same Direction: Right Rear,Rear-end,W,0,0,0,0,0,2,0,0,0,0,0,0
868,Minor injury,2001,May,Tuesday,12,Angle,Multi-Vehicle,151.9739648,-27.57557133,Cohoe St,Perth St,,Rangeville,Toowoomba Region,4350,Toowoomba,Darling Downs,Southern,Southern,Downs South West,Rangeville,Toowoomba,Toowoomba,Inner Regional,Toowoomba South,Groom,Locally-controlled,Intersection - Cross,Give way sign,60 km/h,Sealed - Dry,Clear,Daylight,Straight,Level,101,Veh'S Adjacent Approach: Thru-Thru,Intersection from adjacent approaches,N,0,0,0,1,1,2,0,0,0,0,0,0
869,Property damage only,2001,May,Tuesday,18,Hit parked vehicle,Single Vehicle,150.5262046,-24.38655301,Dawson Hwy,,Dawson Highway (Gladstone - Biloela),Biloela,Banana Shire,4715,Biloela,Capricornia,Central,Central,Central Queensland,Biloela,Biloela,Central Queensland,Outer Regional,Callide,Flynn,State-controlled,No Roadway Feature,No traffic control,80 - 90 km/h,Sealed - Dry,Clear,Darkness - Not lighted,Straight,Level,601,Veh'S On Path: Parked,Hit parked vehicle,W,0,0,0,0,0,2,0,0,0,0,0,0