Crash_Ref_Number,Crash_Severity,Crash_Year,Crash_Month,Crash_Day_Of_Week,Crash_Hour,Crash_Nature,Crash_Type,Crash_Longitude_GDA94,Crash_Latitude_GDA94,Crash_Street,Crash_Street_Intersecting,State_Road_Name,Loc_Suburb,Loc_Local_Government_Area,Loc_Post_Code,Loc_Police_Division,Loc_Police_District,Loc_Police_Region,Loc_Queensland_Transport_Region,Loc_Main_Roads_Region,Loc_ABS_Statistical_Area_2,Loc_ABS_Statistical_Area_3,Loc_ABS_Statistical_Area_4,Loc_ABS_Remoteness,Loc_State_Electorate,Loc_Federal_Electorate,Crash_Controlling_Authority,Crash_Roadway_Feature,Crash_Traffic_Control,Crash_Speed_Limit,Crash_Road_Surface_Condition,Crash_Atmospheric_Condition,Crash_Lighting_Condition,Crash_Road_Horiz_Align,Crash_Road_Vert_Align,Crash_DCA_Code,Crash_DCA_Description,Crash_DCA_Group_Description,DCA_Key_Approach_Dir,Count_Casualty_Fatality,Count_Casualty_Hospitalised,Count_Casualty_MedicallyTreated,Count_Casualty_MinorInjury,Count_Casualty_Total,Count_Unit_Car,Count_Unit_Motorcycle_Moped,Count_Unit_Truck,Count_Unit_Bus,Count_Unit_Bicycle,Count_Unit_Pedestrian,Count_Unit_Other
918,Minor injury,2001,May,Friday,15,Angle,Multi-Vehicle,153.0407434,-27.43204685,Hudson Rd,Mill St,,Albion,Brisbane City,4010,Hendra,North Brisbane,Brisbane,SEQ North,Metropolitan,Albion,Brisbane Inner - North,Brisbane Inner City,Major Cities,Clayfield,Brisbane,Locally-controlled,Intersection - T-Junction,No traffic control,60 km/h,Sealed - Dry,Clear,Daylight,Straight,Grade,202,Veh'S Opposite Approach: Thru-Right,Opposing vehicles turning,S,0,0,0,1,1,1,0,1,0,0,0,0
919,Property damage only,2001,May,Friday,4,Rear-end,Multi-Vehicle,153.4310661,-28.03413407,Gold Coast Hwy,Margaret Ave,,Broadbeach,Gold Coast City,4218,Broadbeach,Gold Coast,South Eastern,SEQ South,South Coast,Mermaid Beach - Broadbeach,Broadbeach - Burleigh,Gold Coast,Major Cities,Surfers Paradise,Moncrieff,Locally-controlled,Intersection - Cross,Operating traffic lights,70 km/h,Sealed - Dry,Clear,Darkness - Lighted,Straight,Level,301,Veh'S Same Direction: Rear End,Rear-end,S,0,0,0,0,0,2,0,0,0,0,0,0
920,Medical treatment,2001,May,Friday,14,Rear-end,Multi-Vehicle,153.3377306,-27.92238609,Discovery Dr,Gold Coast Hwy,Gold Coast Highway (Helensvale - Southport),Helensvale,Gold Coast City,4212,Coomera,Gold Coast,South Eastern,SEQ South,South Coast,Helensvale,Ormeau - Oxenford,Gold Coast,Major Cities,Theodore,Fadden,State-controlled,Intersection - Cross,Operating traffic lights,60 km/h,Sealed - Dry,Clear,Daylight,Curved - view open,Level,302,Veh'S Same Direction: Left Rear,Rear-end,E,0,0,1,0,1,2,0,0,0,0,0,0
921,Property damage only,2001,May,Friday,19,Angle,Multi-Vehicle,152.2752745,-27.56121222,Cochrane St,Gatton - Helidon Rd,Gatton - Helidon Road,Gatton,Lockyer Valley Region,4343,Gatton,Darling Downs,Southern,SEQ South,Downs South West,Gatton,Toowoomba,Toowoomba,Inner Regional,Lockyer,Wright,State-controlled,Intersection - Cross,Give way sign,60 km/h,Sealed - Dry,Clear,Darkness - Lighted,Straight,Grade,101,Veh'S Adjacent Approach: Thru-Thru,Intersection from adjacent approaches,E,0,0,0,0,0,3,0,0,0,0,0,0
922,Property damage only,2001,May,Friday,22,Angle,Multi-Vehicle,151.894727,-27.60635432,Toowoomba - Karara Rd,,Toowoomba - Karara Road,Drayton,Toowoomba Region,4350,Drayton,Darling Downs,Southern,Southern,Downs South West,Drayton - Harristown,Toowoomba,Toowoomba,Inner Regional,Condamine,Groom,State-controlled,No Roadway Feature,No traffic control,70 km/h,Sealed - Dry,Clear,Darkness - Not lighted,Straight,Level,308,Veh'S Same Direction: Right Turn S/Swipe,Parallel lanes turning,W,0,0,0,0,0,2,0,0,0,0,0,0
923,Minor injury,2001,May,Saturday,7,Sideswipe,Multi-Vehicle,153.0446824,-27.44236348,Breakfast Ck Rd,,,Newstead,Brisbane City,4006,Fortitude Valley,North Brisbane,Brisbane,SEQ North,Metropolitan,Newstead - Bowen Hills,Brisbane Inner - North,Brisbane Inner City,Major Cities,Mcconnel,Brisbane,Locally-controlled,No Roadway Feature,No traffic control,60 km/h,Sealed - Dry,Clear,Daylight,Straight,Level,305,Veh'S Same Direction: Lane Side Swipe,Lane changes,S,0,0,0,1,1,1,0,0,0,1,0,0
924,Hospitalisation,2001,May,Saturday,20,Angle,Multi-Vehicle,153.4271027,-28.0481378,Markeri St,Sunshine Blvd,,Mermaid Waters,Gold Coast City,4218,Broadbeach,Gold Coast,South Eastern,SEQ South,South Coast,Mermaid Waters,Broadbeach - Burleigh,Gold Coast,Major Cities,Mermaid Beach,Moncrieff,Locally-controlled,Intersection - Cross,Operating traffic lights,60 km/h,Sealed - Dry,Clear,Darkness - Lighted,Straight,Level,202,Veh'S Opposite Approach: Thru-Right,Opposing vehicles turning,S,0,1,1,0,2,2,0,0,0,0,0,0
925,Hospitalisation,2001,May,Saturday,17,Fall from vehicle,Single Vehicle,149.0670627,-27.15860244,Alexander St,Carnarvon Hwy,Carnarvon Highway (St.George - Surat),Wellesley,Maranoa Region,4417,Surat,South West,Southern,Southern,Downs South West,Roma Region,Darling Downs (west) - Maranoa,Darling Downs - Maranoa,Remote,Warrego,Maranoa,State-controlled,Intersection - Cross,No traffic control,60 km/h,Sealed - Dry,Clear,Daylight,Straight,Level,901,Pass & Misc: Fell In/From Vehicle,Other,N,0,2,0,0,2,1,0,0,0,0,0,0
926,Property damage only,2001,May,Sunday,16,Angle,Multi-Vehicle,153.0486382,-27.46244418,Hawthorne St,Villiers St,,New Farm,Brisbane City,4005,Fortitude Valley,North Brisbane,Brisbane,SEQ North,Metropolitan,New Farm,Brisbane Inner,Brisbane Inner City,Major Cities,Mcconnel,Brisbane,Locally-controlled,Intersection - Cross,No traffic control,60 km/h,Sealed - Dry,Clear,Daylight,Straight,Level,202,Veh'S Opposite Approach: Thru-Right,Opposing vehicles turning,S,0,0,0,0,0,2,0,0,0,0,0,0
927,Medical treatment,2001,May,Sunday,16,Rear-end,Multi-Vehicle,153.0263317,-27.48306231,Dock St,Vulture St,,South Brisbane,Brisbane City,4101,Dutton Park,South Brisbane,Brisbane,SEQ South,Metropolitan,South Brisbane,Brisbane Inner,Brisbane Inner City,Major Cities,South Brisbane,Griffith,Locally-controlled,Intersection - Cross,Operating traffic lights,60 km/h,Sealed - Dry,Clear,Daylight,Straight,Level,301,Veh'S Same Direction: Rear End,Rear-end,E,0,0,1,0,1,2,0,0,0,0,0,0
928,Hospitalisation,2001,May,Sunday,3,Overturned,Single Vehicle,152.8845276,-27.09218166,Bellmere Rd,,,Bellmere,Moreton Bay Region,4510,Caboolture,Moreton,Southern,SEQ North,North Coast and Wide Bay/Burnett,Wamuran,Caboolture,Moreton Bay - North,Major Cities,Glass House,Longman,Locally-controlled,No Roadway Feature,No traffic control,80 - 90 km/h,Sealed - Dry,Clear,Darkness - Not lighted,Curved - view open,Dip,805,Off Path-Curve: Out Of Control On Cway,Out of control on curve,W,0,1,0,0,1,1,0,0,0,0,0,0
929,Hospitalisation,2001,May,Sunday,10,Hit object,Single Vehicle,153.4200224,-27.99908253,Burra St,Stanhill Dr,,Surfers Paradise,Gold Coast City,4217,Surfers Paradise,Gold Coast,South Eastern,SEQ South,South Coast,Surfers Paradise,Surfers Paradise,Gold Coast,Major Cities,Surfers Paradise,Moncrieff,Locally-controlled,Intersection - T-Junction,Give way sign,0 - 50 km/h,Sealed - Dry,Clear,Daylight,Straight,Level,704,Off Path-Straight:Right Off Cway Hit Obj,Off carriageway on straight hit object,W,0,1,0,0,1,1,0,0,0,0,0,0
930,Property damage only,2001,May,Sunday,5,Overturned,Single Vehicle,152.3691975,-27.54112648,Harm Dr,Warrego Hwy,Warrego Highway (Ipswich - Toowoomba),Crowley Vale,Lockyer Valley Region,4342,Laidley,Darling Downs,Southern,SEQ South,Downs South West,Lockyer Valley - East,Ipswich Hinterland,Ipswich,Inner Regional,Lockyer,Wright,State-controlled,Intersection - T-Junction,No traffic control,100 - 110 km/h,Sealed - Dry,Clear,Darkness - Not lighted,Curved - view open,Level,805,Off Path-Curve: Out Of Control On Cway,Out of control on curve,W,0,0,0,0,0,0,0,1,0,0,0,0
931,Fatal,2001,May,Sunday,11,Hit object,Single Vehicle,152.2239908,-24.96816069,Isis Hwy,,Isis Highway (Bundaberg - Childers),South Bingera,Bundaberg Region,4670,Bundaberg,Wide Bay Burnett,Central,Southern,North Coast and Wide Bay/Burnett,Bundaberg Region - South,Bundaberg,Wide Bay,Inner Regional,Burnett,Hinkler,State-controlled,No Roadway Feature,No traffic control,100 - 110 km/h,Sealed - Dry,Clear,Daylight,Straight,Level,703,Off Path-Straight: Left Off Cway Hit Obj,Off carriageway on straight hit object,N,1,1,0,0,2,1,0,0,0,0,0,0
932,Medical treatment,2001,May,Sunday,8,Overturned,Single Vehicle,151.0492097,-23.93282361,Bruce Hwy,,Bruce Highway (Benaraby - Rockhampton),East End,Gladstone Region,4695,Mount Larcom,Capricornia,Central,Central,Central Queensland,Gladstone Hinterland,Gladstone,Central Queensland,Outer Regional,Gladstone,Flynn,State-controlled,No Roadway Feature,No traffic control,100 - 110 km/h,Sealed - Dry,Clear,Daylight,Straight,Grade,701,Off Path-Straight: Left Off Cway,Off carriageway on straight,S,0,0,1,2,3,1,0,0,0,0,0,0
933,Property damage only,2001,May,Sunday,12,Hit object,Single Vehicle,150.5243919,-23.35159859,Moores Creek Rd,Rockhampton - Yeppoon Rd,Bruce Highway (Rockhampton-St Lawrence),Norman Gardens,Rockhampton Region,4701,North Rockhampton,Capricornia,Central,Central,Central Queensland,Norman Gardens,Rockhampton,Central Queensland,Inner Regional,Rockhampton,Capricornia,State-controlled,Intersection - Cross,Operating traffic lights,70 km/h,Sealed - Dry,Clear,Daylight,Straight,Level,707,Off Path-Straight: Right Turn,Off carriageway on straight,N,0,0,0,0,0,1,0,0,0,0,0,0
934,Minor injury,2001,May,Monday,10,Hit object,Single Vehicle,153.02976,-27.5919357,Mt Lindesay Art. Rd,Paradise Rd,Mount Lindesay Arterial Road,Acacia Ridge,Brisbane City,4110,Acacia Ridge,South Brisbane,Brisbane,SEQ South,Metropolitan,Rocklea - Acacia Ridge,Rocklea - Acacia Ridge,Brisbane - South,Major Cities,Stretton,Moreton,State-controlled,Intersection - Cross,No traffic control,70 km/h,Sealed - Dry,Clear,Daylight,Straight,Level,704,Off Path-Straight:Right Off Cway Hit Obj,Off carriageway on straight hit object,N,0,0,0,1,1,1,0,0,0,0,0,0
935,Minor injury,2001,May,Monday,12,Angle,Multi-Vehicle,153.0294271,-27.51818603,Ipswich Rd,Villa St,,Annerley,Brisbane City,4103,Annerley,South Brisbane,Brisbane,SEQ South,Metropolitan,Annerley,Holland Park - Yeronga,Brisbane - South,Major Cities,Miller,Moreton,Locally-controlled,Intersection - Cross,Operating traffic lights,60 km/h,Sealed - Dry,Clear,Daylight,Curved - view open,Crest,101,Veh'S Adjacent Approach: Thru-Thru,Intersection from adjacent approaches,E,0,0,0,1,1,2,0,0,0,0,0,0
936,Property damage only,2001,May,Monday,17,Hit object,Single Vehicle,152.8587995,-27.60181489,Ipswich Mwy,,Cunningham Highway (Ipswich Motorway),Redbank,Ipswich City,4301,Goodna,Ipswich,Southern,SEQ South,Metropolitan,Collingwood Park - Redbank,Springfield - Redbank,Ipswich,Major Cities,Bundamba,Oxley,State-controlled,Bridge/Causeway,No traffic control,80 - 90 km/h,Sealed - Dry,Clear,Darkness - Not lighted,Straight,Level,703,Off Path-Straight: Left Off Cway Hit Obj,Off carriageway on straight hit object,E,0,0,0,0,0,1,0,0,0,0,0,0
937,Medical treatment,2001,May,Monday,17,Hit pedestrian,Hit pedestrian,153.1241693,-26.77343212,Bellara Dr,Maroochydore - Noosa Rd,Nicklin Way,Currimundi,Sunshine Coast Region,4551,Kawana Waters,Sunshine Coast,Central,SEQ North,North Coast and Wide Bay/Burnett,Aroona - Currimundi,Caloundra,Sunshine Coast,Major Cities,Caloundra,Fisher,State-controlled,Intersection - Cross,Operating traffic lights,70 km/h,Sealed - Dry,Clear,Dawn/Dusk,Straight,Level,0,Ped'N: Hit Other,Other,N,0,0,1,0,1,1,0,0,0,0,1,0
938,Hospitalisation,2001,May,Monday,4,Angle,Multi-Vehicle,149.1580487,-21.09018884,Mackay - Bucasia Rd,,Mackay - Bucasia Road,Richmond,Mackay Region,4740,Mackay Northern Beaches,Mackay,Central,Central,Central Queensland,Mount Pleasant - Glenella,Mackay,Mackay - Isaac - Whitsunday,Inner Regional,Whitsunday,Dawson,State-controlled,No Roadway Feature,No traffic control,80 - 90 km/h,Sealed - Dry,Clear,Darkness - Not lighted,Curved - view open,Level,308,Veh'S Same Direction: Right Turn S/Swipe,Parallel lanes turning,S,0,1,0,0,1,2,0,0,0,0,0,0
939,Medical treatment,2001,May,Tuesday,8,Rear-end,Multi-Vehicle,153.0355884,-27.47622381,Main St,,,Kangaroo Point,Brisbane City,4169,Dutton Park,South Brisbane,Brisbane,SEQ South,Metropolitan,Kangaroo Point,Brisbane Inner,Brisbane Inner City,Major Cities,South Brisbane,Griffith,Locally-controlled,No Roadway Feature,No traffic control,60 km/h,Sealed - Dry,Clear,Daylight,Straight,Level,303,Veh'S Same Direction: Right Rear,Rear-end,S,0,0,1,0,1,3,0,0,0,0,0,0
940,Medical treatment,2001,May,Tuesday,16,Angle,Multi-Vehicle,153.1065182,-27.22201071,Klingner Rd,Scarborough Rd,,Redcliffe,Moreton Bay Region,4020,Redcliffe,Moreton,Southern,SEQ North,North Coast and Wide Bay/Burnett,Redcliffe,Redcliffe,Moreton Bay - North,Major Cities,Redcliffe,Petrie,Locally-controlled,Intersection - Roundabout,Give way sign,60 km/h,Sealed - Dry,Clear,Daylight,Straight,Level,101,Veh'S Adjacent Approach: Thru-Thru,Intersection from adjacent approaches,N,0,0,2,0,2,1,1,0,0,0,0,0
941,Minor injury,2001,May,Tuesday,8,Rear-end,Multi-Vehicle,153.4109017,-28.02474561,Southport - Burleigh Rd,,Southport - Burleigh Road,Broadbeach Waters,Gold Coast City,4218,Broadbeach,Gold Coast,South Eastern,SEQ South,South Coast,Broadbeach Waters,Broadbeach - Burleigh,Gold Coast,Major Cities,Surfers Paradise,Moncrieff,State-controlled,No Roadway Feature,No traffic control,70 km/h,Sealed - Dry,Clear,Daylight,Straight,Level,301,Veh'S Same Direction: Rear End,Rear-end,N,0,0,0,1,1,3,0,0,0,0,0,0
942,Property damage only,2001,May,Tuesday,7,Overturned,Single Vehicle,148.8750632,-23.63166609,Blackwater - Rolleston Rd,,Blackwater - Rolleston Road,Stewarton,Central Highlands Region,4702,Blackwater,Capricornia,Central,Central,Central Queensland,Central Highlands - East,Central Highlands (qld),Central Queensland,Outer Regional,Gregory,Flynn,State-controlled,No Roadway Feature,No traffic control,100 - 110 km/h,Sealed - Dry,Clear,Daylight,Straight,Level,705,Off Path-Straight:Out Of Control On Cway,Out of control on straight,N,0,0,0,0,0,1,0,0,0,0,0,0
943,Property damage only,2001,May,Tuesday,18,Hit object,Single Vehicle,149.1196559,-21.47371329,Middle Creek Rd,,,Sarina,Mackay Region,4737,Sarina,Mackay,Central,Central,Central Queensland,Sarina,Mackay,Mackay - Isaac - Whitsunday,Outer Regional,Mirani,Capricornia,Locally-controlled,No Roadway Feature,No traffic control,60 km/h,Unsealed - Dry,Clear,Dawn/Dusk,Straight,Level,703,Off Path-Straight: Left Off Cway Hit Obj,Off carriageway on straight hit object,W,0,0,0,0,0,1,0,0,0,0,0,0
944,Medical treatment,2001,May,Wednesday,18,Rear-end,Multi-Vehicle,153.026051,-27.48362156,South East Arterial Rd,,South-East Arterial Road (Pacific Motorway),South Brisbane,Brisbane City,4101,Dutton Park,South Brisbane,Brisbane,SEQ South,Metropolitan,South Brisbane,Brisbane Inner,Brisbane Inner City,Major Cities,South Brisbane,Griffith,State-controlled,Bridge/Causeway,No traffic control,70 km/h,Sealed - Dry,Clear,Darkness - Lighted,Straight,Level,301,Veh'S Same Direction: Rear End,Rear-end,W,0,0,1,0,1,3,0,0,0,0,0,0
945,Medical treatment,2001,May,Wednesday,5,Rear-end,Multi-Vehicle,153.1212712,-27.44485745,Lytton Rd,,Port Of Brisbane Road,Hemmant,Brisbane City,4174,Wynnum,South Brisbane,Brisbane,SEQ South,Metropolitan,Wynnum West - Hemmant,Wynnum - Manly,Brisbane - East,Major Cities,Lytton,Bonner,State-controlled,No Roadway Feature,No traffic control,60 km/h,Sealed - Wet,Clear,Dawn/Dusk,Straight,Level,303,Veh'S Same Direction: Right Rear,Rear-end,W,0,0,1,0,1,2,0,0,0,0,0,0
946,Medical treatment,2001,May,Wednesday,11,Angle,Multi-Vehicle,153.0401328,-27.6607115,Browns Plains Rd,,,Browns Plains,Logan City,4118,Browns Plains,Logan,South Eastern,SEQ South,South Coast,Browns Plains,Browns Plains,Logan - Beaudesert,Major Cities,Algester,Rankin,Locally-controlled,No Roadway Feature,Operating traffic lights,60 km/h,Sealed - Dry,Clear,Daylight,Straight,Level,406,Veh'S Manoeuvring: Leaving Driveway,Vehicle leaving driveway,E,0,0,1,0,1,2,0,0,0,0,0,0
947,Property damage only,2001,May,Wednesday,0,Hit object,Single Vehicle,153.0716346,-27.4371386,Kingsford Smith Dr,,,Hamilton,Brisbane City,4007,Hendra,North Brisbane,Brisbane,SEQ North,Metropolitan,Hamilton (qld),Brisbane Inner - North,Brisbane Inner City,Major Cities,Clayfield,Brisbane,Locally-controlled,No Roadway Feature,No traffic control,60 km/h,Sealed - Dry,Clear,Darkness - Lighted,Straight,Level,708,Off Path-Straight: Mounts Traffic Island,Off carriageway on straight hit object,E,0,0,0,0,0,1,0,0,0,0,0,0
948,Property damage only,2001,May,Wednesday,17,Rear-end,Multi-Vehicle,153.1150935,-26.69232416,Brisbane Rd,,,Mooloolaba,Sunshine Coast Region,4557,Maroochydore,Sunshine Coast,Central,SEQ North,North Coast and Wide Bay/Burnett,Mooloolaba - Alexandra Headland,Maroochy,Sunshine Coast,Major Cities,Maroochydore,Fisher,Locally-controlled,No Roadway Feature,No traffic control,60 km/h,Sealed - Dry,Clear,Darkness - Lighted,Straight,Level,301,Veh'S Same Direction: Rear End,Rear-end,S,0,0,0,0,0,3,0,0,0,0,0,0
949,Property damage only,2001,May,Wednesday,5,Hit object,Single Vehicle,153.4260679,-28.00259381,Gold Coast Hwy,Whelan St,,Surfers Paradise,Gold Coast City,4217,Surfers Paradise,Gold Coast,South Eastern,SEQ South,South Coast,Surfers Paradise,Surfers Paradise,Gold Coast,Major Cities,Surfers Paradise,Moncrieff,Locally-controlled,Intersection - Cross,Operating traffic lights,60 km/h,Sealed - Dry,Clear,Darkness - Lighted,Curved - view open,Level,808,Off Path-Curve: Mounts Traffic Island,Off carriageway on curve hit object,N,0,0,0,0,0,1,0,0,0,0,0,0
950,Medical treatment,2001,May,Wednesday,9,Head-on,Multi-Vehicle,153.0293469,-27.81574861,Mt Lindesay Hwy,,Mount Lindesay Highway (Brisbane-Beaudesert),Jimboomba,Logan City,4280,Jimboomba,Logan,South Eastern,SEQ South,South Coast,Jimboomba,Jimboomba,Logan - Beaudesert,Inner Regional,Logan,Wright,State-controlled,No Roadway Feature,No traffic control,100 - 110 km/h,Sealed - Dry,Clear,Daylight,Straight,Level,201,Veh'S Opposite Approach: Head On,Head-on,N,0,0,1,0,1,1,0,0,0,0,0,1
951,Medical treatment,2001,May,Wednesday,9,Angle,Multi-Vehicle,152.3407139,-24.87077992,Branyan St,Woondooma St,,Bundaberg West,Bundaberg Region,4670,Bundaberg,Wide Bay Burnett,Central,Southern,North Coast and Wide Bay/Burnett,Bundaberg,Bundaberg,Wide Bay,Inner Regional,Bundaberg,Hinkler,Locally-controlled,Intersection - Cross,Give way sign,60 km/h,Sealed - Dry,Clear,Daylight,Straight,Level,101,Veh'S Adjacent Approach: Thru-Thru,Intersection from adjacent approaches,E,0,0,1,0,1,2,0,0,0,0,0,0
952,Property damage only,2001,May,Wednesday,18,Hit parked vehicle,Single Vehicle,151.9562841,-27.5752174,Long St,,,South Toowoomba,Toowoomba Region,4350,Toowoomba,Darling Downs,Southern,Southern,Downs South West,Toowoomba - Central,Toowoomba,Toowoomba,Inner Regional,Toowoomba South,Groom,Locally-controlled,No Roadway Feature,No traffic control,60 km/h,Sealed - Dry,Clear,Darkness - Not lighted,Straight,Grade,601,Veh'S On Path: Parked,Hit parked vehicle,E,0,0,0,0,0,2,0,0,0,0,0,0
953,Minor injury,2001,May,Wednesday,7,Overturned,Single Vehicle,150.5026042,-23.3929691,Larnach St,,,Allenstown,Rockhampton Region,4700,Rockhampton,Capricornia,Central,Central,Central Queensland,The Range - Allenstown,Rockhampton,Central Queensland,Inner Regional,Rockhampton,Capricornia,Locally-controlled,No Roadway Feature,No traffic control,60 km/h,Unsealed - Wet,Clear,Daylight,Straight,Grade,702,Off Path-Straight: Right Off Cway,Off carriageway on straight,E,0,0,0,1,1,0,0,1,0,0,0,0
954,Medical treatment,2001,May,Thursday,17,Angle,Multi-Vehicle,153.1325159,-27.58866837,Priestdale Rd,,,Rochedale South,Logan City,4123,Springwood,Logan,South Eastern,SEQ South,South Coast,Rochedale South - Priestdale,Springwood - Kingston,Logan - Beaudesert,Major Cities,Springwood,Rankin,Locally-controlled,No Roadway Feature,No traffic control,60 km/h,Sealed - Dry,Clear,Dawn/Dusk,Straight,Grade,400,Veh'S Manoeuvring: Other,Other,,0,0,1,0,1,1,1,0,0,0,0,0
955,Property damage only,2001,May,Thursday,18,Rear-end,Multi-Vehicle,153.1148583,-26.69345338,Brisbane Rd,Sunshine Mwy Ramp E,Sunshine Motorway (Tanawha - Mooloolaba),Mooloolaba,Sunshine Coast Region,4557,Maroochydore,Sunshine Coast,Central,SEQ North,North Coast and Wide Bay/Burnett,Mooloolaba - Alexandra Headland,Maroochy,Sunshine Coast,Major Cities,Maroochydore,Fisher,State-controlled,Intersection - Interchange,Give way sign,60 km/h,Sealed - Dry,Clear,Darkness - Lighted,Curved - view open,Level,301,Veh'S Same Direction: Rear End,Rear-end,N,0,0,0,0,0,2,0,0,0,0,0,0
956,Medical treatment,2001,May,Thursday,7,Hit object,Single Vehicle,153.046776,-26.70796563,Mooloolaba Rd,,Mooloolaba Road,Buderim,Sunshine Coast Region,4556,Maroochydore,Sunshine Coast,Central,SEQ North,North Coast and Wide Bay/Burnett,Buderim - South,Buderim,Sunshine Coast,Major Cities,Buderim,Fairfax,State-controlled,No Roadway Feature,No traffic control,100 - 110 km/h,Sealed - Dry,Clear,Daylight,Curved - view open,Level,803,Off Path-Curve: Off Cway Rt Bend Hit Obj,Off carriageway on curve hit object,S,0,0,1,0,1,1,0,0,0,0,0,0
957,Medical treatment,2001,May,Thursday,11,Hit pedestrian,Hit pedestrian,153.3386256,-28.00084196,New St,,,Nerang,Gold Coast City,4211,Nerang,Gold Coast,South Eastern,SEQ South,South Coast,Nerang - Mount Nathan,Nerang,Gold Coast,Major Cities,Gaven,Moncrieff,Locally-controlled,No Roadway Feature,No traffic control,60 km/h,Sealed - Dry,Clear,Daylight,Straight,Level,3,Ped'N: Far Side Vehicle Hit From Left,Pedestrian,E,0,0,1,0,1,1,0,0,0,0,1,0
958,Property damage only,2001,May,Thursday,18,Overturned,Single Vehicle,148.3693483,-23.04398984,Maywin Dr,,,Tieri,Central Highlands Region,4709,Tieri,Capricornia,Central,Central,Central Queensland,Central Highlands - West,Central Highlands (qld),Central Queensland,Remote,Gregory,Flynn,Locally-controlled,No Roadway Feature,No traffic control,60 km/h,Unsealed - Dry,Clear,Darkness - Not lighted,Curved - view open,Grade,802,Off Path-Curve: Off Cway Left Bend,Off carriageway on curve,N,0,0,0,0,0,1,0,0,0,0,0,0
959,Hospitalisation,2001,May,Thursday,17,Rear-end,Multi-Vehicle,149.1796805,-21.11684787,Glenpark St,,,North Mackay,Mackay Region,4740,Mackay,Mackay,Central,Central,Central Queensland,North Mackay,Mackay,Mackay - Isaac - Whitsunday,Inner Regional,Mackay,Dawson,Locally-controlled,No Roadway Feature,Pedestrian crossing sign,60 km/h,Sealed - Dry,Clear,Dawn/Dusk,Straight,Crest,301,Veh'S Same Direction: Rear End,Rear-end,N,0,1,0,0,1,2,0,0,0,0,0,0
960,Minor injury,2001,June,Friday,11,Angle,Multi-Vehicle,153.0065938,-27.50203213,Hawken Dr,,,St Lucia,Brisbane City,4067,Indooroopilly,North Brisbane,Brisbane,SEQ North,Metropolitan,St Lucia,Sherwood - Indooroopilly,Brisbane - West,Major Cities,Maiwar,Ryan,Locally-controlled,No Roadway Feature,No traffic control,60 km/h,Sealed - Dry,Clear,Daylight,Straight,Level,506,Veh'S Overtaking: Overtake-Right Turn,Overtaking same direction,E,0,0,0,1,1,2,0,0,0,0,0,0
961,Property damage only,2001,June,Friday,19,Angle,Multi-Vehicle,153.0203807,-27.54292813,Beaudesert Rd Service Rd,,,Moorooka,Brisbane City,4105,Moorooka,South Brisbane,Brisbane,SEQ South,Metropolitan,Moorooka,Nathan,Brisbane - South,Major Cities,Toohey,Moreton,Locally-controlled,No Roadway Feature,No traffic control,60 km/h,Sealed - Dry,Clear,Darkness - Lighted,Straight,Level,506,Veh'S Overtaking: Overtake-Right Turn,Overtaking same direction,N,0,0,0,0,0,2,0,0,0,0,0,0
962,Property damage only,2001,June,Friday,16,Rear-end,Multi-Vehicle,153.1318567,-26.69319591,Point Cartwright Dr,,,Buddina,Sunshine Coast Region,4575,Kawana Waters,Sunshine Coast,Central,SEQ North,North Coast and Wide Bay/Burnett,Buddina - Minyama,Caloundra,Sunshine Coast,Major Cities,Kawana,Fisher,Locally-controlled,No Roadway Feature,No traffic control,70 km/h,Sealed - Wet,Raining,Dawn/Dusk,Straight,Level,301,Veh'S Same Direction: Rear End,Rear-end,W,0,0,0,0,0,2,0,0,0,0,0,0
963,Property damage only,2001,June,Friday,17,Angle,Multi-Vehicle,149.1761531,-21.15515774,Milton St,Pratt St,,South Mackay,Mackay Region,4740,Mackay,Mackay,Central,Central,Central Queensland,South Mackay,Mackay,Mackay - Isaac - Whitsunday,Inner Regional,Mackay,Dawson,Locally-controlled,Intersection - T-Junction,No traffic control,60 km/h,Sealed - Dry,Clear,Darkness - Lighted,Straight,Level,202,Veh'S Opposite Approach: Thru-Right,Opposing vehicles turning,N,0,0,0,0,0,2,0,0,0,0,0,0
964,Property damage only,2001,June,Saturday,12,Hit object,Single Vehicle,153.0520815,-27.59257961,Garro St,,,Sunnybank Hills,Brisbane City,4109,Acacia Ridge,South Brisbane,Brisbane,SEQ South,Metropolitan,Sunnybank Hills,Sunnybank,Brisbane - South,Major Cities,Stretton,Moreton,Locally-controlled,No Roadway Feature,No traffic control,0 - 50 km/h,Sealed - Dry,Clear,Daylight,Straight,Level,704,Off Path-Straight:Right Off Cway Hit Obj,Off carriageway on straight hit object,N,0,0,0,0,0,2,0,0,0,0,0,0
965,Property damage only,2001,June,Saturday,21,Angle,Multi-Vehicle,153.0603121,-27.58912595,Lumphanan St,Pinelands Rd,,Sunnybank Hills,Brisbane City,4109,Acacia Ridge,South Brisbane,Brisbane,SEQ South,Metropolitan,Sunnybank Hills,Sunnybank,Brisbane - South,Major Cities,Stretton,Moreton,Locally-controlled,Intersection - T-Junction,Operating traffic lights,70 km/h,Sealed - Dry,Clear,Darkness - Lighted,Straight,Level,406,Veh'S Manoeuvring: Leaving Driveway,Vehicle leaving driveway,W,0,0,0,0,0,2,0,0,0,0,0,0