Crash_Ref_Number,Crash_Severity,Crash_Year,Crash_Month,Crash_Day_Of_Week,Crash_Hour,Crash_Nature,Crash_Type,Crash_Longitude_GDA94,Crash_Latitude_GDA94,Crash_Street,Crash_Street_Intersecting,State_Road_Name,Loc_Suburb,Loc_Local_Government_Area,Loc_Post_Code,Loc_Police_Division,Loc_Police_District,Loc_Police_Region,Loc_Queensland_Transport_Region,Loc_Main_Roads_Region,Loc_ABS_Statistical_Area_2,Loc_ABS_Statistical_Area_3,Loc_ABS_Statistical_Area_4,Loc_ABS_Remoteness,Loc_State_Electorate,Loc_Federal_Electorate,Crash_Controlling_Authority,Crash_Roadway_Feature,Crash_Traffic_Control,Crash_Speed_Limit,Crash_Road_Surface_Condition,Crash_Atmospheric_Condition,Crash_Lighting_Condition,Crash_Road_Horiz_Align,Crash_Road_Vert_Align,Crash_DCA_Code,Crash_DCA_Description,Crash_DCA_Group_Description,DCA_Key_Approach_Dir,Count_Casualty_Fatality,Count_Casualty_Hospitalised,Count_Casualty_MedicallyTreated,Count_Casualty_MinorInjury,Count_Casualty_Total,Count_Unit_Car,Count_Unit_Motorcycle_Moped,Count_Unit_Truck,Count_Unit_Bus,Count_Unit_Bicycle,Count_Unit_Pedestrian,Count_Unit_Other
966,Hospitalisation,2001,June,Saturday,16,Hit pedestrian,Hit pedestrian,152.9717944,-27.6073274,Woodland Ave,,,Forest Lake,Brisbane City,4078,Inala,South Brisbane,Brisbane,SEQ South,Metropolitan,Forest Lake - Doolandella,Forest Lake - Oxley,Ipswich,Major Cities,Inala,Oxley,Locally-controlled,No Roadway Feature,No traffic control,60 km/h,Sealed - Dry,Clear,Daylight,Straight,Level,3,Ped'N: Far Side Vehicle Hit From Left,Pedestrian,S,0,1,0,0,1,1,0,0,0,0,1,0
967,Minor injury,2001,June,Saturday,22,Angle,Multi-Vehicle,153.0878235,-27.57528958,Padstow Rd,Warrigal Rd,,Eight Mile Plains,Brisbane City,4113,Upper Mount Gravatt,South Brisbane,Brisbane,SEQ South,Metropolitan,Eight Mile Plains,Mt Gravatt,Brisbane - South,Major Cities,Toohey,Moreton,Locally-controlled,Intersection - Roundabout,Give way sign,60 km/h,Sealed - Dry,Clear,Darkness - Lighted,Straight,Grade,101,Veh'S Adjacent Approach: Thru-Thru,Intersection from adjacent approaches,S,0,0,0,2,2,2,0,0,0,0,0,0
968,Property damage only,2001,June,Saturday,23,Hit parked vehicle,Single Vehicle,153.1672283,-27.45772293,Blackwood Rd,,,Manly West,Brisbane City,4179,Wynnum,South Brisbane,Brisbane,SEQ South,Metropolitan,Manly West,Wynnum - Manly,Brisbane - East,Major Cities,Lytton,Bonner,Locally-controlled,No Roadway Feature,No traffic control,60 km/h,Sealed - Dry,Clear,Darkness - Lighted,Straight,Level,601,Veh'S On Path: Parked,Hit parked vehicle,W,0,0,0,0,0,2,0,0,0,0,0,0
969,Medical treatment,2001,June,Saturday,12,Rear-end,Multi-Vehicle,153.4164714,-27.9667412,Gold Coast Hwy,,,Southport,Gold Coast City,4215,Southport,Gold Coast,South Eastern,SEQ South,South Coast,Southport - North,Southport,Gold Coast,Major Cities,Southport,Moncrieff,Locally-controlled,No Roadway Feature,No traffic control,70 km/h,Sealed - Dry,Clear,Daylight,Straight,Level,301,Veh'S Same Direction: Rear End,Rear-end,N,0,0,1,0,1,3,0,0,0,0,0,0
970,Property damage only,2001,June,Saturday,7,Hit object,Single Vehicle,152.6564383,-26.19233362,Gympie - Woolooga Rd,,Gympie - Woolooga Road,Gympie,Gympie Region,4570,Gympie,Wide Bay Burnett,Central,Southern,North Coast and Wide Bay/Burnett,Gympie - North,Gympie - Cooloola,Wide Bay,Inner Regional,Gympie,Wide Bay,State-controlled,No Roadway Feature,No traffic control,60 km/h,Sealed - Wet,Clear,Daylight,Curved - view open,Grade,803,Off Path-Curve: Off Cway Rt Bend Hit Obj,Off carriageway on curve hit object,E,0,0,0,0,0,1,0,0,0,0,0,0
971,Property damage only,2001,June,Saturday,19,Angle,Multi-Vehicle,150.5010996,-23.39915555,Spencer St,Upper Dawson Rd,,The Range,Rockhampton Region,4700,Rockhampton,Capricornia,Central,Central,Central Queensland,The Range - Allenstown,Rockhampton,Central Queensland,Inner Regional,Rockhampton,Capricornia,Locally-controlled,Intersection - T-Junction,No traffic control,60 km/h,Sealed - Dry,Clear,Darkness - Lighted,Straight,Level,107,Veh'S Adjacent Approach: Thru-Left,Intersection from adjacent approaches,N,0,0,0,0,0,2,0,0,0,0,0,0
972,Fatal,2001,June,Saturday,17,Angle,Multi-Vehicle,148.5905138,-24.49346299,Carnarvon Developmental Rd,,Carnarvon Highway (Injune - Rolleston),Rolleston,Central Highlands Region,4702,Rolleston,Capricornia,Central,Central,Central Queensland,Central Highlands - West,Central Highlands (qld),Central Queensland,Remote,Gregory,Flynn,State-controlled,No Roadway Feature,No traffic control,100 - 110 km/h,Sealed - Dry,Clear,Dawn/Dusk,Straight,Level,308,Veh'S Same Direction: Right Turn S/Swipe,Parallel lanes turning,S,1,1,0,0,2,1,0,1,0,0,0,0
973,Hospitalisation,2001,June,Saturday,1,Hit object,Single Vehicle,147.6477466,-22.81846864,Drummond St,,,Clermont,Isaac Region,4721,Clermont,Mackay,Central,Central,Central Queensland,Clermont,Bowen Basin - North,Mackay - Isaac - Whitsunday,Remote,Burdekin,Capricornia,Locally-controlled,No Roadway Feature,No traffic control,60 km/h,Sealed - Dry,Clear,Darkness - Not lighted,Straight,Level,704,Off Path-Straight:Right Off Cway Hit Obj,Off carriageway on straight hit object,E,0,2,0,0,2,1,0,0,0,0,0,0
974,Medical treatment,2001,June,Sunday,22,Hit object,Single Vehicle,153.0186143,-27.30641116,Mantias St,,,Bald Hills,Brisbane City,4036,Sandgate,North Brisbane,Brisbane,SEQ North,Metropolitan,Bald Hills,Bald Hills - Everton Park,Brisbane - North,Major Cities,Sandgate,Petrie,Locally-controlled,No Roadway Feature,No traffic control,60 km/h,Sealed - Dry,Clear,Darkness - Not lighted,Straight,Level,700,Off Path-Straight: Other,Other,S,0,0,1,0,1,1,0,0,0,0,0,0
975,Medical treatment,2001,June,Sunday,7,Sideswipe,Multi-Vehicle,153.2498907,-27.77037553,Pacific Hwy,,Pacific Highway (Pacific Motorway),Ormeau,Gold Coast City,4208,Coomera,Gold Coast,South Eastern,SEQ South,South Coast,Ormeau - Yatala,Ormeau - Oxenford,Gold Coast,Major Cities,Coomera,Forde,State-controlled,No Roadway Feature,No traffic control,100 - 110 km/h,Sealed - Dry,Clear,Daylight,Curved - view obscured,Crest,305,Veh'S Same Direction: Lane Side Swipe,Lane changes,N,0,0,1,0,1,1,0,0,0,0,0,1
976,Medical treatment,2001,June,Sunday,11,Fall from vehicle,Single Vehicle,152.5486064,-27.04347211,Esk - Kilcoy Rd,,Esk - Kilcoy Road,Hazeldean,Somerset Region,4515,Kilcoy,Moreton,Southern,SEQ North,North Coast and Wide Bay/Burnett,Kilcoy,Caboolture Hinterland,Moreton Bay - North,Inner Regional,Nanango,Blair,State-controlled,No Roadway Feature,No traffic control,100 - 110 km/h,Sealed - Dry,Clear,Daylight,Curved - view open,Level,805,Off Path-Curve: Out Of Control On Cway,Out of control on curve,S,0,0,1,0,1,0,1,0,0,0,0,0
977,Property damage only,2001,June,Sunday,1,Hit object,Single Vehicle,153.042192,-26.41217358,Eumundi - Noosa Rd,Rene St,,Noosaville,Noosa Shire,4566,Noosa Heads,Sunshine Coast,Central,SEQ North,North Coast and Wide Bay/Burnett,Noosaville,Noosa,Sunshine Coast,Major Cities,Noosa,Wide Bay,Locally-controlled,Intersection - Roundabout,Give way sign,60 km/h,Sealed - Dry,Clear,Darkness - Lighted,Straight,Level,708,Off Path-Straight: Mounts Traffic Island,Off carriageway on straight hit object,W,0,0,0,0,0,1,0,0,0,0,0,0
978,Property damage only,2001,June,Sunday,17,Hit object,Single Vehicle,152.2413204,-25.23101424,Bruce Hwy,,Bruce Highway (Maryborough - Gin Gin),Apple Tree Creek,Bundaberg Region,4660,Childers,Wide Bay Burnett,Central,Southern,North Coast and Wide Bay/Burnett,Bundaberg Region - South,Bundaberg,Wide Bay,Inner Regional,Burnett,Hinkler,State-controlled,No Roadway Feature,No traffic control,100 - 110 km/h,Sealed - Dry,Clear,Darkness - Not lighted,Curved - view obscured,Grade,803,Off Path-Curve: Off Cway Rt Bend Hit Obj,Off carriageway on curve hit object,N,0,0,0,0,0,1,0,0,0,0,0,0
979,Property damage only,2001,June,Sunday,22,Overturned,Single Vehicle,150.5333363,-26.70375879,Warrego Hwy,,Warrego Highway (Dalby - Miles),Cameby,Western Downs Region,4413,Chinchilla,South West,Southern,Southern,Downs South West,Chinchilla,Darling Downs (west) - Maranoa,Darling Downs - Maranoa,Outer Regional,Callide,Maranoa,State-controlled,No Roadway Feature,No traffic control,60 km/h,Sealed - Dry,Clear,Darkness - Not lighted,Straight,Level,701,Off Path-Straight: Left Off Cway,Off carriageway on straight,E,0,0,0,0,0,0,0,1,0,0,0,0
980,Minor injury,2001,June,Monday,15,Rear-end,Multi-Vehicle,153.0160387,-27.46582004,Countess St,,,Brisbane City,Brisbane City,4000,Brisbane City,North Brisbane,Brisbane,SEQ North,Metropolitan,Brisbane City,Brisbane Inner,Brisbane Inner City,Major Cities,Mcconnel,Brisbane,Locally-controlled,No Roadway Feature,No traffic control,60 km/h,Sealed - Dry,Clear,Daylight,Straight,Level,301,Veh'S Same Direction: Rear End,Rear-end,S,0,0,0,1,1,3,0,0,0,0,0,0
981,Hospitalisation,2001,June,Monday,22,Hit object,Single Vehicle,152.8989351,-27.53791527,Moggill Rd,,Moggill Sub-Arterial Road,Pinjarra Hills,Brisbane City,4069,Indooroopilly,North Brisbane,Brisbane,SEQ North,Metropolitan,Pinjarra Hills - Pullenvale,Kenmore - Brookfield - Moggill,Brisbane - West,Major Cities,Moggill,Ryan,State-controlled,No Roadway Feature,No traffic control,70 km/h,Sealed - Wet,Raining,Darkness - Not lighted,Curved - view obscured,Grade,803,Off Path-Curve: Off Cway Rt Bend Hit Obj,Off carriageway on curve hit object,S,0,1,0,1,2,1,0,0,0,0,0,0
982,Medical treatment,2001,June,Monday,13,Hit object,Single Vehicle,0,0,Potassium St,,,Unknown,Unknown,Unknown,Unknown,Unknown,Unknown,Unknown,Unknown,Unknown,Unknown,Unknown,Unknown,Unknown,Unknown,Locally-controlled,No Roadway Feature,No traffic control,60 km/h,Sealed - Dry,Clear,Daylight,Curved - view open,Level,803,Off Path-Curve: Off Cway Rt Bend Hit Obj,Off carriageway on curve hit object,E,0,0,1,0,1,0,0,1,0,0,0,0
983,Medical treatment,2001,June,Monday,15,Rear-end,Multi-Vehicle,152.7810782,-27.61333721,Barrett St,Ipswich - Cunningham Hwy Connection Rd,Ipswich - Cunningham Hwy Connection Road,Newtown,Ipswich City,4305,Ipswich,Ipswich,Southern,SEQ South,Metropolitan,Ipswich - East,Ipswich Inner,Ipswich,Major Cities,Ipswich,Blair,State-controlled,Intersection - T-Junction,No traffic control,60 km/h,Sealed - Dry,Clear,Daylight,Straight,Grade,303,Veh'S Same Direction: Right Rear,Rear-end,W,0,0,4,0,4,2,0,0,0,0,0,0
984,Property damage only,2001,June,Monday,12,Angle,Multi-Vehicle,152.7610679,-27.61943508,Ipswich - Cunningham Hwy Connection Rd,Warwick Rd,Ipswich - Cunningham Hwy Connection Road,Ipswich,Ipswich City,4305,Ipswich,Ipswich,Southern,SEQ South,Metropolitan,Ipswich - Central,Ipswich Inner,Ipswich,Major Cities,Ipswich,Blair,State-controlled,Intersection - T-Junction,Give way sign,60 km/h,Sealed - Dry,Clear,Daylight,Straight,Grade,104,Veh'S Adjacent Approach: Thru-Right,Intersection from adjacent approaches,N,0,0,0,0,0,2,0,0,0,0,0,0
985,Medical treatment,2001,June,Monday,15,Non-collision - miscellaneous,Other,153.3745822,-27.9305282,Pine Ridge Rd,,,Coombabah,Gold Coast City,4216,Runaway Bay,Gold Coast,South Eastern,SEQ South,South Coast,Coombabah,Gold Coast - North,Gold Coast,Major Cities,Bonney,Fadden,Locally-controlled,No Roadway Feature,No traffic control,60 km/h,Unknown,Clear,Daylight,Straight,Level,901,Pass & Misc: Fell In/From Vehicle,Other,N,0,0,1,0,1,0,0,0,1,0,0,0
986,Minor injury,2001,June,Monday,0,Overturned,Single Vehicle,150.3072728,-28.39347658,Gore Hwy,Leichhardt Hwy,Leichhardt Highway (Miles - Goondiwindi),Goondiwindi,Goondiwindi Region,4390,Goondiwindi,Darling Downs,Southern,Southern,Downs South West,Goondiwindi,Darling Downs (west) - Maranoa,Darling Downs - Maranoa,Outer Regional,Southern Downs,Maranoa,State-controlled,Intersection - T-Junction,No traffic control,100 - 110 km/h,Sealed - Dry,Clear,Darkness - Not lighted,Curved - view open,Level,805,Off Path-Curve: Out Of Control On Cway,Out of control on curve,N,0,0,0,1,1,0,0,1,0,0,0,0
987,Medical treatment,2001,June,Monday,15,Hit object,Single Vehicle,147.7221566,-26.66175455,Mitchell - Bollon Rd,,,Mungallala South,Maranoa Region,4467,Mitchell,South West,Southern,Southern,Downs South West,Roma Region,Darling Downs (west) - Maranoa,Darling Downs - Maranoa,Very Remote,Warrego,Maranoa,Locally-controlled,No Roadway Feature,No traffic control,100 - 110 km/h,Sealed - Dry,Clear,Daylight,Straight,Level,703,Off Path-Straight: Left Off Cway Hit Obj,Off carriageway on straight hit object,E,0,0,1,0,1,1,0,0,0,0,0,0
988,Hospitalisation,2001,June,Monday,15,Overturned,Single Vehicle,148.9904986,-21.28511347,Eton - Homebush Rd,,Eton - Homebush Road,Oakenden,Mackay Region,4741,Eton,Mackay,Central,Central,Central Queensland,Walkerston - Eton,Mackay,Mackay - Isaac - Whitsunday,Outer Regional,Mirani,Capricornia,State-controlled,No Roadway Feature,No traffic control,100 - 110 km/h,Sealed - Wet,Raining,Daylight,Straight,Level,700,Off Path-Straight: Other,Other,N,0,1,2,0,3,1,0,0,0,0,0,0
989,Property damage only,2001,June,Tuesday,16,Angle,Multi-Vehicle,153.0312218,-27.40815433,Nieppe St,Somerset Rd,,Kedron,Brisbane City,4031,Stafford,North Brisbane,Brisbane,SEQ North,Metropolitan,Kedron - Gordon Park,Chermside,Brisbane - North,Major Cities,Stafford,Lilley,Locally-controlled,Intersection - T-Junction,No traffic control,60 km/h,Sealed - Dry,Clear,Dawn/Dusk,Straight,Level,104,Veh'S Adjacent Approach: Thru-Right,Intersection from adjacent approaches,E,0,0,0,0,0,2,0,0,0,0,0,0
990,Medical treatment,2001,June,Tuesday,9,Rear-end,Multi-Vehicle,153.0410074,-27.55546682,Orange Grove Rd,,,Salisbury,Brisbane City,4107,Upper Mount Gravatt,South Brisbane,Brisbane,SEQ South,Metropolitan,Salisbury - Nathan,Nathan,Brisbane - South,Major Cities,Toohey,Moreton,Locally-controlled,No Roadway Feature,No traffic control,60 km/h,Sealed - Dry,Clear,Daylight,Straight,Crest,301,Veh'S Same Direction: Rear End,Rear-end,S,0,0,1,0,1,3,0,0,0,0,0,0
991,Minor injury,2001,June,Tuesday,14,Rear-end,Multi-Vehicle,152.7477695,-27.62451849,Old Toowoomba Rd,,,Churchill,Ipswich City,4305,Ipswich,Ipswich,Southern,SEQ South,Metropolitan,Churchill - Yamanto,Ipswich Inner,Ipswich,Major Cities,Ipswich,Blair,Locally-controlled,Bridge/Causeway,No traffic control,60 km/h,Sealed - Dry,Clear,Daylight,Straight,Dip,301,Veh'S Same Direction: Rear End,Rear-end,E,0,0,0,1,1,1,0,1,0,0,0,0
992,Minor injury,2001,June,Tuesday,22,Hit pedestrian,Hit pedestrian,153.4307809,-28.03291541,Gold Coast Hwy,,,Broadbeach,Gold Coast City,4218,Broadbeach,Gold Coast,South Eastern,SEQ South,South Coast,Mermaid Beach - Broadbeach,Broadbeach - Burleigh,Gold Coast,Major Cities,Surfers Paradise,Moncrieff,Locally-controlled,No Roadway Feature,No traffic control,70 km/h,Sealed - Dry,Clear,Darkness - Lighted,Curved - view open,Level,1,Ped'N: Near Side Vehicle Hit From Right,Pedestrian,N,0,0,0,1,1,1,0,0,0,0,1,0
993,Property damage only,2001,June,Tuesday,17,Rear-end,Multi-Vehicle,153.4197704,-27.97212685,Gold Coast Hwy,,,Southport,Gold Coast City,4215,Southport,Gold Coast,South Eastern,SEQ South,South Coast,Southport - North,Southport,Gold Coast,Major Cities,Southport,Moncrieff,Locally-controlled,No Roadway Feature,No traffic control,60 km/h,Sealed - Wet,Raining,Darkness - Lighted,Straight,Level,303,Veh'S Same Direction: Right Rear,Rear-end,S,0,0,0,0,0,3,0,0,0,0,0,0
994,Hospitalisation,2001,June,Tuesday,15,Hit object,Single Vehicle,151.2639789,-27.37048208,Nandi - Tipton Rd,,,St Ruth,Western Downs Region,4405,Dalby,South West,Southern,Southern,Downs South West,Wambo,Darling Downs - East,Darling Downs - Maranoa,Inner Regional,Warrego,Maranoa,Locally-controlled,No Roadway Feature,No traffic control,100 - 110 km/h,Sealed - Dry,Clear,Daylight,Straight,Grade,704,Off Path-Straight:Right Off Cway Hit Obj,Off carriageway on straight hit object,W,0,1,0,0,1,1,0,0,0,0,0,0
995,Property damage only,2001,June,Tuesday,10,Hit object,Single Vehicle,148.7233941,-20.27345215,Proserpine - Shute Harbour Rd,,Proserpine - Shute Harbour Road,Airlie Beach,Whitsunday Region,4802,Whitsunday,Mackay,Central,Central,Central Queensland,Airlie - Whitsundays,Whitsunday,Mackay - Isaac - Whitsunday,Outer Regional,Whitsunday,Dawson,State-controlled,No Roadway Feature,No traffic control,70 km/h,Sealed - Wet,Clear,Daylight,Curved - view obscured,Level,800,Off Path-Curve: Other,Other,E,0,0,0,0,0,1,0,0,0,0,0,0
996,Property damage only,2001,June,Tuesday,21,Hit object,Single Vehicle,148.3831422,-21.89841958,Peak Downs Hwy,,Peak Downs Highway (Clermont - Nebo),Coppabella,Isaac Region,4741,Moranbah,Mackay,Central,Central,Central Queensland,Broadsound - Nebo,Bowen Basin - North,Mackay - Isaac - Whitsunday,Outer Regional,Burdekin,Capricornia,State-controlled,No Roadway Feature,No traffic control,100 - 110 km/h,Sealed - Dry,Clear,Darkness - Not lighted,Straight,Level,703,Off Path-Straight: Left Off Cway Hit Obj,Off carriageway on straight hit object,W,0,0,0,0,0,1,0,0,0,0,0,0
997,Property damage only,2001,June,Wednesday,5,Hit parked vehicle,Single Vehicle,153.0388282,-27.59162802,Activity St,,,Acacia Ridge,Brisbane City,4110,Acacia Ridge,South Brisbane,Brisbane,SEQ South,Metropolitan,Rocklea - Acacia Ridge,Rocklea - Acacia Ridge,Brisbane - South,Major Cities,Stretton,Moreton,Locally-controlled,No Roadway Feature,No traffic control,60 km/h,Sealed - Dry,Clear,Dawn/Dusk,Straight,Level,601,Veh'S On Path: Parked,Hit parked vehicle,E,0,0,0,0,0,1,0,0,0,0,0,1
998,Medical treatment,2001,June,Wednesday,16,Hit object,Single Vehicle,153.0304391,-27.54486265,Evans Rd,Tarragindi Rd,,Salisbury,Brisbane City,4107,Moorooka,South Brisbane,Brisbane,SEQ South,Metropolitan,Salisbury - Nathan,Nathan,Brisbane - South,Major Cities,Toohey,Moreton,Locally-controlled,Intersection - T-Junction,Pedestrian crossing sign,60 km/h,Sealed - Wet,Raining,Daylight,Straight,Level,0,Ped'N: Hit Other,Other,E,0,0,1,0,1,1,0,0,0,1,0,0
999,Minor injury,2001,June,Wednesday,17,Rear-end,Multi-Vehicle,153.0127688,-27.30677808,Gympie Arterial Rd,,Gympie Arterial Road,Bald Hills,Brisbane City,4036,Carseldine,North Brisbane,Brisbane,SEQ North,Metropolitan,Bald Hills,Bald Hills - Everton Park,Brisbane - North,Major Cities,Aspley,Petrie,State-controlled,No Roadway Feature,No traffic control,100 - 110 km/h,Sealed - Wet,Clear,Dawn/Dusk,Straight,Level,301,Veh'S Same Direction: Rear End,Rear-end,N,0,0,0,2,2,2,0,1,0,0,0,0
1000,Medical treatment,2001,June,Wednesday,16,Rear-end,Multi-Vehicle,153.0640405,-27.57192244,Mains Rd,Mccullough St,,Sunnybank,Brisbane City,4109,Upper Mount Gravatt,South Brisbane,Brisbane,SEQ South,Metropolitan,Robertson,Nathan,Brisbane - South,Major Cities,Toohey,Moreton,Locally-controlled,Intersection - Cross,Operating traffic lights,60 km/h,Sealed - Wet,Raining,Daylight,Straight,Level,301,Veh'S Same Direction: Rear End,Rear-end,E,0,0,1,0,1,2,0,0,0,0,0,0
1001,Property damage only,2001,June,Wednesday,9,Rear-end,Multi-Vehicle,153.1582558,-27.47482858,Manly Rd,,,Wakerley,Brisbane City,4154,Wynnum,South Brisbane,Brisbane,SEQ South,Metropolitan,Wakerley,Wynnum - Manly,Brisbane - East,Major Cities,Lytton,Bonner,Locally-controlled,No Roadway Feature,No traffic control,60 km/h,Sealed - Dry,Clear,Daylight,Curved - view open,Grade,301,Veh'S Same Direction: Rear End,Rear-end,W,0,0,0,0,0,2,0,0,0,0,0,0
1002,Property damage only,2001,June,Wednesday,17,Angle,Multi-Vehicle,152.9319898,-27.07656471,Lynfield Dr,Smiths Rd,,Caboolture,Moreton Bay Region,4510,Caboolture,Moreton,Southern,SEQ North,North Coast and Wide Bay/Burnett,Caboolture,Caboolture,Moreton Bay - North,Major Cities,Morayfield,Longman,Locally-controlled,Intersection - T-Junction,No traffic control,60 km/h,Sealed - Dry,Clear,Darkness - Lighted,Straight,Level,104,Veh'S Adjacent Approach: Thru-Right,Intersection from adjacent approaches,S,0,0,0,0,0,2,0,0,0,0,0,0
1003,Medical treatment,2001,June,Wednesday,6,Rear-end,Multi-Vehicle,153.0184904,-27.26458214,Bruce Hwy,,Bruce Highway (Brisbane - Gympie),Griffin,Moreton Bay Region,4503,Mango Hill North Lakes,North Brisbane,Brisbane,SEQ North,North Coast and Wide Bay/Burnett,Murrumba Downs - Griffin,North Lakes,Moreton Bay - South,Major Cities,Murrumba,Petrie,State-controlled,No Roadway Feature,No traffic control,100 - 110 km/h,Sealed - Wet,Clear,Daylight,Straight,Level,301,Veh'S Same Direction: Rear End,Rear-end,S,0,0,1,0,1,2,0,0,0,0,0,0
1004,Medical treatment,2001,June,Wednesday,22,Rear-end,Multi-Vehicle,153.1179215,-27.65397258,Brisbane - Beenleigh Rd,Marshall St,Brisbane - Beenleigh Road,Kingston,Logan City,4114,Logan Central,Logan,South Eastern,SEQ South,South Coast,Kingston (qld.),Springwood - Kingston,Logan - Beaudesert,Major Cities,Woodridge,Rankin,State-controlled,Intersection - T-Junction,Operating traffic lights,60 km/h,Sealed - Wet,Raining,Darkness - Lighted,Straight,Level,301,Veh'S Same Direction: Rear End,Rear-end,N,0,0,2,0,2,2,0,0,0,0,0,0
1005,Medical treatment,2001,June,Wednesday,8,Rear-end,Multi-Vehicle,153.0327679,-27.42555974,Lutwyche Rd,,,Windsor,Brisbane City,4030,Stafford,North Brisbane,Brisbane,SEQ North,Metropolitan,Windsor,Brisbane Inner - North,Brisbane Inner City,Major Cities,Clayfield,Brisbane,Locally-controlled,No Roadway Feature,No traffic control,60 km/h,Sealed - Wet,Raining,Daylight,Straight,Crest,301,Veh'S Same Direction: Rear End,Rear-end,S,0,0,1,0,1,2,0,0,0,0,0,0
1006,Property damage only,2001,June,Wednesday,8,Rear-end,Multi-Vehicle,152.9123852,-27.60738693,Ipswich Mwy,,Cunningham Arterial Road (Ipswich Motorway),Gailes,Ipswich City,4300,Goodna,Ipswich,Southern,SEQ South,Metropolitan,Camira - Gailes,Springfield - Redbank,Ipswich,Major Cities,Jordan,Oxley,State-controlled,No Roadway Feature,No traffic control,100 - 110 km/h,Sealed - Wet,Raining,Daylight,Straight,Crest,301,Veh'S Same Direction: Rear End,Rear-end,E,0,0,0,0,0,2,0,0,0,0,0,0
1007,Property damage only,2001,June,Wednesday,9,Sideswipe,Multi-Vehicle,152.91129,-27.60787411,Ipswich Mwy,,Cunningham Highway (Ipswich Motorway),Gailes,Ipswich City,4300,Goodna,Ipswich,Southern,SEQ South,Metropolitan,Camira - Gailes,Springfield - Redbank,Ipswich,Major Cities,Jordan,Oxley,State-controlled,No Roadway Feature,No traffic control,100 - 110 km/h,Sealed - Dry,Clear,Daylight,Curved - view open,Dip,307,Veh'S Same Direction: Lane Change Left,Lane changes,E,0,0,0,0,0,2,0,1,0,0,0,0
1008,Medical treatment,2001,June,Wednesday,8,Rear-end,Multi-Vehicle,153.37633,-27.96471364,Labrador - Carrara Rd,Smith St Con Rd Off Ramp,Labrador - Carrara Road,Molendinar,Gold Coast City,4214,Southport,Gold Coast,South Eastern,SEQ South,South Coast,Molendinar,Southport,Gold Coast,Major Cities,Southport,Fadden,State-controlled,Intersection - Interchange,Operating traffic lights,80 - 90 km/h,Sealed - Dry,Clear,Daylight,Straight,Level,301,Veh'S Same Direction: Rear End,Rear-end,N,0,0,1,0,1,2,0,0,0,0,0,0
1009,Minor injury,2001,June,Wednesday,15,Sideswipe,Multi-Vehicle,152.5741093,-26.12456758,Bruce Hwy,,Bruce Highway (Gympie - Maryborough),Bells Bridge,Gympie Region,4570,Gympie,Wide Bay Burnett,Central,Southern,North Coast and Wide Bay/Burnett,Gympie Region,Gympie - Cooloola,Wide Bay,Inner Regional,Gympie,Wide Bay,State-controlled,No Roadway Feature,Road/Rail worker,0 - 50 km/h,Sealed - Dry,Clear,Daylight,Straight,Level,305,Veh'S Same Direction: Lane Side Swipe,Lane changes,S,0,0,0,1,1,0,0,1,0,1,0,0
1010,Minor injury,2001,June,Wednesday,12,Angle,Multi-Vehicle,152.6729514,-26.20190683,Hughes Tce,Mount Pleasant Rd,,Gympie,Gympie Region,4570,Gympie,Wide Bay Burnett,Central,Southern,North Coast and Wide Bay/Burnett,Gympie - North,Gympie - Cooloola,Wide Bay,Inner Regional,Gympie,Wide Bay,Locally-controlled,Intersection - Cross,Operating traffic lights,60 km/h,Sealed - Dry,Clear,Daylight,Straight,Grade,202,Veh'S Opposite Approach: Thru-Right,Opposing vehicles turning,N,0,0,0,1,1,2,0,0,0,0,0,0
1011,Property damage only,2001,June,Wednesday,16,Angle,Multi-Vehicle,152.6945953,-25.53972228,Albert St,Fort St,,Maryborough,Fraser Coast Region,4650,Maryborough,Wide Bay Burnett,Central,Southern,North Coast and Wide Bay/Burnett,Maryborough (qld),Maryborough,Wide Bay,Inner Regional,Maryborough,Wide Bay,Locally-controlled,Intersection - Cross,Give way sign,60 km/h,Sealed - Dry,Clear,Daylight,Straight,Level,101,Veh'S Adjacent Approach: Thru-Thru,Intersection from adjacent approaches,S,0,0,0,0,0,2,0,0,0,0,0,0
1012,Hospitalisation,2001,June,Wednesday,18,Rear-end,Multi-Vehicle,151.981447,-27.56539224,Warrego Hwy,,Warrego Highway (Ipswich - Toowoomba),Redwood,Toowoomba Region,4350,Toowoomba,Darling Downs,Southern,Southern,Downs South West,Toowoomba - East,Toowoomba,Toowoomba,Inner Regional,Toowoomba North,Groom,State-controlled,No Roadway Feature,No traffic control,60 km/h,Sealed - Dry,Clear,Darkness - Not lighted,Curved - view open,Grade,301,Veh'S Same Direction: Rear End,Rear-end,W,0,1,0,0,1,1,0,1,0,0,0,0
1013,Medical treatment,2001,June,Thursday,8,Hit pedestrian,Hit pedestrian,153.0479239,-27.51907055,Esher St,,,Tarragindi,Brisbane City,4121,Holland Park,South Brisbane,Brisbane,SEQ South,Metropolitan,Tarragindi,Nathan,Brisbane - South,Major Cities,Miller,Moreton,Locally-controlled,No Roadway Feature,No traffic control,60 km/h,Sealed - Dry,Clear,Daylight,Straight,Grade,1,Ped'N: Near Side Vehicle Hit From Right,Pedestrian,E,0,0,1,0,1,1,0,0,0,0,1,0
1014,Minor injury,2001,June,Thursday,15,Rear-end,Multi-Vehicle,152.9759251,-27.58667673,Biota St,Rosemary St,,Inala,Brisbane City,4077,Inala,South Brisbane,Brisbane,SEQ South,Metropolitan,Durack,Forest Lake - Oxley,Ipswich,Major Cities,Inala,Oxley,Locally-controlled,Intersection - T-Junction,Operating traffic lights,60 km/h,Sealed - Dry,Clear,Daylight,Straight,Crest,300,Veh'S Same Direction: Other,Other,N,0,0,0,1,1,2,0,0,0,0,0,0