Crash_Ref_Number,Crash_Severity,Crash_Year,Crash_Month,Crash_Day_Of_Week,Crash_Hour,Crash_Nature,Crash_Type,Crash_Longitude_GDA94,Crash_Latitude_GDA94,Crash_Street,Crash_Street_Intersecting,State_Road_Name,Loc_Suburb,Loc_Local_Government_Area,Loc_Post_Code,Loc_Police_Division,Loc_Police_District,Loc_Police_Region,Loc_Queensland_Transport_Region,Loc_Main_Roads_Region,Loc_ABS_Statistical_Area_2,Loc_ABS_Statistical_Area_3,Loc_ABS_Statistical_Area_4,Loc_ABS_Remoteness,Loc_State_Electorate,Loc_Federal_Electorate,Crash_Controlling_Authority,Crash_Roadway_Feature,Crash_Traffic_Control,Crash_Speed_Limit,Crash_Road_Surface_Condition,Crash_Atmospheric_Condition,Crash_Lighting_Condition,Crash_Road_Horiz_Align,Crash_Road_Vert_Align,Crash_DCA_Code,Crash_DCA_Description,Crash_DCA_Group_Description,DCA_Key_Approach_Dir,Count_Casualty_Fatality,Count_Casualty_Hospitalised,Count_Casualty_MedicallyTreated,Count_Casualty_MinorInjury,Count_Casualty_Total,Count_Unit_Car,Count_Unit_Motorcycle_Moped,Count_Unit_Truck,Count_Unit_Bus,Count_Unit_Bicycle,Count_Unit_Pedestrian,Count_Unit_Other
1015,Property damage only,2001,June,Thursday,19,Sideswipe,Multi-Vehicle,153.0350328,-27.49703822,Ipswich Rd,O'Keefe St,,Woolloongabba,Brisbane City,4102,Dutton Park,South Brisbane,Brisbane,SEQ South,Metropolitan,Woolloongabba,Holland Park - Yeronga,Brisbane - South,Major Cities,South Brisbane,Griffith,Locally-controlled,Intersection - T-Junction,Operating traffic lights,60 km/h,Sealed - Wet,Raining,Darkness - Lighted,Straight,Level,305,Veh'S Same Direction: Lane Side Swipe,Lane changes,N,0,0,0,0,0,1,0,1,0,0,0,0
1016,Property damage only,2001,June,Thursday,18,Angle,Multi-Vehicle,152.97703,-27.28714422,Francis Rd,Sparkes Rd,,Bray Park,Moreton Bay Region,4500,Petrie,North Brisbane,Brisbane,SEQ North,North Coast and Wide Bay/Burnett,Bray Park,Strathpine,Moreton Bay - South,Major Cities,Pine Rivers,Dickson,Locally-controlled,Intersection - Roundabout,Give way sign,60 km/h,Sealed - Dry,Clear,Dawn/Dusk,Straight,Level,101,Veh'S Adjacent Approach: Thru-Thru,Intersection from adjacent approaches,W,0,0,0,0,0,2,0,0,0,0,0,0
1017,Medical treatment,2001,June,Thursday,11,Rear-end,Multi-Vehicle,153.0382512,-26.41217453,Beckmans Rd,Eumundi - Noosa Rd,,Noosaville,Noosa Shire,4566,Noosa Heads,Sunshine Coast,Central,SEQ North,North Coast and Wide Bay/Burnett,Noosaville,Noosa,Sunshine Coast,Major Cities,Noosa,Wide Bay,Locally-controlled,Intersection - Roundabout,Give way sign,60 km/h,Sealed - Dry,Clear,Daylight,Straight,Level,301,Veh'S Same Direction: Rear End,Rear-end,N,0,0,1,0,1,1,0,1,0,0,0,0
1018,Medical treatment,2001,June,Thursday,17,Rear-end,Multi-Vehicle,151.9422861,-27.56594151,Goggs St,West St,,Newtown,Toowoomba Region,4350,Toowoomba,Darling Downs,Southern,Southern,Downs South West,Newtown (qld),Toowoomba,Toowoomba,Inner Regional,Toowoomba North,Groom,Locally-controlled,Intersection - T-Junction,No traffic control,60 km/h,Sealed - Dry,Clear,Dawn/Dusk,Straight,Level,303,Veh'S Same Direction: Right Rear,Rear-end,N,0,0,1,0,1,2,0,0,0,0,0,0
1019,Property damage only,2001,June,Thursday,6,Hit object,Single Vehicle,151.2620559,-27.18196125,Bunya Hwy,Warrego Hwy,Bunya Highway (Dalby - Kingaroy),Dalby,Western Downs Region,4405,Dalby,South West,Southern,Southern,Downs South West,Wambo,Darling Downs - East,Darling Downs - Maranoa,Inner Regional,Warrego,Maranoa,State-controlled,Intersection - Cross,Operating traffic lights,60 km/h,Sealed - Dry,Clear,Daylight,Straight,Level,703,Off Path-Straight: Left Off Cway Hit Obj,Off carriageway on straight hit object,S,0,0,0,0,0,0,0,1,0,0,0,0
1020,Medical treatment,2001,June,Thursday,15,Angle,Multi-Vehicle,149.1552212,-21.16526233,Bruce Hwy,Ram Chandra Pl,Bruce Highway (St. Lawrence - Mackay),West Mackay,Mackay Region,4740,Mackay,Mackay,Central,Central,Central Queensland,West Mackay,Mackay,Mackay - Isaac - Whitsunday,Inner Regional,Mackay,Dawson,State-controlled,Intersection - Cross,Give way sign,60 km/h,Sealed - Dry,Clear,Daylight,Straight,Level,101,Veh'S Adjacent Approach: Thru-Thru,Intersection from adjacent approaches,W,0,0,1,0,1,1,1,0,0,0,0,0
1021,Property damage only,2001,June,Friday,7,Angle,Multi-Vehicle,153.0458365,-27.66169208,Browns Plains Rd,Commerce Dr,,Browns Plains,Logan City,4118,Browns Plains,Logan,South Eastern,SEQ South,South Coast,Browns Plains,Browns Plains,Logan - Beaudesert,Major Cities,Algester,Rankin,Locally-controlled,Intersection - Cross,Operating traffic lights,70 km/h,Sealed - Dry,Clear,Daylight,Straight,Level,202,Veh'S Opposite Approach: Thru-Right,Opposing vehicles turning,E,0,0,0,0,0,2,0,0,0,0,0,0
1022,Hospitalisation,2001,June,Friday,8,Angle,Multi-Vehicle,152.7947101,-27.61328844,French St,Ipswich - Cunningham Hwy Connection Rd,Ipswich - Cunningham Hwy Connection Road,Booval,Ipswich City,4304,Booval,Ipswich,Southern,SEQ South,Metropolitan,Ipswich - East,Ipswich Inner,Ipswich,Major Cities,Ipswich,Blair,State-controlled,Intersection - T-Junction,Give way sign,60 km/h,Sealed - Dry,Clear,Daylight,Straight,Grade,103,Veh'S Adjacent Approach: Left-Thru,Intersection from adjacent approaches,N,0,1,0,0,1,1,0,0,0,1,0,0
1023,Medical treatment,2001,June,Friday,8,Angle,Multi-Vehicle,153.0301546,-27.44332194,Horace St,Lutwyche Rd,,Windsor,Brisbane City,4030,Stafford,North Brisbane,Brisbane,SEQ North,Metropolitan,Windsor,Brisbane Inner - North,Brisbane Inner City,Major Cities,Clayfield,Brisbane,Locally-controlled,Intersection - T-Junction,No traffic control,60 km/h,Sealed - Dry,Clear,Daylight,Straight,Level,202,Veh'S Opposite Approach: Thru-Right,Opposing vehicles turning,N,0,0,1,0,1,1,0,0,0,0,0,1
1024,Property damage only,2001,June,Friday,4,Hit parked vehicle,Single Vehicle,0,0,Palmerston Dr,,,Unknown,Unknown,Unknown,Unknown,Unknown,Unknown,Unknown,Unknown,Unknown,Unknown,Unknown,Unknown,Unknown,Unknown,Locally-controlled,No Roadway Feature,No traffic control,60 km/h,Sealed - Wet,Raining,Darkness - Lighted,Curved - view open,Grade,601,Veh'S On Path: Parked,Hit parked vehicle,N,0,0,0,0,0,2,0,0,0,0,0,0
1025,Property damage only,2001,June,Friday,17,Head-on,Multi-Vehicle,152.4538182,-27.5627651,Niemeyer Rd,,,Hatton Vale,Lockyer Valley Region,4341,Laidley,Darling Downs,Southern,SEQ South,Downs South West,Lockyer Valley - East,Ipswich Hinterland,Ipswich,Inner Regional,Lockyer,Wright,Locally-controlled,No Roadway Feature,No traffic control,60 km/h,Sealed - Wet,Raining,Darkness - Not lighted,Curved - view open,Level,201,Veh'S Opposite Approach: Head On,Head-on,N,0,0,0,0,0,2,0,0,0,0,0,0
1026,Medical treatment,2001,June,Friday,7,Hit animal,Other,151.1343213,-24.95424639,Burnett Hwy,,Burnett Highway (Gayndah - Monto),Mulgildie,North Burnett Region,4630,Monto,Wide Bay Burnett,Central,Southern,North Coast and Wide Bay/Burnett,Monto - Eidsvold,Burnett,Wide Bay,Outer Regional,Callide,Flynn,State-controlled,No Roadway Feature,No traffic control,80 - 90 km/h,Sealed - Wet,Fog,Daylight,Curved - view open,Grade,609,Pass & Misc: Hit Animal,Hit animal,N,0,0,1,0,1,1,0,0,0,0,0,1
1027,Medical treatment,2001,June,Friday,14,Angle,Multi-Vehicle,151.9421175,-27.5673614,Warrego Hwy,West St,Warrego Highway (Toowoomba - Dalby),Toowoomba City,Toowoomba Region,4350,Toowoomba,Darling Downs,Southern,Southern,Downs South West,Toowoomba - Central,Toowoomba,Toowoomba,Inner Regional,Toowoomba North,Groom,State-controlled,Intersection - Cross,Operating traffic lights,60 km/h,Sealed - Wet,Raining,Daylight,Straight,Level,202,Veh'S Opposite Approach: Thru-Right,Opposing vehicles turning,W,0,0,2,0,2,2,0,0,0,0,0,0
1028,Minor injury,2001,June,Friday,23,Head-on,Multi-Vehicle,148.1432903,-23.08923348,Crinum Rd,,,Belcong,Central Highlands Region,4723,Capella,Capricornia,Central,Central,Central Queensland,Central Highlands - West,Central Highlands (qld),Central Queensland,Remote,Gregory,Flynn,Locally-controlled,No Roadway Feature,No traffic control,100 - 110 km/h,Sealed - Dry,Clear,Darkness - Not lighted,Straight,Crest,201,Veh'S Opposite Approach: Head On,Head-on,E,0,0,0,1,1,2,0,0,0,0,0,0
1029,Property damage only,2001,June,Friday,4,Hit object,Single Vehicle,148.6135654,-20.58823381,Bruce Hwy,,Bruce Highway (Mackay - Proserpine),Bloomsbury,Mackay Region,4799,Proserpine,Mackay,Central,Central,Central Queensland,Seaforth - Calen,Mackay,Mackay - Isaac - Whitsunday,Outer Regional,Whitsunday,Dawson,State-controlled,No Roadway Feature,No traffic control,100 - 110 km/h,Sealed - Wet,Raining,Darkness - Not lighted,Straight,Crest,704,Off Path-Straight:Right Off Cway Hit Obj,Off carriageway on straight hit object,N,0,0,0,0,0,1,0,0,0,0,0,0
1030,Medical treatment,2001,June,Saturday,14,Sideswipe,Multi-Vehicle,153.0811429,-27.46710559,Wynnum Rd,,,Cannon Hill,Brisbane City,4170,Morningside,South Brisbane,Brisbane,SEQ South,Metropolitan,Cannon Hill,Carindale,Brisbane - South,Major Cities,Bulimba,Griffith,Locally-controlled,No Roadway Feature,No traffic control,60 km/h,Sealed - Dry,Clear,Daylight,Straight,Level,306,Veh'S Same Direction: Lane Change Right,Lane changes,E,0,0,1,1,2,1,1,0,0,0,0,0
1031,Medical treatment,2001,June,Saturday,13,Rear-end,Multi-Vehicle,153.0913608,-27.54883795,Newnham Rd,,,Upper Mount Gravatt,Brisbane City,4122,Upper Mount Gravatt,South Brisbane,Brisbane,SEQ South,Metropolitan,Upper Mount Gravatt,Mt Gravatt,Brisbane - South,Major Cities,Mansfield,Bonner,Locally-controlled,No Roadway Feature,No traffic control,60 km/h,Sealed - Dry,Clear,Daylight,Straight,Grade,301,Veh'S Same Direction: Rear End,Rear-end,N,0,0,1,0,1,3,0,0,0,0,0,0
1032,Medical treatment,2001,June,Saturday,16,Angle,Multi-Vehicle,153.1074746,-27.6695134,Princess St,Woodburn St,,Marsden,Logan City,4132,Crestmead,Logan,South Eastern,SEQ South,South Coast,Marsden,Browns Plains,Logan - Beaudesert,Major Cities,Woodridge,Rankin,Locally-controlled,Intersection - T-Junction,No traffic control,60 km/h,Sealed - Dry,Clear,Daylight,Straight,Level,104,Veh'S Adjacent Approach: Thru-Right,Intersection from adjacent approaches,W,0,0,1,0,1,2,0,0,0,0,0,0
1033,Property damage only,2001,June,Saturday,21,Hit parked vehicle,Single Vehicle,153.0884257,-26.39290659,Katharina St,,,Noosa Heads,Noosa Shire,4567,Noosa Heads,Sunshine Coast,Central,SEQ North,North Coast and Wide Bay/Burnett,Noosa Heads,Noosa,Sunshine Coast,Major Cities,Noosa,Wide Bay,Locally-controlled,No Roadway Feature,No traffic control,0 - 50 km/h,Sealed - Dry,Clear,Darkness - Not lighted,Curved - view obscured,Grade,200,Veh'S Opposite Approach: Other,Other,W,0,0,0,0,0,2,0,0,0,0,0,0
1034,Property damage only,2001,June,Saturday,9,Rear-end,Multi-Vehicle,153.4517512,-28.08845102,Gold Coast Hwy,,Gold Coast Highway (Broadbeach - Coolangatta),Burleigh Heads,Gold Coast City,4220,Palm Beach,Gold Coast,South Eastern,SEQ South,South Coast,Burleigh Heads,Broadbeach - Burleigh,Gold Coast,Major Cities,Burleigh,Mcpherson,State-controlled,No Roadway Feature,No traffic control,60 km/h,Sealed - Dry,Clear,Daylight,Straight,Level,301,Veh'S Same Direction: Rear End,Rear-end,N,0,0,0,0,0,3,0,0,0,0,0,0
1035,Property damage only,2001,June,Sunday,22,Hit object,Single Vehicle,153.4203269,-28.04842228,Rumrunner St,,,Mermaid Waters,Gold Coast City,4218,Broadbeach,Gold Coast,South Eastern,SEQ South,South Coast,Mermaid Waters,Broadbeach - Burleigh,Gold Coast,Major Cities,Mermaid Beach,Moncrieff,Locally-controlled,No Roadway Feature,No traffic control,0 - 50 km/h,Sealed - Dry,Clear,Darkness - Lighted,Curved - view open,Level,804,Off Path-Curve: Off Cway Lt Bend Hit Obj,Off carriageway on curve hit object,S,0,0,0,0,0,2,0,0,0,0,0,0
1036,Property damage only,2001,June,Sunday,23,Rear-end,Multi-Vehicle,152.6666283,-27.70944359,Cunningham Hwy,,Cunningham Highway (Ipswich - Warwick),Mutdapilly,Ipswich City,4307,Yamanto,Ipswich,Southern,SEQ South,Metropolitan,Rosewood,Ipswich Hinterland,Ipswich,Inner Regional,Scenic Rim,Blair,State-controlled,No Roadway Feature,No traffic control,80 - 90 km/h,Sealed - Dry,Clear,Darkness - Not lighted,Straight,Level,301,Veh'S Same Direction: Rear End,Rear-end,N,0,0,0,0,0,3,0,0,0,0,0,0
1037,Hospitalisation,2001,June,Sunday,14,Rear-end,Multi-Vehicle,153.4624195,-28.10214581,Gold Coast Hwy,,Gold Coast Highway (Broadbeach - Coolangatta),Palm Beach,Gold Coast City,4221,Palm Beach,Gold Coast,South Eastern,SEQ South,South Coast,Palm Beach,Coolangatta,Gold Coast,Major Cities,Burleigh,Mcpherson,State-controlled,No Roadway Feature,No traffic control,70 km/h,Sealed - Dry,Clear,Daylight,Straight,Level,301,Veh'S Same Direction: Rear End,Rear-end,N,0,2,0,0,2,2,0,0,0,0,0,0
1038,Hospitalisation,2001,June,Monday,23,Hit object,Single Vehicle,153.0412924,-27.49457494,Logan Rd,Taylor St,,Woolloongabba,Brisbane City,4102,Dutton Park,South Brisbane,Brisbane,SEQ South,Metropolitan,Woolloongabba,Holland Park - Yeronga,Brisbane - South,Major Cities,South Brisbane,Griffith,Locally-controlled,Intersection - T-Junction,No traffic control,60 km/h,Sealed - Dry,Clear,Darkness - Lighted,Curved - view open,Level,804,Off Path-Curve: Off Cway Lt Bend Hit Obj,Off carriageway on curve hit object,N,0,1,0,0,1,1,0,0,0,0,0,0
1039,Property damage only,2001,June,Monday,12,Hit parked vehicle,Single Vehicle,152.9225514,-26.3991307,Lake Macdonald Dr,,,Lake Macdonald,Noosa Shire,4563,Cooroy,Sunshine Coast,Central,SEQ North,North Coast and Wide Bay/Burnett,Noosa Hinterland,Noosa Hinterland,Sunshine Coast,Inner Regional,Nicklin,Wide Bay,Locally-controlled,No Roadway Feature,No traffic control,60 km/h,Sealed - Dry,Clear,Daylight,Straight,Level,704,Off Path-Straight:Right Off Cway Hit Obj,Off carriageway on straight hit object,S,0,0,0,0,0,1,0,0,0,0,0,1
1040,Medical treatment,2001,June,Monday,17,Hit object,Single Vehicle,153.0163125,-26.86167247,Bruce Hwy,,Bruce Highway (Brisbane - Gympie),Beerwah,Sunshine Coast Region,4519,Beerwah,Sunshine Coast,Central,SEQ North,North Coast and Wide Bay/Burnett,Beerwah,Sunshine Coast Hinterland,Sunshine Coast,Inner Regional,Caloundra,Fisher,State-controlled,Bridge/Causeway,No traffic control,100 - 110 km/h,Sealed - Dry,Clear,Dawn/Dusk,Straight,Level,704,Off Path-Straight:Right Off Cway Hit Obj,Off carriageway on straight hit object,N,0,0,2,0,2,1,0,0,0,0,0,0
1041,Property damage only,2001,June,Monday,0,Hit object,Single Vehicle,152.0689351,-26.1982392,Bunya Hwy,Burnett Hwy,Bunya Highway (Kingaroy - Goomeri),Goomeri,Gympie Region,4601,Goomeri,Wide Bay Burnett,Central,Southern,North Coast and Wide Bay/Burnett,Kilkivan,Gympie - Cooloola,Wide Bay,Outer Regional,Nanango,Wide Bay,State-controlled,Intersection - T-Junction,Give way sign,100 - 110 km/h,Sealed - Dry,Clear,Darkness - Not lighted,Curved - view open,Grade,800,Off Path-Curve: Other,Other,E,0,0,0,0,0,1,0,0,0,0,0,0
1042,Property damage only,2001,June,Monday,0,Hit object,Single Vehicle,152.0392521,-28.22145121,Lyons St,Wood St,,Warwick,Southern Downs Region,4370,Warwick,Darling Downs,Southern,Southern,Downs South West,Warwick,Granite Belt,Darling Downs - Maranoa,Inner Regional,Southern Downs,Maranoa,Locally-controlled,Intersection - T-Junction,No traffic control,60 km/h,Sealed - Dry,Clear,Darkness - Lighted,Straight,Level,703,Off Path-Straight: Left Off Cway Hit Obj,Off carriageway on straight hit object,E,0,0,0,0,0,1,0,0,0,0,0,0
1043,Medical treatment,2001,June,Tuesday,15,Hit pedestrian,Hit pedestrian,153.0589722,-27.49454539,Old Cleveland Rd,,,Coorparoo,Brisbane City,4151,Coorparoo,South Brisbane,Brisbane,SEQ South,Metropolitan,Coorparoo,Holland Park - Yeronga,Brisbane - South,Major Cities,Greenslopes,Griffith,Locally-controlled,No Roadway Feature,No traffic control,60 km/h,Sealed - Wet,Raining,Daylight,Straight,Level,7,Ped'N: Hit By Vehicle Enter/Leave D'Way,Pedestrian,N,0,0,1,0,1,1,0,0,0,0,1,0
1044,Medical treatment,2001,June,Tuesday,14,Rear-end,Multi-Vehicle,153.018129,-27.40414031,Webster Rd,,,Stafford Heights,Brisbane City,4053,Stafford,North Brisbane,Brisbane,SEQ North,Metropolitan,Stafford Heights,Chermside,Brisbane - North,Major Cities,Stafford,Lilley,Locally-controlled,No Roadway Feature,No traffic control,60 km/h,Sealed - Wet,Raining,Daylight,Straight,Grade,301,Veh'S Same Direction: Rear End,Rear-end,S,0,0,1,0,1,4,0,0,0,0,0,0
1045,Minor injury,2001,June,Tuesday,11,Angle,Multi-Vehicle,153.0125584,-27.38414594,Basnett St,Maundrell Tce,,Chermside West,Brisbane City,4032,Carseldine,North Brisbane,Brisbane,SEQ North,Metropolitan,Chermside West,Chermside,Brisbane - North,Major Cities,Stafford,Lilley,Locally-controlled,Intersection - Cross,No traffic control,60 km/h,Sealed - Dry,Clear,Daylight,Straight,Crest,202,Veh'S Opposite Approach: Thru-Right,Opposing vehicles turning,S,0,0,0,1,1,2,0,0,0,0,0,0
1046,Property damage only,2001,June,Tuesday,7,Rear-end,Multi-Vehicle,153.1249539,-27.52187776,Gateway Arterial Rd,,Gateway Motorway (Eight Mile Plains - Nudgee),Belmont,Brisbane City,4153,Capalaba,South Brisbane,Brisbane,SEQ South,Metropolitan,Carindale,Carindale,Brisbane - South,Major Cities,Chatsworth,Bonner,State-controlled,No Roadway Feature,No traffic control,100 - 110 km/h,Sealed - Dry,Clear,Daylight,Straight,Level,307,Veh'S Same Direction: Lane Change Left,Lane changes,S,0,0,0,0,0,2,0,0,0,0,0,0
1047,Hospitalisation,2001,June,Tuesday,8,Sideswipe,Multi-Vehicle,153.3143332,-27.8725074,Dreamworld Parkway,,,Coomera,Gold Coast City,4209,Coomera,Gold Coast,South Eastern,SEQ South,South Coast,Coomera,Ormeau - Oxenford,Gold Coast,Major Cities,Theodore,Fadden,Locally-controlled,No Roadway Feature,No traffic control,60 km/h,Sealed - Dry,Clear,Daylight,Curved - view obscured,Level,201,Veh'S Opposite Approach: Head On,Head-on,N,0,1,2,0,3,3,0,0,0,0,0,0
1048,Medical treatment,2001,June,Tuesday,15,Hit object,Single Vehicle,153.0933954,-26.6674817,Sugar Rd,,,Maroochydore,Sunshine Coast Region,4558,Maroochydore,Sunshine Coast,Central,SEQ North,North Coast and Wide Bay/Burnett,Maroochydore - Kuluin,Maroochy,Sunshine Coast,Major Cities,Maroochydore,Fairfax,Locally-controlled,No Roadway Feature,No traffic control,60 km/h,Sealed - Dry,Clear,Daylight,Curved - view open,Level,804,Off Path-Curve: Off Cway Lt Bend Hit Obj,Off carriageway on curve hit object,N,0,0,2,0,2,1,0,0,0,0,0,0
1049,Medical treatment,2001,June,Tuesday,9,Rear-end,Multi-Vehicle,153.424233,-27.98264698,Gold Coast Hwy,,,Main Beach,Gold Coast City,4217,Surfers Paradise,Gold Coast,South Eastern,SEQ South,South Coast,Surfers Paradise,Surfers Paradise,Gold Coast,Major Cities,Surfers Paradise,Moncrieff,Locally-controlled,No Roadway Feature,No traffic control,70 km/h,Sealed - Wet,Raining,Daylight,Straight,Level,301,Veh'S Same Direction: Rear End,Rear-end,N,0,0,2,0,2,4,0,0,0,0,0,0
1050,Property damage only,2001,June,Tuesday,20,Angle,Multi-Vehicle,151.9537213,-27.5590934,Russell St,Ruthven St,,Toowoomba City,Toowoomba Region,4350,Toowoomba,Darling Downs,Southern,Southern,Downs South West,Toowoomba - Central,Toowoomba,Toowoomba,Inner Regional,Toowoomba North,Groom,Locally-controlled,Intersection - Cross,Operating traffic lights,60 km/h,Sealed - Dry,Clear,Darkness - Lighted,Straight,Level,202,Veh'S Opposite Approach: Thru-Right,Opposing vehicles turning,N,0,0,0,0,0,2,0,0,0,0,0,0
1051,Medical treatment,2001,June,Wednesday,15,Angle,Multi-Vehicle,153.0252125,-27.46833835,Adelaide St,,,Brisbane City,Brisbane City,4000,Brisbane City,North Brisbane,Brisbane,SEQ North,Metropolitan,Brisbane City,Brisbane Inner,Brisbane Inner City,Major Cities,Mcconnel,Brisbane,Locally-controlled,No Roadway Feature,No traffic control,0 - 50 km/h,Sealed - Dry,Clear,Daylight,Straight,Level,308,Veh'S Same Direction: Right Turn S/Swipe,Parallel lanes turning,W,0,0,1,0,1,2,0,0,0,0,0,0
1052,Medical treatment,2001,June,Wednesday,18,Angle,Multi-Vehicle,153.0068868,-27.45581979,Balmain Tce,Craig St,,Red Hill,Brisbane City,4059,Brisbane City,North Brisbane,Brisbane,SEQ North,Metropolitan,Red Hill (qld),Brisbane Inner - West,Brisbane Inner City,Major Cities,Cooper,Brisbane,Locally-controlled,Intersection - T-Junction,No traffic control,60 km/h,Sealed - Dry,Clear,Darkness - Lighted,Straight,Grade,202,Veh'S Opposite Approach: Thru-Right,Opposing vehicles turning,S,0,0,1,0,1,2,0,0,0,0,0,0
1053,Property damage only,2001,June,Wednesday,14,Hit object,Single Vehicle,153.0409405,-27.68071611,Lamberth Rd,Pinnacle Cl,,Regents Park,Logan City,4118,Browns Plains,Logan,South Eastern,SEQ South,South Coast,Regents Park - Heritage Park,Browns Plains,Logan - Beaudesert,Major Cities,Woodridge,Rankin,Locally-controlled,Intersection - Roundabout,No traffic control,60 km/h,Sealed - Dry,Clear,Daylight,Curved - view obscured,Grade,804,Off Path-Curve: Off Cway Lt Bend Hit Obj,Off carriageway on curve hit object,W,0,0,0,0,0,1,0,0,0,0,0,0
1054,Property damage only,2001,June,Wednesday,23,Hit object,Single Vehicle,152.7597167,-27.62710136,Ipswich - Cunningham Hwy Connection Rd,Salisbury Rd,Ipswich - Cunningham Hwy Connection Road,Ipswich,Ipswich City,4305,Yamanto,Ipswich,Southern,SEQ South,Metropolitan,Ipswich - Central,Ipswich Inner,Ipswich,Major Cities,Ipswich,Blair,State-controlled,Intersection - Roundabout,Give way sign,60 km/h,Sealed - Dry,Clear,Darkness - Lighted,Straight,Level,703,Off Path-Straight: Left Off Cway Hit Obj,Off carriageway on straight hit object,N,0,0,0,0,0,1,0,0,0,0,0,0
1055,Property damage only,2001,June,Wednesday,20,Hit parked vehicle,Single Vehicle,153.426568,-27.978206,Hughes Ave,,,Main Beach,Gold Coast City,4217,Surfers Paradise,Gold Coast,South Eastern,SEQ South,South Coast,Main Beach,Surfers Paradise,Gold Coast,Major Cities,Surfers Paradise,Moncrieff,Locally-controlled,No Roadway Feature,No traffic control,0 - 50 km/h,Sealed - Dry,Clear,Darkness - Lighted,Straight,Level,601,Veh'S On Path: Parked,Hit parked vehicle,E,0,0,0,0,0,2,0,0,0,0,0,0
1056,Medical treatment,2001,June,Wednesday,16,Fall from vehicle,Single Vehicle,152.3611416,-27.09152231,Toogoolawah - Biarra Rd,,,Toogoolawah,Somerset Region,4313,Toogoolawah,Ipswich,Southern,SEQ North,North Coast and Wide Bay/Burnett,Esk,Ipswich Hinterland,Ipswich,Inner Regional,Nanango,Blair,Locally-controlled,No Roadway Feature,No traffic control,100 - 110 km/h,Sealed - Dry,Clear,Daylight,Curved - view obscured,Crest,805,Off Path-Curve: Out Of Control On Cway,Out of control on curve,N,0,0,2,0,2,0,1,0,0,0,0,0
1057,Property damage only,2001,June,Thursday,17,Rear-end,Multi-Vehicle,153.093222,-27.60713019,St Andrew St,St Patrick Ave,,Kuraby,Brisbane City,4112,Acacia Ridge,South Brisbane,Brisbane,SEQ South,Metropolitan,Kuraby,Sunnybank,Brisbane - South,Major Cities,Stretton,Moreton,Locally-controlled,Intersection - T-Junction,No traffic control,0 - 50 km/h,Sealed - Dry,Clear,Dawn/Dusk,Curved - view open,Level,303,Veh'S Same Direction: Right Rear,Rear-end,S,0,0,0,0,0,3,0,0,0,0,0,0
1058,Property damage only,2001,June,Thursday,13,Hit object,Single Vehicle,152.7612012,-27.61951302,Ipswich - Cunningham Hwy Connection Rd,Warwick Rd,Ipswich - Cunningham Hwy Connection Road,Ipswich,Ipswich City,4305,Ipswich,Ipswich,Southern,SEQ South,Metropolitan,Ipswich - Central,Ipswich Inner,Ipswich,Major Cities,Ipswich,Blair,State-controlled,Intersection - T-Junction,Give way sign,60 km/h,Sealed - Dry,Clear,Daylight,Straight,Level,900,Pass & Misc: Other,Other,E,0,0,0,0,0,0,0,1,0,0,0,0
1059,Medical treatment,2001,June,Thursday,14,Angle,Multi-Vehicle,153.4358448,-28.04881667,Gold Coast Hwy,Markeri St,Gold Coast Highway (Broadbeach - Coolangatta),Mermaid Beach,Gold Coast City,4218,Broadbeach,Gold Coast,South Eastern,SEQ South,South Coast,Mermaid Beach - Broadbeach,Broadbeach - Burleigh,Gold Coast,Major Cities,Mermaid Beach,Moncrieff,State-controlled,Intersection - T-Junction,Operating traffic lights,70 km/h,Unknown,Unknown,Daylight,Straight,Level,202,Veh'S Opposite Approach: Thru-Right,Opposing vehicles turning,S,0,0,1,0,1,2,0,0,0,0,0,0
1060,Medical treatment,2001,June,Thursday,11,Rear-end,Multi-Vehicle,152.6674852,-25.55954831,Iindah Rd,Maryborough - Hervey Bay Rd,Maryborough - Hervey Bay Road,Tinana,Fraser Coast Region,4650,Maryborough,Wide Bay Burnett,Central,Southern,North Coast and Wide Bay/Burnett,Tinana,Maryborough,Wide Bay,Inner Regional,Maryborough,Wide Bay,State-controlled,Intersection - Cross,No traffic control,60 km/h,Sealed - Dry,Clear,Daylight,Straight,Level,303,Veh'S Same Direction: Right Rear,Rear-end,S,0,0,1,0,1,2,0,0,0,0,0,0
1061,Fatal,2001,June,Friday,15,Hit pedestrian,Hit pedestrian,152.9823941,-27.43993554,Arinya Rd,,,Ashgrove,Brisbane City,4060,The Gap,North Brisbane,Brisbane,SEQ North,Metropolitan,Ashgrove,Brisbane Inner - West,Brisbane Inner City,Major Cities,Ferny Grove,Brisbane,Locally-controlled,No Roadway Feature,No traffic control,0 - 50 km/h,Sealed - Dry,Clear,Daylight,Straight,Level,2,Ped'N: Hit Emerging Behind Vehicle,Pedestrian,W,1,0,0,0,1,1,0,0,0,0,1,0
1062,Property damage only,2001,June,Friday,1,Hit parked vehicle,Single Vehicle,153.0322657,-27.48636137,South East Arterial Rd,,South-East Arterial Road (Pacific Motorway),Woolloongabba,Brisbane City,4102,Dutton Park,South Brisbane,Brisbane,SEQ South,Metropolitan,Woolloongabba,Holland Park - Yeronga,Brisbane - South,Major Cities,South Brisbane,Griffith,State-controlled,No Roadway Feature,No traffic control,100 - 110 km/h,Sealed - Dry,Clear,Darkness - Lighted,Straight,Level,608,Veh'S On Path: Accident Or Broken Down,Hit parked vehicle,S,0,0,0,0,0,2,0,0,0,0,0,0