Crash_Ref_Number,Crash_Severity,Crash_Year,Crash_Month,Crash_Day_Of_Week,Crash_Hour,Crash_Nature,Crash_Type,Crash_Longitude_GDA94,Crash_Latitude_GDA94,Crash_Street,Crash_Street_Intersecting,State_Road_Name,Loc_Suburb,Loc_Local_Government_Area,Loc_Post_Code,Loc_Police_Division,Loc_Police_District,Loc_Police_Region,Loc_Queensland_Transport_Region,Loc_Main_Roads_Region,Loc_ABS_Statistical_Area_2,Loc_ABS_Statistical_Area_3,Loc_ABS_Statistical_Area_4,Loc_ABS_Remoteness,Loc_State_Electorate,Loc_Federal_Electorate,Crash_Controlling_Authority,Crash_Roadway_Feature,Crash_Traffic_Control,Crash_Speed_Limit,Crash_Road_Surface_Condition,Crash_Atmospheric_Condition,Crash_Lighting_Condition,Crash_Road_Horiz_Align,Crash_Road_Vert_Align,Crash_DCA_Code,Crash_DCA_Description,Crash_DCA_Group_Description,DCA_Key_Approach_Dir,Count_Casualty_Fatality,Count_Casualty_Hospitalised,Count_Casualty_MedicallyTreated,Count_Casualty_MinorInjury,Count_Casualty_Total,Count_Unit_Car,Count_Unit_Motorcycle_Moped,Count_Unit_Truck,Count_Unit_Bus,Count_Unit_Bicycle,Count_Unit_Pedestrian,Count_Unit_Other
1063,Medical treatment,2001,June,Friday,15,Sideswipe,Multi-Vehicle,153.1712675,-27.47104166,Manly Rd,,,Manly West,Brisbane City,4179,Wynnum,South Brisbane,Brisbane,SEQ South,Metropolitan,Manly West,Wynnum - Manly,Brisbane - East,Major Cities,Lytton,Bonner,Locally-controlled,No Roadway Feature,No traffic control,60 km/h,Sealed - Dry,Clear,Daylight,Straight,Level,307,Veh'S Same Direction: Lane Change Left,Lane changes,N,0,0,1,0,1,1,1,0,0,0,0,0
1064,Medical treatment,2001,June,Friday,17,Overturned,Single Vehicle,152.8443723,-27.01830108,D'Aguilar Hwy,,D'Aguilar Highway (Caboolture - Kilcoy),Bracalba,Moreton Bay Region,4512,Caboolture,Moreton,Southern,SEQ North,North Coast and Wide Bay/Burnett,Wamuran,Caboolture,Moreton Bay - North,Major Cities,Glass House,Longman,State-controlled,No Roadway Feature,No traffic control,100 - 110 km/h,Sealed - Dry,Clear,Darkness - Not lighted,Curved - view open,Level,805,Off Path-Curve: Out Of Control On Cway,Out of control on curve,S,0,0,1,0,1,1,0,0,0,0,0,0
1065,Minor injury,2001,June,Friday,17,Rear-end,Multi-Vehicle,153.1213948,-27.59856454,Rochedale Rd,,,Rochedale South,Logan City,4123,Springwood,Logan,South Eastern,SEQ South,South Coast,Rochedale South - Priestdale,Springwood - Kingston,Logan - Beaudesert,Major Cities,Springwood,Rankin,Locally-controlled,No Roadway Feature,No traffic control,60 km/h,Sealed - Dry,Clear,Darkness - Lighted,Straight,Crest,301,Veh'S Same Direction: Rear End,Rear-end,N,0,0,0,1,1,4,0,0,0,0,0,0
1066,Property damage only,2001,June,Friday,19,Rear-end,Multi-Vehicle,153.0714896,-27.41087028,East - West Arterial Rd,,East-West Arterial Road,Hendra,Brisbane City,4011,Hendra,North Brisbane,Brisbane,SEQ North,Metropolitan,Hendra,Brisbane Inner - North,Brisbane Inner City,Major Cities,Clayfield,Brisbane,State-controlled,No Roadway Feature,No traffic control,60 km/h,Sealed - Dry,Clear,Darkness - Lighted,Straight,Level,301,Veh'S Same Direction: Rear End,Rear-end,W,0,0,0,0,0,3,0,0,0,0,0,0
1067,Property damage only,2001,June,Friday,17,Rear-end,Multi-Vehicle,152.8588541,-27.60194232,Ipswich Mwy,,Cunningham Highway (Ipswich Motorway),Redbank,Ipswich City,4301,Goodna,Ipswich,Southern,SEQ South,Metropolitan,Collingwood Park - Redbank,Springfield - Redbank,Ipswich,Major Cities,Bundamba,Oxley,State-controlled,No Roadway Feature,No traffic control,100 - 110 km/h,Sealed - Dry,Clear,Dawn/Dusk,Straight,Crest,301,Veh'S Same Direction: Rear End,Rear-end,W,0,0,0,0,0,3,0,0,0,0,0,0
1068,Property damage only,2001,June,Friday,14,Angle,Multi-Vehicle,151.9493026,-27.58481278,Alderley St,New England Hwy,New England Highway (Toowoomba-Warwick),South Toowoomba,Toowoomba Region,4350,Toowoomba,Darling Downs,Southern,Southern,Downs South West,Darling Heights,Toowoomba,Toowoomba,Inner Regional,Toowoomba South,Groom,State-controlled,Intersection - Cross,Operating traffic lights,60 km/h,Sealed - Dry,Clear,Daylight,Straight,Level,202,Veh'S Opposite Approach: Thru-Right,Opposing vehicles turning,N,0,0,0,0,0,3,0,0,0,0,0,0
1069,Property damage only,2001,June,Friday,12,Rear-end,Multi-Vehicle,150.5171272,-23.35792961,Bruce Hwy,,Bruce Highway (Rockhampton-St Lawrence),Park Avenue,Rockhampton Region,4701,North Rockhampton,Capricornia,Central,Central,Central Queensland,Park Avenue,Rockhampton,Central Queensland,Inner Regional,Rockhampton,Capricornia,State-controlled,No Roadway Feature,No traffic control,70 km/h,Sealed - Dry,Clear,Daylight,Straight,Level,301,Veh'S Same Direction: Rear End,Rear-end,N,0,0,0,0,0,3,0,0,0,0,0,0
1070,Hospitalisation,2001,June,Saturday,22,Angle,Multi-Vehicle,153.0513463,-27.61093914,Compton Rd,Mt Lindesay Art. Rd,Mount Lindesay Arterial Road,Calamvale,Brisbane City,4116,Calamvale,South Brisbane,Brisbane,SEQ South,Metropolitan,Sunnybank Hills,Sunnybank,Brisbane - South,Major Cities,Stretton,Moreton,State-controlled,Intersection - Cross,Operating traffic lights,80 - 90 km/h,Sealed - Dry,Clear,Darkness - Lighted,Straight,Level,202,Veh'S Opposite Approach: Thru-Right,Opposing vehicles turning,N,0,1,1,0,2,2,0,0,0,0,0,0
1071,Medical treatment,2001,June,Saturday,17,Hit object,Single Vehicle,153.0535106,-27.52602601,Marshall Rd,,,Tarragindi,Brisbane City,4121,Holland Park,South Brisbane,Brisbane,SEQ South,Metropolitan,Tarragindi,Nathan,Brisbane - South,Major Cities,Miller,Moreton,Locally-controlled,No Roadway Feature,No traffic control,60 km/h,Sealed - Dry,Clear,Dawn/Dusk,Curved - view obscured,Crest,803,Off Path-Curve: Off Cway Rt Bend Hit Obj,Off carriageway on curve hit object,W,0,0,1,0,1,1,0,0,0,0,0,0
1072,Property damage only,2001,June,Saturday,23,Angle,Multi-Vehicle,152.8533571,-25.28649018,Queens Rd,Torquay Rd,,Scarness,Fraser Coast Region,4655,Hervey Bay,Wide Bay Burnett,Central,Southern,North Coast and Wide Bay/Burnett,Torquay - Scarness - Kawungan,Hervey Bay,Wide Bay,Inner Regional,Hervey Bay,Hinkler,Locally-controlled,Intersection - Cross,Stop sign,60 km/h,Sealed - Dry,Clear,Darkness - Lighted,Straight,Level,101,Veh'S Adjacent Approach: Thru-Thru,Intersection from adjacent approaches,W,0,0,0,0,0,2,0,0,0,0,0,0
1073,Property damage only,2001,June,Saturday,7,Overturned,Single Vehicle,149.9424555,-22.82969426,Bruce Hwy,,Bruce Highway (Rockhampton-St Lawrence),Marlborough,Livingstone Shire,4705,Marlborough,Capricornia,Central,Central,Central Queensland,Rockhampton Region - North,Rockhampton,Central Queensland,Remote,Mirani,Capricornia,State-controlled,No Roadway Feature,No traffic control,100 - 110 km/h,Sealed - Dry,Clear,Daylight,Straight,Level,705,Off Path-Straight:Out Of Control On Cway,Out of control on straight,N,0,0,0,0,0,1,0,0,0,0,0,0
1074,Medical treatment,2001,June,Sunday,17,Hit pedestrian,Hit pedestrian,153.1341358,-27.47886455,Tremain St,,,Tingalpa,Brisbane City,4173,Wynnum,South Brisbane,Brisbane,SEQ South,Metropolitan,Tingalpa,Wynnum - Manly,Brisbane - East,Major Cities,Chatsworth,Bonner,Locally-controlled,No Roadway Feature,No traffic control,0 - 50 km/h,Sealed - Dry,Clear,Dawn/Dusk,Straight,Level,4,Ped'N: Play; Work; Stand; Lie On C'Way,Pedestrian,E,0,0,1,0,1,1,0,0,0,0,1,0
1075,Property damage only,2001,June,Sunday,21,Rear-end,Multi-Vehicle,153.0961871,-26.65851978,Maroochydore - Mooloolaba Rd,,Maroochydore - Mooloolaba Road,Maroochydore,Sunshine Coast Region,4558,Maroochydore,Sunshine Coast,Central,SEQ North,North Coast and Wide Bay/Burnett,Maroochydore - Kuluin,Maroochy,Sunshine Coast,Major Cities,Maroochydore,Fairfax,State-controlled,No Roadway Feature,No traffic control,60 km/h,Sealed - Dry,Clear,Darkness - Lighted,Straight,Level,301,Veh'S Same Direction: Rear End,Rear-end,E,0,0,0,0,0,2,0,0,0,0,0,0
1076,Property damage only,2001,June,Sunday,6,Hit object,Single Vehicle,153.3729698,-27.89765785,Georgia St,,,Coombabah,Gold Coast City,4216,Runaway Bay,Gold Coast,South Eastern,SEQ South,South Coast,Coombabah,Gold Coast - North,Gold Coast,Major Cities,Broadwater,Fadden,Locally-controlled,No Roadway Feature,No traffic control,0 - 50 km/h,Sealed - Dry,Clear,Daylight,Straight,Level,700,Off Path-Straight: Other,Other,,0,0,0,0,0,2,0,0,0,0,0,0
1077,Minor injury,2001,June,Monday,13,Sideswipe,Multi-Vehicle,153.0283745,-27.46714916,Queen St,,,Brisbane City,Brisbane City,4000,Brisbane City,North Brisbane,Brisbane,SEQ North,Metropolitan,Brisbane City,Brisbane Inner,Brisbane Inner City,Major Cities,Mcconnel,Brisbane,Locally-controlled,No Roadway Feature,No traffic control,60 km/h,Sealed - Dry,Clear,Daylight,Straight,Level,306,Veh'S Same Direction: Lane Change Right,Lane changes,N,0,0,0,1,1,1,0,0,0,1,0,0
1078,Minor injury,2001,June,Monday,10,Angle,Multi-Vehicle,152.9672593,-27.49964562,Moggill Rd,Taringa Pde,,Indooroopilly,Brisbane City,4068,Indooroopilly,North Brisbane,Brisbane,SEQ North,Metropolitan,Indooroopilly,Sherwood - Indooroopilly,Brisbane - West,Major Cities,Maiwar,Ryan,Locally-controlled,Intersection - Cross,Operating traffic lights,60 km/h,Sealed - Dry,Clear,Daylight,Straight,Level,101,Veh'S Adjacent Approach: Thru-Thru,Intersection from adjacent approaches,E,0,0,0,1,1,2,0,0,0,0,0,0
1079,Medical treatment,2001,June,Monday,14,Rear-end,Multi-Vehicle,153.0194257,-27.29126757,Bruce Hwy,,Bruce Highway (Brisbane - Gympie),Griffin,Moreton Bay Region,4503,Mango Hill North Lakes,North Brisbane,Brisbane,SEQ North,North Coast and Wide Bay/Burnett,Murrumba Downs - Griffin,North Lakes,Moreton Bay - South,Major Cities,Murrumba,Petrie,State-controlled,Bridge/Causeway,No traffic control,80 - 90 km/h,Sealed - Dry,Clear,Daylight,Straight,Level,301,Veh'S Same Direction: Rear End,Rear-end,S,0,0,1,0,1,1,0,1,0,0,0,0
1080,Property damage only,2001,June,Monday,17,Angle,Multi-Vehicle,153.0567676,-27.41752647,Alexandra Rd,Sandgate Rd,,Clayfield,Brisbane City,4011,Hendra,North Brisbane,Brisbane,SEQ North,Metropolitan,Clayfield,Brisbane Inner - North,Brisbane Inner City,Major Cities,Clayfield,Brisbane,Locally-controlled,Intersection - Cross,No traffic control,60 km/h,Sealed - Dry,Clear,Darkness - Lighted,Straight,Grade,202,Veh'S Opposite Approach: Thru-Right,Opposing vehicles turning,N,0,0,0,0,0,2,0,0,0,0,0,0
1081,Medical treatment,2001,June,Monday,8,Rear-end,Multi-Vehicle,153.4201241,-28.060115,Cottesloe Dr,Rio Vista Blvd,,Mermaid Waters,Gold Coast City,4218,Broadbeach,Gold Coast,South Eastern,SEQ South,South Coast,Mermaid Waters,Broadbeach - Burleigh,Gold Coast,Major Cities,Mermaid Beach,Moncrieff,Locally-controlled,Intersection - Roundabout,Give way sign,0 - 50 km/h,Sealed - Dry,Clear,Daylight,Straight,Level,303,Veh'S Same Direction: Right Rear,Rear-end,W,0,0,2,0,2,2,0,0,0,0,0,0
1082,Hospitalisation,2001,June,Monday,18,Rear-end,Multi-Vehicle,153.5159731,-28.16367192,Gold Coast Hwy,,Gold Coast Highway (Broadbeach - Coolangatta),Bilinga,Gold Coast City,4225,Coolangatta,Gold Coast,South Eastern,SEQ South,South Coast,Currumbin - Tugun,Coolangatta,Gold Coast,Major Cities,Currumbin,Mcpherson,State-controlled,No Roadway Feature,No traffic control,80 - 90 km/h,Sealed - Dry,Clear,Darkness - Lighted,Straight,Level,301,Veh'S Same Direction: Rear End,Rear-end,S,0,1,1,0,2,1,0,1,0,0,0,0
1083,Property damage only,2001,June,Monday,9,Angle,Multi-Vehicle,152.6597411,-26.18700872,Gympie Connection Rd,O'Connell St,Gympie Connection Road,Gympie,Gympie Region,4570,Gympie,Wide Bay Burnett,Central,Southern,North Coast and Wide Bay/Burnett,Gympie - North,Gympie - Cooloola,Wide Bay,Inner Regional,Gympie,Wide Bay,State-controlled,Intersection - T-Junction,No traffic control,60 km/h,Sealed - Dry,Clear,Daylight,Straight,Level,104,Veh'S Adjacent Approach: Thru-Right,Intersection from adjacent approaches,S,0,0,0,0,0,2,0,0,0,0,0,0
1084,Hospitalisation,2001,June,Monday,12,Hit object,Single Vehicle,151.2480619,-24.0024437,Bruce Hwy,,Bruce Highway (Benaraby - Rockhampton),Calliope,Gladstone Region,4680,Calliope,Capricornia,Central,Central,Central Queensland,Gladstone Hinterland,Gladstone,Central Queensland,Inner Regional,Gladstone,Flynn,State-controlled,No Roadway Feature,No traffic control,100 - 110 km/h,Sealed - Dry,Clear,Daylight,Curved - view obscured,Level,800,Off Path-Curve: Other,Other,S,0,1,0,0,1,1,0,0,0,0,0,0
1085,Property damage only,2001,June,Tuesday,22,Angle,Multi-Vehicle,153.0235549,-27.50969494,Ashby St,Fairfield Rd,,Fairfield,Brisbane City,4103,Annerley,South Brisbane,Brisbane,SEQ South,Metropolitan,Fairfield - Dutton Park,Holland Park - Yeronga,Brisbane - South,Major Cities,Miller,Moreton,Locally-controlled,Intersection - Cross,Operating traffic lights,60 km/h,Sealed - Dry,Clear,Darkness - Lighted,Straight,Level,202,Veh'S Opposite Approach: Thru-Right,Opposing vehicles turning,N,0,0,0,0,0,2,0,0,0,0,0,0
1086,Property damage only,2001,June,Tuesday,6,Rear-end,Multi-Vehicle,152.9589088,-27.1241823,Burpengary - Caboolture Rd,Graham Rd,Burpengary - Caboolture Road,Morayfield,Moreton Bay Region,4506,Caboolture,Moreton,Southern,SEQ North,North Coast and Wide Bay/Burnett,Morayfield - East,Caboolture,Moreton Bay - North,Major Cities,Kurwongbah,Longman,State-controlled,Intersection - T-Junction,Operating traffic lights,70 km/h,Sealed - Dry,Clear,Dawn/Dusk,Curved - view open,Grade,301,Veh'S Same Direction: Rear End,Rear-end,S,0,0,0,0,0,2,0,0,0,0,0,0
1087,Minor injury,2001,June,Tuesday,11,Rear-end,Multi-Vehicle,152.9801306,-27.28277148,Todds Rd,,,Lawnton,Moreton Bay Region,4501,Petrie,North Brisbane,Brisbane,SEQ North,North Coast and Wide Bay/Burnett,Lawnton,Strathpine,Moreton Bay - South,Major Cities,Kurwongbah,Dickson,Locally-controlled,No Roadway Feature,No traffic control,60 km/h,Sealed - Dry,Clear,Daylight,Straight,Level,303,Veh'S Same Direction: Right Rear,Rear-end,W,0,0,0,2,2,2,0,0,0,0,0,0
1088,Property damage only,2001,June,Tuesday,15,Hit parked vehicle,Single Vehicle,151.9441725,-27.5501111,Bridge St,Brim St,,Newtown,Toowoomba Region,4350,Toowoomba,Darling Downs,Southern,Southern,Downs South West,Newtown (qld),Toowoomba,Toowoomba,Inner Regional,Toowoomba North,Groom,Locally-controlled,Intersection - T-Junction,No traffic control,60 km/h,Sealed - Dry,Clear,Daylight,Straight,Level,601,Veh'S On Path: Parked,Hit parked vehicle,E,0,0,0,0,0,2,0,0,0,0,0,0
1089,Property damage only,2001,June,Wednesday,18,Angle,Multi-Vehicle,153.020984,-27.46705433,Roma St,,,Brisbane City,Brisbane City,4000,Brisbane City,North Brisbane,Brisbane,SEQ North,Metropolitan,Brisbane City,Brisbane Inner,Brisbane Inner City,Major Cities,Mcconnel,Brisbane,Locally-controlled,Median Opening,No traffic control,60 km/h,Sealed - Dry,Clear,Darkness - Lighted,Straight,Level,202,Veh'S Opposite Approach: Thru-Right,Opposing vehicles turning,W,0,0,0,0,0,2,0,0,0,0,0,0
1090,Hospitalisation,2001,June,Wednesday,7,Rear-end,Multi-Vehicle,153.0398517,-27.4623426,Brunswick St,,,New Farm,Brisbane City,4005,Fortitude Valley,North Brisbane,Brisbane,SEQ North,Metropolitan,New Farm,Brisbane Inner,Brisbane Inner City,Major Cities,Mcconnel,Brisbane,Locally-controlled,No Roadway Feature,No traffic control,60 km/h,Sealed - Dry,Clear,Daylight,Straight,Level,303,Veh'S Same Direction: Right Rear,Rear-end,N,0,1,0,0,1,2,0,0,0,0,0,0
1091,Hospitalisation,2001,June,Wednesday,7,Sideswipe,Multi-Vehicle,153.0353351,-27.45936148,Coniston La,Mclachlan St,,Fortitude Valley,Brisbane City,4006,Fortitude Valley,North Brisbane,Brisbane,SEQ North,Metropolitan,Fortitude Valley,Brisbane Inner,Brisbane Inner City,Major Cities,Mcconnel,Brisbane,Locally-controlled,Intersection - T-Junction,No traffic control,60 km/h,Sealed - Dry,Clear,Daylight,Straight,Level,309,Veh'S Same Direction: Left Turn S/Swipe,Parallel lanes turning,N,0,1,0,0,1,0,1,1,0,0,0,0
1092,Minor injury,2001,June,Wednesday,18,Rear-end,Multi-Vehicle,153.0686661,-27.47055315,Jack Flynn Memorial Dr,Wynnum Rd,,Morningside,Brisbane City,4170,Morningside,South Brisbane,Brisbane,SEQ South,Metropolitan,Morningside - Seven Hills,Brisbane Inner - East,Brisbane Inner City,Major Cities,Bulimba,Griffith,Locally-controlled,Intersection - T-Junction,No traffic control,60 km/h,Sealed - Dry,Clear,Daylight,Straight,Level,302,Veh'S Same Direction: Left Rear,Rear-end,W,0,0,0,1,1,2,0,0,0,0,0,0
1093,Medical treatment,2001,June,Wednesday,13,Rear-end,Multi-Vehicle,0,0,Middle Rd,,,Unknown,Unknown,Unknown,Unknown,Unknown,Unknown,Unknown,Unknown,Unknown,Unknown,Unknown,Unknown,Unknown,Unknown,Locally-controlled,No Roadway Feature,No traffic control,0 - 50 km/h,Unsealed - Dry,Clear,Daylight,Curved - view obscured,Grade,301,Veh'S Same Direction: Rear End,Rear-end,W,0,0,1,0,1,2,0,0,0,0,0,0
1094,Property damage only,2001,June,Wednesday,18,Hit parked vehicle,Single Vehicle,152.9906307,-27.24958231,Storey Rd,,,Kallangur,Moreton Bay Region,4503,Petrie,North Brisbane,Brisbane,SEQ North,North Coast and Wide Bay/Burnett,Dakabin - Kallangur,North Lakes,Moreton Bay - South,Major Cities,Murrumba,Dickson,Locally-controlled,No Roadway Feature,No traffic control,0 - 50 km/h,Sealed - Dry,Clear,Darkness - Not lighted,Curved - view open,Level,601,Veh'S On Path: Parked,Hit parked vehicle,N,0,0,0,0,0,2,0,0,0,0,0,0
1095,Hospitalisation,2001,June,Wednesday,18,Angle,Multi-Vehicle,153.0625702,-27.66380624,Browns Plains Rd,Wembley Rd,,Browns Plains,Logan City,4118,Crestmead,Logan,South Eastern,SEQ South,South Coast,Browns Plains,Browns Plains,Logan - Beaudesert,Major Cities,Woodridge,Rankin,Locally-controlled,Intersection - Cross,Operating traffic lights,60 km/h,Sealed - Dry,Clear,Darkness - Lighted,Straight,Level,202,Veh'S Opposite Approach: Thru-Right,Opposing vehicles turning,W,0,1,1,0,2,2,0,0,0,0,0,0
1096,Minor injury,2001,June,Wednesday,17,Angle,Multi-Vehicle,153.3696997,-28.01089789,Labrador - Carrara Rd,Nerang - Broadbeach Rd,,Carrara,Gold Coast City,4211,Nerang,Gold Coast,South Eastern,SEQ South,South Coast,Carrara,Nerang,Gold Coast,Major Cities,Gaven,Moncrieff,Locally-controlled,Intersection - Cross,Operating traffic lights,60 km/h,Sealed - Dry,Clear,Daylight,Straight,Level,202,Veh'S Opposite Approach: Thru-Right,Opposing vehicles turning,E,0,0,0,3,3,2,0,0,0,0,0,0
1097,Hospitalisation,2001,June,Wednesday,16,Angle,Multi-Vehicle,153.3824177,-27.98635357,Cotlew St,,,Ashmore,Gold Coast City,4214,Southport,Gold Coast,South Eastern,SEQ South,South Coast,Ashmore,Southport,Gold Coast,Major Cities,Southport,Moncrieff,Locally-controlled,No Roadway Feature,No traffic control,60 km/h,Sealed - Dry,Clear,Daylight,Curved - view open,Grade,406,Veh'S Manoeuvring: Leaving Driveway,Vehicle leaving driveway,S,0,1,0,0,1,1,0,0,0,1,0,0
1098,Medical treatment,2001,June,Wednesday,14,Head-on,Multi-Vehicle,151.4575364,-25.54851189,Humphrey - Binjour Rd,,,Binjour,North Burnett Region,4625,Gayndah,Wide Bay Burnett,Central,Southern,North Coast and Wide Bay/Burnett,Gayndah - Mundubbera,Burnett,Wide Bay,Outer Regional,Callide,Flynn,Locally-controlled,No Roadway Feature,No traffic control,100 - 110 km/h,Unsealed - Dry,Clear,Daylight,Curved - view obscured,Grade,201,Veh'S Opposite Approach: Head On,Head-on,E,0,0,3,0,3,2,0,0,0,0,0,0
1099,Hospitalisation,2001,June,Wednesday,12,Overturned,Single Vehicle,151.2517936,-24.00604187,Bruce Hwy,,Bruce Highway (Benaraby - Rockhampton),Calliope,Gladstone Region,4680,Calliope,Capricornia,Central,Central,Central Queensland,Gladstone Hinterland,Gladstone,Central Queensland,Inner Regional,Gladstone,Flynn,State-controlled,No Roadway Feature,No traffic control,100 - 110 km/h,Sealed - Dry,Clear,Daylight,Straight,Level,700,Off Path-Straight: Other,Other,N,0,1,0,0,1,1,0,0,0,0,0,0
1100,Medical treatment,2001,June,Wednesday,17,Rear-end,Multi-Vehicle,149.1836592,-21.13921992,River St,,,Mackay,Mackay Region,4740,Mackay,Mackay,Central,Central,Central Queensland,Mackay,Mackay,Mackay - Isaac - Whitsunday,Inner Regional,Mackay,Dawson,Locally-controlled,No Roadway Feature,No traffic control,60 km/h,Sealed - Dry,Clear,Daylight,Straight,Level,301,Veh'S Same Direction: Rear End,Rear-end,E,0,0,1,1,2,3,0,0,0,0,0,0
1101,Medical treatment,2001,June,Wednesday,6,Sideswipe,Multi-Vehicle,149.1600446,-21.18430609,Enterprise St,,,Paget,Mackay Region,4740,Mackay,Mackay,Central,Central,Central Queensland,Ooralea - Bakers Creek,Mackay,Mackay - Isaac - Whitsunday,Inner Regional,Mirani,Dawson,Locally-controlled,No Roadway Feature,No traffic control,60 km/h,Sealed - Dry,Clear,Daylight,Straight,Level,308,Veh'S Same Direction: Right Turn S/Swipe,Parallel lanes turning,E,0,0,1,0,1,1,1,0,0,0,0,0
1102,Property damage only,2001,June,Thursday,10,Rear-end,Multi-Vehicle,153.0847484,-27.55363102,Dawson Rd,,,Upper Mount Gravatt,Brisbane City,4122,Upper Mount Gravatt,South Brisbane,Brisbane,SEQ South,Metropolitan,Upper Mount Gravatt,Mt Gravatt,Brisbane - South,Major Cities,Mansfield,Bonner,Locally-controlled,No Roadway Feature,No traffic control,60 km/h,Sealed - Dry,Clear,Daylight,Straight,Level,302,Veh'S Same Direction: Left Rear,Rear-end,E,0,0,0,0,0,2,0,0,0,0,0,0
1103,Medical treatment,2001,June,Thursday,14,Rear-end,Multi-Vehicle,153.0486514,-27.69967698,Park Ridge Rd,,,Park Ridge,Logan City,4125,Browns Plains,Logan,South Eastern,SEQ South,South Coast,Boronia Heights - Park Ridge,Browns Plains,Logan - Beaudesert,Major Cities,Logan,Forde,Locally-controlled,No Roadway Feature,No traffic control,80 - 90 km/h,Sealed - Dry,Clear,Daylight,Straight,Level,302,Veh'S Same Direction: Left Rear,Rear-end,E,0,0,1,0,1,2,0,0,0,0,0,0
1104,Minor injury,2001,June,Thursday,14,Hit parked vehicle,Single Vehicle,152.9587374,-26.62581345,Nambour Connection Rd,,Nambour Connection Road,Nambour,Sunshine Coast Region,4560,Nambour,Sunshine Coast,Central,SEQ North,North Coast and Wide Bay/Burnett,Nambour,Nambour,Sunshine Coast,Major Cities,Nicklin,Fairfax,State-controlled,No Roadway Feature,No traffic control,0 - 50 km/h,Sealed - Dry,Clear,Daylight,Curved - view open,Level,604,Veh'S On Path: Car Door,Hit parked vehicle,N,0,0,0,1,1,1,0,1,0,0,0,0
1105,Minor injury,2001,June,Thursday,8,Angle,Multi-Vehicle,152.3596713,-24.87817998,Hunter St,Lamb St,,Walkervale,Bundaberg Region,4670,Bundaberg,Wide Bay Burnett,Central,Southern,North Coast and Wide Bay/Burnett,Walkervale - Avenell Heights,Bundaberg,Wide Bay,Inner Regional,Bundaberg,Hinkler,Locally-controlled,Intersection - Cross,Give way sign,60 km/h,Sealed - Dry,Clear,Daylight,Straight,Level,101,Veh'S Adjacent Approach: Thru-Thru,Intersection from adjacent approaches,N,0,0,0,1,1,2,0,0,0,0,0,0
1106,Property damage only,2001,June,Thursday,18,Rear-end,Multi-Vehicle,151.9049134,-27.55042987,Toowoomba - Cecil Plains Rd,,Toowoomba - Cecil Plains Road,Wilsonton,Toowoomba Region,4350,Toowoomba,Darling Downs,Southern,Southern,Downs South West,Wilsonton,Toowoomba,Toowoomba,Inner Regional,Toowoomba North,Groom,State-controlled,No Roadway Feature,No traffic control,60 km/h,Sealed - Dry,Clear,Darkness - Lighted,Straight,Level,302,Veh'S Same Direction: Left Rear,Rear-end,E,0,0,0,0,0,2,0,1,0,0,0,0
1107,Medical treatment,2001,June,Friday,8,Non-collision - miscellaneous,Other,152.3447021,-24.85886217,Gavin St,Queen St,Bundaberg - Gin Gin Road,Bundaberg North,Bundaberg Region,4670,Bundaberg,Wide Bay Burnett,Central,Southern,North Coast and Wide Bay/Burnett,Bundaberg North - Gooburrum,Bundaberg,Wide Bay,Inner Regional,Bundaberg,Hinkler,State-controlled,Intersection - Roundabout,Give way sign,60 km/h,Sealed - Dry,Clear,Daylight,Straight,Level,901,Pass & Misc: Fell In/From Vehicle,Other,S,0,0,2,0,2,0,0,0,1,0,0,0
1108,Property damage only,2001,June,Friday,14,Angle,Multi-Vehicle,150.6367485,-23.25887679,Dairy Inn Rd,,,Cawarral,Livingstone Shire,4702,Lakes Creek,Capricornia,Central,Central,Central Queensland,Rockhampton Region - East,Rockhampton,Central Queensland,Inner Regional,Keppel,Capricornia,Locally-controlled,No Roadway Feature,No traffic control,100 - 110 km/h,Sealed - Dry,Clear,Daylight,Curved - view open,Level,506,Veh'S Overtaking: Overtake-Right Turn,Overtaking same direction,E,0,0,0,0,0,1,0,1,0,0,0,0
1109,Hospitalisation,2001,June,Saturday,16,Hit object,Single Vehicle,152.9403812,-27.1151597,Petersen Rd,,,Morayfield,Moreton Bay Region,4506,Burpengary,Moreton,Southern,SEQ North,North Coast and Wide Bay/Burnett,Caboolture - South,Caboolture,Moreton Bay - North,Major Cities,Morayfield,Longman,Locally-controlled,No Roadway Feature,No traffic control,60 km/h,Sealed - Dry,Clear,Daylight,Curved - view open,Level,804,Off Path-Curve: Off Cway Lt Bend Hit Obj,Off carriageway on curve hit object,N,0,3,0,0,3,1,0,0,0,0,0,0
1110,Medical treatment,2001,June,Saturday,13,Rear-end,Multi-Vehicle,153.0177994,-27.43617334,Murray St,Newmarket Rd,,Wilston,Brisbane City,4051,Stafford,North Brisbane,Brisbane,SEQ North,Metropolitan,Wilston,Brisbane Inner - North,Brisbane Inner City,Major Cities,Stafford,Brisbane,Locally-controlled,Intersection - T-Junction,No traffic control,60 km/h,Sealed - Dry,Clear,Daylight,Straight,Crest,303,Veh'S Same Direction: Right Rear,Rear-end,E,0,0,1,0,1,2,0,0,0,0,0,0
1111,Minor injury,2001,June,Saturday,10,Rear-end,Multi-Vehicle,153.0495159,-28.09351826,Cainbable Ck Rd,Nindooinbah Est Rd,,Kerry,Scenic Rim Region,4285,Beaudesert,Logan,South Eastern,SEQ South,South Coast,Beaudesert,Beaudesert,Logan - Beaudesert,Inner Regional,Scenic Rim,Wright,Locally-controlled,Intersection - Y-Junction,Give way sign,100 - 110 km/h,Sealed - Dry,Clear,Daylight,Curved - view open,Level,302,Veh'S Same Direction: Left Rear,Rear-end,N,0,0,0,1,1,2,0,0,0,0,0,0