Crash_Ref_Number,Crash_Severity,Crash_Year,Crash_Month,Crash_Day_Of_Week,Crash_Hour,Crash_Nature,Crash_Type,Crash_Longitude_GDA94,Crash_Latitude_GDA94,Crash_Street,Crash_Street_Intersecting,State_Road_Name,Loc_Suburb,Loc_Local_Government_Area,Loc_Post_Code,Loc_Police_Division,Loc_Police_District,Loc_Police_Region,Loc_Queensland_Transport_Region,Loc_Main_Roads_Region,Loc_ABS_Statistical_Area_2,Loc_ABS_Statistical_Area_3,Loc_ABS_Statistical_Area_4,Loc_ABS_Remoteness,Loc_State_Electorate,Loc_Federal_Electorate,Crash_Controlling_Authority,Crash_Roadway_Feature,Crash_Traffic_Control,Crash_Speed_Limit,Crash_Road_Surface_Condition,Crash_Atmospheric_Condition,Crash_Lighting_Condition,Crash_Road_Horiz_Align,Crash_Road_Vert_Align,Crash_DCA_Code,Crash_DCA_Description,Crash_DCA_Group_Description,DCA_Key_Approach_Dir,Count_Casualty_Fatality,Count_Casualty_Hospitalised,Count_Casualty_MedicallyTreated,Count_Casualty_MinorInjury,Count_Casualty_Total,Count_Unit_Car,Count_Unit_Motorcycle_Moped,Count_Unit_Truck,Count_Unit_Bus,Count_Unit_Bicycle,Count_Unit_Pedestrian,Count_Unit_Other
1307,Medical treatment,2001,July,Tuesday,12,Angle,Multi-Vehicle,153.1179571,-26.79693934,Industrial Ave,,,Caloundra West,Sunshine Coast Region,4551,Caloundra,Sunshine Coast,Central,SEQ North,North Coast and Wide Bay/Burnett,Caloundra - West,Caloundra,Sunshine Coast,Major Cities,Kawana,Fisher,Locally-controlled,No Roadway Feature,No traffic control,60 km/h,Sealed - Dry,Clear,Daylight,Straight,Level,308,Veh'S Same Direction: Right Turn S/Swipe,Parallel lanes turning,E,0,0,1,0,1,1,1,0,0,0,0,0
1308,Hospitalisation,2001,July,Tuesday,11,Angle,Multi-Vehicle,153.029667,-27.82140236,Mt Lindesay Hwy,Mundoolun Rd,Mount Lindesay Highway (Brisbane-Beaudesert),Jimboomba,Logan City,4280,Jimboomba,Logan,South Eastern,SEQ South,South Coast,Jimboomba,Jimboomba,Logan - Beaudesert,Inner Regional,Logan,Wright,State-controlled,Intersection - Cross,No traffic control,80 - 90 km/h,Sealed - Dry,Clear,Daylight,Straight,Level,202,Veh'S Opposite Approach: Thru-Right,Opposing vehicles turning,N,0,1,0,1,2,2,0,0,0,0,0,0
1309,Minor injury,2001,July,Tuesday,9,Angle,Multi-Vehicle,152.8759243,-25.29557103,Robert St,,,Torquay,Fraser Coast Region,4655,Hervey Bay,Wide Bay Burnett,Central,Southern,North Coast and Wide Bay/Burnett,Torquay - Scarness - Kawungan,Hervey Bay,Wide Bay,Inner Regional,Hervey Bay,Hinkler,Locally-controlled,No Roadway Feature,School crossing - flags,60 km/h,Sealed - Dry,Clear,Daylight,Straight,Level,408,Veh'S Manoeuvring: Entering From Footway,Vehicle leaving driveway,E,0,0,0,1,1,0,0,1,0,1,0,0
1310,Property damage only,2001,July,Tuesday,16,Angle,Multi-Vehicle,151.9159351,-27.58957901,Ball St,Gore Hwy,Gore Highway (Toowoomba-Millmerran),Drayton,Toowoomba Region,4350,Drayton,Darling Downs,Southern,Southern,Downs South West,Drayton - Harristown,Toowoomba,Toowoomba,Inner Regional,Condamine,Groom,State-controlled,Intersection - T-Junction,Stop sign,60 km/h,Sealed - Dry,Clear,Daylight,Straight,Level,104,Veh'S Adjacent Approach: Thru-Right,Intersection from adjacent approaches,S,0,0,0,0,0,2,0,0,0,0,0,0
1311,Minor injury,2001,July,Wednesday,16,Fall from vehicle,Single Vehicle,153.0410896,-27.45070347,Ann St,Longland St,,Fortitude Valley,Brisbane City,4006,Fortitude Valley,North Brisbane,Brisbane,SEQ North,Metropolitan,Fortitude Valley,Brisbane Inner,Brisbane Inner City,Major Cities,Mcconnel,Brisbane,Locally-controlled,Intersection - T-Junction,Operating traffic lights,60 km/h,Sealed - Dry,Clear,Daylight,Straight,Level,705,Off Path-Straight:Out Of Control On Cway,Out of control on straight,N,0,0,0,1,1,0,1,0,0,0,0,0
1312,Property damage only,2001,July,Wednesday,8,Hit object,Single Vehicle,153.1094429,-27.54541603,Sandringham St,,,Mansfield,Brisbane City,4122,Holland Park,South Brisbane,Brisbane,SEQ South,Metropolitan,Mansfield (qld),Mt Gravatt,Brisbane - South,Major Cities,Mansfield,Bonner,Locally-controlled,No Roadway Feature,No traffic control,0 - 50 km/h,Sealed - Wet,Raining,Daylight,Straight,Grade,704,Off Path-Straight:Right Off Cway Hit Obj,Off carriageway on straight hit object,N,0,0,0,0,0,1,0,0,0,0,0,0
1313,Hospitalisation,2001,July,Wednesday,18,Head-on,Multi-Vehicle,153.4163684,-28.04829336,Rio Vista Blvd,,,Mermaid Waters,Gold Coast City,4218,Broadbeach,Gold Coast,South Eastern,SEQ South,South Coast,Mermaid Waters,Broadbeach - Burleigh,Gold Coast,Major Cities,Mermaid Beach,Moncrieff,Locally-controlled,No Roadway Feature,No traffic control,60 km/h,Sealed - Wet,Clear,Darkness - Not lighted,Curved - view obscured,Level,201,Veh'S Opposite Approach: Head On,Head-on,S,0,1,1,1,3,2,0,0,0,0,0,0
1314,Property damage only,2001,July,Wednesday,6,Overturned,Single Vehicle,148.8232987,-20.95233777,Bruce Hwy,,Bruce Highway (Mackay - Proserpine),Mount Ossa,Mackay Region,4741,Calen,Mackay,Central,Central,Central Queensland,Seaforth - Calen,Mackay,Mackay - Isaac - Whitsunday,Outer Regional,Whitsunday,Dawson,State-controlled,No Roadway Feature,No traffic control,100 - 110 km/h,Sealed - Wet,Raining,Darkness - Not lighted,Curved - view open,Level,802,Off Path-Curve: Off Cway Left Bend,Off carriageway on curve,N,0,0,0,0,0,1,0,0,0,0,0,0
1315,Property damage only,2001,July,Thursday,6,Hit object,Single Vehicle,153.0143016,-27.51090749,Cansdale St,,,Yeronga,Brisbane City,4104,Annerley,South Brisbane,Brisbane,SEQ South,Metropolitan,Yeronga,Holland Park - Yeronga,Brisbane - South,Major Cities,Miller,Moreton,Locally-controlled,No Roadway Feature,No traffic control,0 - 50 km/h,Sealed - Wet,Clear,Dawn/Dusk,Straight,Level,704,Off Path-Straight:Right Off Cway Hit Obj,Off carriageway on straight hit object,N,0,0,0,0,0,1,0,0,0,0,0,0
1316,Medical treatment,2001,July,Thursday,17,Rear-end,Multi-Vehicle,153.0971955,-27.51768104,Creek Rd,,,Mount Gravatt East,Brisbane City,4122,Holland Park,South Brisbane,Brisbane,SEQ South,Metropolitan,Mansfield (qld),Mt Gravatt,Brisbane - South,Major Cities,Mansfield,Bonner,Locally-controlled,No Roadway Feature,No traffic control,70 km/h,Sealed - Wet,Raining,Darkness - Lighted,Straight,Grade,301,Veh'S Same Direction: Rear End,Rear-end,N,0,0,1,0,1,3,0,0,0,0,0,0
1317,Medical treatment,2001,July,Thursday,21,Hit object,Single Vehicle,153.1234142,-27.54641944,Grieve Rd,Redland Sub-Arterial Rd,Redland Sub-Arterial Road,Mackenzie,Brisbane City,4156,Upper Mount Gravatt,South Brisbane,Brisbane,SEQ South,Metropolitan,Rochedale - Burbank,Mt Gravatt,Brisbane - South,Major Cities,Mansfield,Bonner,State-controlled,Intersection - Roundabout,Give way sign,60 km/h,Sealed - Wet,Raining,Darkness - Lighted,Straight,Level,705,Off Path-Straight:Out Of Control On Cway,Out of control on straight,W,0,0,1,1,2,1,0,0,0,0,0,0
1318,Property damage only,2001,July,Thursday,20,Rear-end,Multi-Vehicle,153.1080234,-27.5689916,Gateway Arterial Rd,,Gateway Motorway (Eight Mile Plains - Nudgee),Rochedale,Brisbane City,4123,Upper Mount Gravatt,South Brisbane,Brisbane,SEQ South,Metropolitan,Rochedale - Burbank,Mt Gravatt,Brisbane - South,Major Cities,Mansfield,Bonner,State-controlled,No Roadway Feature,No traffic control,100 - 110 km/h,Sealed - Wet,Raining,Darkness - Not lighted,Curved - view obscured,Grade,301,Veh'S Same Direction: Rear End,Rear-end,S,0,0,0,0,0,3,0,0,0,0,0,0
1319,Medical treatment,2001,July,Thursday,18,Angle,Multi-Vehicle,153.1100727,-27.47199071,Container St,Wynnum Rd,,Tingalpa,Brisbane City,4173,Morningside,South Brisbane,Brisbane,SEQ South,Metropolitan,Tingalpa,Wynnum - Manly,Brisbane - East,Major Cities,Lytton,Bonner,Locally-controlled,Intersection - Cross,Operating traffic lights,70 km/h,Sealed - Wet,Raining,Darkness - Lighted,Straight,Level,202,Veh'S Opposite Approach: Thru-Right,Opposing vehicles turning,E,0,0,1,0,1,2,0,0,0,0,0,0
1320,Medical treatment,2001,July,Thursday,6,Rear-end,Multi-Vehicle,153.0125599,-27.34587489,Beams Rd,Gympie Rd,Gympie Arterial Road,Carseldine,Brisbane City,4034,Carseldine,North Brisbane,Brisbane,SEQ North,Metropolitan,Carseldine,Bald Hills - Everton Park,Brisbane - North,Major Cities,Aspley,Petrie,State-controlled,Intersection - Cross,Operating traffic lights,60 km/h,Sealed - Wet,Raining,Dawn/Dusk,Straight,Level,303,Veh'S Same Direction: Right Rear,Rear-end,S,0,0,1,0,1,2,0,0,0,0,0,0
1321,Medical treatment,2001,July,Thursday,15,Hit pedestrian,Hit pedestrian,153.3515928,-27.95671366,Greenacre Dr,,,Parkwood,Gold Coast City,4214,Southport,Gold Coast,South Eastern,SEQ South,South Coast,Parkwood,Southport,Gold Coast,Major Cities,Bonney,Fadden,Locally-controlled,No Roadway Feature,No traffic control,0 - 50 km/h,Sealed - Dry,Clear,Daylight,Straight,Level,3,Ped'N: Far Side Vehicle Hit From Left,Pedestrian,E,0,0,1,0,1,1,0,0,0,0,1,0
1322,Property damage only,2001,July,Thursday,0,Hit object,Single Vehicle,152.8358616,-27.00660337,D'Aguilar Hwy,,D'Aguilar Highway (Caboolture - Kilcoy),Bracalba,Moreton Bay Region,4512,Woodford,Moreton,Southern,SEQ North,North Coast and Wide Bay/Burnett,Woodford - Daguilar,Caboolture Hinterland,Moreton Bay - North,Inner Regional,Glass House,Longman,State-controlled,No Roadway Feature,No traffic control,100 - 110 km/h,Sealed - Wet,Raining,Darkness - Not lighted,Curved - view open,Grade,803,Off Path-Curve: Off Cway Rt Bend Hit Obj,Off carriageway on curve hit object,W,0,0,0,0,0,1,0,0,0,0,0,0
1323,Minor injury,2001,July,Thursday,18,Hit object,Single Vehicle,153.0164287,-26.86138806,Bruce Hwy,,Bruce Highway (Brisbane - Gympie),Beerwah,Sunshine Coast Region,4519,Beerwah,Sunshine Coast,Central,SEQ North,North Coast and Wide Bay/Burnett,Beerwah,Sunshine Coast Hinterland,Sunshine Coast,Inner Regional,Caloundra,Fisher,State-controlled,Bridge/Causeway,No traffic control,100 - 110 km/h,Sealed - Wet,Raining,Darkness - Not lighted,Straight,Level,607,Veh'S On Path: Temporary Object On C'Way,Other,N,0,0,0,1,1,1,0,0,0,0,0,0
1324,Hospitalisation,2001,July,Thursday,15,Sideswipe,Multi-Vehicle,152.4406623,-25.93634482,Bauple - Woolooga Rd,,Bauple - Woolooga Road,Glen Echo,Gympie Region,4570,Tiaro,Wide Bay Burnett,Central,Southern,North Coast and Wide Bay/Burnett,Gympie Region,Gympie - Cooloola,Wide Bay,Inner Regional,Gympie,Wide Bay,State-controlled,No Roadway Feature,No traffic control,100 - 110 km/h,Sealed - Wet,Raining,Daylight,Straight,Level,500,Veh'S Overtaking: Other,Other,N,0,1,0,0,1,2,0,0,0,0,0,0
1325,Property damage only,2001,July,Thursday,9,Angle,Multi-Vehicle,151.9219665,-27.57039112,Hampton St,,,Harristown,Toowoomba Region,4350,Toowoomba,Darling Downs,Southern,Southern,Downs South West,Drayton - Harristown,Toowoomba,Toowoomba,Inner Regional,Toowoomba South,Groom,Locally-controlled,No Roadway Feature,No traffic control,60 km/h,Sealed - Wet,Raining,Daylight,Straight,Level,506,Veh'S Overtaking: Overtake-Right Turn,Overtaking same direction,N,0,0,0,0,0,2,0,0,0,0,0,0
1326,Property damage only,2001,July,Thursday,21,Hit object,Single Vehicle,151.9373765,-27.59378868,West St,,,Darling Heights,Toowoomba Region,4350,Toowoomba,Darling Downs,Southern,Southern,Downs South West,Darling Heights,Toowoomba,Toowoomba,Inner Regional,Toowoomba South,Groom,Locally-controlled,No Roadway Feature,No traffic control,60 km/h,Sealed - Wet,Raining,Darkness - Lighted,Straight,Level,607,Veh'S On Path: Temporary Object On C'Way,Other,N,0,0,0,0,0,1,0,0,0,0,0,0
1327,Property damage only,2001,July,Thursday,15,Hit object,Single Vehicle,149.4720621,-24.12074433,Range Barranga Rd,,,Woorabinda,Woorabinda Aboriginal Shire,4713,Woorabinda,Capricornia,Central,Central,Central Queensland,Central Highlands - East,Central Highlands (qld),Central Queensland,Remote,Gregory,Flynn,Locally-controlled,No Roadway Feature,No traffic control,100 - 110 km/h,Sealed - Dry,Clear,Daylight,Curved - view open,Grade,803,Off Path-Curve: Off Cway Rt Bend Hit Obj,Off carriageway on curve hit object,W,0,0,0,0,0,1,0,0,0,0,0,0
1328,Hospitalisation,2001,July,Friday,8,Hit object,Single Vehicle,153.1036558,-27.45000575,Gateway Arterial Rd,,Gateway Motorway (Eight Mile Plains - Nudgee),Murarrie,Brisbane City,4172,Wynnum,South Brisbane,Brisbane,SEQ South,Metropolitan,Murarrie,Wynnum - Manly,Brisbane - East,Major Cities,Bulimba,Bonner,State-controlled,Bridge/Causeway,No traffic control,60 km/h,Sealed - Wet,Clear,Daylight,Straight,Grade,305,Veh'S Same Direction: Lane Side Swipe,Lane changes,S,0,1,0,1,2,2,0,0,0,0,0,0
1329,Hospitalisation,2001,July,Friday,19,Sideswipe,Multi-Vehicle,152.9663109,-26.62638149,Aspland St,Howard St,,Nambour,Sunshine Coast Region,4560,Nambour,Sunshine Coast,Central,SEQ North,North Coast and Wide Bay/Burnett,Nambour,Nambour,Sunshine Coast,Major Cities,Nicklin,Fairfax,Locally-controlled,Intersection - T-Junction,No traffic control,60 km/h,Sealed - Dry,Clear,Darkness - Lighted,Straight,Level,506,Veh'S Overtaking: Overtake-Right Turn,Overtaking same direction,E,0,1,0,0,1,1,1,0,0,0,0,0
1330,Property damage only,2001,July,Saturday,2,Hit object,Single Vehicle,152.9940538,-27.46213258,Fernberg Rd,Prince St,,Paddington,Brisbane City,4064,Brisbane City,North Brisbane,Brisbane,SEQ North,Metropolitan,Paddington - Milton,Brisbane Inner - West,Brisbane Inner City,Major Cities,Cooper,Brisbane,Locally-controlled,Intersection - T-Junction,No traffic control,0 - 50 km/h,Sealed - Dry,Clear,Darkness - Lighted,Straight,Crest,703,Off Path-Straight: Left Off Cway Hit Obj,Off carriageway on straight hit object,S,0,0,0,0,0,1,0,0,0,0,0,0
1331,Medical treatment,2001,July,Saturday,23,Angle,Multi-Vehicle,153.0337093,-27.45982666,Gipps St,Kemp Pl,,Fortitude Valley,Brisbane City,4006,Fortitude Valley,North Brisbane,Brisbane,SEQ North,Metropolitan,Fortitude Valley,Brisbane Inner,Brisbane Inner City,Major Cities,Mcconnel,Brisbane,Locally-controlled,Intersection - Cross,Operating traffic lights,60 km/h,Sealed - Dry,Clear,Darkness - Lighted,Straight,Level,202,Veh'S Opposite Approach: Thru-Right,Opposing vehicles turning,S,0,0,1,0,1,2,0,0,0,0,0,0
1332,Medical treatment,2001,July,Saturday,18,Hit pedestrian,Hit pedestrian,152.9743557,-27.5044074,Coonan St,Radnor St,,Indooroopilly,Brisbane City,4068,Indooroopilly,North Brisbane,Brisbane,SEQ North,Metropolitan,Indooroopilly,Sherwood - Indooroopilly,Brisbane - West,Major Cities,Maiwar,Ryan,Locally-controlled,Intersection - T-Junction,No traffic control,60 km/h,Sealed - Dry,Clear,Darkness - Lighted,Straight,Level,7,Ped'N: Hit By Vehicle Enter/Leave D'Way,Pedestrian,W,0,0,1,0,1,1,0,0,0,0,1,0
1333,Minor injury,2001,July,Saturday,12,Rear-end,Multi-Vehicle,153.0744426,-27.56190629,Griffith Arterial Rd,Springfield St,Griffith Arterial Road,Macgregor,Brisbane City,4109,Upper Mount Gravatt,South Brisbane,Brisbane,SEQ South,Metropolitan,Macgregor (qld),Mt Gravatt,Brisbane - South,Major Cities,Toohey,Moreton,State-controlled,Intersection - T-Junction,Operating traffic lights,60 km/h,Sealed - Dry,Clear,Daylight,Straight,Level,301,Veh'S Same Direction: Rear End,Rear-end,E,0,0,0,1,1,2,0,0,0,0,0,0
1334,Hospitalisation,2001,July,Saturday,10,Head-on,Multi-Vehicle,153.1008946,-26.70336892,Sunshine Mwy,,Sunshine Motorway (Tanawha - Mooloolaba),Mountain Creek,Sunshine Coast Region,4557,Maroochydore,Sunshine Coast,Central,SEQ North,North Coast and Wide Bay/Burnett,Mountain Creek,Buderim,Sunshine Coast,Major Cities,Buderim,Fairfax,State-controlled,No Roadway Feature,No traffic control,100 - 110 km/h,Sealed - Dry,Clear,Daylight,Straight,Level,201,Veh'S Opposite Approach: Head On,Head-on,E,0,4,0,0,4,2,0,0,0,0,0,0
1335,Hospitalisation,2001,July,Saturday,14,Angle,Multi-Vehicle,153.0337786,-27.82539857,Merton St,Tamborine St,,Jimboomba,Logan City,4280,Jimboomba,Logan,South Eastern,SEQ South,South Coast,Jimboomba,Jimboomba,Logan - Beaudesert,Inner Regional,Logan,Wright,Locally-controlled,Intersection - T-Junction,No traffic control,60 km/h,Sealed - Dry,Clear,Daylight,Straight,Level,506,Veh'S Overtaking: Overtake-Right Turn,Overtaking same direction,E,0,1,1,0,2,2,0,0,0,0,0,0
1336,Property damage only,2001,July,Saturday,1,Hit object,Single Vehicle,152.6635076,-25.56479588,Bruce Hwy,Bruce Hwy Off Ramp,Bruce Highway (Gympie - Maryborough),Tinana,Fraser Coast Region,4650,Maryborough,Wide Bay Burnett,Central,Southern,North Coast and Wide Bay/Burnett,Tinana,Maryborough,Wide Bay,Inner Regional,Maryborough,Wide Bay,State-controlled,Intersection - Interchange,No traffic control,100 - 110 km/h,Sealed - Dry,Clear,Darkness - Lighted,Curved - view open,Level,803,Off Path-Curve: Off Cway Rt Bend Hit Obj,Off carriageway on curve hit object,N,0,0,0,0,0,1,0,0,0,0,0,0
1337,Fatal,2001,July,Saturday,15,Sideswipe,Multi-Vehicle,150.6291492,-23.63502732,Bruce Hwy,,Bruce Highway (Benaraby - Rockhampton),Bajool,Rockhampton Region,4699,Marmor,Capricornia,Central,Central,Central Queensland,Bouldercombe,Rockhampton,Central Queensland,Outer Regional,Mirani,Flynn,State-controlled,No Roadway Feature,No traffic control,100 - 110 km/h,Sealed - Dry,Clear,Daylight,Straight,Level,500,Veh'S Overtaking: Other,Other,S,1,1,0,0,2,1,0,1,0,0,0,0
1338,Minor injury,2001,July,Saturday,15,Angle,Multi-Vehicle,149.174451,-21.12267589,Malcomson St,,,North Mackay,Mackay Region,4740,Mackay,Mackay,Central,Central,Central Queensland,North Mackay,Mackay,Mackay - Isaac - Whitsunday,Inner Regional,Mackay,Dawson,Locally-controlled,No Roadway Feature,No traffic control,60 km/h,Sealed - Dry,Clear,Daylight,Straight,Level,408,Veh'S Manoeuvring: Entering From Footway,Vehicle leaving driveway,N,0,0,0,1,1,1,1,0,0,0,0,0
1339,Minor injury,2001,July,Sunday,13,Rear-end,Multi-Vehicle,153.2120613,-27.59809009,West Mt Cotton Rd,,,Mount Cotton,Redland City,4165,Redland Bay,South Brisbane,Brisbane,SEQ South,Metropolitan,Sheldon - Mount Cotton,Cleveland - Stradbroke,Brisbane - East,Major Cities,Springwood,Bowman,Locally-controlled,No Roadway Feature,No traffic control,80 - 90 km/h,Sealed - Dry,Clear,Daylight,Straight,Grade,303,Veh'S Same Direction: Right Rear,Rear-end,S,0,0,0,2,2,2,0,0,0,0,0,0
1340,Medical treatment,2001,July,Sunday,11,Sideswipe,Multi-Vehicle,152.8959634,-27.61312674,Redbank Plains Rd,,,Goodna,Ipswich City,4300,Goodna,Ipswich,Southern,SEQ South,Metropolitan,Goodna,Springfield - Redbank,Ipswich,Major Cities,Bundamba,Oxley,Locally-controlled,No Roadway Feature,No traffic control,70 km/h,Sealed - Dry,Clear,Daylight,Straight,Level,401,Veh'S Manoeuvring: Leaving Parking,Vehicle leaving driveway,N,0,0,1,0,1,2,0,0,0,0,0,0
1341,Hospitalisation,2001,July,Sunday,9,Angle,Multi-Vehicle,153.1027025,-26.67418154,Mooloolaba Rd,Parkway Dr,Mooloolaba Road,Mooloolaba,Sunshine Coast Region,4557,Maroochydore,Sunshine Coast,Central,SEQ North,North Coast and Wide Bay/Burnett,Mooloolaba - Alexandra Headland,Maroochy,Sunshine Coast,Major Cities,Maroochydore,Fisher,State-controlled,Intersection - T-Junction,Stop sign,60 km/h,Sealed - Dry,Clear,Daylight,Curved - view obscured,Crest,104,Veh'S Adjacent Approach: Thru-Right,Intersection from adjacent approaches,W,0,1,0,0,1,2,0,0,0,0,0,0
1342,Property damage only,2001,July,Sunday,10,Overturned,Single Vehicle,152.6997482,-26.23870571,Bruce Hwy,,Bruce Highway (Brisbane - Gympie),Kybong,Gympie Region,4570,Gympie,Wide Bay Burnett,Central,Southern,North Coast and Wide Bay/Burnett,Gympie Region,Gympie - Cooloola,Wide Bay,Inner Regional,Gympie,Wide Bay,State-controlled,No Roadway Feature,No traffic control,100 - 110 km/h,Sealed - Dry,Clear,Daylight,Curved - view open,Level,805,Off Path-Curve: Out Of Control On Cway,Out of control on curve,N,0,0,0,0,0,1,0,0,0,0,0,0
1343,Property damage only,2001,July,Sunday,1,Hit object,Single Vehicle,151.2573771,-23.87772768,Franmaur St,Sunvalley Rd,,Sun Valley,Gladstone Region,4680,Gladstone,Capricornia,Central,Central,Central Queensland,Kin Kora - Sun Valley,Gladstone,Central Queensland,Inner Regional,Gladstone,Flynn,Locally-controlled,Intersection - T-Junction,No traffic control,60 km/h,Sealed - Dry,Clear,Darkness - Lighted,Straight,Level,704,Off Path-Straight:Right Off Cway Hit Obj,Off carriageway on straight hit object,E,0,0,0,0,0,1,0,0,0,0,0,0
1344,Property damage only,2001,July,Sunday,20,Hit object,Single Vehicle,150.4894224,-23.38102759,Jardine St,North St,,West Rockhampton,Rockhampton Region,4700,Rockhampton,Capricornia,Central,Central,Central Queensland,Rockhampton - West,Rockhampton,Central Queensland,Inner Regional,Rockhampton,Capricornia,Locally-controlled,Intersection - Roundabout,Give way sign,60 km/h,Sealed - Dry,Clear,Darkness - Lighted,Straight,Grade,708,Off Path-Straight: Mounts Traffic Island,Off carriageway on straight hit object,S,0,0,0,0,0,1,0,0,0,0,0,0
1345,Minor injury,2001,July,Monday,16,Angle,Multi-Vehicle,153.1234457,-27.54648256,Grieve Rd,Redland Sub-Arterial Rd,Redland Sub-Arterial Road,Mackenzie,Brisbane City,4156,Upper Mount Gravatt,South Brisbane,Brisbane,SEQ South,Metropolitan,Rochedale - Burbank,Mt Gravatt,Brisbane - South,Major Cities,Mansfield,Bonner,State-controlled,Intersection - Roundabout,Give way sign,60 km/h,Sealed - Dry,Clear,Daylight,Straight,Level,104,Veh'S Adjacent Approach: Thru-Right,Intersection from adjacent approaches,W,0,0,0,1,1,1,1,0,0,0,0,0
1346,Property damage only,2001,July,Monday,14,Angle,Multi-Vehicle,153.1913454,-27.47285616,Bellevue Pde,Esplanade,,Lota,Brisbane City,4179,Wynnum,South Brisbane,Brisbane,SEQ South,Metropolitan,Manly - Lota,Wynnum - Manly,Brisbane - East,Major Cities,Lytton,Bonner,Locally-controlled,Intersection - Cross,Give way sign,0 - 50 km/h,Sealed - Dry,Clear,Daylight,Straight,Level,102,Veh'S Adjacent Approach: Right-Thru,Intersection from adjacent approaches,W,0,0,0,0,0,2,0,0,0,0,0,0
1347,Medical treatment,2001,July,Monday,8,Hit pedestrian,Hit pedestrian,153.0421331,-27.41917721,Inwood St,,,Wooloowin,Brisbane City,4030,Hendra,North Brisbane,Brisbane,SEQ North,Metropolitan,Wooloowin - Lutwyche,Brisbane Inner - North,Brisbane Inner City,Major Cities,Clayfield,Brisbane,Locally-controlled,No Roadway Feature,No traffic control,60 km/h,Sealed - Dry,Clear,Daylight,Straight,Level,1,Ped'N: Near Side Vehicle Hit From Right,Pedestrian,W,0,0,1,0,1,1,0,0,0,0,1,0
1348,Property damage only,2001,July,Monday,11,Rear-end,Multi-Vehicle,152.9388209,-27.62536864,Browns Plains Rd,Cobalt St,,Carole Park,Ipswich City,4300,Goodna,Ipswich,Southern,SEQ South,Metropolitan,Carole Park,Springfield - Redbank,Ipswich,Major Cities,Jordan,Oxley,Locally-controlled,Intersection - T-Junction,Give way sign,60 km/h,Sealed - Dry,Clear,Daylight,Straight,Level,302,Veh'S Same Direction: Left Rear,Rear-end,W,0,0,0,0,0,2,0,0,0,0,0,0
1349,Property damage only,2001,July,Tuesday,16,Struck by external load,Other,152.9899531,-27.44023324,Stewart Rd,,Western Arterial Road (Toowong - Everton Park),Ashgrove,Brisbane City,4060,The Gap,North Brisbane,Brisbane,SEQ North,Metropolitan,Ashgrove,Brisbane Inner - West,Brisbane Inner City,Major Cities,Cooper,Brisbane,State-controlled,No Roadway Feature,No traffic control,60 km/h,Sealed - Dry,Clear,Daylight,Curved - view open,Level,610,Pass & Misc: Load Hit Vehicle,Other,S,0,0,0,0,0,2,0,0,0,0,0,0
1350,Medical treatment,2001,July,Tuesday,8,Rear-end,Multi-Vehicle,153.3648849,-28.07228658,Highfield Dr,Robina Town Centre Dr,,Robina,Gold Coast City,4226,Mudgeeraba,Gold Coast,South Eastern,SEQ South,South Coast,Robina,Robina,Gold Coast,Major Cities,Mudgeeraba,Mcpherson,Locally-controlled,Intersection - Roundabout,Give way sign,60 km/h,Sealed - Dry,Clear,Daylight,Straight,Level,303,Veh'S Same Direction: Right Rear,Rear-end,W,0,0,1,0,1,2,0,0,0,0,0,0
1351,Medical treatment,2001,July,Tuesday,15,Angle,Multi-Vehicle,149.1791133,-21.09731391,Barnfield Dr,Celeber Dr,,Andergrove,Mackay Region,4740,Mackay Northern Beaches,Mackay,Central,Central,Central Queensland,Andergrove - Beaconsfield,Mackay,Mackay - Isaac - Whitsunday,Inner Regional,Mackay,Dawson,Locally-controlled,Intersection - T-Junction,No traffic control,60 km/h,Sealed - Dry,Clear,Daylight,Straight,Grade,408,Veh'S Manoeuvring: Entering From Footway,Vehicle leaving driveway,S,0,0,1,0,1,1,0,0,0,1,0,0
1352,Property damage only,2001,August,Wednesday,16,Angle,Multi-Vehicle,152.8076559,-27.60988953,Coal St,Ipswich - Cunningham Hwy Connection Rd,Ipswich - Cunningham Hwy Connection Road,Bundamba,Ipswich City,4304,Booval,Ipswich,Southern,SEQ South,Metropolitan,Bundamba,Ipswich Inner,Ipswich,Major Cities,Bundamba,Blair,State-controlled,Intersection - T-Junction,No traffic control,60 km/h,Sealed - Dry,Clear,Daylight,Straight,Level,102,Veh'S Adjacent Approach: Right-Thru,Intersection from adjacent approaches,S,0,0,0,0,0,2,0,0,0,0,0,0
1353,Property damage only,2001,August,Wednesday,9,Angle,Multi-Vehicle,153.076546,-27.41210758,East - West Arterial Rd,Southern Cross Wy Ramp Xf,Southern Cross Way,Hendra,Brisbane City,4011,Hendra,North Brisbane,Brisbane,SEQ North,Metropolitan,Hendra,Brisbane Inner - North,Brisbane Inner City,Major Cities,Clayfield,Brisbane,State-controlled,Intersection - Interchange,Give way sign,60 km/h,Sealed - Dry,Clear,Daylight,Curved - view open,Level,101,Veh'S Adjacent Approach: Thru-Thru,Intersection from adjacent approaches,W,0,0,0,0,0,1,0,0,0,0,0,1
1354,Property damage only,2001,August,Wednesday,9,Rear-end,Multi-Vehicle,153.5160585,-28.16413243,Gold Coast Hwy,Terminal Dr,Gold Coast Highway (Broadbeach - Coolangatta),Bilinga,Gold Coast City,4225,Coolangatta,Gold Coast,South Eastern,SEQ South,South Coast,Currumbin - Tugun,Coolangatta,Gold Coast,Major Cities,Currumbin,Mcpherson,State-controlled,Intersection - Cross,Operating traffic lights,80 - 90 km/h,Sealed - Dry,Clear,Daylight,Straight,Level,301,Veh'S Same Direction: Rear End,Rear-end,S,0,0,0,0,0,1,0,0,0,0,0,1