Crash_Ref_Number,Crash_Severity,Crash_Year,Crash_Month,Crash_Day_Of_Week,Crash_Hour,Crash_Nature,Crash_Type,Crash_Longitude_GDA94,Crash_Latitude_GDA94,Crash_Street,Crash_Street_Intersecting,State_Road_Name,Loc_Suburb,Loc_Local_Government_Area,Loc_Post_Code,Loc_Police_Division,Loc_Police_District,Loc_Police_Region,Loc_Queensland_Transport_Region,Loc_Main_Roads_Region,Loc_ABS_Statistical_Area_2,Loc_ABS_Statistical_Area_3,Loc_ABS_Statistical_Area_4,Loc_ABS_Remoteness,Loc_State_Electorate,Loc_Federal_Electorate,Crash_Controlling_Authority,Crash_Roadway_Feature,Crash_Traffic_Control,Crash_Speed_Limit,Crash_Road_Surface_Condition,Crash_Atmospheric_Condition,Crash_Lighting_Condition,Crash_Road_Horiz_Align,Crash_Road_Vert_Align,Crash_DCA_Code,Crash_DCA_Description,Crash_DCA_Group_Description,DCA_Key_Approach_Dir,Count_Casualty_Fatality,Count_Casualty_Hospitalised,Count_Casualty_MedicallyTreated,Count_Casualty_MinorInjury,Count_Casualty_Total,Count_Unit_Car,Count_Unit_Motorcycle_Moped,Count_Unit_Truck,Count_Unit_Bus,Count_Unit_Bicycle,Count_Unit_Pedestrian,Count_Unit_Other
1404,Medical treatment,2001,August,Friday,13,Rear-end,Multi-Vehicle,153.1710644,-27.4454115,Tingal Rd,,,Wynnum,Brisbane City,4178,Wynnum,South Brisbane,Brisbane,SEQ South,Metropolitan,Wynnum,Wynnum - Manly,Brisbane - East,Major Cities,Lytton,Bonner,Locally-controlled,No Roadway Feature,No traffic control,60 km/h,Sealed - Dry,Clear,Daylight,Straight,Level,301,Veh'S Same Direction: Rear End,Rear-end,S,0,0,1,0,1,2,0,0,0,0,0,0
1405,Hospitalisation,2001,August,Friday,6,Rear-end,Multi-Vehicle,153.034842,-27.11580971,Caboolture - Beachmere Rd,,Caboolture - Beachmere Road,Beachmere,Moreton Bay Region,4510,Caboolture,Moreton,Southern,SEQ North,North Coast and Wide Bay/Burnett,Beachmere - Sandstone Point,Bribie - Beachmere,Moreton Bay - North,Major Cities,Pumicestone,Longman,State-controlled,No Roadway Feature,No traffic control,100 - 110 km/h,Sealed - Dry,Fog,Daylight,Straight,Level,301,Veh'S Same Direction: Rear End,Rear-end,N,0,1,0,0,1,2,0,0,0,0,0,0
1406,Minor injury,2001,August,Friday,15,Rear-end,Multi-Vehicle,153.1250243,-27.61673795,Pacific Hwy Ramp Xp,,Pacific Highway (Pacific Motorway),Springwood,Logan City,4127,Springwood,Logan,South Eastern,SEQ South,South Coast,Springwood,Springwood - Kingston,Logan - Beaudesert,Major Cities,Springwood,Rankin,State-controlled,Intersection - Interchange,No traffic control,60 km/h,Sealed - Dry,Clear,Daylight,Curved - view open,Grade,301,Veh'S Same Direction: Rear End,Rear-end,S,0,0,0,1,1,2,0,0,0,0,0,0
1407,Medical treatment,2001,August,Friday,10,Rear-end,Multi-Vehicle,153.1190914,-27.66447683,Brisbane - Beenleigh Rd,,Brisbane - Beenleigh Road,Kingston,Logan City,4114,Logan Central,Logan,South Eastern,SEQ South,South Coast,Kingston (qld.),Springwood - Kingston,Logan - Beaudesert,Major Cities,Woodridge,Rankin,State-controlled,No Roadway Feature,No traffic control,60 km/h,Sealed - Dry,Clear,Daylight,Straight,Level,301,Veh'S Same Direction: Rear End,Rear-end,N,0,0,1,0,1,2,0,0,0,0,0,0
1408,Property damage only,2001,August,Friday,6,Hit object,Single Vehicle,153.2309921,-27.48882976,Anson Rd,Birkdale Rd,Birkdale Road,Wellington Point,Redland City,4160,Capalaba,South Brisbane,Brisbane,SEQ South,Metropolitan,Wellington Point,Capalaba,Brisbane - East,Major Cities,Oodgeroo,Bowman,State-controlled,Intersection - Cross,Operating traffic lights,70 km/h,Sealed - Dry,Clear,Dawn/Dusk,Straight,Level,703,Off Path-Straight: Left Off Cway Hit Obj,Off carriageway on straight hit object,E,0,0,0,0,0,1,0,0,0,0,0,0
1409,Medical treatment,2001,August,Friday,17,Angle,Multi-Vehicle,152.7639616,-27.63172408,Briggs Rd,Cemetery Rd,,Raceview,Ipswich City,4305,Yamanto,Ipswich,Southern,SEQ South,Metropolitan,Raceview,Ipswich Inner,Ipswich,Major Cities,Ipswich,Blair,Locally-controlled,Intersection - Cross,No traffic control,60 km/h,Sealed - Dry,Clear,Daylight,Straight,Grade,202,Veh'S Opposite Approach: Thru-Right,Opposing vehicles turning,E,0,0,1,0,1,2,0,0,0,0,0,0
1410,Property damage only,2001,August,Friday,14,Rear-end,Multi-Vehicle,153.0638529,-26.47937408,Murdering Ck Rd,Emu Mountain Rd,Emu Mountain Road,Peregian Beach,Sunshine Coast Region,4573,Coolum,Sunshine Coast,Central,SEQ North,North Coast and Wide Bay/Burnett,Peregian Springs,Noosa,Sunshine Coast,Major Cities,Ninderry,Fairfax,State-controlled,Intersection - Cross,No traffic control,100 - 110 km/h,Sealed - Dry,Clear,Daylight,Straight,Level,303,Veh'S Same Direction: Right Rear,Rear-end,W,0,0,0,0,0,2,0,0,0,0,0,0
1411,Medical treatment,2001,August,Friday,9,Head-on,Multi-Vehicle,153.4182676,-28.11436716,Pacific Hwy On Ramp,Southport - Burleigh Rd,Southport - Burleigh Road,Burleigh Heads,Gold Coast City,4220,Robina,Gold Coast,South Eastern,SEQ South,South Coast,Burleigh Heads,Broadbeach - Burleigh,Gold Coast,Major Cities,Burleigh,Mcpherson,State-controlled,Intersection - Roundabout,No traffic control,60 km/h,Sealed - Dry,Clear,Daylight,Curved - view obscured,Level,205,Veh'S Opposite Approach: Thru-Left,Opposing vehicles turning,N,0,0,4,0,4,2,0,0,0,0,0,0
1412,Hospitalisation,2001,August,Friday,3,Overturned,Single Vehicle,153.0453571,-26.78739199,Bruce Hwy,,Bruce Highway (Brisbane - Gympie),Glenview,Sunshine Coast Region,4553,Beerwah,Sunshine Coast,Central,SEQ North,North Coast and Wide Bay/Burnett,Landsborough,Sunshine Coast Hinterland,Sunshine Coast,Inner Regional,Caloundra,Fisher,State-controlled,No Roadway Feature,No traffic control,100 - 110 km/h,Sealed - Dry,Clear,Darkness - Not lighted,Curved - view open,Level,802,Off Path-Curve: Off Cway Left Bend,Off carriageway on curve,N,0,1,0,0,1,1,0,0,0,0,0,0
1413,Minor injury,2001,August,Friday,8,Overturned,Single Vehicle,149.052808,-21.2695893,Homebush Rd,,Homebush Road,Homebush,Mackay Region,4740,Eton,Mackay,Central,Central,Central Queensland,Walkerston - Eton,Mackay,Mackay - Isaac - Whitsunday,Outer Regional,Mirani,Capricornia,State-controlled,No Roadway Feature,No traffic control,100 - 110 km/h,Sealed - Dry,Clear,Daylight,Straight,Level,705,Off Path-Straight:Out Of Control On Cway,Out of control on straight,E,0,0,0,1,1,1,0,0,0,0,0,0
1414,Property damage only,2001,August,Saturday,12,Rear-end,Multi-Vehicle,152.9796458,-27.27133097,Brisbane - Woodford Rd,,Brisbane - Woodford Road,Petrie,Moreton Bay Region,4502,Petrie,North Brisbane,Brisbane,SEQ North,North Coast and Wide Bay/Burnett,Petrie,Strathpine,Moreton Bay - South,Major Cities,Kurwongbah,Dickson,State-controlled,Bridge/Causeway,No traffic control,60 km/h,Sealed - Dry,Clear,Daylight,Straight,Crest,301,Veh'S Same Direction: Rear End,Rear-end,N,0,0,0,0,0,2,0,0,0,0,0,0
1415,Hospitalisation,2001,August,Saturday,15,Fall from vehicle,Single Vehicle,153.0216915,-26.85700864,Bruce Hwy,,Bruce Highway (Brisbane - Gympie),Coochin Creek,Sunshine Coast Region,4519,Beerwah,Sunshine Coast,Central,SEQ North,North Coast and Wide Bay/Burnett,Beerwah,Sunshine Coast Hinterland,Sunshine Coast,Inner Regional,Caloundra,Fisher,State-controlled,No Roadway Feature,No traffic control,100 - 110 km/h,Sealed - Dry,Clear,Daylight,Curved - view open,Level,800,Off Path-Curve: Other,Other,N,0,1,0,0,1,0,1,0,0,0,0,0
1416,Property damage only,2001,August,Saturday,13,Overturned,Single Vehicle,152.5113753,-26.09273271,Wide Bay Hwy,,Wide Bay Highway (Gympie - Goomeri),Bells Bridge,Gympie Region,4570,Kilkivan,Wide Bay Burnett,Central,Southern,North Coast and Wide Bay/Burnett,Gympie Region,Gympie - Cooloola,Wide Bay,Inner Regional,Gympie,Wide Bay,State-controlled,No Roadway Feature,No traffic control,100 - 110 km/h,Sealed - Dry,Clear,Daylight,Curved - view obscured,Crest,801,Off Path-Curve: Off Cway Right Bend,Off carriageway on curve,E,0,0,0,0,0,1,0,0,0,0,0,0
1417,Property damage only,2001,August,Saturday,8,Hit object,Single Vehicle,150.4965142,-23.39512547,Penlington St,,,The Range,Rockhampton Region,4700,Rockhampton,Capricornia,Central,Central,Central Queensland,The Range - Allenstown,Rockhampton,Central Queensland,Inner Regional,Rockhampton,Capricornia,Locally-controlled,No Roadway Feature,No traffic control,60 km/h,Sealed - Dry,Clear,Daylight,Straight,Grade,906,Pass & Misc: Parked Car Ran Away,Other,E,0,0,0,0,0,0,0,0,0,0,0,1
1418,Property damage only,2001,August,Sunday,2,Hit object,Single Vehicle,153.1314879,-27.6140969,Cinderella Dr,,,Springwood,Logan City,4127,Springwood,Logan,South Eastern,SEQ South,South Coast,Springwood,Springwood - Kingston,Logan - Beaudesert,Major Cities,Springwood,Rankin,Locally-controlled,No Roadway Feature,No traffic control,60 km/h,Sealed - Dry,Clear,Darkness - Lighted,Curved - view obscured,Level,800,Off Path-Curve: Other,Other,S,0,0,0,0,0,1,0,0,0,0,0,0
1419,Medical treatment,2001,August,Sunday,5,Hit object,Single Vehicle,152.9886169,-27.20070173,Bruce Hwy,,Bruce Highway (Brisbane - Gympie),Narangba,Moreton Bay Region,4504,Burpengary,Moreton,Southern,SEQ North,North Coast and Wide Bay/Burnett,Narangba,Narangba - Burpengary,Moreton Bay - North,Major Cities,Kurwongbah,Longman,State-controlled,No Roadway Feature,No traffic control,100 - 110 km/h,Sealed - Dry,Clear,Darkness - Not lighted,Straight,Level,607,Veh'S On Path: Temporary Object On C'Way,Other,N,0,0,1,0,1,1,0,0,0,0,0,0
1420,Minor injury,2001,August,Sunday,15,Angle,Multi-Vehicle,152.8865125,-27.37353641,Samford - Mt Glorious Rd,Samford Rd,Samford Road,Samford Village,Moreton Bay Region,4520,Ferny Grove,North Brisbane,Brisbane,SEQ North,North Coast and Wide Bay/Burnett,Samford Valley,The Hills District,Moreton Bay - South,Major Cities,Pine Rivers,Dickson,State-controlled,Intersection - Y-Junction,No traffic control,60 km/h,Sealed - Dry,Clear,Daylight,Curved - view open,Level,202,Veh'S Opposite Approach: Thru-Right,Opposing vehicles turning,W,0,0,0,1,1,2,0,0,0,0,0,0
1421,Medical treatment,2001,August,Monday,14,Sideswipe,Multi-Vehicle,153.1191047,-27.48245288,Gateway Arterial Rd,,Gateway Motorway (Eight Mile Plains - Nudgee),Tingalpa,Brisbane City,4173,Morningside,South Brisbane,Brisbane,SEQ South,Metropolitan,Tingalpa,Wynnum - Manly,Brisbane - East,Major Cities,Chatsworth,Bonner,State-controlled,No Roadway Feature,No traffic control,100 - 110 km/h,Sealed - Dry,Clear,Daylight,Straight,Level,307,Veh'S Same Direction: Lane Change Left,Lane changes,N,0,0,1,0,1,2,0,0,0,0,0,0
1422,Property damage only,2001,August,Monday,1,Hit object,Single Vehicle,152.9796429,-26.40366921,Cooroy - Noosa Rd,,Cooroy - Noosa Road,Tinbeerwah,Noosa Shire,4563,Cooroy,Sunshine Coast,Central,SEQ North,North Coast and Wide Bay/Burnett,Noosa Hinterland,Noosa Hinterland,Sunshine Coast,Inner Regional,Noosa,Wide Bay,State-controlled,No Roadway Feature,No traffic control,100 - 110 km/h,Sealed - Dry,Clear,Darkness - Not lighted,Curved - view open,Grade,804,Off Path-Curve: Off Cway Lt Bend Hit Obj,Off carriageway on curve hit object,W,0,0,0,0,0,1,0,0,0,0,0,0
1423,Medical treatment,2001,August,Monday,8,Rear-end,Multi-Vehicle,153.3651317,-27.98526602,Ashmore Rd,Southport - Nerang Rd,Southport - Nerang Road,Molendinar,Gold Coast City,4214,Southport,Gold Coast,South Eastern,SEQ South,South Coast,Molendinar,Southport,Gold Coast,Major Cities,Southport,Moncrieff,State-controlled,Intersection - Cross,Operating traffic lights,60 km/h,Sealed - Dry,Clear,Daylight,Straight,Level,301,Veh'S Same Direction: Rear End,Rear-end,E,0,0,1,0,1,3,0,0,0,0,0,0
1424,Medical treatment,2001,August,Monday,7,Angle,Multi-Vehicle,153.4201951,-27.9980049,Burra St,Thomas Dr,,Surfers Paradise,Gold Coast City,4217,Surfers Paradise,Gold Coast,South Eastern,SEQ South,South Coast,Surfers Paradise,Surfers Paradise,Gold Coast,Major Cities,Surfers Paradise,Moncrieff,Locally-controlled,Intersection - Multiple Road,Give way sign,0 - 50 km/h,Sealed - Dry,Clear,Daylight,Straight,Level,104,Veh'S Adjacent Approach: Thru-Right,Intersection from adjacent approaches,E,0,0,1,0,1,1,0,0,1,0,0,0
1425,Medical treatment,2001,August,Monday,8,Angle,Multi-Vehicle,153.353976,-28.07008981,Advancetown - Mudgeeraba Rd,Tallai Rd,Advancetown - Mudgeeraba Road,Mudgeeraba,Gold Coast City,4213,Mudgeeraba,Gold Coast,South Eastern,SEQ South,South Coast,Worongary - Tallai,Nerang,Gold Coast,Major Cities,Mudgeeraba,Wright,State-controlled,Intersection - T-Junction,No traffic control,60 km/h,Sealed - Dry,Clear,Daylight,Curved - view open,Grade,202,Veh'S Opposite Approach: Thru-Right,Opposing vehicles turning,S,0,0,1,0,1,2,0,0,0,0,0,0
1426,Property damage only,2001,August,Monday,8,Angle,Multi-Vehicle,151.2103919,-23.9959387,Dawson Hwy,Drynan Dr,Dawson Highway (Gladstone - Biloela),Calliope,Gladstone Region,4680,Calliope,Capricornia,Central,Central,Central Queensland,Gladstone Hinterland,Gladstone,Central Queensland,Inner Regional,Callide,Flynn,State-controlled,Intersection - Cross,Give way sign,60 km/h,Sealed - Dry,Clear,Daylight,Straight,Crest,101,Veh'S Adjacent Approach: Thru-Thru,Intersection from adjacent approaches,S,0,0,0,0,0,2,0,0,0,0,0,0
1427,Medical treatment,2001,August,Tuesday,12,Rear-end,Multi-Vehicle,152.9879807,-27.43718052,Wardell St,,Western Arterial Road (Toowong - Everton Park),Ashgrove,Brisbane City,4060,The Gap,North Brisbane,Brisbane,SEQ North,Metropolitan,Ashgrove,Brisbane Inner - West,Brisbane Inner City,Major Cities,Ferny Grove,Ryan,State-controlled,No Roadway Feature,No traffic control,60 km/h,Sealed - Dry,Clear,Daylight,Straight,Grade,301,Veh'S Same Direction: Rear End,Rear-end,N,0,0,1,0,1,4,0,1,0,0,0,0
1428,Property damage only,2001,August,Tuesday,12,Hit object,Single Vehicle,152.9690751,-27.44825901,Waterworks Rd,,,Ashgrove,Brisbane City,4060,The Gap,North Brisbane,Brisbane,SEQ North,Metropolitan,Ashgrove,Brisbane Inner - West,Brisbane Inner City,Major Cities,Cooper,Ryan,Locally-controlled,No Roadway Feature,No traffic control,60 km/h,Sealed - Wet,Clear,Daylight,Straight,Level,704,Off Path-Straight:Right Off Cway Hit Obj,Off carriageway on straight hit object,W,0,0,0,0,0,1,0,0,0,0,0,0
1429,Hospitalisation,2001,August,Tuesday,12,Angle,Multi-Vehicle,153.2610565,-27.60206603,Double Jump Rd,Heinemann Rd,,Mount Cotton,Redland City,4165,Redland Bay,South Brisbane,Brisbane,SEQ South,Metropolitan,Sheldon - Mount Cotton,Cleveland - Stradbroke,Brisbane - East,Major Cities,Springwood,Bowman,Locally-controlled,Intersection - T-Junction,Give way sign,80 - 90 km/h,Sealed - Dry,Clear,Daylight,Straight,Level,104,Veh'S Adjacent Approach: Thru-Right,Intersection from adjacent approaches,W,0,1,2,0,3,2,0,0,0,0,0,0
1430,Hospitalisation,2001,August,Tuesday,17,Angle,Multi-Vehicle,153.0319635,-27.43233252,Lutwyche Rd,,,Windsor,Brisbane City,4030,Stafford,North Brisbane,Brisbane,SEQ North,Metropolitan,Windsor,Brisbane Inner - North,Brisbane Inner City,Major Cities,Clayfield,Brisbane,Locally-controlled,No Roadway Feature,No traffic control,60 km/h,Sealed - Dry,Clear,Dawn/Dusk,Straight,Grade,202,Veh'S Opposite Approach: Thru-Right,Opposing vehicles turning,S,0,1,0,0,1,2,0,0,0,0,0,0
1431,Property damage only,2001,August,Tuesday,12,Angle,Multi-Vehicle,152.9477276,-27.42064962,Mungarie St,Settlement Rd,,Keperra,Brisbane City,4054,Ferny Grove,North Brisbane,Brisbane,SEQ North,Metropolitan,Keperra,The Gap - Enoggera,Brisbane - West,Major Cities,Ferny Grove,Ryan,Locally-controlled,Intersection - T-Junction,No traffic control,60 km/h,Sealed - Wet,Clear,Daylight,Curved - view open,Dip,104,Veh'S Adjacent Approach: Thru-Right,Intersection from adjacent approaches,N,0,0,0,0,0,2,0,0,0,0,0,0
1432,Medical treatment,2001,August,Tuesday,15,Angle,Multi-Vehicle,153.0905339,-26.52706973,Birtwill St,Maroochydore - Noosa Rd,Maroochydore - Noosa Road,Coolum Beach,Sunshine Coast Region,4573,Coolum,Sunshine Coast,Central,SEQ North,North Coast and Wide Bay/Burnett,Coolum Beach,Maroochy,Sunshine Coast,Major Cities,Ninderry,Fairfax,State-controlled,Intersection - T-Junction,No traffic control,60 km/h,Sealed - Dry,Clear,Daylight,Straight,Level,100,Veh'S Adjacent Approach: Other,Intersection from adjacent approaches,S,0,0,1,0,1,1,0,0,0,1,0,0
1433,Property damage only,2001,August,Tuesday,18,Hit animal,Other,152.1029585,-26.30362123,Kilcoy - Murgon Rd,,Kilcoy - Murgon Road,Barambah,Gympie Region,4601,Goomeri,Wide Bay Burnett,Central,Southern,North Coast and Wide Bay/Burnett,Kilkivan,Gympie - Cooloola,Wide Bay,Outer Regional,Nanango,Wide Bay,State-controlled,No Roadway Feature,No traffic control,100 - 110 km/h,Sealed - Dry,Clear,Dawn/Dusk,Straight,Grade,609,Pass & Misc: Hit Animal,Hit animal,W,0,0,0,0,0,0,0,1,0,0,0,1
1434,Minor injury,2001,August,Tuesday,8,Angle,Multi-Vehicle,152.6631589,-26.17638436,Cartwright Rd,Pine St,,Gympie,Gympie Region,4570,Gympie,Wide Bay Burnett,Central,Southern,North Coast and Wide Bay/Burnett,Gympie - North,Gympie - Cooloola,Wide Bay,Inner Regional,Gympie,Wide Bay,Locally-controlled,Intersection - Cross,No traffic control,60 km/h,Sealed - Dry,Clear,Daylight,Straight,Grade,101,Veh'S Adjacent Approach: Thru-Thru,Intersection from adjacent approaches,W,0,0,0,1,1,1,1,0,0,0,0,0
1435,Property damage only,2001,August,Tuesday,16,Hit parked vehicle,Single Vehicle,152.6671341,-25.5596007,Iindah Rd,,,Tinana,Fraser Coast Region,4650,Maryborough,Wide Bay Burnett,Central,Southern,North Coast and Wide Bay/Burnett,Tinana,Maryborough,Wide Bay,Inner Regional,Maryborough,Wide Bay,Locally-controlled,No Roadway Feature,No traffic control,60 km/h,Sealed - Wet,Raining,Daylight,Straight,Level,700,Off Path-Straight: Other,Other,,0,0,0,0,0,2,0,0,0,0,0,0
1436,Medical treatment,2001,August,Tuesday,11,Rear-end,Multi-Vehicle,150.5268985,-23.37245245,Nobbs St,Rockhampton - Emu Park Rd,Rockhampton - Emu Park Road,The Common,Rockhampton Region,4701,North Rockhampton,Capricornia,Central,Central,Central Queensland,Berserker,Rockhampton,Central Queensland,Inner Regional,Rockhampton,Capricornia,State-controlled,Intersection - T-Junction,No traffic control,70 km/h,Sealed - Dry,Clear,Daylight,Straight,Level,303,Veh'S Same Direction: Right Rear,Rear-end,W,0,0,2,0,2,2,0,0,0,0,0,0
1437,Property damage only,2001,August,Wednesday,18,Hit parked vehicle,Single Vehicle,153.0356834,-27.50331231,Emperor St,,,Annerley,Brisbane City,4103,Annerley,South Brisbane,Brisbane,SEQ South,Metropolitan,Annerley,Holland Park - Yeronga,Brisbane - South,Major Cities,South Brisbane,Moreton,Locally-controlled,No Roadway Feature,No traffic control,0 - 50 km/h,Sealed - Dry,Clear,Darkness - Lighted,Straight,Level,601,Veh'S On Path: Parked,Hit parked vehicle,N,0,0,0,0,0,2,0,0,0,0,0,0
1438,Minor injury,2001,August,Wednesday,16,Angle,Multi-Vehicle,153.004119,-27.59857624,Camden Rd,Sherbrooke Rd,,Willawong,Brisbane City,4110,Inala,South Brisbane,Brisbane,SEQ South,Metropolitan,Pallara - Willawong,Rocklea - Acacia Ridge,Brisbane - South,Major Cities,Algester,Moreton,Locally-controlled,Intersection - T-Junction,Give way sign,60 km/h,Sealed - Dry,Clear,Daylight,Straight,Level,104,Veh'S Adjacent Approach: Thru-Right,Intersection from adjacent approaches,S,0,0,0,2,2,2,0,0,0,0,0,0
1439,Medical treatment,2001,August,Wednesday,6,Rear-end,Multi-Vehicle,153.1406727,-27.47579539,Manly Rd,New Cleveland Rd,,Tingalpa,Brisbane City,4173,Wynnum,South Brisbane,Brisbane,SEQ South,Metropolitan,Tingalpa,Wynnum - Manly,Brisbane - East,Major Cities,Lytton,Bonner,Locally-controlled,Intersection - T-Junction,Operating traffic lights,70 km/h,Sealed - Dry,Clear,Daylight,Straight,Level,301,Veh'S Same Direction: Rear End,Rear-end,E,0,0,1,0,1,2,0,0,0,0,0,0
1440,Hospitalisation,2001,August,Wednesday,14,Angle,Multi-Vehicle,152.9819678,-27.1391543,Buckley Rd,Uhlmann Rd,,Burpengary East,Moreton Bay Region,4505,Deception Bay,Moreton,Southern,SEQ North,North Coast and Wide Bay/Burnett,Burpengary - East,Caboolture,Moreton Bay - North,Major Cities,Bancroft,Longman,Locally-controlled,Intersection - Cross,Stop sign,60 km/h,Sealed - Dry,Clear,Daylight,Straight,Level,101,Veh'S Adjacent Approach: Thru-Thru,Intersection from adjacent approaches,S,0,3,0,0,3,2,0,0,0,0,0,0
1441,Medical treatment,2001,August,Wednesday,15,Rear-end,Multi-Vehicle,152.9791482,-27.26921426,Redcliffe Rd,Young St,Redcliffe Road,Petrie,Moreton Bay Region,4502,Petrie,North Brisbane,Brisbane,SEQ North,North Coast and Wide Bay/Burnett,Petrie,Strathpine,Moreton Bay - South,Major Cities,Kurwongbah,Dickson,State-controlled,Intersection - T-Junction,No traffic control,60 km/h,Unknown,Unknown,Daylight,Straight,Level,302,Veh'S Same Direction: Left Rear,Rear-end,N,0,0,1,1,2,1,0,0,1,0,0,0
1442,Hospitalisation,2001,August,Wednesday,11,Rear-end,Multi-Vehicle,153.1158173,-27.61991148,Brisbane - Beenleigh Rd,,Brisbane - Beenleigh Road,Underwood,Logan City,4119,Logan Central,Logan,South Eastern,SEQ South,South Coast,Underwood,Springwood - Kingston,Logan - Beaudesert,Major Cities,Waterford,Rankin,State-controlled,No Roadway Feature,No traffic control,60 km/h,Sealed - Dry,Clear,Daylight,Straight,Level,301,Veh'S Same Direction: Rear End,Rear-end,S,0,1,0,0,1,1,0,1,0,0,0,0
1443,Property damage only,2001,August,Wednesday,18,Angle,Multi-Vehicle,153.1179272,-26.68350668,Brisbane Rd,Foote St,,Mooloolaba,Sunshine Coast Region,4557,Maroochydore,Sunshine Coast,Central,SEQ North,North Coast and Wide Bay/Burnett,Mooloolaba - Alexandra Headland,Maroochy,Sunshine Coast,Major Cities,Maroochydore,Fisher,Locally-controlled,Intersection - Roundabout,Give way sign,60 km/h,Sealed - Dry,Clear,Darkness - Lighted,Straight,Level,101,Veh'S Adjacent Approach: Thru-Thru,Intersection from adjacent approaches,W,0,0,0,0,0,2,0,0,0,0,0,0
1444,Hospitalisation,2001,August,Wednesday,17,Hit pedestrian,Hit pedestrian,153.0403382,-26.66279367,Maroochydore Rd Service Rd,,,Kunda Park,Sunshine Coast Region,4556,Maroochydore,Sunshine Coast,Central,SEQ North,North Coast and Wide Bay/Burnett,Buderim - North,Buderim,Sunshine Coast,Major Cities,Ninderry,Fairfax,Locally-controlled,No Roadway Feature,No traffic control,60 km/h,Sealed - Dry,Clear,Darkness - Lighted,Straight,Level,9,Ped'N: Hit While Boarding/Alighting,Pedestrian,W,0,1,0,0,1,1,0,0,0,0,1,0
1445,Property damage only,2001,August,Wednesday,0,Hit object,Single Vehicle,153.4529319,-28.08942163,Gold Coast Hwy,Goodwin Tce,Gold Coast Highway (Broadbeach - Coolangatta),Burleigh Heads,Gold Coast City,4220,Palm Beach,Gold Coast,South Eastern,SEQ South,South Coast,Burleigh Heads,Broadbeach - Burleigh,Gold Coast,Major Cities,Burleigh,Mcpherson,State-controlled,Intersection - T-Junction,Operating traffic lights,60 km/h,Sealed - Wet,Clear,Darkness - Lighted,Curved - view open,Level,808,Off Path-Curve: Mounts Traffic Island,Off carriageway on curve hit object,S,0,0,0,0,0,1,0,0,0,0,0,0
1446,Minor injury,2001,August,Thursday,17,Rear-end,Multi-Vehicle,152.9046169,-27.60946742,Ipswich Mwy,Cunningham Hwy Ramp Dd,Cunningham Highway (Ipswich Motorway),Goodna,Ipswich City,4300,Goodna,Ipswich,Southern,SEQ South,Metropolitan,Goodna,Springfield - Redbank,Ipswich,Major Cities,Bundamba,Oxley,State-controlled,Intersection - Interchange,No traffic control,100 - 110 km/h,Sealed - Dry,Clear,Dawn/Dusk,Straight,Level,301,Veh'S Same Direction: Rear End,Rear-end,W,0,0,0,1,1,2,0,0,0,0,0,0
1447,Medical treatment,2001,August,Thursday,19,Angle,Multi-Vehicle,153.3462063,-27.95135016,Napper Rd,Smith St Extension,Smith Street Connection,Arundel,Gold Coast City,4214,Southport,Gold Coast,South Eastern,SEQ South,South Coast,Arundel,Gold Coast - North,Gold Coast,Major Cities,Bonney,Fadden,State-controlled,Intersection - T-Junction,Operating traffic lights,80 - 90 km/h,Sealed - Dry,Clear,Darkness - Lighted,Straight,Level,202,Veh'S Opposite Approach: Thru-Right,Opposing vehicles turning,W,0,0,1,0,1,2,0,0,0,0,0,0
1448,Medical treatment,2001,August,Thursday,15,Angle,Multi-Vehicle,149.1842068,-21.13879941,River St,,,Mackay,Mackay Region,4740,Mackay,Mackay,Central,Central,Central Queensland,Mackay,Mackay,Mackay - Isaac - Whitsunday,Inner Regional,Mackay,Dawson,Locally-controlled,No Roadway Feature,No traffic control,0 - 50 km/h,Sealed - Dry,Clear,Daylight,Straight,Level,401,Veh'S Manoeuvring: Leaving Parking,Vehicle leaving driveway,E,0,0,1,0,1,2,0,0,0,0,0,0
1449,Property damage only,2001,August,Thursday,17,Angle,Multi-Vehicle,149.1887515,-21.12459531,Grendon St,Rockleigh - North Mackay Rd,,North Mackay,Mackay Region,4740,Mackay,Mackay,Central,Central,Central Queensland,North Mackay,Mackay,Mackay - Isaac - Whitsunday,Inner Regional,Mackay,Dawson,State-controlled,Intersection - Cross,Stop sign,60 km/h,Sealed - Dry,Clear,Dawn/Dusk,Straight,Level,101,Veh'S Adjacent Approach: Thru-Thru,Intersection from adjacent approaches,W,0,0,0,0,0,2,0,0,0,0,0,0
1450,Minor injury,2001,August,Friday,23,Rear-end,Multi-Vehicle,153.0592686,-27.5954362,Pinelands Rd,,,Sunnybank Hills,Brisbane City,4109,Acacia Ridge,South Brisbane,Brisbane,SEQ South,Metropolitan,Sunnybank Hills,Sunnybank,Brisbane - South,Major Cities,Stretton,Moreton,Locally-controlled,No Roadway Feature,No traffic control,70 km/h,Sealed - Dry,Clear,Darkness - Lighted,Straight,Level,302,Veh'S Same Direction: Left Rear,Rear-end,S,0,0,0,3,3,2,0,0,0,0,0,0