Crash_Ref_Number,Crash_Severity,Crash_Year,Crash_Month,Crash_Day_Of_Week,Crash_Hour,Crash_Nature,Crash_Type,Crash_Longitude_GDA94,Crash_Latitude_GDA94,Crash_Street,Crash_Street_Intersecting,State_Road_Name,Loc_Suburb,Loc_Local_Government_Area,Loc_Post_Code,Loc_Police_Division,Loc_Police_District,Loc_Police_Region,Loc_Queensland_Transport_Region,Loc_Main_Roads_Region,Loc_ABS_Statistical_Area_2,Loc_ABS_Statistical_Area_3,Loc_ABS_Statistical_Area_4,Loc_ABS_Remoteness,Loc_State_Electorate,Loc_Federal_Electorate,Crash_Controlling_Authority,Crash_Roadway_Feature,Crash_Traffic_Control,Crash_Speed_Limit,Crash_Road_Surface_Condition,Crash_Atmospheric_Condition,Crash_Lighting_Condition,Crash_Road_Horiz_Align,Crash_Road_Vert_Align,Crash_DCA_Code,Crash_DCA_Description,Crash_DCA_Group_Description,DCA_Key_Approach_Dir,Count_Casualty_Fatality,Count_Casualty_Hospitalised,Count_Casualty_MedicallyTreated,Count_Casualty_MinorInjury,Count_Casualty_Total,Count_Unit_Car,Count_Unit_Motorcycle_Moped,Count_Unit_Truck,Count_Unit_Bus,Count_Unit_Bicycle,Count_Unit_Pedestrian,Count_Unit_Other
1547,Property damage only,2001,September,Monday,8,Rear-end,Multi-Vehicle,152.9851284,-27.39128622,Old Northern Rd,,Everton Park - Albany Creek Road,Mcdowall,Brisbane City,4053,Albany Creek,North Brisbane,Brisbane,SEQ North,Metropolitan,Mcdowall,Bald Hills - Everton Park,Brisbane - North,Major Cities,Everton,Lilley,State-controlled,No Roadway Feature,No traffic control,60 km/h,Sealed - Dry,Clear,Daylight,Straight,Crest,301,Veh'S Same Direction: Rear End,Rear-end,S,0,0,0,0,0,3,0,0,0,0,0,0
1548,Medical treatment,2001,September,Monday,13,Angle,Multi-Vehicle,153.1376407,-27.67845268,Loganlea Rd,Webb Rd,,Loganlea,Logan City,4131,Logan Central,Logan,South Eastern,SEQ South,South Coast,Loganlea,Loganlea - Carbrook,Logan - Beaudesert,Major Cities,Waterford,Forde,Locally-controlled,Intersection - T-Junction,No traffic control,70 km/h,Sealed - Dry,Clear,Daylight,Straight,Level,202,Veh'S Opposite Approach: Thru-Right,Opposing vehicles turning,S,0,0,2,0,2,2,0,0,0,0,0,0
1549,Property damage only,2001,September,Monday,9,Hit object,Single Vehicle,153.0362417,-27.66010143,Johnson Rd,,,Hillcrest,Logan City,4118,Browns Plains,Logan,South Eastern,SEQ South,South Coast,Hillcrest,Browns Plains,Logan - Beaudesert,Major Cities,Algester,Rankin,Locally-controlled,No Roadway Feature,No traffic control,60 km/h,Sealed - Dry,Clear,Daylight,Straight,Grade,200,Veh'S Opposite Approach: Other,Other,E,0,0,0,0,0,2,0,0,0,0,0,0
1550,Property damage only,2001,September,Monday,15,Angle,Multi-Vehicle,152.1702103,-24.7897687,Bundaberg - Lowmead Rd,Rasmussen St,Bundaberg - Miriam Vale Road,Avondale,Bundaberg Region,4670,South Kolan,Wide Bay Burnett,Central,Southern,North Coast and Wide Bay/Burnett,Bundaberg Region - North,Bundaberg,Wide Bay,Inner Regional,Burnett,Flynn,State-controlled,Intersection - T-Junction,No traffic control,100 - 110 km/h,Sealed - Dry,Clear,Daylight,Straight,Level,506,Veh'S Overtaking: Overtake-Right Turn,Overtaking same direction,N,0,0,0,0,0,1,0,0,0,0,0,1
1551,Property damage only,2001,September,Tuesday,7,Angle,Multi-Vehicle,153.0302778,-27.41223638,Clarence Rd,Stafford Rd,East-West Arterial Road,Gordon Park,Brisbane City,4031,Stafford,North Brisbane,Brisbane,SEQ North,Metropolitan,Kedron - Gordon Park,Chermside,Brisbane - North,Major Cities,Stafford,Lilley,State-controlled,Intersection - T-Junction,No traffic control,60 km/h,Sealed - Dry,Clear,Daylight,Straight,Level,309,Veh'S Same Direction: Left Turn S/Swipe,Parallel lanes turning,E,0,0,0,0,0,1,0,0,0,0,0,1
1552,Minor injury,2001,September,Tuesday,17,Rear-end,Multi-Vehicle,153.0013065,-27.38965338,Parton St,Rode Rd,,Mcdowall,Brisbane City,4053,Albany Creek,North Brisbane,Brisbane,SEQ North,Metropolitan,Stafford Heights,Chermside,Brisbane - North,Major Cities,Stafford,Lilley,Locally-controlled,Intersection - T-Junction,Operating traffic lights,60 km/h,Sealed - Dry,Clear,Daylight,Straight,Grade,301,Veh'S Same Direction: Rear End,Rear-end,W,0,0,0,1,1,2,0,0,0,0,0,0
1553,Property damage only,2001,September,Tuesday,8,Hit object,Single Vehicle,152.9766945,-27.31672497,Kremzow Rd,,,Brendale,Moreton Bay Region,4500,Albany Creek,North Brisbane,Brisbane,SEQ North,North Coast and Wide Bay/Burnett,Strathpine - Brendale,Strathpine,Moreton Bay - South,Major Cities,Pine Rivers,Dickson,Locally-controlled,No Roadway Feature,No traffic control,60 km/h,Sealed - Dry,Clear,Daylight,Straight,Dip,700,Off Path-Straight: Other,Other,E,0,0,0,0,0,1,0,0,0,0,0,0
1554,Hospitalisation,2001,September,Tuesday,15,Sideswipe,Multi-Vehicle,153.0985703,-27.22193499,Ashmole Rd,,,Redcliffe,Moreton Bay Region,4020,Redcliffe,Moreton,Southern,SEQ North,North Coast and Wide Bay/Burnett,Rothwell - Kippa-ring,Redcliffe,Moreton Bay - North,Major Cities,Redcliffe,Petrie,Locally-controlled,No Roadway Feature,No traffic control,60 km/h,Sealed - Dry,Clear,Daylight,Straight,Level,308,Veh'S Same Direction: Right Turn S/Swipe,Parallel lanes turning,N,0,1,0,0,1,1,0,0,0,1,0,0
1555,Property damage only,2001,September,Tuesday,11,Rear-end,Multi-Vehicle,153.119251,-27.62823452,Park Rd,,,Slacks Creek,Logan City,4127,Springwood,Logan,South Eastern,SEQ South,South Coast,Slacks Creek,Springwood - Kingston,Logan - Beaudesert,Major Cities,Waterford,Rankin,Locally-controlled,No Roadway Feature,No traffic control,60 km/h,Sealed - Dry,Clear,Daylight,Straight,Level,301,Veh'S Same Direction: Rear End,Rear-end,E,0,0,0,0,0,2,0,0,0,0,0,0
1556,Minor injury,2001,September,Tuesday,8,Angle,Multi-Vehicle,153.118546,-27.64237046,Brisbane - Beenleigh Rd,Springwood Connection Rd,Brisbane - Beenleigh Road,Logan Central,Logan City,4114,Logan Central,Logan,South Eastern,SEQ South,South Coast,Logan Central,Springwood - Kingston,Logan - Beaudesert,Major Cities,Woodridge,Rankin,State-controlled,Intersection - T-Junction,Operating traffic lights,70 km/h,Sealed - Dry,Clear,Daylight,Straight,Grade,101,Veh'S Adjacent Approach: Thru-Thru,Intersection from adjacent approaches,N,0,0,0,1,1,2,0,0,0,0,0,0
1557,Hospitalisation,2001,September,Tuesday,13,Sideswipe,Multi-Vehicle,153.4244983,-28.08255712,Southport - Burleigh Rd,,Southport - Burleigh Road,Burleigh Waters,Gold Coast City,4220,Robina,Gold Coast,South Eastern,SEQ South,South Coast,Burleigh Waters,Broadbeach - Burleigh,Gold Coast,Major Cities,Burleigh,Mcpherson,State-controlled,No Roadway Feature,No traffic control,80 - 90 km/h,Sealed - Dry,Clear,Daylight,Straight,Level,305,Veh'S Same Direction: Lane Side Swipe,Lane changes,S,0,1,0,0,1,2,0,0,0,0,0,0
1558,Medical treatment,2001,September,Tuesday,7,Angle,Multi-Vehicle,152.7651306,-26.09074361,Mullins Ck Rd,Tin Can Bay Rd,Tin Can Bay Road,Goomboorian,Gympie Region,4570,Gympie,Wide Bay Burnett,Central,Southern,North Coast and Wide Bay/Burnett,Gympie Region,Gympie - Cooloola,Wide Bay,Inner Regional,Gympie,Wide Bay,State-controlled,Intersection - T-Junction,No traffic control,100 - 110 km/h,Sealed - Dry,Clear,Daylight,Straight,Grade,308,Veh'S Same Direction: Right Turn S/Swipe,Parallel lanes turning,W,0,0,1,0,1,2,0,0,0,0,0,0
1559,Medical treatment,2001,September,Tuesday,7,Sideswipe,Multi-Vehicle,150.5125867,-23.38371349,Denison St,Derby St,,Rockhampton City,Rockhampton Region,4700,Rockhampton,Capricornia,Central,Central,Central Queensland,Rockhampton City,Rockhampton,Central Queensland,Inner Regional,Rockhampton,Capricornia,Locally-controlled,Intersection - Cross,No traffic control,60 km/h,Sealed - Dry,Clear,Daylight,Straight,Level,305,Veh'S Same Direction: Lane Side Swipe,Lane changes,S,0,0,1,0,1,1,1,0,0,0,0,0
1560,Hospitalisation,2001,September,Wednesday,6,Angle,Multi-Vehicle,153.0627374,-27.44871358,Apollo Rd,Brisbane St,,Bulimba,Brisbane City,4171,Morningside,South Brisbane,Brisbane,SEQ South,Metropolitan,Bulimba,Brisbane Inner - East,Brisbane Inner City,Major Cities,Bulimba,Griffith,Locally-controlled,Intersection - T-Junction,Give way sign,60 km/h,Sealed - Dry,Clear,Daylight,Curved - view obscured,Level,104,Veh'S Adjacent Approach: Thru-Right,Intersection from adjacent approaches,N,0,1,0,0,1,1,0,0,0,1,0,0
1561,Minor injury,2001,September,Wednesday,11,Angle,Multi-Vehicle,153.2249119,-27.73457243,Old Pacific Hwy,,,Yatala,Gold Coast City,4207,Coomera,Gold Coast,South Eastern,SEQ South,South Coast,Ormeau - Yatala,Ormeau - Oxenford,Gold Coast,Major Cities,Coomera,Forde,Locally-controlled,No Roadway Feature,No traffic control,60 km/h,Sealed - Dry,Clear,Daylight,Straight,Level,308,Veh'S Same Direction: Right Turn S/Swipe,Parallel lanes turning,N,0,0,0,1,1,1,0,1,0,0,0,0
1562,Minor injury,2001,September,Wednesday,17,Rear-end,Multi-Vehicle,152.9461974,-27.25527706,Brisbane - Woodford Rd,,Brisbane - Woodford Road,Whiteside,Moreton Bay Region,4503,Petrie,North Brisbane,Brisbane,SEQ North,North Coast and Wide Bay/Burnett,Dayboro,The Hills District,Moreton Bay - South,Major Cities,Kurwongbah,Dickson,State-controlled,No Roadway Feature,No traffic control,80 - 90 km/h,Sealed - Dry,Clear,Darkness - Not lighted,Straight,Grade,303,Veh'S Same Direction: Right Rear,Rear-end,W,0,0,0,2,2,2,0,0,0,0,0,0
1563,Property damage only,2001,September,Wednesday,6,Angle,Multi-Vehicle,153.3803517,-27.98608928,Cotlew St,Yangoora Cres,,Ashmore,Gold Coast City,4214,Southport,Gold Coast,South Eastern,SEQ South,South Coast,Ashmore,Southport,Gold Coast,Major Cities,Southport,Moncrieff,Locally-controlled,Intersection - Cross,Give way sign,60 km/h,Sealed - Dry,Clear,Daylight,Straight,Level,101,Veh'S Adjacent Approach: Thru-Thru,Intersection from adjacent approaches,W,0,0,0,0,0,2,0,0,0,0,0,0
1564,Hospitalisation,2001,September,Wednesday,16,Hit pedestrian,Hit pedestrian,153.4286029,-27.99870459,Gold Coast Hwy,,,Surfers Paradise,Gold Coast City,4217,Surfers Paradise,Gold Coast,South Eastern,SEQ South,South Coast,Surfers Paradise,Surfers Paradise,Gold Coast,Major Cities,Surfers Paradise,Moncrieff,Locally-controlled,No Roadway Feature,No traffic control,0 - 50 km/h,Sealed - Dry,Clear,Daylight,Straight,Level,1,Ped'N: Near Side Vehicle Hit From Right,Pedestrian,S,0,1,0,1,2,1,0,0,0,0,2,0
1565,Medical treatment,2001,September,Wednesday,9,Hit object,Single Vehicle,149.2429291,-21.35083723,Grasstree Rd,,,Sarina,Mackay Region,4737,Sarina,Mackay,Central,Central,Central Queensland,Sarina,Mackay,Mackay - Isaac - Whitsunday,Outer Regional,Mirani,Capricornia,Locally-controlled,No Roadway Feature,No traffic control,100 - 110 km/h,Sealed - Dry,Clear,Daylight,Curved - view open,Level,803,Off Path-Curve: Off Cway Rt Bend Hit Obj,Off carriageway on curve hit object,N,0,0,1,0,1,1,0,0,0,0,0,0
1566,Medical treatment,2001,September,Thursday,16,Rear-end,Multi-Vehicle,152.9360939,-27.44056041,Doncella St,Hilder Rd,,The Gap,Brisbane City,4061,The Gap,North Brisbane,Brisbane,SEQ North,Metropolitan,The Gap,The Gap - Enoggera,Brisbane - West,Major Cities,Cooper,Ryan,Locally-controlled,Intersection - T-Junction,No traffic control,0 - 50 km/h,Sealed - Dry,Clear,Daylight,Straight,Level,303,Veh'S Same Direction: Right Rear,Rear-end,S,0,0,2,0,2,2,0,0,0,0,0,0
1567,Hospitalisation,2001,September,Thursday,15,Hit pedestrian,Hit pedestrian,153.0160591,-27.36585655,Maundrell Tce,,,Aspley,Brisbane City,4034,Carseldine,North Brisbane,Brisbane,SEQ North,Metropolitan,Aspley,Chermside,Brisbane - North,Major Cities,Aspley,Lilley,Locally-controlled,No Roadway Feature,No traffic control,60 km/h,Sealed - Dry,Clear,Daylight,Straight,Level,3,Ped'N: Far Side Vehicle Hit From Left,Pedestrian,S,0,1,0,0,1,1,0,0,0,0,1,0
1568,Hospitalisation,2001,September,Thursday,14,Rear-end,Multi-Vehicle,153.2667588,-27.557255,Cleveland - Redland Bay Rd,Island Outlook Ave,Cleveland - Redland Bay Road,Thornlands,Redland City,4164,Cleveland,South Brisbane,Brisbane,SEQ South,Metropolitan,Thornlands,Cleveland - Stradbroke,Brisbane - East,Major Cities,Oodgeroo,Bowman,State-controlled,Intersection - T-Junction,No traffic control,80 - 90 km/h,Sealed - Dry,Clear,Daylight,Straight,Level,303,Veh'S Same Direction: Right Rear,Rear-end,S,0,1,0,0,1,2,0,0,0,0,0,0
1569,Hospitalisation,2001,September,Thursday,12,Hit object,Single Vehicle,153.0218931,-27.26660846,Goodrich Rd East,,,Griffin,Moreton Bay Region,4503,Mango Hill North Lakes,North Brisbane,Brisbane,SEQ North,North Coast and Wide Bay/Burnett,Murrumba Downs - Griffin,North Lakes,Moreton Bay - South,Major Cities,Murrumba,Petrie,Locally-controlled,No Roadway Feature,No traffic control,60 km/h,Unsealed - Dry,Clear,Daylight,Straight,Level,703,Off Path-Straight: Left Off Cway Hit Obj,Off carriageway on straight hit object,N,0,1,0,0,1,1,0,0,0,0,0,0
1570,Medical treatment,2001,September,Thursday,17,Angle,Multi-Vehicle,151.9608007,-27.59482144,Ramsay St,Stenner St,,Centenary Heights,Toowoomba Region,4350,Toowoomba,Darling Downs,Southern,Southern,Downs South West,Toowoomba - Central,Toowoomba,Toowoomba,Inner Regional,Toowoomba South,Groom,Locally-controlled,Intersection - Roundabout,Give way sign,60 km/h,Sealed - Dry,Clear,Dawn/Dusk,Straight,Level,101,Veh'S Adjacent Approach: Thru-Thru,Intersection from adjacent approaches,N,0,0,1,0,1,2,0,0,0,0,0,0
1571,Property damage only,2001,September,Friday,8,Angle,Multi-Vehicle,153.0146674,-27.45992227,Kelvin Grove Rd,Petrie Tce,,Petrie Terrace,Brisbane City,4000,Brisbane City,North Brisbane,Brisbane,SEQ North,Metropolitan,Brisbane City,Brisbane Inner,Brisbane Inner City,Major Cities,Mcconnel,Brisbane,Locally-controlled,Intersection - Multiple Road,Operating traffic lights,0 - 50 km/h,Sealed - Dry,Clear,Daylight,Straight,Grade,202,Veh'S Opposite Approach: Thru-Right,Opposing vehicles turning,S,0,0,0,0,0,2,0,0,0,0,0,0
1572,Fatal,2001,September,Friday,8,Sideswipe,Multi-Vehicle,153.0580043,-27.53413209,South East Arterial Rd,,South-East Arterial Road (Pacific Motorway),Holland Park West,Brisbane City,4121,Holland Park,South Brisbane,Brisbane,SEQ South,Metropolitan,Holland Park West,Holland Park - Yeronga,Brisbane - South,Major Cities,Greenslopes,Bonner,State-controlled,No Roadway Feature,No traffic control,100 - 110 km/h,Sealed - Dry,Clear,Daylight,Straight,Level,306,Veh'S Same Direction: Lane Change Right,Lane changes,N,1,1,0,0,2,3,0,0,1,0,0,0
1573,Minor injury,2001,September,Friday,0,Hit object,Single Vehicle,153.0044639,-27.49792873,Carmody Rd,,,St Lucia,Brisbane City,4067,Indooroopilly,North Brisbane,Brisbane,SEQ North,Metropolitan,St Lucia,Sherwood - Indooroopilly,Brisbane - West,Major Cities,Maiwar,Ryan,Locally-controlled,No Roadway Feature,No traffic control,60 km/h,Sealed - Dry,Clear,Darkness - Lighted,Curved - view open,Grade,800,Off Path-Curve: Other,Other,E,0,0,0,1,1,1,0,0,0,0,0,0
1574,Property damage only,2001,September,Friday,17,Hit object,Single Vehicle,153.0487998,-27.57718967,Lister St,Pater St,,Sunnybank,Brisbane City,4109,Upper Mount Gravatt,South Brisbane,Brisbane,SEQ South,Metropolitan,Sunnybank,Sunnybank,Brisbane - South,Major Cities,Toohey,Moreton,Locally-controlled,Intersection - T-Junction,No traffic control,60 km/h,Sealed - Dry,Clear,Daylight,Straight,Level,703,Off Path-Straight: Left Off Cway Hit Obj,Off carriageway on straight hit object,W,0,0,0,0,0,1,0,0,0,0,0,0
1575,Hospitalisation,2001,September,Friday,6,Hit object,Single Vehicle,153.0273105,-27.49176195,Annerley Rd,Park Rd W,,Dutton Park,Brisbane City,4102,Dutton Park,South Brisbane,Brisbane,SEQ South,Metropolitan,Fairfield - Dutton Park,Holland Park - Yeronga,Brisbane - South,Major Cities,South Brisbane,Griffith,Locally-controlled,Intersection - Cross,Operating traffic lights,60 km/h,Sealed - Dry,Clear,Daylight,Straight,Level,605,Veh'S On Path: Permanent Obstruction,Hit permanent obstruction on carriageway,N,0,1,0,0,1,0,0,1,0,0,0,0
1576,Hospitalisation,2001,September,Friday,18,Angle,Multi-Vehicle,153.0849573,-26.61505899,Mudjimba Beach Rd,,,Mudjimba,Sunshine Coast Region,4564,Coolum,Sunshine Coast,Central,SEQ North,North Coast and Wide Bay/Burnett,Marcoola - Mudjimba,Maroochy,Sunshine Coast,Major Cities,Maroochydore,Fairfax,Locally-controlled,No Roadway Feature,No traffic control,60 km/h,Sealed - Dry,Clear,Darkness - Lighted,Straight,Level,406,Veh'S Manoeuvring: Leaving Driveway,Vehicle leaving driveway,W,0,1,0,0,1,2,0,0,0,0,0,0
1577,Property damage only,2001,September,Friday,12,Rear-end,Multi-Vehicle,151.9009552,-27.54945341,Toowoomba - Cecil Plains Rd,,Toowoomba - Cecil Plains Road,Torrington,Toowoomba Region,4350,Toowoomba,Darling Downs,Southern,Southern,Downs South West,Toowoomba - West,Toowoomba,Toowoomba,Inner Regional,Condamine,Groom,State-controlled,No Roadway Feature,No traffic control,60 km/h,Sealed - Dry,Clear,Daylight,Straight,Level,303,Veh'S Same Direction: Right Rear,Rear-end,W,0,0,0,0,0,2,0,0,0,0,0,0
1578,Medical treatment,2001,September,Friday,15,Head-on,Multi-Vehicle,151.8847311,-26.38498657,Old Wondai Rd,,,Charlestown,South Burnett Region,4608,Wondai,South West,Southern,Southern,North Coast and Wide Bay/Burnett,Kingaroy Region - North,Burnett,Wide Bay,Outer Regional,Nanango,Flynn,Locally-controlled,No Roadway Feature,No traffic control,100 - 110 km/h,Unsealed - Dry,Clear,Daylight,Curved - view obscured,Grade,201,Veh'S Opposite Approach: Head On,Head-on,N,0,0,2,0,2,2,0,0,0,0,0,0
1579,Minor injury,2001,September,Friday,23,Overturned,Single Vehicle,151.8448433,-28.82017023,New England Hwy,,New England Highway (Warwick - Wallangarra),Ballandean,Southern Downs Region,4382,Wallangarra,Darling Downs,Southern,Southern,Downs South West,Stanthorpe Region,Granite Belt,Darling Downs - Maranoa,Outer Regional,Southern Downs,Maranoa,State-controlled,No Roadway Feature,No traffic control,100 - 110 km/h,Sealed - Wet,Raining,Darkness - Not lighted,Straight,Level,705,Off Path-Straight:Out Of Control On Cway,Out of control on straight,N,0,0,0,1,1,1,0,0,0,0,0,0
1580,Hospitalisation,2001,September,Friday,21,Hit pedestrian,Hit pedestrian,150.4985169,-23.36897,Baden Powell St,Rockhampton - Ridgelands Rd,Rockhampton - Ridgelands Road,Wandal,Rockhampton Region,4700,Rockhampton,Capricornia,Central,Central,Central Queensland,Rockhampton - West,Rockhampton,Central Queensland,Inner Regional,Rockhampton,Capricornia,State-controlled,Intersection - Roundabout,No traffic control,60 km/h,Sealed - Dry,Clear,Darkness - Lighted,Straight,Level,3,Ped'N: Far Side Vehicle Hit From Left,Pedestrian,S,0,1,0,0,1,1,0,0,0,0,1,0
1581,Medical treatment,2001,September,Saturday,20,Hit object,Single Vehicle,153.0727618,-27.56202575,Griffith Arterial Rd,,Griffith Arterial Road,Macgregor,Brisbane City,4109,Upper Mount Gravatt,South Brisbane,Brisbane,SEQ South,Metropolitan,Macgregor (qld),Mt Gravatt,Brisbane - South,Major Cities,Toohey,Moreton,State-controlled,No Roadway Feature,No traffic control,60 km/h,Sealed - Wet,Raining,Darkness - Lighted,Curved - view open,Grade,607,Veh'S On Path: Temporary Object On C'Way,Other,W,0,0,1,0,1,1,0,0,0,0,0,0
1582,Property damage only,2001,September,Saturday,18,Hit object,Single Vehicle,153.0403691,-27.48410305,Cairns St,Wellington Rd,,East Brisbane,Brisbane City,4169,Dutton Park,South Brisbane,Brisbane,SEQ South,Metropolitan,Kangaroo Point,Brisbane Inner,Brisbane Inner City,Major Cities,South Brisbane,Griffith,Locally-controlled,Intersection - T-Junction,No traffic control,60 km/h,Sealed - Dry,Clear,Dawn/Dusk,Straight,Level,700,Off Path-Straight: Other,Other,N,0,0,0,0,0,1,0,0,0,0,0,0
1583,Hospitalisation,2001,September,Saturday,17,Angle,Multi-Vehicle,147.4099643,-19.56879719,Graham St,Spiller St,,Ayr,Burdekin Shire,4807,Ayr,Townsville,Northern,Northern,North Queensland,Ayr,Charters Towers - Ayr - Ingham,Townsville,Outer Regional,Burdekin,Dawson,Locally-controlled,Intersection - Cross,No traffic control,60 km/h,Sealed - Dry,Clear,Dawn/Dusk,Straight,Level,101,Veh'S Adjacent Approach: Thru-Thru,Intersection from adjacent approaches,E,0,1,0,0,1,2,0,0,0,0,0,0
1584,Property damage only,2001,September,Sunday,18,Angle,Multi-Vehicle,153.0084644,-27.47054054,Coronation Dr,Cribb St,,Milton,Brisbane City,4064,Brisbane City,North Brisbane,Brisbane,SEQ North,Metropolitan,Paddington - Milton,Brisbane Inner - West,Brisbane Inner City,Major Cities,Cooper,Brisbane,Locally-controlled,Intersection - T-Junction,Operating traffic lights,60 km/h,Sealed - Dry,Clear,Darkness - Lighted,Straight,Level,104,Veh'S Adjacent Approach: Thru-Right,Intersection from adjacent approaches,N,0,0,0,0,0,2,0,0,0,0,0,0
1585,Medical treatment,2001,September,Sunday,10,Angle,Multi-Vehicle,153.1000284,-27.52250058,Greenmeadow Rd,,,Mansfield,Brisbane City,4122,Holland Park,South Brisbane,Brisbane,SEQ South,Metropolitan,Mansfield (qld),Mt Gravatt,Brisbane - South,Major Cities,Mansfield,Bonner,Locally-controlled,No Roadway Feature,No traffic control,0 - 50 km/h,Sealed - Dry,Clear,Daylight,Straight,Grade,308,Veh'S Same Direction: Right Turn S/Swipe,Parallel lanes turning,N,0,0,1,0,1,2,0,0,0,0,0,0
1586,Fatal,2001,September,Sunday,14,Hit pedestrian,Hit pedestrian,153.0169643,-27.35818368,Gympie Rd,,Gympie Arterial Road,Aspley,Brisbane City,4034,Carseldine,North Brisbane,Brisbane,SEQ North,Metropolitan,Aspley,Chermside,Brisbane - North,Major Cities,Aspley,Petrie,State-controlled,No Roadway Feature,No traffic control,60 km/h,Sealed - Dry,Clear,Daylight,Straight,Level,3,Ped'N: Far Side Vehicle Hit From Left,Pedestrian,S,1,1,0,0,2,1,0,0,0,0,2,0
1587,Minor injury,2001,September,Sunday,13,Rear-end,Multi-Vehicle,153.076255,-27.41160692,East - West Arterial Rd,Southern Cross Wy Ramp Xg,East-West Arterial Road,Hendra,Brisbane City,4011,Hendra,North Brisbane,Brisbane,SEQ North,Metropolitan,Hendra,Brisbane Inner - North,Brisbane Inner City,Major Cities,Clayfield,Brisbane,State-controlled,Intersection - Roundabout,Give way sign,60 km/h,Sealed - Dry,Clear,Daylight,Straight,Level,301,Veh'S Same Direction: Rear End,Rear-end,E,0,0,0,1,1,2,0,0,0,0,0,0
1588,Property damage only,2001,September,Sunday,9,Angle,Multi-Vehicle,153.1205872,-26.80098733,Oval Ave,West Tce,,Caloundra,Sunshine Coast Region,4551,Caloundra,Sunshine Coast,Central,SEQ North,North Coast and Wide Bay/Burnett,Caloundra - Kings Beach,Caloundra,Sunshine Coast,Major Cities,Caloundra,Fisher,Locally-controlled,Intersection - T-Junction,No traffic control,60 km/h,Sealed - Dry,Clear,Daylight,Straight,Grade,104,Veh'S Adjacent Approach: Thru-Right,Intersection from adjacent approaches,S,0,0,0,0,0,2,0,0,0,0,0,0
1589,Hospitalisation,2001,September,Sunday,4,Hit object,Single Vehicle,153.0793342,-26.53136494,Park Cres,,,Coolum Beach,Sunshine Coast Region,4573,Coolum,Sunshine Coast,Central,SEQ North,North Coast and Wide Bay/Burnett,Coolum Beach,Maroochy,Sunshine Coast,Major Cities,Ninderry,Fairfax,Locally-controlled,No Roadway Feature,No traffic control,60 km/h,Sealed - Dry,Clear,Darkness - Lighted,Curved - view open,Level,800,Off Path-Curve: Other,Other,S,0,1,0,0,1,1,0,0,0,0,0,0
1590,Medical treatment,2001,September,Sunday,3,Fall from vehicle,Single Vehicle,153.3144942,-27.87156115,Dreamworld Parkway,,,Coomera,Gold Coast City,4209,Coomera,Gold Coast,South Eastern,SEQ South,South Coast,Coomera,Ormeau - Oxenford,Gold Coast,Major Cities,Theodore,Fadden,Locally-controlled,No Roadway Feature,No traffic control,60 km/h,Sealed - Dry,Clear,Darkness - Lighted,Straight,Level,901,Pass & Misc: Fell In/From Vehicle,Other,S,0,0,1,0,1,1,0,0,0,0,0,0
1591,Hospitalisation,2001,September,Sunday,12,Non-collision - miscellaneous,Other,153.2706632,-27.80587288,Pacific Hwy,Pacific Hwy Off Ramp,Pacific Highway (Pacific Motorway),Pimpama,Gold Coast City,4209,Coomera,Gold Coast,South Eastern,SEQ South,South Coast,Pimpama,Ormeau - Oxenford,Gold Coast,Major Cities,Coomera,Fadden,State-controlled,Intersection - Interchange,No traffic control,100 - 110 km/h,Sealed - Dry,Clear,Daylight,Straight,Level,600,Veh'S On Path: Other,Other,N,0,1,0,0,1,1,0,0,0,0,0,0
1592,Property damage only,2001,September,Monday,18,Hit object,Single Vehicle,152.9339615,-27.51418341,Ranger St,,,Kenmore,Brisbane City,4069,Indooroopilly,North Brisbane,Brisbane,SEQ North,Metropolitan,Kenmore,Kenmore - Brookfield - Moggill,Brisbane - West,Major Cities,Moggill,Ryan,Locally-controlled,No Roadway Feature,No traffic control,0 - 50 km/h,Sealed - Dry,Clear,Dawn/Dusk,Straight,Grade,400,Veh'S Manoeuvring: Other,Other,N,0,0,0,0,0,1,0,0,0,0,0,0
1593,Minor injury,2001,September,Monday,22,Overturned,Single Vehicle,153.1441808,-27.46387995,Wynnum Rd,,,Wynnum West,Brisbane City,4178,Wynnum,South Brisbane,Brisbane,SEQ South,Metropolitan,Wynnum West - Hemmant,Wynnum - Manly,Brisbane - East,Major Cities,Lytton,Bonner,Locally-controlled,No Roadway Feature,No traffic control,70 km/h,Sealed - Dry,Clear,Darkness - Lighted,Straight,Grade,701,Off Path-Straight: Left Off Cway,Off carriageway on straight,N,0,0,0,1,1,1,0,0,0,0,0,0
1594,Medical treatment,2001,September,Monday,11,Angle,Multi-Vehicle,153.1939902,-27.52069431,Capalaba - Cleveland Rd,Raymond St,Capalaba - Cleveland Road,Capalaba,Redland City,4157,Capalaba,South Brisbane,Brisbane,SEQ South,Metropolitan,Capalaba,Capalaba,Brisbane - East,Major Cities,Capalaba,Bowman,State-controlled,Intersection - Cross,Operating traffic lights,60 km/h,Sealed - Dry,Clear,Daylight,Straight,Level,309,Veh'S Same Direction: Left Turn S/Swipe,Parallel lanes turning,W,0,0,1,0,1,0,1,1,0,0,0,0
1595,Property damage only,2001,September,Monday,17,Angle,Multi-Vehicle,153.1399924,-26.79108195,Campbell St,Nothling St,,Moffat Beach,Sunshine Coast Region,4551,Caloundra,Sunshine Coast,Central,SEQ North,North Coast and Wide Bay/Burnett,Moffat Beach - Battery Hill,Caloundra,Sunshine Coast,Major Cities,Caloundra,Fisher,Locally-controlled,Intersection - Cross,Give way sign,0 - 50 km/h,Sealed - Dry,Clear,Dawn/Dusk,Straight,Level,101,Veh'S Adjacent Approach: Thru-Thru,Intersection from adjacent approaches,E,0,0,0,0,0,2,0,0,0,0,0,0