Crash_Ref_Number,Crash_Severity,Crash_Year,Crash_Month,Crash_Day_Of_Week,Crash_Hour,Crash_Nature,Crash_Type,Crash_Longitude_GDA94,Crash_Latitude_GDA94,Crash_Street,Crash_Street_Intersecting,State_Road_Name,Loc_Suburb,Loc_Local_Government_Area,Loc_Post_Code,Loc_Police_Division,Loc_Police_District,Loc_Police_Region,Loc_Queensland_Transport_Region,Loc_Main_Roads_Region,Loc_ABS_Statistical_Area_2,Loc_ABS_Statistical_Area_3,Loc_ABS_Statistical_Area_4,Loc_ABS_Remoteness,Loc_State_Electorate,Loc_Federal_Electorate,Crash_Controlling_Authority,Crash_Roadway_Feature,Crash_Traffic_Control,Crash_Speed_Limit,Crash_Road_Surface_Condition,Crash_Atmospheric_Condition,Crash_Lighting_Condition,Crash_Road_Horiz_Align,Crash_Road_Vert_Align,Crash_DCA_Code,Crash_DCA_Description,Crash_DCA_Group_Description,DCA_Key_Approach_Dir,Count_Casualty_Fatality,Count_Casualty_Hospitalised,Count_Casualty_MedicallyTreated,Count_Casualty_MinorInjury,Count_Casualty_Total,Count_Unit_Car,Count_Unit_Motorcycle_Moped,Count_Unit_Truck,Count_Unit_Bus,Count_Unit_Bicycle,Count_Unit_Pedestrian,Count_Unit_Other
1692,Medical treatment,2001,September,Monday,22,Rear-end,Multi-Vehicle,153.0169233,-27.41053069,Stafford Rd,Webster Rd,East-West Arterial Road,Stafford,Brisbane City,4053,Stafford,North Brisbane,Brisbane,SEQ North,Metropolitan,Stafford,Chermside,Brisbane - North,Major Cities,Stafford,Brisbane,State-controlled,Intersection - Cross,Operating traffic lights,60 km/h,Sealed - Dry,Clear,Darkness - Lighted,Straight,Level,301,Veh'S Same Direction: Rear End,Rear-end,W,0,0,1,0,1,2,0,0,0,0,0,0
1693,Hospitalisation,2001,September,Monday,11,Hit pedestrian,Hit pedestrian,153.0481798,-27.40055123,Shaw Rd,,,Wavell Heights,Brisbane City,4012,Hendra,North Brisbane,Brisbane,SEQ North,Metropolitan,Wavell Heights,Chermside,Brisbane - North,Major Cities,Nudgee,Lilley,Locally-controlled,No Roadway Feature,No traffic control,60 km/h,Sealed - Dry,Clear,Daylight,Straight,Grade,1,Ped'N: Near Side Vehicle Hit From Right,Pedestrian,N,0,1,0,0,1,1,0,0,0,0,1,0
1694,Property damage only,2001,September,Monday,13,Angle,Multi-Vehicle,153.4186802,-28.06521623,Cottesloe Dr,Southport - Burleigh Rd,Southport - Burleigh Road,Mermaid Waters,Gold Coast City,4218,Robina,Gold Coast,South Eastern,SEQ South,South Coast,Mermaid Waters,Broadbeach - Burleigh,Gold Coast,Major Cities,Mermaid Beach,Mcpherson,State-controlled,Intersection - Cross,Operating traffic lights,60 km/h,Sealed - Dry,Clear,Daylight,Straight,Level,101,Veh'S Adjacent Approach: Thru-Thru,Intersection from adjacent approaches,E,0,0,0,0,0,2,0,0,0,0,0,0
1695,Medical treatment,2001,September,Monday,9,Angle,Multi-Vehicle,153.4899894,-28.13464479,Tomewin St,,,Currumbin,Gold Coast City,4223,Coolangatta,Gold Coast,South Eastern,SEQ South,South Coast,Currumbin - Tugun,Coolangatta,Gold Coast,Major Cities,Currumbin,Mcpherson,Locally-controlled,No Roadway Feature,No traffic control,60 km/h,Sealed - Dry,Clear,Daylight,Straight,Level,400,Veh'S Manoeuvring: Other,Other,,0,0,1,0,1,1,0,0,0,1,0,0
1696,Medical treatment,2001,September,Monday,13,Hit pedestrian,Hit pedestrian,153.4235805,-27.99858842,Stanhill Dr,Thomas Dr,,Surfers Paradise,Gold Coast City,4217,Surfers Paradise,Gold Coast,South Eastern,SEQ South,South Coast,Surfers Paradise,Surfers Paradise,Gold Coast,Major Cities,Surfers Paradise,Moncrieff,Locally-controlled,Intersection - Roundabout,Give way sign,0 - 50 km/h,Sealed - Dry,Clear,Daylight,Curved - view obscured,Grade,1,Ped'N: Near Side Vehicle Hit From Right,Pedestrian,N,0,0,1,0,1,1,0,0,0,0,1,0
1697,Hospitalisation,2001,September,Tuesday,18,Angle,Multi-Vehicle,152.9586382,-27.44626564,Payne Rd,Waterworks Rd,,The Gap,Brisbane City,4061,The Gap,North Brisbane,Brisbane,SEQ North,Metropolitan,The Gap,The Gap - Enoggera,Brisbane - West,Major Cities,Cooper,Ryan,Locally-controlled,Intersection - T-Junction,Operating traffic lights,60 km/h,Sealed - Dry,Clear,Darkness - Lighted,Straight,Level,202,Veh'S Opposite Approach: Thru-Right,Opposing vehicles turning,E,0,1,0,0,1,2,0,0,0,0,0,0
1698,Medical treatment,2001,September,Tuesday,15,Rear-end,Multi-Vehicle,153.0382109,-27.44503425,Abbotsford Rd,,,Bowen Hills,Brisbane City,4006,Fortitude Valley,North Brisbane,Brisbane,SEQ North,Metropolitan,Newstead - Bowen Hills,Brisbane Inner - North,Brisbane Inner City,Major Cities,Mcconnel,Brisbane,Locally-controlled,No Roadway Feature,No traffic control,60 km/h,Sealed - Dry,Clear,Daylight,Straight,Level,301,Veh'S Same Direction: Rear End,Rear-end,N,0,0,1,0,1,2,0,0,0,0,0,0
1699,Medical treatment,2001,September,Tuesday,7,Rear-end,Multi-Vehicle,152.9871515,-27.59665034,Blunder Rd,Inala Ave,,Durack,Brisbane City,4077,Inala,South Brisbane,Brisbane,SEQ South,Metropolitan,Inala - Richlands,Forest Lake - Oxley,Ipswich,Major Cities,Inala,Oxley,Locally-controlled,Intersection - Roundabout,Give way sign,0 - 50 km/h,Sealed - Dry,Clear,Daylight,Straight,Level,301,Veh'S Same Direction: Rear End,Rear-end,N,0,0,1,0,1,1,0,1,0,0,0,0
1700,Minor injury,2001,September,Tuesday,6,Angle,Multi-Vehicle,153.097176,-26.67486152,Mooloolaba Rd,Sunshine Mwy Ramp I,Mooloolaba Road,Alexandra Headland,Sunshine Coast Region,4572,Maroochydore,Sunshine Coast,Central,SEQ North,North Coast and Wide Bay/Burnett,Mooloolaba - Alexandra Headland,Maroochy,Sunshine Coast,Major Cities,Maroochydore,Fisher,State-controlled,Intersection - Interchange,No traffic control,60 km/h,Sealed - Dry,Clear,Daylight,Curved - view open,Level,107,Veh'S Adjacent Approach: Thru-Left,Intersection from adjacent approaches,E,0,0,0,1,1,1,0,0,0,1,0,0
1701,Hospitalisation,2001,September,Tuesday,9,Angle,Multi-Vehicle,153.0538237,-26.66405877,Pittards Rd,,,Buderim,Sunshine Coast Region,4556,Maroochydore,Sunshine Coast,Central,SEQ North,North Coast and Wide Bay/Burnett,Buderim - North,Buderim,Sunshine Coast,Major Cities,Ninderry,Fairfax,Locally-controlled,No Roadway Feature,No traffic control,60 km/h,Sealed - Dry,Clear,Daylight,Straight,Level,202,Veh'S Opposite Approach: Thru-Right,Opposing vehicles turning,W,0,1,0,0,1,1,1,0,0,0,0,0
1702,Minor injury,2001,September,Tuesday,15,Angle,Multi-Vehicle,151.9752906,-27.56780438,Herries St,Warrego Hwy,Warrego Highway (Ipswich - Toowoomba),East Toowoomba,Toowoomba Region,4350,Toowoomba,Darling Downs,Southern,Southern,Downs South West,Toowoomba - East,Toowoomba,Toowoomba,Inner Regional,Toowoomba North,Groom,State-controlled,Intersection - Cross,Stop sign,60 km/h,Sealed - Dry,Clear,Daylight,Straight,Level,104,Veh'S Adjacent Approach: Thru-Right,Intersection from adjacent approaches,E,0,0,0,1,1,3,0,0,0,0,0,0
1703,Minor injury,2001,September,Wednesday,12,Hit pedestrian,Hit pedestrian,152.9463428,-27.07771626,Henzell Rd,,,Caboolture,Moreton Bay Region,4510,Caboolture,Moreton,Southern,SEQ North,North Coast and Wide Bay/Burnett,Caboolture,Caboolture,Moreton Bay - North,Major Cities,Morayfield,Longman,Locally-controlled,No Roadway Feature,No traffic control,60 km/h,Sealed - Dry,Clear,Daylight,Straight,Level,5,Ped'N: Hit Walking With Traffic,Pedestrian,N,0,0,0,1,1,0,0,0,0,0,1,1
1704,Property damage only,2001,September,Wednesday,22,Hit object,Single Vehicle,153.1323204,-27.59862653,Parfrey Rd,,,Rochedale South,Logan City,4123,Springwood,Logan,South Eastern,SEQ South,South Coast,Rochedale South - Priestdale,Springwood - Kingston,Logan - Beaudesert,Major Cities,Springwood,Rankin,Locally-controlled,No Roadway Feature,No traffic control,60 km/h,Sealed - Dry,Clear,Darkness - Lighted,Curved - view obscured,Crest,803,Off Path-Curve: Off Cway Rt Bend Hit Obj,Off carriageway on curve hit object,N,0,0,0,0,0,1,0,0,0,0,0,0
1705,Medical treatment,2001,September,Wednesday,10,Angle,Multi-Vehicle,152.3729517,-24.88147278,Elliott Heads Rd,Sims Rd,Elliott Heads Road,Kepnock,Bundaberg Region,4670,Bundaberg,Wide Bay Burnett,Central,Southern,North Coast and Wide Bay/Burnett,Ashfield - Kepnock,Bundaberg,Wide Bay,Inner Regional,Bundaberg,Hinkler,State-controlled,Intersection - Cross,Give way sign,60 km/h,Sealed - Dry,Clear,Daylight,Straight,Level,101,Veh'S Adjacent Approach: Thru-Thru,Intersection from adjacent approaches,E,0,0,1,0,1,2,0,0,0,0,0,0
1706,Property damage only,2001,September,Wednesday,15,Angle,Multi-Vehicle,144.2672327,-26.61309159,Buln Buln St,Diamantina Development Rd,Diamantina Dev Road (Charleville-Quilpie),Quilpie,Quilpie Shire,4480,Quilpie,South West,Southern,Southern,Downs South West,Far South West,Outback - South,Queensland - Outback,Very Remote,Warrego,Maranoa,State-controlled,Intersection - T-Junction,No traffic control,60 km/h,Sealed - Dry,Clear,Daylight,Straight,Level,202,Veh'S Opposite Approach: Thru-Right,Opposing vehicles turning,E,0,0,0,0,0,1,0,1,0,0,0,0
1707,Property damage only,2001,September,Wednesday,15,Hit object,Single Vehicle,149.1858568,-21.14116486,Victoria St,Wood St,,Mackay,Mackay Region,4740,Mackay,Mackay,Central,Central,Central Queensland,Mackay,Mackay,Mackay - Isaac - Whitsunday,Inner Regional,Mackay,Dawson,Locally-controlled,Intersection - Cross,No traffic control,0 - 50 km/h,Sealed - Dry,Clear,Daylight,Straight,Level,700,Off Path-Straight: Other,Other,W,0,0,0,0,0,1,0,0,0,0,0,0
1708,Property damage only,2001,September,Thursday,8,Rear-end,Multi-Vehicle,153.1140861,-27.62001218,Compton Rd,,,Woodridge,Logan City,4114,Logan Central,Logan,South Eastern,SEQ South,South Coast,Underwood,Springwood - Kingston,Logan - Beaudesert,Major Cities,Woodridge,Rankin,Locally-controlled,No Roadway Feature,No traffic control,60 km/h,Sealed - Dry,Clear,Daylight,Straight,Level,301,Veh'S Same Direction: Rear End,Rear-end,W,0,0,0,0,0,3,0,0,0,0,0,0
1709,Hospitalisation,2001,September,Thursday,9,Angle,Multi-Vehicle,152.3776174,-27.54396815,Crowley Vale Rd,Warrego Hwy,Warrego Highway (Ipswich - Toowoomba),Crowley Vale,Lockyer Valley Region,4342,Laidley,Darling Downs,Southern,SEQ South,Downs South West,Lockyer Valley - East,Ipswich Hinterland,Ipswich,Inner Regional,Lockyer,Wright,State-controlled,Intersection - Cross,No traffic control,100 - 110 km/h,Sealed - Dry,Clear,Daylight,Straight,Level,202,Veh'S Opposite Approach: Thru-Right,Opposing vehicles turning,W,0,1,0,0,1,2,0,0,0,0,0,0
1710,Medical treatment,2001,September,Thursday,11,Rear-end,Multi-Vehicle,152.3420801,-24.86798752,Bingera St,Bundaberg - Bargara Rd,Bundaberg - Bargara Road,Bundaberg West,Bundaberg Region,4670,Bundaberg,Wide Bay Burnett,Central,Southern,North Coast and Wide Bay/Burnett,Bundaberg,Bundaberg,Wide Bay,Inner Regional,Bundaberg,Hinkler,State-controlled,Intersection - Cross,No traffic control,60 km/h,Sealed - Dry,Clear,Daylight,Straight,Level,301,Veh'S Same Direction: Rear End,Rear-end,W,0,0,2,1,3,2,0,0,0,0,0,0
1711,Property damage only,2001,September,Thursday,22,Hit object,Single Vehicle,152.2595567,-25.22329476,Huxley Rd,,,Childers,Bundaberg Region,4660,Childers,Wide Bay Burnett,Central,Southern,North Coast and Wide Bay/Burnett,Bundaberg Region - South,Bundaberg,Wide Bay,Inner Regional,Burnett,Hinkler,Locally-controlled,No Roadway Feature,No traffic control,100 - 110 km/h,Sealed - Dry,Clear,Darkness - Not lighted,Curved - view obscured,Level,804,Off Path-Curve: Off Cway Lt Bend Hit Obj,Off carriageway on curve hit object,W,0,0,0,0,0,1,0,0,0,0,0,0
1712,Minor injury,2001,September,Thursday,1,Overturned,Single Vehicle,151.6392197,-24.57582699,Bruce Hwy,,Bruce Highway (Gin Gin - Benaraby),Gindoran,Gladstone Region,4676,Miriam Vale,Capricornia,Central,Central,Central Queensland,Agnes Water - Miriam Vale,Gladstone,Central Queensland,Outer Regional,Burnett,Flynn,State-controlled,No Roadway Feature,No traffic control,100 - 110 km/h,Sealed - Dry,Clear,Darkness - Not lighted,Curved - view open,Dip,800,Off Path-Curve: Other,Other,S,0,0,0,1,1,0,0,1,0,0,0,0
1713,Hospitalisation,2001,September,Friday,17,Hit object,Single Vehicle,153.0048544,-27.49412307,Sir Fred Schonell Dr,,,St Lucia,Brisbane City,4067,Indooroopilly,North Brisbane,Brisbane,SEQ North,Metropolitan,St Lucia,Sherwood - Indooroopilly,Brisbane - West,Major Cities,Maiwar,Ryan,Locally-controlled,No Roadway Feature,No traffic control,60 km/h,Sealed - Dry,Clear,Daylight,Straight,Level,703,Off Path-Straight: Left Off Cway Hit Obj,Off carriageway on straight hit object,W,0,1,0,0,1,1,0,0,0,0,0,0
1714,Medical treatment,2001,September,Friday,12,Rear-end,Multi-Vehicle,152.9512908,-27.0859927,Burpengary - Caboolture Rd,Esme Ave,Burpengary - Caboolture Road,Caboolture,Moreton Bay Region,4510,Caboolture,Moreton,Southern,SEQ North,North Coast and Wide Bay/Burnett,Caboolture,Caboolture,Moreton Bay - North,Major Cities,Morayfield,Longman,State-controlled,Intersection - Cross,Operating traffic lights,60 km/h,Sealed - Dry,Clear,Daylight,Straight,Grade,301,Veh'S Same Direction: Rear End,Rear-end,S,0,0,2,0,2,2,0,0,0,0,0,0
1715,Minor injury,2001,September,Friday,16,Angle,Multi-Vehicle,152.7639501,-27.63172144,Briggs Rd,Cemetery Rd,,Raceview,Ipswich City,4305,Yamanto,Ipswich,Southern,SEQ South,Metropolitan,Raceview,Ipswich Inner,Ipswich,Major Cities,Ipswich,Blair,Locally-controlled,Intersection - Cross,Stop sign,60 km/h,Sealed - Dry,Clear,Daylight,Straight,Level,101,Veh'S Adjacent Approach: Thru-Thru,Intersection from adjacent approaches,S,0,0,0,1,1,2,0,0,0,0,0,0
1716,Hospitalisation,2001,September,Friday,21,Hit pedestrian,Hit pedestrian,153.4261454,-28.00248344,Gold Coast Hwy,,,Surfers Paradise,Gold Coast City,4217,Surfers Paradise,Gold Coast,South Eastern,SEQ South,South Coast,Surfers Paradise,Surfers Paradise,Gold Coast,Major Cities,Surfers Paradise,Moncrieff,Locally-controlled,No Roadway Feature,No traffic control,60 km/h,Sealed - Dry,Clear,Darkness - Lighted,Straight,Level,1,Ped'N: Near Side Vehicle Hit From Right,Pedestrian,N,0,1,0,0,1,1,0,0,0,0,1,0
1717,Medical treatment,2001,September,Friday,17,Hit object,Single Vehicle,152.2263504,-27.15548571,Esk - Crows Nest Rd,,,Eskdale,Somerset Region,4312,Toogoolawah,Ipswich,Southern,SEQ North,North Coast and Wide Bay/Burnett,Esk,Ipswich Hinterland,Ipswich,Inner Regional,Nanango,Blair,Locally-controlled,No Roadway Feature,No traffic control,100 - 110 km/h,Unsealed - Dry,Clear,Daylight,Straight,Level,704,Off Path-Straight:Right Off Cway Hit Obj,Off carriageway on straight hit object,W,0,0,1,0,1,1,0,0,0,0,0,0
1718,Medical treatment,2001,September,Friday,10,Rear-end,Multi-Vehicle,152.3067073,-25.07247125,Foleys Rd,,,North Gregory,Bundaberg Region,4660,Childers,Wide Bay Burnett,Central,Southern,North Coast and Wide Bay/Burnett,Bundaberg Region - South,Bundaberg,Wide Bay,Inner Regional,Burnett,Hinkler,Locally-controlled,No Roadway Feature,No traffic control,100 - 110 km/h,Unsealed - Dry,Smoke/Dust,Daylight,Straight,Level,301,Veh'S Same Direction: Rear End,Rear-end,E,0,0,1,1,2,2,0,0,0,0,0,0
1719,Medical treatment,2001,September,Friday,8,Angle,Multi-Vehicle,152.1744646,-24.91278648,Birthamba Rd,Ruths Rd,,South Kolan,Bundaberg Region,4670,South Kolan,Wide Bay Burnett,Central,Southern,North Coast and Wide Bay/Burnett,Bundaberg Region - North,Bundaberg,Wide Bay,Inner Regional,Burnett,Flynn,Locally-controlled,Intersection - Cross,Give way sign,100 - 110 km/h,Sealed - Dry,Clear,Daylight,Straight,Level,101,Veh'S Adjacent Approach: Thru-Thru,Intersection from adjacent approaches,E,0,0,2,0,2,2,0,0,0,0,0,0
1720,Fatal,2001,September,Friday,17,Head-on,Multi-Vehicle,151.9415126,-26.87523453,New England Hwy,,New England Highway (Yarraman-Toowoomba),Yarraman,Toowoomba Region,4614,Yarraman,South West,Southern,Southern,Downs South West,Crows Nest - Rosalie,Darling Downs - East,Darling Downs - Maranoa,Inner Regional,Nanango,Maranoa,State-controlled,No Roadway Feature,No traffic control,100 - 110 km/h,Unknown,Unknown,Daylight,Straight,Level,201,Veh'S Opposite Approach: Head On,Head-on,W,1,2,0,0,3,2,0,0,0,0,0,0
1721,Minor injury,2001,September,Saturday,14,Non-collision - miscellaneous,Other,153.3620314,-27.9629484,Precision Dr,Smith St Connection Rd,Smith Street Connection,Molendinar,Gold Coast City,4214,Southport,Gold Coast,South Eastern,SEQ South,South Coast,Molendinar,Southport,Gold Coast,Major Cities,Southport,Moncrieff,State-controlled,Intersection - T-Junction,No traffic control,100 - 110 km/h,Sealed - Dry,Clear,Daylight,Straight,Level,705,Off Path-Straight:Out Of Control On Cway,Out of control on straight,W,0,0,0,1,1,1,0,0,0,0,0,0
1722,Medical treatment,2001,September,Saturday,6,Hit object,Single Vehicle,150.6811723,-23.069402,Woodbury Rd,,,Bungundarra,Livingstone Shire,4703,Yeppoon,Capricornia,Central,Central,Central Queensland,Rockhampton Region - North,Rockhampton,Central Queensland,Inner Regional,Keppel,Capricornia,Locally-controlled,No Roadway Feature,No traffic control,100 - 110 km/h,Sealed - Dry,Clear,Daylight,Straight,Level,705,Off Path-Straight:Out Of Control On Cway,Out of control on straight,S,0,0,1,0,1,1,0,0,0,0,0,0
1723,Hospitalisation,2001,September,Saturday,8,Hit object,Single Vehicle,148.7453099,-21.16007732,Gargett - Mia Mia Rd,,Gargett - Mia Mia Road,Gargett,Mackay Region,4741,Mirani,Mackay,Central,Central,Central Queensland,Pioneer Valley,Mackay,Mackay - Isaac - Whitsunday,Outer Regional,Mirani,Capricornia,State-controlled,No Roadway Feature,No traffic control,60 km/h,Sealed - Wet,Clear,Daylight,Curved - view open,Level,804,Off Path-Curve: Off Cway Lt Bend Hit Obj,Off carriageway on curve hit object,N,0,1,0,0,1,1,0,0,0,0,0,0
1724,Medical treatment,2001,September,Sunday,15,Angle,Multi-Vehicle,152.9783082,-27.56028883,Bayford St,Oxley Rd,,Oxley,Brisbane City,4075,Sherwood,South Brisbane,Brisbane,SEQ South,Metropolitan,Oxley (qld),Forest Lake - Oxley,Ipswich,Major Cities,Mount Ommaney,Moreton,Locally-controlled,Intersection - T-Junction,No traffic control,60 km/h,Sealed - Dry,Clear,Daylight,Straight,Level,104,Veh'S Adjacent Approach: Thru-Right,Intersection from adjacent approaches,S,0,0,1,0,1,2,0,0,0,0,0,0
1725,Medical treatment,2001,September,Sunday,13,Angle,Multi-Vehicle,152.8458659,-27.28153706,Basin Rd,Mt Samson Rd,,Samsonvale,Moreton Bay Region,4520,Dayboro,North Brisbane,Brisbane,SEQ North,North Coast and Wide Bay/Burnett,Dayboro,The Hills District,Moreton Bay - South,Inner Regional,Pine Rivers,Dickson,Locally-controlled,Intersection - T-Junction,No traffic control,100 - 110 km/h,Sealed - Dry,Clear,Daylight,Straight,Level,506,Veh'S Overtaking: Overtake-Right Turn,Overtaking same direction,S,0,0,1,0,1,1,1,0,0,0,0,0
1726,Property damage only,2001,September,Sunday,16,Angle,Multi-Vehicle,152.7647684,-27.61638066,Ipswich - Cunningham Hwy Connection Rd,Thorn St,Ipswich - Cunningham Hwy Connection Road,Ipswich,Ipswich City,4305,Ipswich,Ipswich,Southern,SEQ South,Metropolitan,Ipswich - Central,Ipswich Inner,Ipswich,Major Cities,Ipswich,Blair,State-controlled,Intersection - Cross,Operating traffic lights,60 km/h,Sealed - Dry,Clear,Daylight,Straight,Grade,101,Veh'S Adjacent Approach: Thru-Thru,Intersection from adjacent approaches,W,0,0,0,0,0,2,0,0,0,0,0,0
1727,Medical treatment,2001,September,Sunday,11,Angle,Multi-Vehicle,153.1802883,-27.94099297,Tamborine Mountain Rd,West Rd,Tamborine Mountain Road,Boyland,Scenic Rim Region,4275,North Tamborine,Logan,South Eastern,SEQ South,South Coast,Tamborine - Canungra,Gold Coast Hinterland,Gold Coast,Inner Regional,Scenic Rim,Wright,State-controlled,Intersection - T-Junction,No traffic control,60 km/h,Sealed - Dry,Clear,Daylight,Straight,Level,500,Veh'S Overtaking: Other,Other,S,0,0,2,0,2,1,1,0,0,0,0,0
1728,Medical treatment,2001,September,Sunday,12,Overturned,Single Vehicle,150.991586,-23.81524657,Gladstone - Mt Larcom Rd,,Gladstone - Mt Larcom Road,Mount Larcom,Gladstone Region,4695,Mount Larcom,Capricornia,Central,Central,Central Queensland,Gladstone Hinterland,Gladstone,Central Queensland,Outer Regional,Gladstone,Flynn,State-controlled,No Roadway Feature,No traffic control,100 - 110 km/h,Sealed - Dry,Clear,Daylight,Curved - view open,Level,801,Off Path-Curve: Off Cway Right Bend,Off carriageway on curve,W,0,0,2,0,2,1,0,0,0,0,0,0
1729,Property damage only,2001,October,Monday,15,Angle,Multi-Vehicle,152.9938859,-27.44450593,Ashgrove Ave,Crawford St,,Ashgrove,Brisbane City,4060,The Gap,North Brisbane,Brisbane,SEQ North,Metropolitan,Ashgrove,Brisbane Inner - West,Brisbane Inner City,Major Cities,Cooper,Brisbane,Locally-controlled,Intersection - T-Junction,No traffic control,60 km/h,Sealed - Dry,Clear,Daylight,Straight,Level,100,Veh'S Adjacent Approach: Other,Intersection from adjacent approaches,E,0,0,0,0,0,2,0,0,0,0,0,0
1730,Property damage only,2001,October,Monday,8,Sideswipe,Multi-Vehicle,153.0942662,-27.67404643,Coolmunda St,Second Ave,,Marsden,Logan City,4132,Crestmead,Logan,South Eastern,SEQ South,South Coast,Marsden,Browns Plains,Logan - Beaudesert,Major Cities,Woodridge,Rankin,Locally-controlled,Intersection - T-Junction,Stop sign,60 km/h,Sealed - Dry,Clear,Daylight,Straight,Level,102,Veh'S Adjacent Approach: Right-Thru,Intersection from adjacent approaches,W,0,0,0,0,0,2,0,0,0,0,0,0
1731,Medical treatment,2001,October,Monday,12,Angle,Multi-Vehicle,152.9170569,-27.65428565,Springfield Pky,Woodcrest Wy,,Springfield,Ipswich City,4300,Springfield,Ipswich,Southern,SEQ South,Metropolitan,Springfield,Springfield - Redbank,Ipswich,Major Cities,Jordan,Oxley,Locally-controlled,Intersection - Roundabout,Give way sign,60 km/h,Sealed - Dry,Clear,Daylight,Straight,Grade,202,Veh'S Opposite Approach: Thru-Right,Opposing vehicles turning,E,0,0,1,0,1,2,0,0,0,0,0,0
1732,Property damage only,2001,October,Monday,12,Rear-end,Multi-Vehicle,153.0915284,-26.65552674,Maroochydore - Mooloolaba Rd,,Maroochydore - Mooloolaba Road,Maroochydore,Sunshine Coast Region,4558,Maroochydore,Sunshine Coast,Central,SEQ North,North Coast and Wide Bay/Burnett,Maroochydore - Kuluin,Maroochy,Sunshine Coast,Major Cities,Maroochydore,Fairfax,State-controlled,No Roadway Feature,No traffic control,60 km/h,Sealed - Dry,Clear,Daylight,Straight,Level,301,Veh'S Same Direction: Rear End,Rear-end,N,0,0,0,0,0,2,0,0,0,0,0,0
1733,Medical treatment,2001,October,Monday,16,Hit object,Single Vehicle,153.3615659,-27.93646882,Arun Dr,,,Arundel,Gold Coast City,4214,Southport,Gold Coast,South Eastern,SEQ South,South Coast,Arundel,Gold Coast - North,Gold Coast,Major Cities,Bonney,Fadden,Locally-controlled,No Roadway Feature,No traffic control,0 - 50 km/h,Sealed - Dry,Clear,Daylight,Straight,Level,700,Off Path-Straight: Other,Other,S,0,0,1,0,1,1,0,0,0,0,0,0
1734,Property damage only,2001,October,Monday,8,Rear-end,Multi-Vehicle,150.5289242,-23.3427174,Moores Creek Rd,,,Norman Gardens,Rockhampton Region,4701,North Rockhampton,Capricornia,Central,Central,Central Queensland,Norman Gardens,Rockhampton,Central Queensland,Inner Regional,Keppel,Capricornia,Locally-controlled,No Roadway Feature,No traffic control,70 km/h,Sealed - Dry,Clear,Daylight,Straight,Level,301,Veh'S Same Direction: Rear End,Rear-end,E,0,0,0,0,0,2,0,0,0,0,0,0
1735,Minor injury,2001,October,Tuesday,5,Sideswipe,Multi-Vehicle,153.0261735,-27.58415195,Mt Lindesay Art. Rd,Sussex Rd,Mount Lindesay Arterial Road,Acacia Ridge,Brisbane City,4110,Acacia Ridge,South Brisbane,Brisbane,SEQ South,Metropolitan,Rocklea - Acacia Ridge,Rocklea - Acacia Ridge,Brisbane - South,Major Cities,Algester,Moreton,State-controlled,Intersection - T-Junction,No traffic control,60 km/h,Sealed - Dry,Clear,Daylight,Straight,Level,309,Veh'S Same Direction: Left Turn S/Swipe,Parallel lanes turning,N,0,0,0,1,1,1,1,0,0,0,0,0
1736,Medical treatment,2001,October,Tuesday,16,Sideswipe,Multi-Vehicle,153.0181285,-27.26424386,Bruce Hwy,,Bruce Highway (Brisbane - Gympie),Murrumba Downs,Moreton Bay Region,4503,Mango Hill North Lakes,North Brisbane,Brisbane,SEQ North,North Coast and Wide Bay/Burnett,Murrumba Downs - Griffin,North Lakes,Moreton Bay - South,Major Cities,Murrumba,Dickson,State-controlled,No Roadway Feature,No traffic control,100 - 110 km/h,Sealed - Dry,Clear,Daylight,Straight,Level,307,Veh'S Same Direction: Lane Change Left,Lane changes,N,0,0,1,0,1,1,0,1,0,0,0,0
1737,Hospitalisation,2001,October,Tuesday,13,Angle,Multi-Vehicle,153.0603816,-27.40346327,Buckland Rd,Sandgate Rd,,Nundah,Brisbane City,4012,Hendra,North Brisbane,Brisbane,SEQ North,Metropolitan,Nundah,Nundah,Brisbane - North,Major Cities,Nudgee,Lilley,Locally-controlled,Intersection - Cross,Operating traffic lights,0 - 50 km/h,Sealed - Dry,Clear,Daylight,Straight,Grade,202,Veh'S Opposite Approach: Thru-Right,Opposing vehicles turning,S,0,1,0,0,1,2,0,0,0,0,0,0
1738,Medical treatment,2001,October,Wednesday,8,Rear-end,Multi-Vehicle,153.1006155,-27.50027303,Creek Rd,Old Cleveland Rd,,Carindale,Brisbane City,4152,Carina,South Brisbane,Brisbane,SEQ South,Metropolitan,Carindale,Carindale,Brisbane - South,Major Cities,Chatsworth,Bonner,Locally-controlled,Intersection - Cross,Operating traffic lights,60 km/h,Sealed - Dry,Clear,Daylight,Straight,Level,301,Veh'S Same Direction: Rear End,Rear-end,S,0,0,1,0,1,1,0,1,0,0,0,0
1739,Medical treatment,2001,October,Wednesday,17,Angle,Multi-Vehicle,153.0221698,-27.4674286,Roma St,,,Brisbane City,Brisbane City,4000,Brisbane City,North Brisbane,Brisbane,SEQ North,Metropolitan,Brisbane City,Brisbane Inner,Brisbane Inner City,Major Cities,Mcconnel,Brisbane,Locally-controlled,Median Opening,No traffic control,0 - 50 km/h,Sealed - Dry,Clear,Daylight,Straight,Level,406,Veh'S Manoeuvring: Leaving Driveway,Vehicle leaving driveway,E,0,0,1,0,1,2,0,0,0,0,0,0