Crash_Ref_Number,Crash_Severity,Crash_Year,Crash_Month,Crash_Day_Of_Week,Crash_Hour,Crash_Nature,Crash_Type,Crash_Longitude_GDA94,Crash_Latitude_GDA94,Crash_Street,Crash_Street_Intersecting,State_Road_Name,Loc_Suburb,Loc_Local_Government_Area,Loc_Post_Code,Loc_Police_Division,Loc_Police_District,Loc_Police_Region,Loc_Queensland_Transport_Region,Loc_Main_Roads_Region,Loc_ABS_Statistical_Area_2,Loc_ABS_Statistical_Area_3,Loc_ABS_Statistical_Area_4,Loc_ABS_Remoteness,Loc_State_Electorate,Loc_Federal_Electorate,Crash_Controlling_Authority,Crash_Roadway_Feature,Crash_Traffic_Control,Crash_Speed_Limit,Crash_Road_Surface_Condition,Crash_Atmospheric_Condition,Crash_Lighting_Condition,Crash_Road_Horiz_Align,Crash_Road_Vert_Align,Crash_DCA_Code,Crash_DCA_Description,Crash_DCA_Group_Description,DCA_Key_Approach_Dir,Count_Casualty_Fatality,Count_Casualty_Hospitalised,Count_Casualty_MedicallyTreated,Count_Casualty_MinorInjury,Count_Casualty_Total,Count_Unit_Car,Count_Unit_Motorcycle_Moped,Count_Unit_Truck,Count_Unit_Bus,Count_Unit_Bicycle,Count_Unit_Pedestrian,Count_Unit_Other
1981,Minor injury,2001,November,Monday,16,Hit object,Single Vehicle,153.0159528,-27.44794985,Herston Rd,Scott Rd,,Kelvin Grove,Brisbane City,4059,Brisbane City,North Brisbane,Brisbane,SEQ North,Metropolitan,Kelvin Grove - Herston,Brisbane Inner - North,Brisbane Inner City,Major Cities,Mcconnel,Brisbane,Locally-controlled,Intersection - Cross,Operating traffic lights,0 - 50 km/h,Sealed - Dry,Clear,Daylight,Straight,Level,708,Off Path-Straight: Mounts Traffic Island,Off carriageway on straight hit object,S,0,0,0,1,1,1,0,0,0,0,0,0
1982,Property damage only,2001,November,Monday,12,Head-on,Multi-Vehicle,153.0264422,-27.50013759,Fairfield Rd,,,Fairfield,Brisbane City,4103,Annerley,South Brisbane,Brisbane,SEQ South,Metropolitan,Fairfield - Dutton Park,Holland Park - Yeronga,Brisbane - South,Major Cities,South Brisbane,Griffith,Locally-controlled,No Roadway Feature,No traffic control,60 km/h,Sealed - Dry,Clear,Daylight,Curved - view obscured,Grade,201,Veh'S Opposite Approach: Head On,Head-on,S,0,0,0,0,0,2,0,0,0,0,0,0
1983,Property damage only,2001,November,Monday,15,Hit object,Single Vehicle,152.9129985,-27.6073634,Ipswich Mwy,,Cunningham Highway (Ipswich Motorway),Gailes,Ipswich City,4300,Goodna,Ipswich,Southern,SEQ South,Metropolitan,Camira - Gailes,Springfield - Redbank,Ipswich,Major Cities,Jordan,Oxley,State-controlled,Merge Lane,No traffic control,100 - 110 km/h,Sealed - Dry,Clear,Daylight,Straight,Grade,201,Veh'S Opposite Approach: Head On,Head-on,E,0,0,0,0,0,2,0,0,0,0,0,0
1984,Medical treatment,2001,November,Monday,0,Hit object,Single Vehicle,153.3265763,-28.00679534,Alexander Dr,,,Nerang,Gold Coast City,4211,Nerang,Gold Coast,South Eastern,SEQ South,South Coast,Nerang - Mount Nathan,Nerang,Gold Coast,Major Cities,Gaven,Moncrieff,Locally-controlled,No Roadway Feature,No traffic control,60 km/h,Sealed - Dry,Clear,Darkness - Not lighted,Curved - view open,Grade,800,Off Path-Curve: Other,Other,W,0,0,1,0,1,1,0,0,0,0,0,0
1985,Medical treatment,2001,November,Monday,23,Rear-end,Multi-Vehicle,153.427068,-27.99859291,Gold Coast Hwy,Thomas Dr,,Surfers Paradise,Gold Coast City,4217,Surfers Paradise,Gold Coast,South Eastern,SEQ South,South Coast,Surfers Paradise,Surfers Paradise,Gold Coast,Major Cities,Surfers Paradise,Moncrieff,Locally-controlled,Intersection - Cross,Give way sign,60 km/h,Sealed - Dry,Clear,Darkness - Lighted,Straight,Level,302,Veh'S Same Direction: Left Rear,Rear-end,E,0,0,1,0,1,2,0,0,0,0,0,0
1986,Medical treatment,2001,November,Monday,9,Rear-end,Multi-Vehicle,152.69218,-27.66585124,Cunningham Hwy,,Cunningham Highway (Ipswich - Warwick),Willowbank,Ipswich City,4306,Yamanto,Ipswich,Southern,SEQ South,Metropolitan,Rosewood,Ipswich Hinterland,Ipswich,Major Cities,Scenic Rim,Blair,State-controlled,No Roadway Feature,No traffic control,80 - 90 km/h,Sealed - Dry,Clear,Daylight,Straight,Grade,302,Veh'S Same Direction: Left Rear,Rear-end,S,0,0,3,0,3,2,0,0,0,0,0,0
1987,Medical treatment,2001,November,Monday,19,Overturned,Single Vehicle,152.3115782,-27.5636252,Chadwick Rd,,,Gatton,Lockyer Valley Region,4343,Gatton,Darling Downs,Southern,SEQ South,Downs South West,Gatton,Toowoomba,Toowoomba,Inner Regional,Lockyer,Wright,Locally-controlled,No Roadway Feature,No traffic control,100 - 110 km/h,Unsealed - Dry,Clear,Darkness - Not lighted,Straight,Level,705,Off Path-Straight:Out Of Control On Cway,Out of control on straight,E,0,0,1,0,1,1,0,0,0,0,0,0
1988,Property damage only,2001,November,Monday,14,Angle,Multi-Vehicle,152.3551882,-24.87850745,Bundaberg - Port Rd,Targo St,Bundaberg - Port Road,Walkervale,Bundaberg Region,4670,Bundaberg,Wide Bay Burnett,Central,Southern,North Coast and Wide Bay/Burnett,Walkervale - Avenell Heights,Bundaberg,Wide Bay,Inner Regional,Bundaberg,Hinkler,State-controlled,Intersection - Cross,Give way sign,60 km/h,Sealed - Dry,Clear,Daylight,Straight,Level,107,Veh'S Adjacent Approach: Thru-Left,Intersection from adjacent approaches,W,0,0,0,0,0,2,0,0,0,0,0,0
1989,Medical treatment,2001,November,Monday,10,Angle,Multi-Vehicle,151.2523401,-23.84945022,Dawson Hwy,Scenery St,Dawson Highway (Gladstone - Biloela),West Gladstone,Gladstone Region,4680,Gladstone,Capricornia,Central,Central,Central Queensland,West Gladstone,Gladstone,Central Queensland,Inner Regional,Gladstone,Flynn,State-controlled,Intersection - Cross,No traffic control,60 km/h,Sealed - Dry,Clear,Daylight,Straight,Level,309,Veh'S Same Direction: Left Turn S/Swipe,Parallel lanes turning,N,0,0,1,0,1,1,0,1,0,0,0,0
1990,Property damage only,2001,November,Tuesday,19,Sideswipe,Multi-Vehicle,152.9594693,-27.4464439,Waterworks Rd,,,The Gap,Brisbane City,4061,The Gap,North Brisbane,Brisbane,SEQ North,Metropolitan,The Gap,The Gap - Enoggera,Brisbane - West,Major Cities,Cooper,Ryan,Locally-controlled,No Roadway Feature,No traffic control,0 - 50 km/h,Sealed - Dry,Clear,Darkness - Lighted,Curved - view open,Level,201,Veh'S Opposite Approach: Head On,Head-on,E,0,0,0,0,0,2,0,0,0,0,0,0
1991,Minor injury,2001,November,Tuesday,17,Rear-end,Multi-Vehicle,153.0127828,-27.45859925,Hale St On Ramp,Musgrave Rd,,Red Hill,Brisbane City,4059,Brisbane City,North Brisbane,Brisbane,SEQ North,Metropolitan,Red Hill (qld),Brisbane Inner - West,Brisbane Inner City,Major Cities,Mcconnel,Brisbane,Locally-controlled,Intersection - Interchange,Operating traffic lights,60 km/h,Sealed - Dry,Clear,Daylight,Straight,Grade,301,Veh'S Same Direction: Rear End,Rear-end,N,0,0,0,2,2,2,0,0,0,0,0,0
1992,Property damage only,2001,November,Tuesday,12,Hit object,Single Vehicle,152.7474431,-27.61475784,Tallon St,,,Sadliers Crossing,Ipswich City,4305,Ipswich,Ipswich,Southern,SEQ South,Metropolitan,Ipswich - Central,Ipswich Inner,Ipswich,Major Cities,Ipswich,Blair,Locally-controlled,No Roadway Feature,No traffic control,0 - 50 km/h,Sealed - Dry,Clear,Daylight,Straight,Level,700,Off Path-Straight: Other,Other,W,0,0,0,0,0,1,0,0,0,0,0,0
1993,Medical treatment,2001,November,Tuesday,9,Angle,Multi-Vehicle,153.1202155,-26.80337451,Baldwin St,Caloundra Rd,Caloundra Road,Caloundra,Sunshine Coast Region,4551,Caloundra,Sunshine Coast,Central,SEQ North,North Coast and Wide Bay/Burnett,Caloundra - Kings Beach,Caloundra,Sunshine Coast,Major Cities,Caloundra,Fisher,State-controlled,Intersection - Cross,Operating traffic lights,60 km/h,Sealed - Dry,Clear,Daylight,Straight,Level,202,Veh'S Opposite Approach: Thru-Right,Opposing vehicles turning,E,0,0,1,0,1,2,0,0,0,0,0,0
1994,Property damage only,2001,November,Tuesday,12,Angle,Multi-Vehicle,151.9489256,-27.56825759,Warrego Hwy,Water St,Warrego Highway (Toowoomba - Dalby),Toowoomba City,Toowoomba Region,4350,Toowoomba,Darling Downs,Southern,Southern,Downs South West,Toowoomba - Central,Toowoomba,Toowoomba,Inner Regional,Toowoomba North,Groom,State-controlled,Intersection - Cross,No traffic control,60 km/h,Sealed - Dry,Clear,Daylight,Straight,Level,202,Veh'S Opposite Approach: Thru-Right,Opposing vehicles turning,W,0,0,0,0,0,3,0,0,0,0,0,0
1995,Hospitalisation,2001,November,Tuesday,7,Overturned,Single Vehicle,149.0858328,-21.17050874,Lorne Rd,Walkerston - Homebush Rd,,Alexandra,Mackay Region,4740,Walkerston,Mackay,Central,Central,Central Queensland,Walkerston - Eton,Mackay,Mackay - Isaac - Whitsunday,Outer Regional,Mirani,Capricornia,Locally-controlled,Intersection - Cross,No traffic control,100 - 110 km/h,Sealed - Dry,Clear,Daylight,Straight,Level,702,Off Path-Straight: Right Off Cway,Off carriageway on straight,N,0,1,0,0,1,1,0,0,0,0,0,0
1996,Minor injury,2001,November,Wednesday,17,Rear-end,Multi-Vehicle,153.0053143,-27.45310066,Musgrave Rd,,,Red Hill,Brisbane City,4059,Brisbane City,North Brisbane,Brisbane,SEQ North,Metropolitan,Red Hill (qld),Brisbane Inner - West,Brisbane Inner City,Major Cities,Cooper,Brisbane,Locally-controlled,No Roadway Feature,No traffic control,60 km/h,Sealed - Wet,Raining,Daylight,Straight,Level,301,Veh'S Same Direction: Rear End,Rear-end,N,0,0,0,1,1,3,0,0,0,0,0,0
1997,Property damage only,2001,November,Wednesday,11,Rear-end,Multi-Vehicle,153.0398634,-27.46224759,Brunswick St,Kent St,,New Farm,Brisbane City,4005,Fortitude Valley,North Brisbane,Brisbane,SEQ North,Metropolitan,New Farm,Brisbane Inner,Brisbane Inner City,Major Cities,Mcconnel,Brisbane,Locally-controlled,Intersection - Cross,Operating traffic lights,0 - 50 km/h,Sealed - Dry,Clear,Daylight,Straight,Grade,302,Veh'S Same Direction: Left Rear,Rear-end,E,0,0,0,0,0,2,0,0,0,0,0,0
1998,Minor injury,2001,November,Wednesday,20,Hit object,Single Vehicle,153.0419988,-27.44961385,Breakfast Ck Rd,,,Bowen Hills,Brisbane City,4006,Fortitude Valley,North Brisbane,Brisbane,SEQ North,Metropolitan,Newstead - Bowen Hills,Brisbane Inner - North,Brisbane Inner City,Major Cities,Mcconnel,Brisbane,Locally-controlled,No Roadway Feature,No traffic control,60 km/h,Sealed - Wet,Raining,Darkness - Lighted,Curved - view open,Level,803,Off Path-Curve: Off Cway Rt Bend Hit Obj,Off carriageway on curve hit object,S,0,0,0,1,1,1,0,0,0,0,0,0
1999,Property damage only,2001,November,Wednesday,16,Head-on,Multi-Vehicle,152.9727724,-27.50408049,Foxton St,Radnor St,,Indooroopilly,Brisbane City,4068,Indooroopilly,North Brisbane,Brisbane,SEQ North,Metropolitan,Indooroopilly,Sherwood - Indooroopilly,Brisbane - West,Major Cities,Maiwar,Ryan,Locally-controlled,Intersection - T-Junction,No traffic control,60 km/h,Sealed - Wet,Raining,Daylight,Curved - view obscured,Level,501,Veh'S Overtaking: Head On,Head-on,E,0,0,0,0,0,3,0,0,0,0,0,0
2000,Medical treatment,2001,November,Wednesday,16,Rear-end,Multi-Vehicle,152.9674206,-27.49962773,Moggill Rd,,,Indooroopilly,Brisbane City,4068,Indooroopilly,North Brisbane,Brisbane,SEQ North,Metropolitan,Indooroopilly,Sherwood - Indooroopilly,Brisbane - West,Major Cities,Maiwar,Ryan,Locally-controlled,No Roadway Feature,No traffic control,60 km/h,Sealed - Wet,Raining,Daylight,Straight,Dip,301,Veh'S Same Direction: Rear End,Rear-end,S,0,0,1,0,1,2,0,0,0,0,0,0
2001,Medical treatment,2001,November,Wednesday,16,Rear-end,Multi-Vehicle,153.1067691,-27.5870888,South East Arterial Rd,,South-East Arterial Road (Pacific Motorway),Eight Mile Plains,Brisbane City,4113,Upper Mount Gravatt,South Brisbane,Brisbane,SEQ South,Metropolitan,Rochedale - Burbank,Mt Gravatt,Brisbane - South,Major Cities,Toohey,Bonner,State-controlled,No Roadway Feature,No traffic control,100 - 110 km/h,Sealed - Wet,Raining,Daylight,Straight,Level,301,Veh'S Same Direction: Rear End,Rear-end,N,0,0,1,0,1,8,0,0,1,0,0,0
2002,Property damage only,2001,November,Wednesday,15,Hit object,Single Vehicle,152.9508495,-27.07473329,Jubilee St,Railway Pde,,Caboolture,Moreton Bay Region,4510,Caboolture,Moreton,Southern,SEQ North,North Coast and Wide Bay/Burnett,Caboolture,Caboolture,Moreton Bay - North,Major Cities,Morayfield,Longman,Locally-controlled,Intersection - T-Junction,No traffic control,60 km/h,Sealed - Dry,Clear,Daylight,Straight,Level,700,Off Path-Straight: Other,Other,N,0,0,0,0,0,1,0,0,0,0,0,0
2003,Medical treatment,2001,November,Wednesday,13,Rear-end,Multi-Vehicle,153.1771188,-27.52267923,Moreton Bay Rd,Mt Gravatt - Capalaba Rd,Brisbane - Redland Road,Chandler,Brisbane City,4155,Capalaba,South Brisbane,Brisbane,SEQ South,Metropolitan,Belmont - Gumdale,Capalaba,Brisbane - East,Major Cities,Chatsworth,Bonner,State-controlled,Intersection - T-Junction,Stop sign,60 km/h,Sealed - Wet,Raining,Daylight,Straight,Grade,302,Veh'S Same Direction: Left Rear,Rear-end,N,0,0,1,0,1,2,0,0,0,0,0,0
2004,Medical treatment,2001,November,Wednesday,15,Rear-end,Multi-Vehicle,153.0352391,-26.66235983,Maroochydore Rd,Pike St,Maroochydore Road,Kunda Park,Sunshine Coast Region,4556,Maroochydore,Sunshine Coast,Central,SEQ North,North Coast and Wide Bay/Burnett,Buderim - North,Buderim,Sunshine Coast,Major Cities,Ninderry,Fairfax,State-controlled,Intersection - Cross,Operating traffic lights,60 km/h,Sealed - Dry,Clear,Daylight,Straight,Level,301,Veh'S Same Direction: Rear End,Rear-end,W,0,0,1,0,1,2,0,0,0,0,0,0
2005,Property damage only,2001,November,Wednesday,13,Hit parked vehicle,Single Vehicle,153.3861141,-27.97965811,Expo Ct,,,Ashmore,Gold Coast City,4214,Southport,Gold Coast,South Eastern,SEQ South,South Coast,Ashmore,Southport,Gold Coast,Major Cities,Southport,Moncrieff,Locally-controlled,No Roadway Feature,No traffic control,0 - 50 km/h,Sealed - Dry,Clear,Daylight,Curved - view open,Level,200,Veh'S Opposite Approach: Other,Other,N,0,0,0,0,0,3,0,0,0,0,0,0
2006,Property damage only,2001,November,Wednesday,16,Hit object,Single Vehicle,152.7201984,-27.95586905,Ipswich - Boonah Rd,,Ipswich - Boonah Road,Coulson,Scenic Rim Region,4310,Kalbar,Ipswich,Southern,SEQ South,South Coast,Boonah,Ipswich Hinterland,Ipswich,Inner Regional,Scenic Rim,Wright,State-controlled,No Roadway Feature,No traffic control,60 km/h,Sealed - Wet,Raining,Daylight,Straight,Level,704,Off Path-Straight:Right Off Cway Hit Obj,Off carriageway on straight hit object,S,0,0,0,0,0,1,0,0,0,0,0,0
2007,Minor injury,2001,November,Thursday,16,Fall from vehicle,Single Vehicle,153.0119784,-27.45428356,Kelvin Grove Rd,,,Kelvin Grove,Brisbane City,4059,Brisbane City,North Brisbane,Brisbane,SEQ North,Metropolitan,Kelvin Grove - Herston,Brisbane Inner - North,Brisbane Inner City,Major Cities,Mcconnel,Brisbane,Locally-controlled,No Roadway Feature,No traffic control,60 km/h,Sealed - Dry,Clear,Daylight,Straight,Grade,705,Off Path-Straight:Out Of Control On Cway,Out of control on straight,S,0,0,0,1,1,0,1,0,0,0,0,0
2008,Minor injury,2001,November,Thursday,15,Sideswipe,Multi-Vehicle,153.0481806,-27.47707651,Laidlaw Pde,,,East Brisbane,Brisbane City,4169,Dutton Park,South Brisbane,Brisbane,SEQ South,Metropolitan,East Brisbane,Brisbane Inner - East,Brisbane Inner City,Major Cities,South Brisbane,Griffith,Locally-controlled,No Roadway Feature,No traffic control,60 km/h,Sealed - Dry,Clear,Daylight,Straight,Level,305,Veh'S Same Direction: Lane Side Swipe,Lane changes,E,0,0,0,1,1,1,0,0,0,1,0,0
2009,Property damage only,2001,November,Thursday,11,Rear-end,Multi-Vehicle,152.9490892,-27.0972039,Burpengary - Caboolture Rd,,Burpengary - Caboolture Road,Caboolture South,Moreton Bay Region,4510,Caboolture,Moreton,Southern,SEQ North,North Coast and Wide Bay/Burnett,Caboolture - South,Caboolture,Moreton Bay - North,Major Cities,Morayfield,Longman,State-controlled,No Roadway Feature,No traffic control,60 km/h,Sealed - Dry,Clear,Daylight,Straight,Level,301,Veh'S Same Direction: Rear End,Rear-end,S,0,0,0,0,0,3,0,0,0,0,0,0
2010,Fatal,2001,November,Thursday,18,Hit object,Single Vehicle,153.1195123,-27.69144698,Beutel St,Logan Reserve Rd,,Waterford West,Logan City,4133,Crestmead,Logan,South Eastern,SEQ South,South Coast,Waterford West,Loganlea - Carbrook,Logan - Beaudesert,Major Cities,Waterford,Forde,Locally-controlled,Intersection - T-Junction,Give way sign,60 km/h,Sealed - Dry,Clear,Dawn/Dusk,Straight,Level,700,Off Path-Straight: Other,Other,W,1,0,0,0,1,1,0,0,0,0,0,0
2011,Property damage only,2001,November,Thursday,9,Angle,Multi-Vehicle,153.031423,-27.43626248,Grantson St,Lutwyche Rd,,Windsor,Brisbane City,4030,Stafford,North Brisbane,Brisbane,SEQ North,Metropolitan,Windsor,Brisbane Inner - North,Brisbane Inner City,Major Cities,Clayfield,Brisbane,Locally-controlled,Intersection - T-Junction,No traffic control,60 km/h,Sealed - Dry,Clear,Daylight,Straight,Level,202,Veh'S Opposite Approach: Thru-Right,Opposing vehicles turning,N,0,0,0,0,0,2,0,0,0,0,0,0
2012,Hospitalisation,2001,November,Friday,17,Hit pedestrian,Hit pedestrian,153.034007,-27.47916084,River Tce,,,Kangaroo Point,Brisbane City,4169,Dutton Park,South Brisbane,Brisbane,SEQ South,Metropolitan,Kangaroo Point,Brisbane Inner,Brisbane Inner City,Major Cities,South Brisbane,Griffith,Locally-controlled,No Roadway Feature,No traffic control,60 km/h,Sealed - Wet,Raining,Dawn/Dusk,Straight,Level,3,Ped'N: Far Side Vehicle Hit From Left,Pedestrian,N,0,1,0,0,1,1,0,0,0,0,1,0
2013,Hospitalisation,2001,November,Friday,10,Hit object,Single Vehicle,152.9545357,-27.33353817,Saraband Dr,,,Eatons Hill,Moreton Bay Region,4037,Albany Creek,North Brisbane,Brisbane,SEQ North,North Coast and Wide Bay/Burnett,Eatons Hill,The Hills District,Moreton Bay - South,Major Cities,Everton,Dickson,Locally-controlled,No Roadway Feature,No traffic control,0 - 50 km/h,Sealed - Wet,Raining,Daylight,Curved - view open,Level,803,Off Path-Curve: Off Cway Rt Bend Hit Obj,Off carriageway on curve hit object,E,0,1,0,0,1,1,1,0,0,0,0,0
2014,Minor injury,2001,November,Friday,11,Angle,Multi-Vehicle,153.2655223,-27.54829545,Cleveland - Redland Bay Rd,South St,Cleveland - Redland Bay Road,Thornlands,Redland City,4164,Cleveland,South Brisbane,Brisbane,SEQ South,Metropolitan,Thornlands,Cleveland - Stradbroke,Brisbane - East,Major Cities,Redlands,Bowman,State-controlled,Intersection - Cross,Operating traffic lights,60 km/h,Sealed - Wet,Clear,Daylight,Straight,Level,202,Veh'S Opposite Approach: Thru-Right,Opposing vehicles turning,S,0,0,0,1,1,2,0,0,0,0,0,0
2015,Minor injury,2001,November,Friday,13,Rear-end,Multi-Vehicle,153.2669003,-27.52986186,Cleveland - Redland Bay Rd,Russell St,Cleveland - Redland Bay Road,Cleveland,Redland City,4163,Cleveland,South Brisbane,Brisbane,SEQ South,Metropolitan,Cleveland,Cleveland - Stradbroke,Brisbane - East,Major Cities,Oodgeroo,Bowman,State-controlled,Intersection - Roundabout,Give way sign,60 km/h,Sealed - Wet,Raining,Daylight,Straight,Level,301,Veh'S Same Direction: Rear End,Rear-end,S,0,0,0,1,1,2,0,0,0,0,0,0
2016,Hospitalisation,2001,November,Friday,17,Rear-end,Multi-Vehicle,153.0319768,-27.43232024,Lutwyche Rd,,,Windsor,Brisbane City,4030,Stafford,North Brisbane,Brisbane,SEQ North,Metropolitan,Windsor,Brisbane Inner - North,Brisbane Inner City,Major Cities,Clayfield,Brisbane,Locally-controlled,No Roadway Feature,No traffic control,60 km/h,Sealed - Wet,Raining,Daylight,Straight,Grade,301,Veh'S Same Direction: Rear End,Rear-end,N,0,1,0,0,1,2,0,0,0,0,0,0
2017,Property damage only,2001,November,Friday,18,Rear-end,Multi-Vehicle,153.0059213,-27.43472841,Enoggera Rd,Terang St,,Newmarket,Brisbane City,4051,Stafford,North Brisbane,Brisbane,SEQ North,Metropolitan,Newmarket,Brisbane Inner - North,Brisbane Inner City,Major Cities,Ferny Grove,Brisbane,Locally-controlled,Intersection - Cross,No traffic control,60 km/h,Sealed - Wet,Raining,Darkness - Lighted,Straight,Level,301,Veh'S Same Direction: Rear End,Rear-end,N,0,0,0,0,0,2,0,0,0,0,0,0
2018,Property damage only,2001,November,Friday,8,Rear-end,Multi-Vehicle,152.9639642,-27.41145665,Samford Rd,,Samford Sub-Arterial Road,Keperra,Brisbane City,4054,Ferny Grove,North Brisbane,Brisbane,SEQ North,Metropolitan,Keperra,The Gap - Enoggera,Brisbane - West,Major Cities,Ferny Grove,Ryan,State-controlled,No Roadway Feature,No traffic control,60 km/h,Sealed - Wet,Raining,Daylight,Straight,Level,301,Veh'S Same Direction: Rear End,Rear-end,E,0,0,0,0,0,4,0,0,0,0,0,0
2019,Property damage only,2001,November,Friday,20,Sideswipe,Multi-Vehicle,152.8552369,-27.59839239,Ipswich Mwy,,Cunningham Highway (Ipswich Motorway),Riverview,Ipswich City,4303,Goodna,Ipswich,Southern,SEQ South,Metropolitan,Riverview,Ipswich Inner,Ipswich,Major Cities,Bundamba,Blair,State-controlled,No Roadway Feature,No traffic control,80 - 90 km/h,Sealed - Wet,Raining,Darkness - Lighted,Curved - view open,Grade,305,Veh'S Same Direction: Lane Side Swipe,Lane changes,W,0,0,0,0,0,2,0,0,0,0,0,0
2020,Property damage only,2001,November,Friday,22,Hit parked vehicle,Single Vehicle,153.3988246,-27.94537322,Government Rd,,,Labrador,Gold Coast City,4215,Southport,Gold Coast,South Eastern,SEQ South,South Coast,Labrador,Gold Coast - North,Gold Coast,Major Cities,Bonney,Fadden,Locally-controlled,No Roadway Feature,No traffic control,60 km/h,Sealed - Wet,Raining,Darkness - Lighted,Straight,Level,601,Veh'S On Path: Parked,Hit parked vehicle,N,0,0,0,0,0,2,0,0,0,0,0,0
2021,Medical treatment,2001,November,Friday,19,Hit object,Single Vehicle,152.31026,-27.53251946,Orchard Rd,Redbank Ck Rd,,Adare,Lockyer Valley Region,4343,Gatton,Darling Downs,Southern,SEQ South,Downs South West,Lockyer Valley - West,Toowoomba,Toowoomba,Inner Regional,Lockyer,Wright,Locally-controlled,Intersection - T-Junction,Give way sign,100 - 110 km/h,Sealed - Wet,Raining,Darkness - Not lighted,Straight,Level,700,Off Path-Straight: Other,Other,W,0,0,1,0,1,1,0,0,0,0,0,0
2022,Property damage only,2001,November,Friday,14,Hit object,Single Vehicle,152.7603484,-25.41543558,Maryborough - Hervey Bay Rd,,Maryborough - Hervey Bay Road,Susan River,Fraser Coast Region,4655,Hervey Bay,Wide Bay Burnett,Central,Southern,North Coast and Wide Bay/Burnett,Burrum - Fraser,Maryborough,Wide Bay,Inner Regional,Maryborough,Hinkler,State-controlled,No Roadway Feature,No traffic control,100 - 110 km/h,Sealed - Dry,Clear,Daylight,Curved - view open,Level,803,Off Path-Curve: Off Cway Rt Bend Hit Obj,Off carriageway on curve hit object,S,0,0,0,0,0,1,0,0,0,0,0,0
2023,Medical treatment,2001,November,Friday,20,Overturned,Single Vehicle,151.9759905,-26.71301927,D'Aguilar Hwy,,D'Aguilar Highway (Yarraman - Kingaroy),South Nanango,South Burnett Region,4615,Nanango,South West,Southern,Southern,North Coast and Wide Bay/Burnett,Nanango,Burnett,Wide Bay,Inner Regional,Nanango,Maranoa,State-controlled,No Roadway Feature,No traffic control,100 - 110 km/h,Sealed - Wet,Raining,Darkness - Not lighted,Straight,Level,701,Off Path-Straight: Left Off Cway,Off carriageway on straight,N,0,0,1,0,1,1,0,0,0,0,0,0
2024,Hospitalisation,2001,November,Friday,19,Sideswipe,Multi-Vehicle,151.9719353,-27.88786861,New England Hwy,,New England Highway (Toowoomba-Warwick),Nevilton,Toowoomba Region,4361,Clifton,Darling Downs,Southern,Southern,Downs South West,Clifton - Greenmount,Granite Belt,Darling Downs - Maranoa,Inner Regional,Condamine,Maranoa,State-controlled,No Roadway Feature,No traffic control,100 - 110 km/h,Sealed - Wet,Raining,Darkness - Not lighted,Curved - view open,Grade,201,Veh'S Opposite Approach: Head On,Head-on,N,0,1,0,1,2,4,0,1,0,0,0,0
2025,Minor injury,2001,November,Friday,11,Overturned,Single Vehicle,150.2229649,-26.59007424,Hookswood Rd,,,Hookswood,Western Downs Region,4415,Miles,South West,Southern,Southern,Downs South West,Miles - Wandoan,Darling Downs (west) - Maranoa,Darling Downs - Maranoa,Outer Regional,Callide,Maranoa,Locally-controlled,No Roadway Feature,No traffic control,100 - 110 km/h,Unsealed - Dry,Clear,Daylight,Curved - view open,Grade,802,Off Path-Curve: Off Cway Left Bend,Off carriageway on curve,N,0,0,0,1,1,1,0,0,0,0,0,0
2026,Medical treatment,2001,November,Saturday,11,Rear-end,Multi-Vehicle,153.1005252,-27.50037828,Creek Rd,Old Cleveland Rd,,Carindale,Brisbane City,4152,Carina,South Brisbane,Brisbane,SEQ South,Metropolitan,Carindale,Carindale,Brisbane - South,Major Cities,Chatsworth,Bonner,Locally-controlled,Intersection - Cross,Operating traffic lights,60 km/h,Sealed - Dry,Clear,Daylight,Straight,Level,301,Veh'S Same Direction: Rear End,Rear-end,N,0,0,1,0,1,2,0,0,0,0,0,0
2027,Medical treatment,2001,November,Saturday,1,Hit pedestrian,Hit pedestrian,153.0324838,-27.45858809,Gipps St,Wickham St,,Fortitude Valley,Brisbane City,4006,Fortitude Valley,North Brisbane,Brisbane,SEQ North,Metropolitan,Fortitude Valley,Brisbane Inner,Brisbane Inner City,Major Cities,Mcconnel,Brisbane,Locally-controlled,Intersection - Cross,Operating traffic lights,0 - 50 km/h,Sealed - Wet,Raining,Darkness - Lighted,Straight,Grade,1,Ped'N: Near Side Vehicle Hit From Right,Pedestrian,E,0,0,1,0,1,1,0,0,0,0,1,0
2028,Medical treatment,2001,November,Saturday,23,Hit pedestrian,Hit pedestrian,153.0336685,-27.459691,Ann St,Gipps St,,Fortitude Valley,Brisbane City,4006,Fortitude Valley,North Brisbane,Brisbane,SEQ North,Metropolitan,Fortitude Valley,Brisbane Inner,Brisbane Inner City,Major Cities,Mcconnel,Brisbane,Locally-controlled,Intersection - Cross,Operating traffic lights,60 km/h,Sealed - Wet,Raining,Darkness - Lighted,Straight,Crest,1,Ped'N: Near Side Vehicle Hit From Right,Pedestrian,E,0,0,1,0,1,1,0,0,0,0,1,0