Crash_Ref_Number,Crash_Severity,Crash_Year,Crash_Month,Crash_Day_Of_Week,Crash_Hour,Crash_Nature,Crash_Type,Crash_Longitude_GDA94,Crash_Latitude_GDA94,Crash_Street,Crash_Street_Intersecting,State_Road_Name,Loc_Suburb,Loc_Local_Government_Area,Loc_Post_Code,Loc_Police_Division,Loc_Police_District,Loc_Police_Region,Loc_Queensland_Transport_Region,Loc_Main_Roads_Region,Loc_ABS_Statistical_Area_2,Loc_ABS_Statistical_Area_3,Loc_ABS_Statistical_Area_4,Loc_ABS_Remoteness,Loc_State_Electorate,Loc_Federal_Electorate,Crash_Controlling_Authority,Crash_Roadway_Feature,Crash_Traffic_Control,Crash_Speed_Limit,Crash_Road_Surface_Condition,Crash_Atmospheric_Condition,Crash_Lighting_Condition,Crash_Road_Horiz_Align,Crash_Road_Vert_Align,Crash_DCA_Code,Crash_DCA_Description,Crash_DCA_Group_Description,DCA_Key_Approach_Dir,Count_Casualty_Fatality,Count_Casualty_Hospitalised,Count_Casualty_MedicallyTreated,Count_Casualty_MinorInjury,Count_Casualty_Total,Count_Unit_Car,Count_Unit_Motorcycle_Moped,Count_Unit_Truck,Count_Unit_Bus,Count_Unit_Bicycle,Count_Unit_Pedestrian,Count_Unit_Other
2029,Property damage only,2001,November,Saturday,17,Rear-end,Multi-Vehicle,153.0188034,-27.30964643,Bracken Ridge Rd,Charlock Rd,,Bald Hills,Brisbane City,4036,Sandgate,North Brisbane,Brisbane,SEQ North,Metropolitan,Bald Hills,Bald Hills - Everton Park,Brisbane - North,Major Cities,Sandgate,Petrie,Locally-controlled,Intersection - T-Junction,No traffic control,60 km/h,Sealed - Wet,Raining,Dawn/Dusk,Straight,Level,303,Veh'S Same Direction: Right Rear,Rear-end,W,0,0,0,0,0,2,0,0,0,0,0,0
2030,Hospitalisation,2001,November,Saturday,11,Hit pedestrian,Hit pedestrian,152.9786798,-27.51901211,Oxley Rd,,,Graceville,Brisbane City,4075,Sherwood,South Brisbane,Brisbane,SEQ South,Metropolitan,Chelmer - Graceville,Sherwood - Indooroopilly,Brisbane - West,Major Cities,Miller,Moreton,Locally-controlled,No Roadway Feature,No traffic control,60 km/h,Sealed - Wet,Clear,Daylight,Straight,Level,0,Ped'N: Hit Other,Other,N,0,1,0,0,1,2,0,0,0,0,1,0
2031,Medical treatment,2001,November,Saturday,11,Rear-end,Multi-Vehicle,153.0310309,-27.38600095,Hamilton Rd,,Gympie Arterial Road,Chermside,Brisbane City,4032,Boondall,North Brisbane,Brisbane,SEQ North,Metropolitan,Chermside,Chermside,Brisbane - North,Major Cities,Stafford,Lilley,State-controlled,No Roadway Feature,No traffic control,60 km/h,Sealed - Dry,Clear,Daylight,Straight,Level,301,Veh'S Same Direction: Rear End,Rear-end,W,0,0,1,0,1,3,0,0,0,0,0,0
2032,Property damage only,2001,November,Saturday,9,Angle,Multi-Vehicle,152.9696239,-27.16781291,Henderson Rd,,,Burpengary,Moreton Bay Region,4505,Burpengary,Moreton,Southern,SEQ North,North Coast and Wide Bay/Burnett,Burpengary,Narangba - Burpengary,Moreton Bay - North,Major Cities,Kurwongbah,Longman,Locally-controlled,No Roadway Feature,No traffic control,60 km/h,Sealed - Wet,Raining,Daylight,Curved - view open,Level,406,Veh'S Manoeuvring: Leaving Driveway,Vehicle leaving driveway,S,0,0,0,0,0,2,0,0,0,0,0,0
2033,Medical treatment,2001,November,Saturday,16,Rear-end,Multi-Vehicle,153.3523322,-28.03385217,Pacific Hwy,,Pacific Highway (Pacific Motorway),Carrara,Gold Coast City,4211,Mudgeeraba,Gold Coast,South Eastern,SEQ South,South Coast,Carrara,Nerang,Gold Coast,Major Cities,Mudgeeraba,Moncrieff,State-controlled,No Roadway Feature,No traffic control,100 - 110 km/h,Sealed - Wet,Raining,Daylight,Straight,Level,301,Veh'S Same Direction: Rear End,Rear-end,S,0,0,1,0,1,2,0,0,0,0,0,0
2034,Property damage only,2001,November,Saturday,4,Hit object,Single Vehicle,153.0104798,-26.39224668,Griffith Ave,Parkview Ct,,Tewantin,Noosa Shire,4565,Noosa Heads,Sunshine Coast,Central,SEQ North,North Coast and Wide Bay/Burnett,Tewantin,Noosa,Sunshine Coast,Major Cities,Noosa,Wide Bay,Locally-controlled,Intersection - T-Junction,No traffic control,60 km/h,Sealed - Wet,Raining,Darkness - Not lighted,Curved - view open,Level,803,Off Path-Curve: Off Cway Rt Bend Hit Obj,Off carriageway on curve hit object,W,0,0,0,0,0,1,0,0,0,0,0,0
2035,Property damage only,2001,November,Saturday,19,Angle,Multi-Vehicle,153.3644638,-27.98377227,Ashmore Rd,Harper St,,Molendinar,Gold Coast City,4214,Southport,Gold Coast,South Eastern,SEQ South,South Coast,Molendinar,Southport,Gold Coast,Major Cities,Southport,Moncrieff,Locally-controlled,Intersection - Cross,Stop sign,60 km/h,Sealed - Wet,Raining,Darkness - Lighted,Straight,Crest,101,Veh'S Adjacent Approach: Thru-Thru,Intersection from adjacent approaches,N,0,0,0,0,0,2,0,0,0,0,0,0
2036,Medical treatment,2001,November,Saturday,21,Rear-end,Multi-Vehicle,153.3820045,-27.98642265,Cotlew St,Labrador - Carrara Rd,Labrador - Carrara Road,Ashmore,Gold Coast City,4214,Southport,Gold Coast,South Eastern,SEQ South,South Coast,Ashmore,Southport,Gold Coast,Major Cities,Southport,Moncrieff,State-controlled,Intersection - Roundabout,Give way sign,60 km/h,Sealed - Wet,Raining,Darkness - Lighted,Straight,Level,301,Veh'S Same Direction: Rear End,Rear-end,N,0,0,4,0,4,2,0,0,0,0,0,0
2037,Medical treatment,2001,November,Saturday,10,Rear-end,Multi-Vehicle,153.4177684,-27.97342195,Southport - Nerang Rd,,Southport - Nerang Road,Southport,Gold Coast City,4215,Southport,Gold Coast,South Eastern,SEQ South,South Coast,Southport - North,Southport,Gold Coast,Major Cities,Southport,Moncrieff,State-controlled,No Roadway Feature,No traffic control,60 km/h,Sealed - Wet,Raining,Daylight,Straight,Level,301,Veh'S Same Direction: Rear End,Rear-end,W,0,0,1,0,1,2,0,0,0,0,0,0
2038,Medical treatment,2001,November,Saturday,22,Rear-end,Multi-Vehicle,153.3949586,-27.9618223,Kumbari Ave,Smith St Connection Rd,Smith Street Connection,Southport,Gold Coast City,4215,Southport,Gold Coast,South Eastern,SEQ South,South Coast,Southport - North,Southport,Gold Coast,Major Cities,Bonney,Moncrieff,State-controlled,Intersection - Cross,Operating traffic lights,70 km/h,Sealed - Wet,Raining,Darkness - Lighted,Straight,Level,301,Veh'S Same Direction: Rear End,Rear-end,E,0,0,1,0,1,2,0,0,0,0,0,0
2039,Property damage only,2001,November,Saturday,21,Angle,Multi-Vehicle,153.3784398,-27.95958575,Labrador - Carrara Rd,Wintergreen Dr,Labrador - Carrara Road,Parkwood,Gold Coast City,4214,Southport,Gold Coast,South Eastern,SEQ South,South Coast,Parkwood,Southport,Gold Coast,Major Cities,Bonney,Fadden,State-controlled,Intersection - Cross,Operating traffic lights,80 - 90 km/h,Sealed - Wet,Raining,Darkness - Lighted,Straight,Grade,202,Veh'S Opposite Approach: Thru-Right,Opposing vehicles turning,S,0,0,0,0,0,2,0,0,0,0,0,0
2040,Property damage only,2001,November,Saturday,21,Rear-end,Multi-Vehicle,153.427931,-27.99315205,Gold Coast Hwy,Ocean Ave,,Surfers Paradise,Gold Coast City,4217,Surfers Paradise,Gold Coast,South Eastern,SEQ South,South Coast,Surfers Paradise,Surfers Paradise,Gold Coast,Major Cities,Surfers Paradise,Moncrieff,Locally-controlled,Intersection - T-Junction,Operating traffic lights,60 km/h,Sealed - Wet,Raining,Darkness - Lighted,Straight,Level,303,Veh'S Same Direction: Right Rear,Rear-end,N,0,0,0,0,0,2,0,0,0,0,0,0
2041,Property damage only,2001,November,Saturday,0,Angle,Multi-Vehicle,153.4292332,-28.01770181,Gold Coast Hwy,Monaco St,,Surfers Paradise,Gold Coast City,4217,Surfers Paradise,Gold Coast,South Eastern,SEQ South,South Coast,Surfers Paradise,Surfers Paradise,Gold Coast,Major Cities,Surfers Paradise,Moncrieff,Locally-controlled,Intersection - T-Junction,Operating traffic lights,70 km/h,Sealed - Wet,Raining,Darkness - Lighted,Straight,Level,202,Veh'S Opposite Approach: Thru-Right,Opposing vehicles turning,S,0,0,0,0,0,2,0,0,0,0,0,0
2042,Property damage only,2001,November,Saturday,11,Rear-end,Multi-Vehicle,151.9242431,-27.57298571,Gore Hwy,,Gore Highway (Toowoomba-Millmerran),Harristown,Toowoomba Region,4350,Toowoomba,Darling Downs,Southern,Southern,Downs South West,Drayton - Harristown,Toowoomba,Toowoomba,Inner Regional,Toowoomba South,Groom,State-controlled,No Roadway Feature,No traffic control,60 km/h,Sealed - Wet,Raining,Daylight,Straight,Level,301,Veh'S Same Direction: Rear End,Rear-end,S,0,0,0,0,0,2,0,0,0,0,0,0
2043,Property damage only,2001,November,Saturday,10,Hit object,Single Vehicle,151.9887445,-27.57009462,Warrego Hwy,,Warrego Highway (Ipswich - Toowoomba),Redwood,Toowoomba Region,4350,Toowoomba,Darling Downs,Southern,Southern,Downs South West,Toowoomba - East,Toowoomba,Toowoomba,Inner Regional,Toowoomba North,Groom,State-controlled,No Roadway Feature,No traffic control,80 - 90 km/h,Sealed - Wet,Fog,Daylight,Curved - view obscured,Grade,607,Veh'S On Path: Temporary Object On C'Way,Other,W,0,0,0,0,0,1,0,0,0,0,0,0
2044,Minor injury,2001,November,Saturday,11,Fall from vehicle,Single Vehicle,152.0155889,-28.05965344,New England Hwy,,New England Highway (Toowoomba-Warwick),Mount Marshall,Southern Downs Region,4362,Allora,Darling Downs,Southern,Southern,Downs South West,Southern Downs - West,Granite Belt,Darling Downs - Maranoa,Inner Regional,Southern Downs,Maranoa,State-controlled,No Roadway Feature,No traffic control,100 - 110 km/h,Sealed - Wet,Raining,Daylight,Straight,Dip,701,Off Path-Straight: Left Off Cway,Off carriageway on straight,N,0,0,0,1,1,0,1,0,0,0,0,0
2045,Hospitalisation,2001,November,Saturday,17,Angle,Multi-Vehicle,149.1453052,-21.11521541,Davey St,,,Glenella,Mackay Region,4740,Mackay,Mackay,Central,Central,Central Queensland,Mount Pleasant - Glenella,Mackay,Mackay - Isaac - Whitsunday,Inner Regional,Mackay,Dawson,Locally-controlled,No Roadway Feature,No traffic control,60 km/h,Sealed - Dry,Clear,Daylight,Straight,Level,308,Veh'S Same Direction: Right Turn S/Swipe,Parallel lanes turning,N,0,1,0,0,1,1,0,0,0,1,0,0
2046,Medical treatment,2001,November,Sunday,18,Hit object,Single Vehicle,152.8406003,-27.55207166,Settler Way,,,Karalee,Ipswich City,4306,Karana Downs,Ipswich,Southern,SEQ South,Metropolitan,Karalee - Barellan Point,Ipswich Inner,Ipswich,Major Cities,Ipswich West,Blair,Locally-controlled,No Roadway Feature,No traffic control,60 km/h,Sealed - Wet,Raining,Dawn/Dusk,Curved - view open,Grade,607,Veh'S On Path: Temporary Object On C'Way,Other,N,0,0,1,1,2,1,0,0,0,0,0,0
2047,Property damage only,2001,November,Sunday,16,Angle,Multi-Vehicle,152.8115485,-27.63077019,Cunningham Hwy Ramp Ca,Mary St,Cunningham Highway (Ipswich - Warwick),Blackstone,Ipswich City,4304,Booval,Ipswich,Southern,SEQ South,Metropolitan,Bundamba,Ipswich Inner,Ipswich,Major Cities,Bundamba,Blair,State-controlled,Intersection - Interchange,Stop sign,60 km/h,Sealed - Wet,Clear,Daylight,Straight,Level,104,Veh'S Adjacent Approach: Thru-Right,Intersection from adjacent approaches,W,0,0,0,0,0,2,0,0,0,0,0,0
2048,Minor injury,2001,November,Sunday,7,Hit object,Single Vehicle,153.0891643,-26.69483946,Karawatha Dr,,,Buderim,Sunshine Coast Region,4556,Maroochydore,Sunshine Coast,Central,SEQ North,North Coast and Wide Bay/Burnett,Buderim - South,Buderim,Sunshine Coast,Major Cities,Buderim,Fairfax,Locally-controlled,No Roadway Feature,No traffic control,60 km/h,Sealed - Wet,Raining,Daylight,Straight,Level,607,Veh'S On Path: Temporary Object On C'Way,Other,E,0,0,0,1,1,1,0,0,0,0,0,0
2049,Medical treatment,2001,November,Sunday,1,Hit object,Single Vehicle,153.1135931,-26.69405223,Sunshine Mwy,Sunshine Mwy Ramp E,Sunshine Motorway (Mooloolaba - Peregian),Mooloolaba,Sunshine Coast Region,4557,Maroochydore,Sunshine Coast,Central,SEQ North,North Coast and Wide Bay/Burnett,Mooloolaba - Alexandra Headland,Maroochy,Sunshine Coast,Major Cities,Maroochydore,Fisher,State-controlled,Intersection - Interchange,No traffic control,60 km/h,Sealed - Wet,Raining,Darkness - Lighted,Curved - view open,Grade,800,Off Path-Curve: Other,Other,E,0,0,1,0,1,1,0,0,0,0,0,0
2050,Property damage only,2001,November,Monday,8,Rear-end,Multi-Vehicle,153.045795,-27.57944287,Beenleigh Rd,,,Sunnybank,Brisbane City,4109,Upper Mount Gravatt,South Brisbane,Brisbane,SEQ South,Metropolitan,Sunnybank,Sunnybank,Brisbane - South,Major Cities,Toohey,Moreton,Locally-controlled,No Roadway Feature,No traffic control,60 km/h,Sealed - Dry,Clear,Daylight,Straight,Level,301,Veh'S Same Direction: Rear End,Rear-end,W,0,0,0,0,0,4,0,0,0,0,0,0
2051,Minor injury,2001,November,Monday,16,Rear-end,Multi-Vehicle,153.0412891,-27.45057747,Ann St,,,Newstead,Brisbane City,4006,Fortitude Valley,North Brisbane,Brisbane,SEQ North,Metropolitan,Newstead - Bowen Hills,Brisbane Inner - North,Brisbane Inner City,Major Cities,Mcconnel,Brisbane,Locally-controlled,No Roadway Feature,No traffic control,60 km/h,Sealed - Dry,Clear,Daylight,Straight,Level,301,Veh'S Same Direction: Rear End,Rear-end,S,0,0,0,1,1,3,0,0,0,0,0,0
2052,Hospitalisation,2001,November,Monday,17,Angle,Multi-Vehicle,153.024081,-27.17768911,Bancroft Tce,Bermuda Ave,,Deception Bay,Moreton Bay Region,4508,Deception Bay,Moreton,Southern,SEQ North,North Coast and Wide Bay/Burnett,Deception Bay,Narangba - Burpengary,Moreton Bay - North,Major Cities,Bancroft,Petrie,Locally-controlled,Intersection - T-Junction,No traffic control,60 km/h,Sealed - Dry,Clear,Daylight,Straight,Level,308,Veh'S Same Direction: Right Turn S/Swipe,Parallel lanes turning,W,0,1,0,0,1,1,0,0,0,1,0,0
2053,Medical treatment,2001,November,Monday,17,Head-on,Multi-Vehicle,152.9747463,-27.16430846,Bellini Rd,,,Burpengary,Moreton Bay Region,4505,Burpengary,Moreton,Southern,SEQ North,North Coast and Wide Bay/Burnett,Burpengary,Narangba - Burpengary,Moreton Bay - North,Major Cities,Kurwongbah,Longman,Locally-controlled,No Roadway Feature,No traffic control,60 km/h,Sealed - Dry,Clear,Daylight,Curved - view open,Level,201,Veh'S Opposite Approach: Head On,Head-on,N,0,0,2,1,3,2,0,0,0,0,0,0
2054,Property damage only,2001,November,Monday,18,Angle,Multi-Vehicle,152.8093602,-27.6133539,Bergins Hill Rd,Thompson St,,Bundamba,Ipswich City,4304,Booval,Ipswich,Southern,SEQ South,Metropolitan,Bundamba,Ipswich Inner,Ipswich,Major Cities,Bundamba,Blair,Locally-controlled,Intersection - T-Junction,Give way sign,60 km/h,Sealed - Dry,Clear,Dawn/Dusk,Curved - view open,Level,104,Veh'S Adjacent Approach: Thru-Right,Intersection from adjacent approaches,S,0,0,0,0,0,2,0,0,0,0,0,0
2055,Minor injury,2001,November,Monday,7,Hit parked vehicle,Single Vehicle,153.3446027,-28.02247655,Nabarlek Dr,,,Worongary,Gold Coast City,4213,Nerang,Gold Coast,South Eastern,SEQ South,South Coast,Highland Park,Nerang,Gold Coast,Major Cities,Gaven,Moncrieff,Locally-controlled,No Roadway Feature,No traffic control,0 - 50 km/h,Sealed - Dry,Clear,Daylight,Curved - view open,Crest,200,Veh'S Opposite Approach: Other,Other,N,0,0,0,1,1,3,0,0,0,0,0,0
2056,Medical treatment,2001,November,Monday,13,Rear-end,Multi-Vehicle,153.4289342,-28.00558932,Gold Coast Hwy,,,Surfers Paradise,Gold Coast City,4217,Surfers Paradise,Gold Coast,South Eastern,SEQ South,South Coast,Surfers Paradise,Surfers Paradise,Gold Coast,Major Cities,Surfers Paradise,Moncrieff,Locally-controlled,No Roadway Feature,No traffic control,60 km/h,Sealed - Dry,Clear,Daylight,Curved - view open,Level,301,Veh'S Same Direction: Rear End,Rear-end,S,0,0,1,0,1,2,0,0,0,0,0,0
2057,Hospitalisation,2001,November,Monday,14,Overturned,Single Vehicle,152.3383486,-27.42562875,Gatton - Esk Rd,,Gatton-Esk Road,Churchable,Lockyer Valley Region,4311,Gatton,Darling Downs,Southern,SEQ South,Downs South West,Lockyer Valley - East,Ipswich Hinterland,Ipswich,Inner Regional,Lockyer,Wright,State-controlled,No Roadway Feature,No traffic control,100 - 110 km/h,Sealed - Dry,Clear,Daylight,Straight,Grade,702,Off Path-Straight: Right Off Cway,Off carriageway on straight,N,0,1,1,0,2,1,0,0,0,0,0,0
2058,Minor injury,2001,November,Tuesday,15,Rear-end,Multi-Vehicle,152.9746269,-27.59688729,Serviceton Ave,,,Inala,Brisbane City,4077,Inala,South Brisbane,Brisbane,SEQ South,Metropolitan,Inala - Richlands,Forest Lake - Oxley,Ipswich,Major Cities,Inala,Oxley,Locally-controlled,No Roadway Feature,No traffic control,60 km/h,Sealed - Dry,Clear,Daylight,Straight,Level,301,Veh'S Same Direction: Rear End,Rear-end,S,0,0,0,1,1,3,0,0,0,0,0,0
2059,Medical treatment,2001,November,Tuesday,17,Rear-end,Multi-Vehicle,152.9757566,-27.50029285,Belgrave Rd,Coonan St,,Indooroopilly,Brisbane City,4068,Indooroopilly,North Brisbane,Brisbane,SEQ North,Metropolitan,Indooroopilly,Sherwood - Indooroopilly,Brisbane - West,Major Cities,Maiwar,Ryan,Locally-controlled,Intersection - Cross,Operating traffic lights,60 km/h,Sealed - Dry,Clear,Daylight,Straight,Level,302,Veh'S Same Direction: Left Rear,Rear-end,N,0,0,1,0,1,2,0,0,0,0,0,0
2060,Minor injury,2001,November,Tuesday,16,Hit pedestrian,Hit pedestrian,153.0978856,-27.68439041,Driftwood St,,,Crestmead,Logan City,4132,Crestmead,Logan,South Eastern,SEQ South,South Coast,Marsden,Browns Plains,Logan - Beaudesert,Major Cities,Woodridge,Rankin,Locally-controlled,No Roadway Feature,No traffic control,0 - 50 km/h,Sealed - Dry,Clear,Daylight,Straight,Level,0,Ped'N: Hit Other,Other,S,0,0,0,1,1,1,0,0,0,0,1,0
2061,Medical treatment,2001,November,Tuesday,16,Hit pedestrian,Hit pedestrian,151.905531,-27.53561477,Warrego Hwy,,Warrego Highway (Toowoomba - Dalby),Wilsonton,Toowoomba Region,4350,Toowoomba,Darling Downs,Southern,Southern,Downs South West,Wilsonton,Toowoomba,Toowoomba,Inner Regional,Toowoomba North,Groom,State-controlled,No Roadway Feature,No traffic control,80 - 90 km/h,Sealed - Dry,Clear,Daylight,Straight,Level,3,Ped'N: Far Side Vehicle Hit From Left,Pedestrian,E,0,0,1,0,1,1,0,0,0,0,1,0
2062,Hospitalisation,2001,November,Tuesday,18,Hit object,Single Vehicle,151.8790665,-26.3377564,Old Charlestown Rd,,,Charlestown,South Burnett Region,4608,Wondai,South West,Southern,Southern,North Coast and Wide Bay/Burnett,Kingaroy Region - North,Burnett,Wide Bay,Outer Regional,Nanango,Flynn,Locally-controlled,No Roadway Feature,No traffic control,60 km/h,Unsealed - Dry,Clear,Darkness - Not lighted,Straight,Level,703,Off Path-Straight: Left Off Cway Hit Obj,Off carriageway on straight hit object,N,0,1,0,0,1,1,0,0,0,0,0,0
2063,Medical treatment,2001,November,Wednesday,6,Angle,Multi-Vehicle,152.992406,-27.47621169,Milton Rd,Park Ave,,Auchenflower,Brisbane City,4066,Indooroopilly,North Brisbane,Brisbane,SEQ North,Metropolitan,Auchenflower,Brisbane Inner - West,Brisbane Inner City,Major Cities,Maiwar,Ryan,Locally-controlled,Intersection - T-Junction,Operating traffic lights,60 km/h,Sealed - Dry,Clear,Daylight,Straight,Level,307,Veh'S Same Direction: Lane Change Left,Lane changes,E,0,0,1,0,1,1,1,0,0,0,0,0
2064,Property damage only,2001,November,Wednesday,16,Rear-end,Multi-Vehicle,152.9614785,-27.40214197,Dawson Pde,Madsen St,,Keperra,Brisbane City,4054,Ferny Grove,North Brisbane,Brisbane,SEQ North,Metropolitan,Keperra,The Gap - Enoggera,Brisbane - West,Major Cities,Ferny Grove,Ryan,Locally-controlled,Intersection - T-Junction,No traffic control,60 km/h,Sealed - Dry,Clear,Daylight,Straight,Grade,301,Veh'S Same Direction: Rear End,Rear-end,N,0,0,0,0,0,3,0,0,0,0,0,0
2065,Property damage only,2001,November,Wednesday,7,Rear-end,Multi-Vehicle,152.9862476,-27.39913404,Old Northern Rd,,Everton Park - Albany Creek Road,Everton Park,Brisbane City,4053,Ferny Grove,North Brisbane,Brisbane,SEQ North,Metropolitan,Everton Park,Bald Hills - Everton Park,Brisbane - North,Major Cities,Everton,Lilley,State-controlled,No Roadway Feature,No traffic control,60 km/h,Sealed - Dry,Clear,Daylight,Curved - view obscured,Grade,301,Veh'S Same Direction: Rear End,Rear-end,S,0,0,0,0,0,2,0,1,0,0,0,0
2066,Medical treatment,2001,November,Wednesday,18,Rear-end,Multi-Vehicle,153.3990166,-27.92298854,Broadwater St,Morala Ave,,Runaway Bay,Gold Coast City,4216,Runaway Bay,Gold Coast,South Eastern,SEQ South,South Coast,Runaway Bay,Gold Coast - North,Gold Coast,Major Cities,Broadwater,Fadden,Locally-controlled,Intersection - Cross,No traffic control,60 km/h,Sealed - Dry,Clear,Daylight,Straight,Level,303,Veh'S Same Direction: Right Rear,Rear-end,S,0,0,1,0,1,2,0,0,0,0,0,0
2067,Minor injury,2001,November,Wednesday,14,Hit object,Single Vehicle,151.412569,-28.33289774,Cunningham Hwy,,Cunningham Highway (Warwick - Inglewood),Gore,Goondiwindi Region,4352,Inglewood,Darling Downs,Southern,Southern,Downs South West,Inglewood - Waggamba,Darling Downs (west) - Maranoa,Darling Downs - Maranoa,Outer Regional,Southern Downs,Maranoa,State-controlled,No Roadway Feature,No traffic control,100 - 110 km/h,Sealed - Dry,Clear,Daylight,Curved - view obscured,Dip,607,Veh'S On Path: Temporary Object On C'Way,Other,W,0,0,0,1,1,1,0,0,0,0,0,0
2068,Minor injury,2001,November,Thursday,14,Angle,Multi-Vehicle,153.028999,-27.50050535,Annerley Rd,Cornwall St,,Annerley,Brisbane City,4103,Annerley,South Brisbane,Brisbane,SEQ South,Metropolitan,Annerley,Holland Park - Yeronga,Brisbane - South,Major Cities,South Brisbane,Moreton,Locally-controlled,Intersection - T-Junction,Stop sign,60 km/h,Sealed - Dry,Clear,Daylight,Straight,Level,104,Veh'S Adjacent Approach: Thru-Right,Intersection from adjacent approaches,E,0,0,0,1,1,3,0,0,0,0,0,0
2069,Property damage only,2001,November,Thursday,8,Angle,Multi-Vehicle,153.1179125,-27.6538397,Brisbane - Beenleigh Rd,Marshall St,Brisbane - Beenleigh Road,Kingston,Logan City,4114,Logan Central,Logan,South Eastern,SEQ South,South Coast,Kingston (qld.),Springwood - Kingston,Logan - Beaudesert,Major Cities,Woodridge,Rankin,State-controlled,Intersection - T-Junction,Give way sign,70 km/h,Sealed - Dry,Clear,Daylight,Straight,Grade,104,Veh'S Adjacent Approach: Thru-Right,Intersection from adjacent approaches,N,0,0,0,0,0,2,0,0,0,0,0,0
2070,Property damage only,2001,November,Thursday,7,Hit object,Single Vehicle,152.9775877,-27.15409293,Bruce Hwy,,Bruce Highway (Brisbane - Gympie),Burpengary,Moreton Bay Region,4505,Burpengary,Moreton,Southern,SEQ North,North Coast and Wide Bay/Burnett,Deception Bay,Narangba - Burpengary,Moreton Bay - North,Major Cities,Bancroft,Petrie,State-controlled,No Roadway Feature,No traffic control,100 - 110 km/h,Sealed - Dry,Clear,Daylight,Straight,Level,704,Off Path-Straight:Right Off Cway Hit Obj,Off carriageway on straight hit object,N,0,0,0,0,0,1,0,0,0,0,0,0
2071,Minor injury,2001,November,Thursday,8,Hit pedestrian,Hit pedestrian,152.9917254,-27.39533189,Bunny St,O'Toole St,,Everton Park,Brisbane City,4053,Stafford,North Brisbane,Brisbane,SEQ North,Metropolitan,Everton Park,Bald Hills - Everton Park,Brisbane - North,Major Cities,Everton,Lilley,Locally-controlled,Intersection - T-Junction,No traffic control,0 - 50 km/h,Sealed - Dry,Clear,Daylight,Straight,Crest,3,Ped'N: Far Side Vehicle Hit From Left,Pedestrian,E,0,0,0,1,1,1,0,0,0,0,1,0
2072,Hospitalisation,2001,November,Thursday,20,Hit object,Single Vehicle,153.3086763,-27.90781038,Kopps Rd,,,Oxenford,Gold Coast City,4210,Coomera,Gold Coast,South Eastern,SEQ South,South Coast,Oxenford - Maudsland,Ormeau - Oxenford,Gold Coast,Major Cities,Theodore,Fadden,Locally-controlled,No Roadway Feature,No traffic control,60 km/h,Sealed - Dry,Clear,Darkness - Not lighted,Curved - view open,Grade,803,Off Path-Curve: Off Cway Rt Bend Hit Obj,Off carriageway on curve hit object,E,0,1,1,0,2,1,0,0,0,0,0,0
2073,Property damage only,2001,November,Thursday,16,Angle,Multi-Vehicle,153.3999452,-27.94823582,Central St,Wilson St,,Labrador,Gold Coast City,4215,Southport,Gold Coast,South Eastern,SEQ South,South Coast,Labrador,Gold Coast - North,Gold Coast,Major Cities,Bonney,Fadden,Locally-controlled,Intersection - Roundabout,Give way sign,60 km/h,Sealed - Dry,Clear,Daylight,Straight,Crest,101,Veh'S Adjacent Approach: Thru-Thru,Intersection from adjacent approaches,W,0,0,0,0,0,2,0,0,0,0,0,0
2074,Property damage only,2001,November,Thursday,23,Hit object,Single Vehicle,153.0076142,-26.87972879,Bruce Hwy,,Bruce Highway (Brisbane - Gympie),Glass House Mountains,Sunshine Coast Region,4518,Beerwah,Sunshine Coast,Central,SEQ North,North Coast and Wide Bay/Burnett,Glass House Mountains,Sunshine Coast Hinterland,Sunshine Coast,Inner Regional,Glass House,Fisher,State-controlled,No Roadway Feature,No traffic control,100 - 110 km/h,Sealed - Dry,Clear,Darkness - Not lighted,Straight,Level,704,Off Path-Straight:Right Off Cway Hit Obj,Off carriageway on straight hit object,N,0,0,0,0,0,0,0,1,0,0,0,0
2075,Minor injury,2001,November,Thursday,15,Hit object,Single Vehicle,152.3743606,-24.88295392,Anderson St,,,Avenell Heights,Bundaberg Region,4670,Bundaberg,Wide Bay Burnett,Central,Southern,North Coast and Wide Bay/Burnett,Walkervale - Avenell Heights,Bundaberg,Wide Bay,Inner Regional,Bundaberg,Hinkler,Locally-controlled,No Roadway Feature,No traffic control,60 km/h,Sealed - Dry,Clear,Daylight,Curved - view open,Level,803,Off Path-Curve: Off Cway Rt Bend Hit Obj,Off carriageway on curve hit object,S,0,0,0,1,1,1,0,0,0,0,0,0
2076,Property damage only,2001,November,Thursday,19,Angle,Multi-Vehicle,152.6943033,-25.53678675,Maryborough - Biggenden Rd,Maryborough - Hervey Bay Rd,Maryborough - Hervey Bay Road,Maryborough,Fraser Coast Region,4650,Maryborough,Wide Bay Burnett,Central,Southern,North Coast and Wide Bay/Burnett,Maryborough (qld),Maryborough,Wide Bay,Inner Regional,Maryborough,Wide Bay,State-controlled,Intersection - Cross,Operating traffic lights,60 km/h,Sealed - Dry,Clear,Darkness - Lighted,Straight,Level,107,Veh'S Adjacent Approach: Thru-Left,Intersection from adjacent approaches,N,0,0,0,0,0,2,0,0,0,0,0,0