Crash_Ref_Number,Crash_Severity,Crash_Year,Crash_Month,Crash_Day_Of_Week,Crash_Hour,Crash_Nature,Crash_Type,Crash_Longitude_GDA94,Crash_Latitude_GDA94,Crash_Street,Crash_Street_Intersecting,State_Road_Name,Loc_Suburb,Loc_Local_Government_Area,Loc_Post_Code,Loc_Police_Division,Loc_Police_District,Loc_Police_Region,Loc_Queensland_Transport_Region,Loc_Main_Roads_Region,Loc_ABS_Statistical_Area_2,Loc_ABS_Statistical_Area_3,Loc_ABS_Statistical_Area_4,Loc_ABS_Remoteness,Loc_State_Electorate,Loc_Federal_Electorate,Crash_Controlling_Authority,Crash_Roadway_Feature,Crash_Traffic_Control,Crash_Speed_Limit,Crash_Road_Surface_Condition,Crash_Atmospheric_Condition,Crash_Lighting_Condition,Crash_Road_Horiz_Align,Crash_Road_Vert_Align,Crash_DCA_Code,Crash_DCA_Description,Crash_DCA_Group_Description,DCA_Key_Approach_Dir,Count_Casualty_Fatality,Count_Casualty_Hospitalised,Count_Casualty_MedicallyTreated,Count_Casualty_MinorInjury,Count_Casualty_Total,Count_Unit_Car,Count_Unit_Motorcycle_Moped,Count_Unit_Truck,Count_Unit_Bus,Count_Unit_Bicycle,Count_Unit_Pedestrian,Count_Unit_Other
2126,Medical treatment,2001,November,Thursday,16,Rear-end,Multi-Vehicle,150.5121143,-23.37646233,East St,Rockhampton - Yeppoon Rd,Rockhampton - Yeppoon Road,Rockhampton City,Rockhampton Region,4700,Rockhampton,Capricornia,Central,Central,Central Queensland,Rockhampton City,Rockhampton,Central Queensland,Inner Regional,Rockhampton,Capricornia,State-controlled,Intersection - T-Junction,Give way sign,60 km/h,Sealed - Dry,Clear,Daylight,Curved - view open,Level,302,Veh'S Same Direction: Left Rear,Rear-end,S,0,0,1,0,1,2,0,0,0,0,0,0
2127,Hospitalisation,2001,November,Thursday,7,Angle,Multi-Vehicle,149.1922784,-21.32197033,Bruce Hwy,Hay Point Rd,Bruce Highway (St. Lawrence - Mackay),Alligator Creek,Mackay Region,4740,Sarina,Mackay,Central,Central,Central Queensland,Sarina,Mackay,Mackay - Isaac - Whitsunday,Outer Regional,Mirani,Capricornia,State-controlled,Intersection - T-Junction,Give way sign,100 - 110 km/h,Sealed - Dry,Clear,Daylight,Straight,Level,104,Veh'S Adjacent Approach: Thru-Right,Intersection from adjacent approaches,W,0,1,0,0,1,2,0,1,0,0,0,0
2128,Property damage only,2001,November,Friday,20,Angle,Multi-Vehicle,153.0213089,-27.46209794,Leichhardt St,Wickham Tce,,Spring Hill,Brisbane City,4000,Brisbane City,North Brisbane,Brisbane,SEQ North,Metropolitan,Spring Hill,Brisbane Inner,Brisbane Inner City,Major Cities,Mcconnel,Brisbane,Locally-controlled,Intersection - Cross,Operating traffic lights,60 km/h,Sealed - Dry,Clear,Darkness - Lighted,Straight,Level,202,Veh'S Opposite Approach: Thru-Right,Opposing vehicles turning,E,0,0,0,0,0,2,0,0,0,0,0,0
2129,Medical treatment,2001,November,Friday,15,Hit parked vehicle,Single Vehicle,153.3756467,-28.02945968,Palm Meadows Dr,,,Carrara,Gold Coast City,4211,Nerang,Gold Coast,South Eastern,SEQ South,South Coast,Carrara,Nerang,Gold Coast,Major Cities,Mudgeeraba,Moncrieff,Locally-controlled,No Roadway Feature,No traffic control,60 km/h,Sealed - Dry,Clear,Daylight,Curved - view open,Level,703,Off Path-Straight: Left Off Cway Hit Obj,Off carriageway on straight hit object,W,0,0,1,0,1,2,0,0,0,0,0,0
2130,Property damage only,2001,November,Saturday,11,Angle,Multi-Vehicle,153.0655061,-27.56371062,Mains Rd,Pickett St,,Macgregor,Brisbane City,4109,Upper Mount Gravatt,South Brisbane,Brisbane,SEQ South,Metropolitan,Robertson,Nathan,Brisbane - South,Major Cities,Toohey,Moreton,Locally-controlled,Intersection - T-Junction,No traffic control,60 km/h,Sealed - Dry,Clear,Daylight,Straight,Level,202,Veh'S Opposite Approach: Thru-Right,Opposing vehicles turning,S,0,0,0,0,0,2,0,0,0,0,0,0
2131,Minor injury,2001,November,Saturday,12,Fall from vehicle,Single Vehicle,153.1109232,-27.65444175,Jacaranda Ave,,,Logan Central,Logan City,4114,Logan Central,Logan,South Eastern,SEQ South,South Coast,Logan Central,Springwood - Kingston,Logan - Beaudesert,Major Cities,Woodridge,Rankin,Locally-controlled,No Roadway Feature,No traffic control,60 km/h,Sealed - Dry,Clear,Daylight,Curved - view open,Level,805,Off Path-Curve: Out Of Control On Cway,Out of control on curve,S,0,0,0,1,1,0,1,0,0,0,0,0
2132,Property damage only,2001,November,Saturday,4,Hit object,Single Vehicle,152.9556231,-27.39121788,Plucks Rd,Yanderra Ave,,Arana Hills,Moreton Bay Region,4054,Ferny Grove,North Brisbane,Brisbane,SEQ North,North Coast and Wide Bay/Burnett,The Hills District,The Hills District,Moreton Bay - South,Major Cities,Ferny Grove,Dickson,Locally-controlled,Intersection - T-Junction,No traffic control,60 km/h,Sealed - Dry,Clear,Dawn/Dusk,Curved - view open,Grade,800,Off Path-Curve: Other,Other,E,0,0,0,0,0,1,0,0,0,0,0,0
2133,Hospitalisation,2001,November,Saturday,14,Fall from vehicle,Single Vehicle,153.0638404,-26.47937328,Doonan Bridge East Rd,Emu Mountain Rd,Emu Mountain Road,Peregian Beach,Sunshine Coast Region,4573,Coolum,Sunshine Coast,Central,SEQ North,North Coast and Wide Bay/Burnett,Peregian Springs,Noosa,Sunshine Coast,Major Cities,Ninderry,Fairfax,State-controlled,Intersection - Cross,No traffic control,100 - 110 km/h,Sealed - Dry,Clear,Daylight,Straight,Level,705,Off Path-Straight:Out Of Control On Cway,Out of control on straight,W,0,1,0,0,1,0,1,0,0,0,0,0
2134,Medical treatment,2001,November,Saturday,11,Angle,Multi-Vehicle,153.4109875,-27.97877143,Harvest Ct,Southport - Burleigh Rd,Southport - Burleigh Road,Southport,Gold Coast City,4215,Southport,Gold Coast,South Eastern,SEQ South,South Coast,Southport - South,Southport,Gold Coast,Major Cities,Southport,Moncrieff,State-controlled,Intersection - Cross,Operating traffic lights,60 km/h,Sealed - Dry,Clear,Daylight,Straight,Level,207,Veh'S Opposite Approach: U-Turn,U-turn,N,0,0,2,0,2,2,0,0,0,0,0,0
2135,Medical treatment,2001,November,Saturday,13,Hit object,Single Vehicle,149.3019042,-21.65714786,Bruce Hwy,,Bruce Highway (St. Lawrence - Mackay),Koumala,Mackay Region,4738,Sarina,Mackay,Central,Central,Central Queensland,Sarina,Mackay,Mackay - Isaac - Whitsunday,Outer Regional,Mirani,Capricornia,State-controlled,No Roadway Feature,No traffic control,100 - 110 km/h,Sealed - Dry,Clear,Daylight,Straight,Level,703,Off Path-Straight: Left Off Cway Hit Obj,Off carriageway on straight hit object,S,0,0,1,0,1,1,0,0,0,0,0,0
2136,Property damage only,2001,November,Sunday,3,Angle,Multi-Vehicle,152.957756,-27.50762117,Moggill Rd,Western Art Rd Ramp Ma,Moggill Sub-Arterial Road,Chapel Hill,Brisbane City,4069,Indooroopilly,North Brisbane,Brisbane,SEQ North,Metropolitan,Chapel Hill,Kenmore - Brookfield - Moggill,Brisbane - West,Major Cities,Moggill,Ryan,State-controlled,Intersection - Interchange,Operating traffic lights,60 km/h,Sealed - Wet,Raining,Darkness - Lighted,Straight,Level,107,Veh'S Adjacent Approach: Thru-Left,Intersection from adjacent approaches,W,0,0,0,0,0,2,0,0,0,0,0,0
2137,Medical treatment,2001,November,Sunday,18,Angle,Multi-Vehicle,152.9524475,-27.08131829,Beerburrum Rd,Matthew Tce,Beerburrum Road,Caboolture,Moreton Bay Region,4510,Caboolture,Moreton,Southern,SEQ North,North Coast and Wide Bay/Burnett,Caboolture,Caboolture,Moreton Bay - North,Major Cities,Morayfield,Longman,State-controlled,Intersection - Cross,Operating traffic lights,60 km/h,Sealed - Dry,Clear,Darkness - Lighted,Straight,Level,202,Veh'S Opposite Approach: Thru-Right,Opposing vehicles turning,N,0,0,1,3,4,2,0,0,0,0,0,0
2138,Medical treatment,2001,November,Sunday,12,Rear-end,Multi-Vehicle,153.415585,-27.96551293,Gold Coast Hwy,,,Southport,Gold Coast City,4215,Southport,Gold Coast,South Eastern,SEQ South,South Coast,Southport - North,Southport,Gold Coast,Major Cities,Southport,Moncrieff,Locally-controlled,No Roadway Feature,No traffic control,60 km/h,Sealed - Dry,Clear,Daylight,Straight,Crest,301,Veh'S Same Direction: Rear End,Rear-end,N,0,0,1,0,1,3,0,0,0,0,0,0
2139,Medical treatment,2001,November,Monday,15,Angle,Multi-Vehicle,153.0291318,-27.46728699,Eagle La,,,Brisbane City,Brisbane City,4000,Brisbane City,North Brisbane,Brisbane,SEQ North,Metropolitan,Brisbane City,Brisbane Inner,Brisbane Inner City,Major Cities,Mcconnel,Brisbane,Locally-controlled,No Roadway Feature,No traffic control,0 - 50 km/h,Sealed - Dry,Clear,Daylight,Straight,Level,406,Veh'S Manoeuvring: Leaving Driveway,Vehicle leaving driveway,E,0,0,1,0,1,1,1,0,0,0,0,0
2140,Property damage only,2001,November,Monday,11,Rear-end,Multi-Vehicle,153.0304107,-27.48572927,Stanley St,,South-East Arterial Road (Pacific Motorway),Woolloongabba,Brisbane City,4102,Dutton Park,South Brisbane,Brisbane,SEQ South,Metropolitan,South Brisbane,Brisbane Inner,Brisbane Inner City,Major Cities,South Brisbane,Griffith,State-controlled,No Roadway Feature,No traffic control,0 - 50 km/h,Sealed - Dry,Clear,Daylight,Curved - view open,Grade,301,Veh'S Same Direction: Rear End,Rear-end,W,0,0,0,0,0,3,0,0,0,0,0,0
2141,Medical treatment,2001,November,Monday,20,Hit object,Single Vehicle,153.1300726,-27.62781358,Pacific Hwy,,Pacific Highway (Pacific Motorway),Springwood,Logan City,4127,Springwood,Logan,South Eastern,SEQ South,South Coast,Springwood,Springwood - Kingston,Logan - Beaudesert,Major Cities,Springwood,Rankin,State-controlled,No Roadway Feature,No traffic control,100 - 110 km/h,Sealed - Wet,Raining,Darkness - Lighted,Curved - view obscured,Grade,804,Off Path-Curve: Off Cway Lt Bend Hit Obj,Off carriageway on curve hit object,S,0,0,1,0,1,1,0,0,0,0,0,0
2142,Hospitalisation,2001,November,Monday,20,Angle,Multi-Vehicle,152.9903767,-27.42400184,Audrey St,Wardell St,Western Arterial Road (Toowong - Everton Park),Enoggera,Brisbane City,4051,Ferny Grove,North Brisbane,Brisbane,SEQ North,Metropolitan,Enoggera,The Gap - Enoggera,Brisbane - West,Major Cities,Ferny Grove,Ryan,State-controlled,Intersection - T-Junction,No traffic control,60 km/h,Sealed - Wet,Raining,Darkness - Lighted,Straight,Grade,202,Veh'S Opposite Approach: Thru-Right,Opposing vehicles turning,S,0,1,0,0,1,2,0,0,0,0,0,0
2143,Medical treatment,2001,November,Monday,8,Sideswipe,Multi-Vehicle,153.1135274,-26.67992382,Douglas St,Goonawarra Dr,,Mooloolaba,Sunshine Coast Region,4557,Maroochydore,Sunshine Coast,Central,SEQ North,North Coast and Wide Bay/Burnett,Mooloolaba - Alexandra Headland,Maroochy,Sunshine Coast,Major Cities,Maroochydore,Fisher,Locally-controlled,Intersection - T-Junction,No traffic control,0 - 50 km/h,Sealed - Dry,Clear,Daylight,Curved - view open,Dip,309,Veh'S Same Direction: Left Turn S/Swipe,Parallel lanes turning,E,0,0,1,0,1,1,0,0,0,1,0,0
2144,Property damage only,2001,November,Monday,21,Collision - miscellaneous,Other,151.9766244,-25.0473382,Bruce Hwy,,Bruce Highway (Maryborough - Gin Gin),Wallaville,Bundaberg Region,4671,Gin Gin,Wide Bay Burnett,Central,Southern,North Coast and Wide Bay/Burnett,Gin Gin,Burnett,Wide Bay,Outer Regional,Callide,Flynn,State-controlled,No Roadway Feature,No traffic control,60 km/h,Sealed - Dry,Clear,Darkness - Not lighted,Straight,Level,600,Veh'S On Path: Other,Other,S,0,0,0,0,0,0,0,1,0,0,0,0
2145,Property damage only,2001,November,Tuesday,10,Angle,Multi-Vehicle,153.073837,-27.5333901,Herrick St,,,Mount Gravatt,Brisbane City,4122,Holland Park,South Brisbane,Brisbane,SEQ South,Metropolitan,Mount Gravatt,Mt Gravatt,Brisbane - South,Major Cities,Greenslopes,Bonner,Locally-controlled,No Roadway Feature,No traffic control,0 - 50 km/h,Sealed - Dry,Clear,Daylight,Straight,Level,406,Veh'S Manoeuvring: Leaving Driveway,Vehicle leaving driveway,E,0,0,0,0,0,3,0,0,0,0,0,0
2146,Minor injury,2001,November,Tuesday,17,Rear-end,Multi-Vehicle,149.1663187,-21.13463303,Bruce Hwy,,Glenella Connection Road,Mackay,Mackay Region,4740,Mackay,Mackay,Central,Central,Central Queensland,Mackay,Mackay,Mackay - Isaac - Whitsunday,Inner Regional,Mackay,Dawson,State-controlled,Bridge/Causeway,No traffic control,80 - 90 km/h,Sealed - Wet,Raining,Daylight,Straight,Level,301,Veh'S Same Direction: Rear End,Rear-end,N,0,0,0,1,1,3,0,0,0,0,0,0
2147,Medical treatment,2001,November,Wednesday,12,Rear-end,Multi-Vehicle,152.9585332,-27.5070047,Moggill Rd,,Moggill Sub-Arterial Road,Chapel Hill,Brisbane City,4069,Indooroopilly,North Brisbane,Brisbane,SEQ North,Metropolitan,Chapel Hill,Kenmore - Brookfield - Moggill,Brisbane - West,Major Cities,Moggill,Ryan,State-controlled,No Roadway Feature,No traffic control,60 km/h,Sealed - Dry,Clear,Daylight,Straight,Level,301,Veh'S Same Direction: Rear End,Rear-end,E,0,0,1,0,1,2,0,0,0,0,0,0
2148,Property damage only,2001,November,Wednesday,16,Hit parked vehicle,Single Vehicle,152.9761193,-27.49468319,Payne St,,,Indooroopilly,Brisbane City,4068,Indooroopilly,North Brisbane,Brisbane,SEQ North,Metropolitan,Taringa,Sherwood - Indooroopilly,Brisbane - West,Major Cities,Maiwar,Ryan,Locally-controlled,No Roadway Feature,No traffic control,60 km/h,Sealed - Dry,Clear,Daylight,Straight,Level,200,Veh'S Opposite Approach: Other,Other,W,0,0,0,0,0,1,0,0,0,0,0,1
2149,Hospitalisation,2001,November,Wednesday,13,Angle,Multi-Vehicle,151.9554867,-27.56164621,Neil St,,,Toowoomba City,Toowoomba Region,4350,Toowoomba,Darling Downs,Southern,Southern,Downs South West,Toowoomba - Central,Toowoomba,Toowoomba,Inner Regional,Toowoomba North,Groom,Locally-controlled,No Roadway Feature,No traffic control,60 km/h,Sealed - Dry,Clear,Daylight,Straight,Level,308,Veh'S Same Direction: Right Turn S/Swipe,Parallel lanes turning,S,0,1,0,0,1,1,1,0,0,0,0,0
2150,Property damage only,2001,November,Wednesday,14,Hit object,Single Vehicle,150.4976607,-23.41517855,Bruce Hwy,Capricorn Hwy,Bruce Highway (Benaraby - Rockhampton),Fairy Bower,Rockhampton Region,4700,Gracemere,Capricornia,Central,Central,Central Queensland,Rockhampton - West,Rockhampton,Central Queensland,Inner Regional,Rockhampton,Capricornia,State-controlled,Intersection - Roundabout,Give way sign,60 km/h,Sealed - Dry,Clear,Daylight,Straight,Level,708,Off Path-Straight: Mounts Traffic Island,Off carriageway on straight hit object,N,0,0,0,0,0,0,1,0,0,0,0,0
2151,Hospitalisation,2001,November,Wednesday,9,Angle,Multi-Vehicle,150.4533602,-23.43224922,Capricorn Hwy,Gavial - Gracemere Rd,Gavial - Gracemere Road,Gracemere,Rockhampton Region,4702,Gracemere,Capricornia,Central,Central,Central Queensland,Gracemere,Rockhampton,Central Queensland,Inner Regional,Rockhampton,Flynn,State-controlled,Intersection - T-Junction,Give way sign,80 - 90 km/h,Sealed - Dry,Clear,Daylight,Straight,Level,104,Veh'S Adjacent Approach: Thru-Right,Intersection from adjacent approaches,W,0,1,1,0,2,2,0,0,0,0,0,0
2152,Hospitalisation,2001,November,Thursday,23,Hit object,Single Vehicle,153.0323978,-27.50483807,Annerley Rd,Herbert St,,Annerley,Brisbane City,4103,Annerley,South Brisbane,Brisbane,SEQ South,Metropolitan,Annerley,Holland Park - Yeronga,Brisbane - South,Major Cities,South Brisbane,Moreton,Locally-controlled,Intersection - T-Junction,No traffic control,60 km/h,Sealed - Dry,Clear,Darkness - Lighted,Curved - view obscured,Level,804,Off Path-Curve: Off Cway Lt Bend Hit Obj,Off carriageway on curve hit object,N,0,2,0,0,2,1,0,0,0,0,0,0
2153,Medical treatment,2001,November,Thursday,23,Hit object,Single Vehicle,152.9985017,-27.51599973,Meiers Rd,,,Indooroopilly,Brisbane City,4068,Indooroopilly,North Brisbane,Brisbane,SEQ North,Metropolitan,Indooroopilly,Sherwood - Indooroopilly,Brisbane - West,Major Cities,Maiwar,Ryan,Locally-controlled,No Roadway Feature,No traffic control,60 km/h,Sealed - Dry,Clear,Darkness - Not lighted,Straight,Level,703,Off Path-Straight: Left Off Cway Hit Obj,Off carriageway on straight hit object,W,0,0,1,0,1,1,0,0,0,0,0,0
2154,Minor injury,2001,November,Thursday,8,Rear-end,Multi-Vehicle,153.1173901,-27.47405911,Gateway Art Rd Ramp U,Wynnum Rd,Gateway Motorway (Eight Mile Plains - Nudgee),Tingalpa,Brisbane City,4173,Wynnum,South Brisbane,Brisbane,SEQ South,Metropolitan,Tingalpa,Wynnum - Manly,Brisbane - East,Major Cities,Lytton,Bonner,State-controlled,Intersection - Interchange,Operating traffic lights,60 km/h,Sealed - Dry,Clear,Daylight,Straight,Level,301,Veh'S Same Direction: Rear End,Rear-end,W,0,0,0,1,1,2,0,0,0,0,0,0
2155,Property damage only,2001,November,Thursday,17,Rear-end,Multi-Vehicle,153.0797204,-27.26217541,Houghton Hwy,,Brighton - Redcliffe Road,Clontarf,Moreton Bay Region,4019,Redcliffe,Moreton,Southern,SEQ North,North Coast and Wide Bay/Burnett,Clontarf,Redcliffe,Moreton Bay - North,Major Cities,Redcliffe,Petrie,State-controlled,Bridge/Causeway,No traffic control,80 - 90 km/h,Sealed - Dry,Clear,Daylight,Straight,Level,301,Veh'S Same Direction: Rear End,Rear-end,N,0,0,0,0,0,3,0,0,0,0,0,0
2156,Medical treatment,2001,November,Thursday,16,Rear-end,Multi-Vehicle,153.0328336,-27.42878544,Albion Rd,,,Windsor,Brisbane City,4030,Stafford,North Brisbane,Brisbane,SEQ North,Metropolitan,Windsor,Brisbane Inner - North,Brisbane Inner City,Major Cities,Clayfield,Brisbane,Locally-controlled,No Roadway Feature,No traffic control,60 km/h,Sealed - Dry,Clear,Daylight,Straight,Grade,301,Veh'S Same Direction: Rear End,Rear-end,W,0,0,1,0,1,3,0,0,0,0,0,0
2157,Medical treatment,2001,November,Thursday,15,Rear-end,Multi-Vehicle,152.838851,-25.28434644,Main St,Old Maryborough Rd,,Pialba,Fraser Coast Region,4655,Hervey Bay,Wide Bay Burnett,Central,Southern,North Coast and Wide Bay/Burnett,Pialba - Eli Waters,Hervey Bay,Wide Bay,Inner Regional,Hervey Bay,Hinkler,Locally-controlled,Intersection - Cross,Operating traffic lights,60 km/h,Unknown,Unknown,Daylight,Straight,Level,303,Veh'S Same Direction: Right Rear,Rear-end,W,0,0,1,0,1,2,0,0,0,0,0,0
2158,Minor injury,2001,November,Friday,8,Rear-end,Multi-Vehicle,153.0592752,-27.59542308,Pinelands Rd,,,Sunnybank Hills,Brisbane City,4109,Acacia Ridge,South Brisbane,Brisbane,SEQ South,Metropolitan,Sunnybank Hills,Sunnybank,Brisbane - South,Major Cities,Stretton,Moreton,Locally-controlled,No Roadway Feature,No traffic control,60 km/h,Sealed - Dry,Clear,Daylight,Straight,Level,302,Veh'S Same Direction: Left Rear,Rear-end,S,0,0,0,1,1,2,0,0,0,0,0,0
2159,Medical treatment,2001,November,Friday,15,Sideswipe,Multi-Vehicle,152.9914536,-27.48084564,Jephson St,Sylvan Rd,,Toowong,Brisbane City,4066,Indooroopilly,North Brisbane,Brisbane,SEQ North,Metropolitan,Toowong,Brisbane Inner - West,Brisbane Inner City,Major Cities,Maiwar,Ryan,Locally-controlled,Intersection - Cross,Operating traffic lights,60 km/h,Sealed - Dry,Clear,Daylight,Straight,Level,305,Veh'S Same Direction: Lane Side Swipe,Lane changes,W,0,0,1,0,1,0,0,1,0,1,0,0
2160,Hospitalisation,2001,November,Friday,15,Rear-end,Multi-Vehicle,153.0116855,-27.53969446,Fairfield Rd,,,Yeerongpilly,Brisbane City,4105,Sherwood,South Brisbane,Brisbane,SEQ South,Metropolitan,Yeronga,Holland Park - Yeronga,Brisbane - South,Major Cities,Miller,Moreton,Locally-controlled,No Roadway Feature,No traffic control,70 km/h,Sealed - Dry,Clear,Daylight,Straight,Level,303,Veh'S Same Direction: Right Rear,Rear-end,S,0,1,1,0,2,1,1,0,0,0,0,0
2161,Medical treatment,2001,November,Friday,17,Rear-end,Multi-Vehicle,153.0399496,-27.48510616,Vulture St,,,East Brisbane,Brisbane City,4169,Dutton Park,South Brisbane,Brisbane,SEQ South,Metropolitan,Kangaroo Point,Brisbane Inner,Brisbane Inner City,Major Cities,South Brisbane,Griffith,Locally-controlled,No Roadway Feature,No traffic control,60 km/h,Sealed - Dry,Clear,Dawn/Dusk,Straight,Grade,301,Veh'S Same Direction: Rear End,Rear-end,E,0,0,1,0,1,2,0,0,0,0,0,0
2162,Hospitalisation,2001,November,Friday,15,Hit pedestrian,Hit pedestrian,153.0612656,-27.34928507,Lyndhurst Rd,,,Boondall,Brisbane City,4034,Boondall,North Brisbane,Brisbane,SEQ North,Metropolitan,Boondall,Nundah,Brisbane - North,Major Cities,Nudgee,Lilley,Locally-controlled,No Roadway Feature,No traffic control,0 - 50 km/h,Sealed - Dry,Clear,Daylight,Straight,Level,5,Ped'N: Hit Walking With Traffic,Pedestrian,N,0,1,0,0,1,1,0,0,0,0,1,0
2163,Hospitalisation,2001,November,Friday,22,Hit object,Single Vehicle,153.0011783,-27.35906687,Albany Creek Rd,,Albany Creek Sub-Arterial Road,Bridgeman Downs,Brisbane City,4035,Albany Creek,North Brisbane,Brisbane,SEQ North,Metropolitan,Bridgeman Downs,Bald Hills - Everton Park,Brisbane - North,Major Cities,Aspley,Lilley,State-controlled,No Roadway Feature,No traffic control,70 km/h,Sealed - Dry,Clear,Darkness - Lighted,Curved - view open,Level,808,Off Path-Curve: Mounts Traffic Island,Off carriageway on curve hit object,E,0,4,0,0,4,1,0,0,0,0,0,0
2164,Property damage only,2001,November,Friday,19,Angle,Multi-Vehicle,153.3422044,-28.00740914,Hinkler Dr,Pappas Wy W,,Highland Park,Gold Coast City,4211,Nerang,Gold Coast,South Eastern,SEQ South,South Coast,Highland Park,Nerang,Gold Coast,Major Cities,Gaven,Moncrieff,Locally-controlled,Intersection - Cross,Operating traffic lights,60 km/h,Sealed - Dry,Clear,Darkness - Lighted,Straight,Level,102,Veh'S Adjacent Approach: Right-Thru,Intersection from adjacent approaches,W,0,0,0,0,0,2,0,0,0,0,0,0
2165,Property damage only,2001,November,Friday,19,Hit object,Single Vehicle,152.9043737,-26.65871072,Blackall Range Rd,,,West Woombye,Sunshine Coast Region,4559,Palmwoods,Sunshine Coast,Central,SEQ North,North Coast and Wide Bay/Burnett,Palmwoods,Sunshine Coast Hinterland,Sunshine Coast,Inner Regional,Nicklin,Fisher,Locally-controlled,No Roadway Feature,No traffic control,100 - 110 km/h,Unsealed - Dry,Clear,Darkness - Not lighted,Curved - view open,Grade,805,Off Path-Curve: Out Of Control On Cway,Out of control on curve,E,0,0,0,0,0,1,0,0,0,0,0,0
2166,Hospitalisation,2001,November,Friday,9,Angle,Multi-Vehicle,153.4292833,-27.99332402,Gold Coast Hwy,Ocean Ave,,Surfers Paradise,Gold Coast City,4217,Surfers Paradise,Gold Coast,South Eastern,SEQ South,South Coast,Surfers Paradise,Surfers Paradise,Gold Coast,Major Cities,Surfers Paradise,Moncrieff,Locally-controlled,Intersection - Cross,No traffic control,0 - 50 km/h,Sealed - Dry,Clear,Daylight,Straight,Level,308,Veh'S Same Direction: Right Turn S/Swipe,Parallel lanes turning,S,0,1,0,0,1,2,0,0,0,0,0,0
2167,Minor injury,2001,November,Friday,16,Rear-end,Multi-Vehicle,151.9283711,-27.56555369,Davis St,,Warrego Highway (Toowoomba - Dalby),Newtown,Toowoomba Region,4350,Toowoomba,Darling Downs,Southern,Southern,Downs South West,Newtown (qld),Toowoomba,Toowoomba,Inner Regional,Toowoomba North,Groom,State-controlled,No Roadway Feature,No traffic control,60 km/h,Sealed - Dry,Clear,Daylight,Curved - view obscured,Level,301,Veh'S Same Direction: Rear End,Rear-end,E,0,0,0,1,1,2,0,0,0,0,0,0
2168,Property damage only,2001,November,Friday,11,Angle,Multi-Vehicle,151.2572945,-23.85003449,Gladstone - Mt Larcom Rd,Tank St,,Gladstone Central,Gladstone Region,4680,Gladstone,Capricornia,Central,Central,Central Queensland,Gladstone,Gladstone,Central Queensland,Inner Regional,Gladstone,Flynn,Locally-controlled,Intersection - Cross,Operating traffic lights,60 km/h,Sealed - Dry,Clear,Daylight,Straight,Level,202,Veh'S Opposite Approach: Thru-Right,Opposing vehicles turning,W,0,0,0,0,0,2,0,0,0,0,0,0
2169,Hospitalisation,2001,November,Friday,5,Overturned,Single Vehicle,148.706644,-21.62264417,Peak Downs Hwy,,Peak Downs Highway (Nebo - Mackay),Nebo,Isaac Region,4742,Nebo,Mackay,Central,Central,Central Queensland,Broadsound - Nebo,Bowen Basin - North,Mackay - Isaac - Whitsunday,Outer Regional,Burdekin,Capricornia,State-controlled,No Roadway Feature,No traffic control,100 - 110 km/h,Sealed - Dry,Clear,Dawn/Dusk,Curved - view open,Grade,805,Off Path-Curve: Out Of Control On Cway,Out of control on curve,W,0,1,1,0,2,1,0,0,0,0,0,0
2170,Medical treatment,2001,December,Saturday,5,Hit object,Single Vehicle,153.0464069,-27.45953083,Beeston St,Kingsholme St,,Teneriffe,Brisbane City,4005,Fortitude Valley,North Brisbane,Brisbane,SEQ North,Metropolitan,Newstead - Bowen Hills,Brisbane Inner - North,Brisbane Inner City,Major Cities,Mcconnel,Brisbane,Locally-controlled,Intersection - Y-Junction,No traffic control,0 - 50 km/h,Sealed - Dry,Clear,Daylight,Curved - view open,Grade,808,Off Path-Curve: Mounts Traffic Island,Off carriageway on curve hit object,S,0,0,2,0,2,1,0,0,0,0,0,0
2171,Property damage only,2001,December,Saturday,5,Hit object,Single Vehicle,153.0518489,-27.43960794,Kingsford Smith Dr,,,Hamilton,Brisbane City,4007,Hendra,North Brisbane,Brisbane,SEQ North,Metropolitan,Hamilton (qld),Brisbane Inner - North,Brisbane Inner City,Major Cities,Clayfield,Brisbane,Locally-controlled,No Roadway Feature,No traffic control,60 km/h,Sealed - Dry,Clear,Daylight,Curved - view open,Level,808,Off Path-Curve: Mounts Traffic Island,Off carriageway on curve hit object,W,0,0,0,0,0,1,0,0,0,0,0,0
2172,Property damage only,2001,December,Saturday,13,Hit object,Single Vehicle,152.9719619,-26.61166363,Nambour Connection Rd,,Nambour Connection Road,Nambour,Sunshine Coast Region,4560,Nambour,Sunshine Coast,Central,SEQ North,North Coast and Wide Bay/Burnett,Nambour,Nambour,Sunshine Coast,Major Cities,Nicklin,Fairfax,State-controlled,No Roadway Feature,No traffic control,60 km/h,Sealed - Dry,Clear,Daylight,Straight,Grade,703,Off Path-Straight: Left Off Cway Hit Obj,Off carriageway on straight hit object,S,0,0,0,0,0,1,0,0,0,0,0,0