Crash_Ref_Number,Crash_Severity,Crash_Year,Crash_Month,Crash_Day_Of_Week,Crash_Hour,Crash_Nature,Crash_Type,Crash_Longitude_GDA94,Crash_Latitude_GDA94,Crash_Street,Crash_Street_Intersecting,State_Road_Name,Loc_Suburb,Loc_Local_Government_Area,Loc_Post_Code,Loc_Police_Division,Loc_Police_District,Loc_Police_Region,Loc_Queensland_Transport_Region,Loc_Main_Roads_Region,Loc_ABS_Statistical_Area_2,Loc_ABS_Statistical_Area_3,Loc_ABS_Statistical_Area_4,Loc_ABS_Remoteness,Loc_State_Electorate,Loc_Federal_Electorate,Crash_Controlling_Authority,Crash_Roadway_Feature,Crash_Traffic_Control,Crash_Speed_Limit,Crash_Road_Surface_Condition,Crash_Atmospheric_Condition,Crash_Lighting_Condition,Crash_Road_Horiz_Align,Crash_Road_Vert_Align,Crash_DCA_Code,Crash_DCA_Description,Crash_DCA_Group_Description,DCA_Key_Approach_Dir,Count_Casualty_Fatality,Count_Casualty_Hospitalised,Count_Casualty_MedicallyTreated,Count_Casualty_MinorInjury,Count_Casualty_Total,Count_Unit_Car,Count_Unit_Motorcycle_Moped,Count_Unit_Truck,Count_Unit_Bus,Count_Unit_Bicycle,Count_Unit_Pedestrian,Count_Unit_Other
2269,Property damage only,2001,December,Monday,2,Rear-end,Multi-Vehicle,153.4301456,-28.02944449,Gold Coast Hwy,T.E. Peters Dr,,Broadbeach,Gold Coast City,4218,Broadbeach,Gold Coast,South Eastern,SEQ South,South Coast,Mermaid Beach - Broadbeach,Broadbeach - Burleigh,Gold Coast,Major Cities,Surfers Paradise,Moncrieff,Locally-controlled,Intersection - Cross,Operating traffic lights,60 km/h,Sealed - Dry,Clear,Darkness - Lighted,Straight,Level,303,Veh'S Same Direction: Right Rear,Rear-end,S,0,0,0,0,0,2,0,0,0,0,0,0
2270,Minor injury,2001,December,Monday,5,Rear-end,Multi-Vehicle,153.3146392,-27.88953141,Pacific Hwy,,Pacific Highway (Pacific Motorway),Oxenford,Gold Coast City,4210,Coomera,Gold Coast,South Eastern,SEQ South,South Coast,Oxenford - Maudsland,Ormeau - Oxenford,Gold Coast,Major Cities,Theodore,Fadden,State-controlled,No Roadway Feature,No traffic control,100 - 110 km/h,Sealed - Dry,Clear,Daylight,Straight,Level,306,Veh'S Same Direction: Lane Change Right,Lane changes,N,0,0,0,1,1,2,0,0,0,0,0,0
2271,Property damage only,2001,December,Monday,0,Overturned,Single Vehicle,152.8850314,-26.61980869,Nambour - Mapleton Rd,,Nambour - Mapleton Road,Kureelpa,Sunshine Coast Region,4560,Nambour,Sunshine Coast,Central,SEQ North,North Coast and Wide Bay/Burnett,Maroochy Hinterland,Sunshine Coast Hinterland,Sunshine Coast,Inner Regional,Nicklin,Fairfax,State-controlled,No Roadway Feature,No traffic control,60 km/h,Sealed - Wet,Clear,Darkness - Not lighted,Straight,Level,705,Off Path-Straight:Out Of Control On Cway,Out of control on straight,W,0,0,0,0,0,1,0,0,0,0,0,0
2272,Hospitalisation,2001,December,Monday,16,Sideswipe,Multi-Vehicle,153.3986529,-27.95522466,Wilson St,,,Labrador,Gold Coast City,4215,Southport,Gold Coast,South Eastern,SEQ South,South Coast,Labrador,Gold Coast - North,Gold Coast,Major Cities,Bonney,Fadden,Locally-controlled,No Roadway Feature,No traffic control,60 km/h,Sealed - Dry,Clear,Daylight,Straight,Grade,308,Veh'S Same Direction: Right Turn S/Swipe,Parallel lanes turning,N,0,1,1,0,2,0,1,0,1,0,0,0
2273,Property damage only,2001,December,Monday,16,Overturned,Single Vehicle,151.8720474,-26.87045259,Maidenwell - Upper Yarraman Rd,,,Neumgna,South Burnett Region,4614,Nanango,South West,Southern,Southern,North Coast and Wide Bay/Burnett,Nanango,Burnett,Wide Bay,Outer Regional,Nanango,Maranoa,Locally-controlled,No Roadway Feature,No traffic control,100 - 110 km/h,Unsealed - Dry,Clear,Daylight,Curved - view open,Grade,805,Off Path-Curve: Out Of Control On Cway,Out of control on curve,S,0,0,0,0,0,1,0,0,0,0,0,0
2274,Property damage only,2001,December,Monday,11,Hit object,Single Vehicle,146.1079228,-22.92465819,Jericho - Dunrobin Rd,,,Dunrobin,Barcaldine Region,4728,Jericho,South West,Southern,Central,Central Queensland,Barcaldine - Blackall,Outback - South,Queensland - Outback,Very Remote,Gregory,Maranoa,Locally-controlled,No Roadway Feature,No traffic control,100 - 110 km/h,Unsealed - Wet,Raining,Daylight,Straight,Dip,704,Off Path-Straight:Right Off Cway Hit Obj,Off carriageway on straight hit object,S,0,0,0,0,0,1,0,0,0,0,0,0
2275,Fatal,2001,December,Monday,21,Hit object,Single Vehicle,150.4973504,-23.36627072,New Exhibition Rd,,,Wandal,Rockhampton Region,4700,Rockhampton,Capricornia,Central,Central,Central Queensland,Rockhampton - West,Rockhampton,Central Queensland,Inner Regional,Rockhampton,Capricornia,Locally-controlled,No Roadway Feature,No traffic control,60 km/h,Sealed - Wet,Raining,Darkness - Not lighted,Straight,Level,700,Off Path-Straight: Other,Other,N,1,1,0,0,2,1,0,0,0,0,0,0
2276,Hospitalisation,2001,December,Monday,19,Head-on,Multi-Vehicle,149.1938602,-21.44142839,Marlborough - Sarina Rd,,Marlborough - Sarina Road,Sarina,Mackay Region,4737,Sarina,Mackay,Central,Central,Central Queensland,Sarina,Mackay,Mackay - Isaac - Whitsunday,Outer Regional,Mirani,Capricornia,State-controlled,No Roadway Feature,No traffic control,100 - 110 km/h,Sealed - Wet,Clear,Unknown,Straight,Level,201,Veh'S Opposite Approach: Head On,Head-on,E,0,3,0,0,3,2,0,0,0,0,0,0
2277,Minor injury,2001,December,Tuesday,15,Rear-end,Multi-Vehicle,153.021235,-27.46870107,George St,Turbot St,,Brisbane City,Brisbane City,4000,Brisbane City,North Brisbane,Brisbane,SEQ North,Metropolitan,Brisbane City,Brisbane Inner,Brisbane Inner City,Major Cities,Mcconnel,Brisbane,Locally-controlled,Intersection - Cross,Operating traffic lights,0 - 50 km/h,Sealed - Dry,Clear,Daylight,Straight,Level,302,Veh'S Same Direction: Left Rear,Rear-end,E,0,0,0,1,1,1,1,0,0,0,0,0
2278,Property damage only,2001,December,Tuesday,8,Angle,Multi-Vehicle,152.9869618,-27.59641477,Blunder Rd,Inala Ave,,Durack,Brisbane City,4077,Inala,South Brisbane,Brisbane,SEQ South,Metropolitan,Durack,Forest Lake - Oxley,Ipswich,Major Cities,Inala,Oxley,Locally-controlled,Intersection - Roundabout,Give way sign,60 km/h,Sealed - Dry,Clear,Daylight,Straight,Level,202,Veh'S Opposite Approach: Thru-Right,Opposing vehicles turning,W,0,0,0,0,0,2,0,0,0,0,0,0
2279,Minor injury,2001,December,Tuesday,12,Rear-end,Multi-Vehicle,153.0867085,-27.5640015,Logan Sub-Arterial Rd,Macgregor St,Logan Sub-Arterial Road,Upper Mount Gravatt,Brisbane City,4122,Upper Mount Gravatt,South Brisbane,Brisbane,SEQ South,Metropolitan,Upper Mount Gravatt,Mt Gravatt,Brisbane - South,Major Cities,Mansfield,Bonner,State-controlled,Intersection - Cross,Operating traffic lights,60 km/h,Sealed - Dry,Clear,Daylight,Curved - view open,Level,302,Veh'S Same Direction: Left Rear,Rear-end,E,0,0,0,1,1,2,0,0,0,0,0,0
2280,Property damage only,2001,December,Tuesday,9,Angle,Multi-Vehicle,152.9980585,-27.98939777,Anna St,Beaudesert - Nerang Rd,Beaudesert - Nerang Road,Beaudesert,Scenic Rim Region,4285,Beaudesert,Logan,South Eastern,SEQ South,South Coast,Beaudesert,Beaudesert,Logan - Beaudesert,Inner Regional,Scenic Rim,Wright,State-controlled,Intersection - Cross,Pedestrian crossing sign,60 km/h,Sealed - Dry,Clear,Daylight,Straight,Level,202,Veh'S Opposite Approach: Thru-Right,Opposing vehicles turning,W,0,0,0,0,0,2,0,0,0,0,0,0
2281,Hospitalisation,2001,December,Tuesday,11,Rear-end,Multi-Vehicle,153.3129711,-27.87310356,Heathwood Dr,,,Upper Coomera,Gold Coast City,4209,Coomera,Gold Coast,South Eastern,SEQ South,South Coast,Upper Coomera - Willow Vale,Ormeau - Oxenford,Gold Coast,Major Cities,Theodore,Forde,Locally-controlled,No Roadway Feature,Road/Rail worker,70 km/h,Sealed - Dry,Clear,Daylight,Straight,Level,301,Veh'S Same Direction: Rear End,Rear-end,S,0,1,0,0,1,2,0,0,0,0,0,0
2282,Property damage only,2001,December,Tuesday,20,Hit object,Single Vehicle,153.3285006,-27.99572183,Birribi Ave,Colrene Dr,,Nerang,Gold Coast City,4211,Nerang,Gold Coast,South Eastern,SEQ South,South Coast,Nerang - Mount Nathan,Nerang,Gold Coast,Major Cities,Gaven,Moncrieff,Locally-controlled,Intersection - T-Junction,No traffic control,60 km/h,Sealed - Dry,Clear,Darkness - Lighted,Straight,Level,708,Off Path-Straight: Mounts Traffic Island,Off carriageway on straight hit object,N,0,0,0,0,0,1,0,0,0,0,0,0
2283,Hospitalisation,2001,December,Tuesday,15,Hit object,Single Vehicle,152.8420849,-27.0546224,Campbells Pkt Rd,,,Wamuran,Moreton Bay Region,4512,Woodford,Moreton,Southern,SEQ North,North Coast and Wide Bay/Burnett,Woodford - Daguilar,Caboolture Hinterland,Moreton Bay - North,Inner Regional,Glass House,Longman,Locally-controlled,No Roadway Feature,No traffic control,80 - 90 km/h,Unsealed - Dry,Clear,Daylight,Straight,Level,704,Off Path-Straight:Right Off Cway Hit Obj,Off carriageway on straight hit object,W,0,2,0,0,2,1,0,0,0,0,0,0
2284,Medical treatment,2001,December,Tuesday,20,Hit object,Single Vehicle,153.4190664,-28.1304473,Tallebudgera Creek Rd,Yarraman Pl,,Tallebudgera Valley,Gold Coast City,4228,Palm Beach,Gold Coast,South Eastern,SEQ South,South Coast,Currumbin Valley - Tallebudgera,Mudgeeraba - Tallebudgera,Gold Coast,Major Cities,Mudgeeraba,Mcpherson,Locally-controlled,Intersection - T-Junction,No traffic control,80 - 90 km/h,Sealed - Dry,Clear,Darkness - Not lighted,Curved - view obscured,Grade,600,Veh'S On Path: Other,Other,S,0,0,1,0,1,1,0,0,0,0,0,0
2285,Hospitalisation,2001,December,Tuesday,16,Hit object,Single Vehicle,151.6054427,-24.12696885,Turkey Beach Rd,,,Rodds Bay,Gladstone Region,4678,Miriam Vale,Capricornia,Central,Central,Central Queensland,Agnes Water - Miriam Vale,Gladstone,Central Queensland,Outer Regional,Burnett,Flynn,Locally-controlled,No Roadway Feature,No traffic control,100 - 110 km/h,Unknown,Unknown,Daylight,Curved - view open,Level,800,Off Path-Curve: Other,Other,E,0,1,0,0,1,1,0,0,0,0,0,0
2286,Property damage only,2001,December,Tuesday,21,Hit object,Single Vehicle,151.9447019,-27.52934899,Griffiths St,,,Harlaxton,Toowoomba Region,4350,Toowoomba,Darling Downs,Southern,Southern,Downs South West,North Toowoomba - Harlaxton,Toowoomba,Toowoomba,Inner Regional,Toowoomba North,Groom,Locally-controlled,No Roadway Feature,No traffic control,60 km/h,Sealed - Dry,Clear,Darkness - Lighted,Curved - view open,Grade,803,Off Path-Curve: Off Cway Rt Bend Hit Obj,Off carriageway on curve hit object,W,0,0,0,0,0,1,0,0,0,0,0,0
2287,Property damage only,2001,December,Tuesday,14,Hit object,Single Vehicle,150.8573404,-23.75330109,Bruce Hwy,,Bruce Highway (Benaraby - Rockhampton),Raglan,Gladstone Region,4697,Mount Larcom,Capricornia,Central,Central,Central Queensland,Gladstone Hinterland,Gladstone,Central Queensland,Outer Regional,Gladstone,Flynn,State-controlled,No Roadway Feature,No traffic control,100 - 110 km/h,Sealed - Dry,Clear,Daylight,Curved - view open,Level,800,Off Path-Curve: Other,Other,N,0,0,0,0,0,1,0,0,0,0,0,0
2288,Fatal,2001,December,Wednesday,17,Hit object,Single Vehicle,152.9837842,-27.34994302,Albany Creek Rd,,Albany Creek Sub-Arterial Road,Bridgeman Downs,Brisbane City,4035,Albany Creek,North Brisbane,Brisbane,SEQ North,Metropolitan,Bridgeman Downs,Bald Hills - Everton Park,Brisbane - North,Major Cities,Aspley,Petrie,State-controlled,No Roadway Feature,No traffic control,70 km/h,Sealed - Dry,Clear,Daylight,Straight,Level,703,Off Path-Straight: Left Off Cway Hit Obj,Off carriageway on straight hit object,W,1,1,0,0,2,1,0,0,0,0,0,0
2289,Property damage only,2001,December,Wednesday,23,Hit object,Single Vehicle,153.280006,-27.57943277,Cleveland - Redland Bay Rd,,Cleveland - Redland Bay Road,Thornlands,Redland City,4164,Cleveland,South Brisbane,Brisbane,SEQ South,Metropolitan,Thornlands,Cleveland - Stradbroke,Brisbane - East,Major Cities,Redlands,Bowman,State-controlled,No Roadway Feature,No traffic control,70 km/h,Sealed - Dry,Clear,Darkness - Lighted,Straight,Level,703,Off Path-Straight: Left Off Cway Hit Obj,Off carriageway on straight hit object,S,0,0,0,0,0,1,0,0,0,0,0,0
2290,Medical treatment,2001,December,Wednesday,13,Angle,Multi-Vehicle,152.7898949,-27.60874908,Jacaranda St,North Station Rd,,Booval,Ipswich City,4304,Booval,Ipswich,Southern,SEQ South,Metropolitan,Ipswich - East,Ipswich Inner,Ipswich,Major Cities,Ipswich,Blair,Locally-controlled,Intersection - Cross,Stop sign,60 km/h,Sealed - Dry,Clear,Daylight,Curved - view obscured,Level,104,Veh'S Adjacent Approach: Thru-Right,Intersection from adjacent approaches,E,0,0,1,0,1,2,0,0,0,0,0,0
2291,Medical treatment,2001,December,Wednesday,17,Rear-end,Multi-Vehicle,152.7331638,-27.62399652,Toongarra Rd,,,Leichhardt,Ipswich City,4305,Ipswich,Ipswich,Southern,SEQ South,Metropolitan,Leichhardt - One Mile,Ipswich Inner,Ipswich,Major Cities,Ipswich West,Blair,Locally-controlled,No Roadway Feature,No traffic control,60 km/h,Sealed - Dry,Clear,Daylight,Straight,Level,304,Veh'S Same Direction: U-Turn,U-turn,E,0,0,1,0,1,2,0,0,0,0,0,0
2292,Property damage only,2001,December,Wednesday,7,Angle,Multi-Vehicle,151.9639137,-27.56248095,Lindsay St,Margaret St,,East Toowoomba,Toowoomba Region,4350,Toowoomba,Darling Downs,Southern,Southern,Downs South West,Toowoomba - East,Toowoomba,Toowoomba,Inner Regional,Toowoomba North,Groom,Locally-controlled,Intersection - Cross,No traffic control,60 km/h,Sealed - Dry,Clear,Daylight,Straight,Level,202,Veh'S Opposite Approach: Thru-Right,Opposing vehicles turning,E,0,0,0,0,0,2,0,0,0,0,0,0
2293,Minor injury,2001,December,Thursday,16,Angle,Multi-Vehicle,153.0396408,-27.54257732,Flanders St,Toohey Rd,,Salisbury,Brisbane City,4107,Upper Mount Gravatt,South Brisbane,Brisbane,SEQ South,Metropolitan,Salisbury - Nathan,Nathan,Brisbane - South,Major Cities,Toohey,Moreton,Locally-controlled,Intersection - T-Junction,No traffic control,60 km/h,Sealed - Dry,Clear,Daylight,Straight,Level,104,Veh'S Adjacent Approach: Thru-Right,Intersection from adjacent approaches,N,0,0,0,1,1,1,1,0,0,0,0,0
2294,Hospitalisation,2001,December,Thursday,8,Hit pedestrian,Hit pedestrian,153.0694472,-27.32038692,Bowser Pde,Lagoon St,,Sandgate,Brisbane City,4017,Sandgate,North Brisbane,Brisbane,SEQ North,Metropolitan,Sandgate - Shorncliffe,Sandgate,Brisbane - North,Major Cities,Sandgate,Lilley,Locally-controlled,Intersection - T-Junction,No traffic control,0 - 50 km/h,Sealed - Dry,Clear,Daylight,Straight,Level,1,Ped'N: Near Side Vehicle Hit From Right,Pedestrian,N,0,1,0,0,1,1,0,0,0,0,1,0
2295,Property damage only,2001,December,Thursday,16,Rear-end,Multi-Vehicle,153.0497995,-27.55857613,Griffith Arterial Rd,,Griffith Arterial Road,Coopers Plains,Brisbane City,4108,Upper Mount Gravatt,South Brisbane,Brisbane,SEQ South,Metropolitan,Salisbury - Nathan,Nathan,Brisbane - South,Major Cities,Toohey,Moreton,State-controlled,No Roadway Feature,No traffic control,70 km/h,Sealed - Dry,Clear,Daylight,Straight,Level,301,Veh'S Same Direction: Rear End,Rear-end,E,0,0,0,0,0,2,0,0,0,0,0,0
2296,Minor injury,2001,December,Thursday,12,Angle,Multi-Vehicle,0,0,Emerald St,,,Unknown,Unknown,Unknown,Unknown,Unknown,Unknown,Unknown,Unknown,Unknown,Unknown,Unknown,Unknown,Unknown,Unknown,Locally-controlled,No Roadway Feature,No traffic control,0 - 50 km/h,Sealed - Dry,Clear,Daylight,Straight,Level,506,Veh'S Overtaking: Overtake-Right Turn,Overtaking same direction,E,0,0,0,1,1,2,0,0,0,0,0,0
2297,Property damage only,2001,December,Thursday,8,Angle,Multi-Vehicle,152.649888,-27.7710861,Peak Crossing - Churchbank Weir Rd,Cunningham Hwy,Cunningham Highway (Ipswich - Warwick),Mutdapilly,Scenic Rim Region,4307,Harrisville,Ipswich,Southern,SEQ South,South Coast,Boonah,Ipswich Hinterland,Ipswich,Inner Regional,Scenic Rim,Wright,State-controlled,Intersection - Cross,Give way sign,100 - 110 km/h,Sealed - Dry,Clear,Daylight,Straight,Grade,101,Veh'S Adjacent Approach: Thru-Thru,Intersection from adjacent approaches,W,0,0,0,0,0,2,0,0,0,0,0,0
2298,Medical treatment,2001,December,Thursday,11,Rear-end,Multi-Vehicle,152.6930013,-25.52561782,Ariadne St,Walker St,,Maryborough,Fraser Coast Region,4650,Maryborough,Wide Bay Burnett,Central,Southern,North Coast and Wide Bay/Burnett,Maryborough (qld),Maryborough,Wide Bay,Inner Regional,Maryborough,Wide Bay,Locally-controlled,Intersection - Cross,No traffic control,60 km/h,Sealed - Dry,Clear,Daylight,Straight,Level,303,Veh'S Same Direction: Right Rear,Rear-end,N,0,0,1,0,1,2,0,0,0,0,0,0
2299,Medical treatment,2001,December,Thursday,15,Overturned,Single Vehicle,152.8451966,-25.87439897,Maryborough - Cooloola Rd,,Maryborough - Cooloola Road,Tin Can Bay,Gympie Region,4580,Maryborough,Wide Bay Burnett,Central,Southern,North Coast and Wide Bay/Burnett,Cooloola,Gympie - Cooloola,Wide Bay,Inner Regional,Gympie,Wide Bay,State-controlled,No Roadway Feature,No traffic control,100 - 110 km/h,Sealed - Dry,Clear,Daylight,Straight,Level,702,Off Path-Straight: Right Off Cway,Off carriageway on straight,N,0,0,1,2,3,1,0,0,0,0,0,0
2300,Property damage only,2001,December,Friday,21,Hit parked vehicle,Single Vehicle,153.0866309,-27.5051723,Indus St,,,Camp Hill,Brisbane City,4152,Carina,South Brisbane,Brisbane,SEQ South,Metropolitan,Camp Hill,Carindale,Brisbane - South,Major Cities,Greenslopes,Griffith,Locally-controlled,No Roadway Feature,No traffic control,60 km/h,Sealed - Dry,Clear,Darkness - Not lighted,Straight,Grade,200,Veh'S Opposite Approach: Other,Other,W,0,0,0,0,0,2,0,0,0,0,0,0
2301,Property damage only,2001,December,Friday,16,Sideswipe,Multi-Vehicle,153.029962,-27.46705827,Eagle St,,,Brisbane City,Brisbane City,4000,Brisbane City,North Brisbane,Brisbane,SEQ North,Metropolitan,Brisbane City,Brisbane Inner,Brisbane Inner City,Major Cities,Mcconnel,Brisbane,Locally-controlled,No Roadway Feature,No traffic control,0 - 50 km/h,Sealed - Dry,Clear,Daylight,Straight,Level,307,Veh'S Same Direction: Lane Change Left,Lane changes,N,0,0,0,0,0,1,0,0,1,0,0,0
2302,Medical treatment,2001,December,Friday,22,Overturned,Single Vehicle,153.0563391,-27.52546035,Cannes St,,South-East Arterial Road (Pacific Motorway),Holland Park West,Brisbane City,4121,Holland Park,South Brisbane,Brisbane,SEQ South,Metropolitan,Holland Park West,Holland Park - Yeronga,Brisbane - South,Major Cities,Greenslopes,Bonner,State-controlled,No Roadway Feature,No traffic control,60 km/h,Sealed - Dry,Clear,Darkness - Lighted,Straight,Grade,701,Off Path-Straight: Left Off Cway,Off carriageway on straight,S,0,0,1,0,1,1,0,0,0,0,0,0
2303,Minor injury,2001,December,Friday,20,Hit object,Single Vehicle,153.0468947,-27.30734864,Douglas St,,,Brighton,Brisbane City,4017,Sandgate,North Brisbane,Brisbane,SEQ North,Metropolitan,Brighton (qld),Sandgate,Brisbane - North,Major Cities,Sandgate,Lilley,Locally-controlled,No Roadway Feature,No traffic control,0 - 50 km/h,Sealed - Dry,Clear,Darkness - Lighted,Curved - view open,Level,803,Off Path-Curve: Off Cway Rt Bend Hit Obj,Off carriageway on curve hit object,N,0,0,0,1,1,1,0,0,0,0,0,0
2304,Minor injury,2001,December,Friday,10,Rear-end,Multi-Vehicle,153.0418115,-27.47902102,Lytton Rd,,,East Brisbane,Brisbane City,4169,Dutton Park,South Brisbane,Brisbane,SEQ South,Metropolitan,East Brisbane,Brisbane Inner - East,Brisbane Inner City,Major Cities,South Brisbane,Griffith,Locally-controlled,No Roadway Feature,No traffic control,60 km/h,Sealed - Dry,Clear,Daylight,Straight,Level,301,Veh'S Same Direction: Rear End,Rear-end,W,0,0,0,1,1,2,0,0,0,0,0,0
2305,Hospitalisation,2001,December,Friday,10,Rear-end,Multi-Vehicle,153.0325302,-27.68876587,Mt Lindesay Hwy,,Mount Lindesay Highway (Brisbane-Beaudesert),Boronia Heights,Logan City,4125,Browns Plains,Logan,South Eastern,SEQ South,South Coast,Boronia Heights - Park Ridge,Browns Plains,Logan - Beaudesert,Major Cities,Logan,Forde,State-controlled,No Roadway Feature,No traffic control,70 km/h,Sealed - Dry,Clear,Daylight,Straight,Grade,301,Veh'S Same Direction: Rear End,Rear-end,N,0,1,1,0,2,3,0,0,0,0,0,0
2306,Minor injury,2001,December,Friday,22,Overturned,Single Vehicle,152.5866294,-26.83032089,Mt Kilcoy Rd,,,Mount Kilcoy,Somerset Region,4515,Kilcoy,Moreton,Southern,SEQ North,North Coast and Wide Bay/Burnett,Kilcoy,Caboolture Hinterland,Moreton Bay - North,Inner Regional,Nanango,Blair,Locally-controlled,No Roadway Feature,No traffic control,100 - 110 km/h,Sealed - Dry,Clear,Darkness - Not lighted,Straight,Level,702,Off Path-Straight: Right Off Cway,Off carriageway on straight,S,0,0,0,1,1,1,0,0,0,0,0,0
2307,Hospitalisation,2001,December,Friday,11,Rear-end,Multi-Vehicle,152.6272761,-26.20183573,Gympie - Woolooga Rd,,Gympie - Woolooga Road,Southside,Gympie Region,4570,Gympie,Wide Bay Burnett,Central,Southern,North Coast and Wide Bay/Burnett,Gympie - South,Gympie - Cooloola,Wide Bay,Inner Regional,Gympie,Wide Bay,State-controlled,No Roadway Feature,No traffic control,100 - 110 km/h,Sealed - Dry,Clear,Daylight,Straight,Grade,301,Veh'S Same Direction: Rear End,Rear-end,E,0,1,0,0,1,2,0,0,0,0,0,0
2308,Medical treatment,2001,December,Friday,23,Hit animal,Other,150.6389161,-23.21280431,Rockhampton - Yeppoon Rd,,Rockhampton - Yeppoon Road,Mulara,Livingstone Shire,4703,Yeppoon,Capricornia,Central,Central,Central Queensland,Rockhampton Region - North,Rockhampton,Central Queensland,Inner Regional,Keppel,Capricornia,State-controlled,No Roadway Feature,No traffic control,100 - 110 km/h,Sealed - Dry,Clear,Darkness - Not lighted,Straight,Level,609,Pass & Misc: Hit Animal,Hit animal,E,0,0,1,0,1,1,0,0,0,0,0,1
2309,Medical treatment,2001,December,Friday,14,Angle,Multi-Vehicle,149.1730882,-21.12155886,Valley St,,,North Mackay,Mackay Region,4740,Mackay,Mackay,Central,Central,Central Queensland,North Mackay,Mackay,Mackay - Isaac - Whitsunday,Inner Regional,Mackay,Dawson,Locally-controlled,No Roadway Feature,No traffic control,60 km/h,Sealed - Dry,Clear,Daylight,Straight,Level,400,Veh'S Manoeuvring: Other,Other,S,0,0,1,0,1,1,0,0,0,1,0,0
2310,Medical treatment,2001,December,Saturday,12,Rear-end,Multi-Vehicle,152.966836,-27.44926979,Glenquarie Pl,Waterworks Rd,,The Gap,Brisbane City,4061,The Gap,North Brisbane,Brisbane,SEQ North,Metropolitan,Ashgrove,Brisbane Inner - West,Brisbane Inner City,Major Cities,Cooper,Ryan,Locally-controlled,Intersection - T-Junction,Operating traffic lights,60 km/h,Sealed - Dry,Clear,Daylight,Straight,Level,302,Veh'S Same Direction: Left Rear,Rear-end,N,0,0,1,0,1,2,0,0,0,0,0,0
2311,Hospitalisation,2001,December,Saturday,13,Rear-end,Multi-Vehicle,153.078956,-27.56056257,Griffith Arterial Rd,,Griffith Arterial Road,Upper Mount Gravatt,Brisbane City,4122,Upper Mount Gravatt,South Brisbane,Brisbane,SEQ South,Metropolitan,Upper Mount Gravatt,Mt Gravatt,Brisbane - South,Major Cities,Mansfield,Bonner,State-controlled,No Roadway Feature,No traffic control,60 km/h,Sealed - Dry,Clear,Daylight,Straight,Level,301,Veh'S Same Direction: Rear End,Rear-end,E,0,1,0,0,1,3,0,0,0,0,0,0
2312,Fatal,2001,December,Saturday,15,Hit object,Single Vehicle,153.0870786,-27.55736742,Redland Sub-Arterial Rd,,Redland Sub-Arterial Road,Upper Mount Gravatt,Brisbane City,4122,Upper Mount Gravatt,South Brisbane,Brisbane,SEQ South,Metropolitan,Upper Mount Gravatt,Mt Gravatt,Brisbane - South,Major Cities,Mansfield,Bonner,State-controlled,No Roadway Feature,No traffic control,60 km/h,Sealed - Dry,Clear,Daylight,Curved - view open,Grade,0,Ped'N: Hit Other,Other,E,1,0,0,0,1,1,0,0,0,0,1,0
2313,Hospitalisation,2001,December,Saturday,2,Hit object,Single Vehicle,153.1888021,-27.46717004,Alastair St,Alexander St,,Lota,Brisbane City,4179,Wynnum,South Brisbane,Brisbane,SEQ South,Metropolitan,Manly - Lota,Wynnum - Manly,Brisbane - East,Major Cities,Lytton,Bonner,Locally-controlled,Intersection - T-Junction,No traffic control,0 - 50 km/h,Unknown,Unknown,Darkness - Lighted,Curved - view open,Level,804,Off Path-Curve: Off Cway Lt Bend Hit Obj,Off carriageway on curve hit object,W,0,2,0,0,2,1,0,0,0,0,0,0
2314,Medical treatment,2001,December,Saturday,9,Hit object,Single Vehicle,152.9698429,-27.13912108,Bruce Hwy On Ramp,Burpengary - Caboolture Rd,Burpengary - Caboolture Road,Burpengary,Moreton Bay Region,4505,Burpengary,Moreton,Southern,SEQ North,North Coast and Wide Bay/Burnett,Burpengary,Narangba - Burpengary,Moreton Bay - North,Major Cities,Kurwongbah,Longman,State-controlled,Intersection - Roundabout,Give way sign,60 km/h,Sealed - Dry,Clear,Daylight,Straight,Level,703,Off Path-Straight: Left Off Cway Hit Obj,Off carriageway on straight hit object,E,0,0,1,0,1,1,0,0,0,0,0,0
2315,Hospitalisation,2001,December,Saturday,23,Angle,Multi-Vehicle,152.9914026,-27.31196266,Brisbane - Woodford Rd,South Pine Rd,Brisbane - Woodford Road,Strathpine,Moreton Bay Region,4500,Petrie,North Brisbane,Brisbane,SEQ North,North Coast and Wide Bay/Burnett,Strathpine - Brendale,Strathpine,Moreton Bay - South,Major Cities,Pine Rivers,Dickson,State-controlled,Intersection - T-Junction,Operating traffic lights,60 km/h,Sealed - Dry,Clear,Darkness - Lighted,Straight,Level,202,Veh'S Opposite Approach: Thru-Right,Opposing vehicles turning,S,0,1,2,0,3,2,0,0,0,0,0,0
2316,Property damage only,2001,December,Saturday,13,Sideswipe,Multi-Vehicle,152.7657856,-26.28644412,Noosa Rd,,,Tandur,Gympie Region,4570,Gympie,Wide Bay Burnett,Central,Southern,North Coast and Wide Bay/Burnett,Gympie Region,Gympie - Cooloola,Wide Bay,Inner Regional,Gympie,Wide Bay,Locally-controlled,No Roadway Feature,No traffic control,100 - 110 km/h,Unsealed - Dry,Clear,Daylight,Curved - view open,Level,201,Veh'S Opposite Approach: Head On,Head-on,N,0,0,0,0,0,2,0,0,0,0,0,0
2317,Hospitalisation,2001,December,Saturday,3,Hit object,Single Vehicle,151.9664075,-27.53360835,Mabel St,Stuart St,,Harlaxton,Toowoomba Region,4350,Toowoomba,Darling Downs,Southern,Southern,Downs South West,North Toowoomba - Harlaxton,Toowoomba,Toowoomba,Inner Regional,Toowoomba North,Groom,Locally-controlled,Intersection - T-Junction,No traffic control,60 km/h,Sealed - Dry,Clear,Darkness - Lighted,Curved - view obscured,Level,800,Off Path-Curve: Other,Other,N,0,2,0,0,2,1,0,0,0,0,0,0