Crash_Ref_Number,Crash_Severity,Crash_Year,Crash_Month,Crash_Day_Of_Week,Crash_Hour,Crash_Nature,Crash_Type,Crash_Longitude_GDA94,Crash_Latitude_GDA94,Crash_Street,Crash_Street_Intersecting,State_Road_Name,Loc_Suburb,Loc_Local_Government_Area,Loc_Post_Code,Loc_Police_Division,Loc_Police_District,Loc_Police_Region,Loc_Queensland_Transport_Region,Loc_Main_Roads_Region,Loc_ABS_Statistical_Area_2,Loc_ABS_Statistical_Area_3,Loc_ABS_Statistical_Area_4,Loc_ABS_Remoteness,Loc_State_Electorate,Loc_Federal_Electorate,Crash_Controlling_Authority,Crash_Roadway_Feature,Crash_Traffic_Control,Crash_Speed_Limit,Crash_Road_Surface_Condition,Crash_Atmospheric_Condition,Crash_Lighting_Condition,Crash_Road_Horiz_Align,Crash_Road_Vert_Align,Crash_DCA_Code,Crash_DCA_Description,Crash_DCA_Group_Description,DCA_Key_Approach_Dir,Count_Casualty_Fatality,Count_Casualty_Hospitalised,Count_Casualty_MedicallyTreated,Count_Casualty_MinorInjury,Count_Casualty_Total,Count_Unit_Car,Count_Unit_Motorcycle_Moped,Count_Unit_Truck,Count_Unit_Bus,Count_Unit_Bicycle,Count_Unit_Pedestrian,Count_Unit_Other
2365,Property damage only,2001,December,Monday,19,Hit object,Single Vehicle,153.0227406,-26.66809596,Maroochydore Rd,,Maroochydore Road,Forest Glen,Sunshine Coast Region,4556,Maroochydore,Sunshine Coast,Central,SEQ North,North Coast and Wide Bay/Burnett,Diddillibah - Rosemount,Nambour,Sunshine Coast,Major Cities,Ninderry,Fairfax,State-controlled,No Roadway Feature,No traffic control,80 - 90 km/h,Sealed - Wet,Raining,Darkness - Not lighted,Straight,Level,607,Veh'S On Path: Temporary Object On C'Way,Other,E,0,0,0,0,0,1,0,0,0,0,0,0
2366,Medical treatment,2002,January,Tuesday,1,Hit object,Single Vehicle,152.95988,-27.59929387,Archerfield Rd,,,Inala,Brisbane City,4077,Inala,South Brisbane,Brisbane,SEQ South,Metropolitan,Inala - Richlands,Forest Lake - Oxley,Ipswich,Major Cities,Inala,Oxley,Locally-controlled,No Roadway Feature,No traffic control,60 km/h,Sealed - Dry,Clear,Darkness - Not lighted,Straight,Level,700,Off Path-Straight: Other,Other,N,0,0,1,0,1,0,0,0,0,1,0,0
2367,Medical treatment,2002,January,Tuesday,16,Hit animal,Other,153.3876325,-28.00069332,Sylvan Dr,,,Benowa,Gold Coast City,4217,Broadbeach,Gold Coast,South Eastern,SEQ South,South Coast,Benowa,Surfers Paradise,Gold Coast,Major Cities,Southport,Moncrieff,Locally-controlled,No Roadway Feature,No traffic control,0 - 50 km/h,Sealed - Dry,Clear,Daylight,Straight,Level,609,Pass & Misc: Hit Animal,Hit animal,E,0,0,1,0,1,0,1,0,0,0,0,1
2368,Medical treatment,2002,January,Tuesday,6,Overturned,Single Vehicle,152.144863,-26.88206528,D'Aguilar Hwy,,D'Aguilar Highway (Kilcoy - Yarraman),Benarkin,South Burnett Region,4306,Blackbutt,South West,Southern,Southern,North Coast and Wide Bay/Burnett,Nanango,Burnett,Wide Bay,Outer Regional,Nanango,Maranoa,State-controlled,No Roadway Feature,No traffic control,100 - 110 km/h,Sealed - Dry,Clear,Dawn/Dusk,Straight,Level,705,Off Path-Straight:Out Of Control On Cway,Out of control on straight,W,0,0,1,0,1,1,0,0,0,0,0,0
2369,Hospitalisation,2002,January,Tuesday,21,Overturned,Single Vehicle,152.3459625,-24.86152659,Edina St,,,Bundaberg North,Bundaberg Region,4670,Bundaberg,Wide Bay Burnett,Central,Southern,North Coast and Wide Bay/Burnett,Bundaberg North - Gooburrum,Bundaberg,Wide Bay,Inner Regional,Bundaberg,Hinkler,Locally-controlled,No Roadway Feature,No traffic control,60 km/h,Unsealed - Dry,Clear,Darkness - Not lighted,Straight,Level,705,Off Path-Straight:Out Of Control On Cway,Out of control on straight,E,0,1,2,0,3,1,0,0,0,0,0,0
2370,Medical treatment,2002,January,Wednesday,13,Angle,Multi-Vehicle,152.9371441,-27.07839209,Dawson St,Lynfield Dr,,Caboolture,Moreton Bay Region,4510,Caboolture,Moreton,Southern,SEQ North,North Coast and Wide Bay/Burnett,Caboolture,Caboolture,Moreton Bay - North,Major Cities,Morayfield,Longman,Locally-controlled,Intersection - T-Junction,No traffic control,60 km/h,Sealed - Dry,Clear,Daylight,Curved - view open,Level,104,Veh'S Adjacent Approach: Thru-Right,Intersection from adjacent approaches,W,0,0,1,0,1,2,0,0,0,0,0,0
2371,Medical treatment,2002,January,Wednesday,15,Rear-end,Multi-Vehicle,153.1191044,-27.61097233,Sports Dr,Springwood Rd,,Underwood,Logan City,4119,Logan Central,Logan,South Eastern,SEQ South,South Coast,Underwood,Springwood - Kingston,Logan - Beaudesert,Major Cities,Waterford,Rankin,Locally-controlled,Intersection - T-Junction,Operating traffic lights,60 km/h,Sealed - Dry,Clear,Daylight,Straight,Level,302,Veh'S Same Direction: Left Rear,Rear-end,E,0,0,1,0,1,2,0,0,0,0,0,0
2372,Minor injury,2002,January,Wednesday,18,Rear-end,Multi-Vehicle,153.0365427,-27.66028315,Central Ct,Johnson Rd,,Hillcrest,Logan City,4118,Browns Plains,Logan,South Eastern,SEQ South,South Coast,Hillcrest,Browns Plains,Logan - Beaudesert,Major Cities,Algester,Rankin,Locally-controlled,Intersection - Cross,Operating traffic lights,60 km/h,Sealed - Dry,Clear,Dawn/Dusk,Straight,Grade,301,Veh'S Same Direction: Rear End,Rear-end,W,0,0,0,1,1,2,0,0,0,0,0,0
2373,Property damage only,2002,January,Wednesday,8,Hit object,Single Vehicle,152.4192956,-28.06047414,Cunningham Hwy,,Cunningham Highway (Ipswich - Warwick),Tarome,Scenic Rim Region,4309,Boonah,Ipswich,Southern,SEQ South,South Coast,Boonah,Ipswich Hinterland,Ipswich,Inner Regional,Scenic Rim,Wright,State-controlled,No Roadway Feature,No traffic control,70 km/h,Sealed - Dry,Clear,Daylight,Curved - view obscured,Grade,803,Off Path-Curve: Off Cway Rt Bend Hit Obj,Off carriageway on curve hit object,S,0,0,0,0,0,1,0,0,0,0,0,0
2374,Medical treatment,2002,January,Thursday,17,Overturned,Single Vehicle,152.8722432,-25.34512742,Booral Rd,,Booral Road,Booral,Fraser Coast Region,4655,Hervey Bay,Wide Bay Burnett,Central,Southern,North Coast and Wide Bay/Burnett,Booral - River Heads,Hervey Bay,Wide Bay,Inner Regional,Hervey Bay,Hinkler,State-controlled,No Roadway Feature,No traffic control,100 - 110 km/h,Sealed - Wet,Raining,Daylight,Curved - view open,Level,802,Off Path-Curve: Off Cway Left Bend,Off carriageway on curve,E,0,0,1,1,2,1,0,0,0,0,0,0
2375,Medical treatment,2002,January,Thursday,15,Angle,Multi-Vehicle,152.6946609,-25.53965377,Albert St,Fort St,,Maryborough,Fraser Coast Region,4650,Maryborough,Wide Bay Burnett,Central,Southern,North Coast and Wide Bay/Burnett,Maryborough (qld),Maryborough,Wide Bay,Inner Regional,Maryborough,Wide Bay,Locally-controlled,Intersection - Cross,Give way sign,60 km/h,Sealed - Dry,Clear,Daylight,Straight,Level,101,Veh'S Adjacent Approach: Thru-Thru,Intersection from adjacent approaches,E,0,0,1,1,2,2,0,0,0,0,0,0
2376,Property damage only,2002,January,Thursday,16,Hit object,Single Vehicle,150.5915967,-23.41282422,Rockhampton - Emu Park Rd,,Rockhampton - Emu Park Road,Nerimbera,Livingstone Shire,4701,Lakes Creek,Capricornia,Central,Central,Central Queensland,Rockhampton Region - East,Rockhampton,Central Queensland,Inner Regional,Keppel,Capricornia,State-controlled,No Roadway Feature,No traffic control,100 - 110 km/h,Sealed - Dry,Clear,Daylight,Curved - view open,Level,803,Off Path-Curve: Off Cway Rt Bend Hit Obj,Off carriageway on curve hit object,W,0,0,0,0,0,1,0,0,0,0,0,0
2377,Hospitalisation,2002,January,Friday,17,Fall from vehicle,Single Vehicle,152.97934,-27.55244952,Heathrow St,Oxley Rd,,Oxley,Brisbane City,4075,Sherwood,South Brisbane,Brisbane,SEQ South,Metropolitan,Oxley (qld),Forest Lake - Oxley,Ipswich,Major Cities,Mount Ommaney,Moreton,Locally-controlled,Intersection - T-Junction,No traffic control,60 km/h,Sealed - Dry,Clear,Daylight,Straight,Grade,202,Veh'S Opposite Approach: Thru-Right,Opposing vehicles turning,N,0,1,0,0,1,1,0,0,0,1,0,0
2378,Property damage only,2002,January,Friday,13,Angle,Multi-Vehicle,153.4755874,-28.13747724,Currumbin Creek Rd,Mitchell Ave,Currumbin Creek Road,Currumbin,Gold Coast City,4223,Coolangatta,Gold Coast,South Eastern,SEQ South,South Coast,Currumbin - Tugun,Coolangatta,Gold Coast,Major Cities,Currumbin,Mcpherson,State-controlled,Intersection - T-Junction,Operating traffic lights,60 km/h,Sealed - Dry,Clear,Daylight,Straight,Level,202,Veh'S Opposite Approach: Thru-Right,Opposing vehicles turning,W,0,0,0,0,0,2,0,0,0,0,0,0
2379,Hospitalisation,2002,January,Friday,11,Hit object,Single Vehicle,152.5488284,-26.94580929,D'Aguilar Hwy,,D'Aguilar Highway (Caboolture - Kilcoy),Woolmar,Somerset Region,4515,Kilcoy,Moreton,Southern,SEQ North,North Coast and Wide Bay/Burnett,Kilcoy,Caboolture Hinterland,Moreton Bay - North,Inner Regional,Nanango,Blair,State-controlled,No Roadway Feature,No traffic control,100 - 110 km/h,Sealed - Dry,Clear,Daylight,Curved - view open,Crest,804,Off Path-Curve: Off Cway Lt Bend Hit Obj,Off carriageway on curve hit object,W,0,1,0,0,1,0,0,1,0,0,0,0
2380,Property damage only,2002,January,Saturday,0,Angle,Multi-Vehicle,152.8860339,-27.56567848,Livesay Rd,Moggill Rd,Moggill Sub-Arterial Road,Bellbowrie,Brisbane City,4070,Indooroopilly,North Brisbane,Brisbane,SEQ North,Metropolitan,Bellbowrie - Moggill,Kenmore - Brookfield - Moggill,Brisbane - West,Major Cities,Moggill,Ryan,State-controlled,Intersection - T-Junction,Give way sign,70 km/h,Sealed - Dry,Clear,Darkness - Not lighted,Curved - view open,Grade,202,Veh'S Opposite Approach: Thru-Right,Opposing vehicles turning,S,0,0,0,0,0,2,0,0,0,0,0,0
2381,Hospitalisation,2002,January,Saturday,20,Hit object,Single Vehicle,153.0649454,-26.66122326,Maroochydore Rd,,Maroochydore Road,Kuluin,Sunshine Coast Region,4558,Maroochydore,Sunshine Coast,Central,SEQ North,North Coast and Wide Bay/Burnett,Buderim - North,Buderim,Sunshine Coast,Major Cities,Ninderry,Fairfax,State-controlled,No Roadway Feature,No traffic control,60 km/h,Sealed - Wet,Raining,Darkness - Lighted,Straight,Level,607,Veh'S On Path: Temporary Object On C'Way,Other,E,0,2,0,0,2,2,0,0,0,0,0,0
2382,Hospitalisation,2002,January,Saturday,15,Overturned,Single Vehicle,152.4796964,-25.13891727,Woodgate Rd,,,Woodgate,Bundaberg Region,4660,Childers,Wide Bay Burnett,Central,Southern,North Coast and Wide Bay/Burnett,Bundaberg Region - South,Bundaberg,Wide Bay,Inner Regional,Burnett,Hinkler,Locally-controlled,No Roadway Feature,No traffic control,100 - 110 km/h,Sealed - Dry,Clear,Daylight,Curved - view open,Level,801,Off Path-Curve: Off Cway Right Bend,Off carriageway on curve,W,0,1,1,0,2,1,0,0,0,0,0,0
2383,Minor injury,2002,January,Saturday,13,Sideswipe,Multi-Vehicle,149.1449035,-21.21913046,Dewar St,,,Bakers Creek,Mackay Region,4740,Mackay,Mackay,Central,Central,Central Queensland,Ooralea - Bakers Creek,Mackay,Mackay - Isaac - Whitsunday,Inner Regional,Mirani,Capricornia,Locally-controlled,No Roadway Feature,No traffic control,60 km/h,Sealed - Wet,Raining,Daylight,Curved - view obscured,Level,201,Veh'S Opposite Approach: Head On,Head-on,E,0,0,0,1,1,2,0,0,0,0,0,0
2384,Property damage only,2002,January,Sunday,15,Hit object,Single Vehicle,153.0086501,-27.43312576,Erneton St,Ward St,,Newmarket,Brisbane City,4051,Stafford,North Brisbane,Brisbane,SEQ North,Metropolitan,Newmarket,Brisbane Inner - North,Brisbane Inner City,Major Cities,Stafford,Brisbane,Locally-controlled,Intersection - T-Junction,No traffic control,60 km/h,Sealed - Dry,Clear,Daylight,Curved - view obscured,Grade,800,Off Path-Curve: Other,Other,W,0,0,0,0,0,1,0,0,0,0,0,0
2385,Property damage only,2002,January,Sunday,18,Hit object,Single Vehicle,152.9847987,-26.51832738,North Arm - Yandina Ck Rd,,,North Arm,Sunshine Coast Region,4561,Eumundi,Sunshine Coast,Central,SEQ North,North Coast and Wide Bay/Burnett,Eumundi - Yandina,Nambour,Sunshine Coast,Inner Regional,Ninderry,Fairfax,Locally-controlled,No Roadway Feature,No traffic control,60 km/h,Unsealed - Dry,Clear,Dawn/Dusk,Straight,Level,700,Off Path-Straight: Other,Other,W,0,0,0,0,0,1,0,0,0,0,0,0
2386,Hospitalisation,2002,January,Sunday,14,Angle,Multi-Vehicle,153.3595642,-28.04812016,Bourton Rd,Gold Coast - Springbrook Rd,Gold Coast - Springbrook Road,Merrimac,Gold Coast City,4226,Mudgeeraba,Gold Coast,South Eastern,SEQ South,South Coast,Merrimac,Robina,Gold Coast,Major Cities,Mudgeeraba,Moncrieff,State-controlled,Intersection - Cross,Operating traffic lights,60 km/h,Sealed - Dry,Clear,Daylight,Straight,Level,202,Veh'S Opposite Approach: Thru-Right,Opposing vehicles turning,W,0,1,0,1,2,2,0,0,0,0,0,0
2387,Property damage only,2002,January,Monday,8,Rear-end,Multi-Vehicle,153.0187615,-27.46899005,South East Arterial Rd,,South-East Arterial Road (Pacific Motorway),Brisbane City,Brisbane City,4000,Brisbane City,North Brisbane,Brisbane,SEQ North,Metropolitan,Brisbane City,Brisbane Inner,Brisbane Inner City,Major Cities,Mcconnel,Brisbane,State-controlled,No Roadway Feature,No traffic control,70 km/h,Sealed - Dry,Clear,Daylight,Straight,Level,301,Veh'S Same Direction: Rear End,Rear-end,W,0,0,0,0,0,4,0,0,0,0,0,0
2388,Hospitalisation,2002,January,Monday,10,Angle,Multi-Vehicle,152.7749682,-27.63312981,Cemetery Rd,Raceview St,,Eastern Heights,Ipswich City,4305,Yamanto,Ipswich,Southern,SEQ South,Metropolitan,Ipswich - East,Ipswich Inner,Ipswich,Major Cities,Ipswich,Blair,Locally-controlled,Intersection - Cross,Stop sign,60 km/h,Sealed - Dry,Clear,Daylight,Straight,Level,101,Veh'S Adjacent Approach: Thru-Thru,Intersection from adjacent approaches,N,0,1,0,0,1,2,0,0,0,0,0,0
2389,Minor injury,2002,January,Monday,10,Angle,Multi-Vehicle,153.4034481,-28.06645425,Cheltenham Dr,Ron Penhaligon Way,,Robina,Gold Coast City,4226,Robina,Gold Coast,South Eastern,SEQ South,South Coast,Robina,Robina,Gold Coast,Major Cities,Mermaid Beach,Mcpherson,Locally-controlled,Intersection - Roundabout,Give way sign,70 km/h,Sealed - Dry,Clear,Daylight,Straight,Level,309,Veh'S Same Direction: Left Turn S/Swipe,Parallel lanes turning,E,0,0,0,1,1,2,0,0,0,0,0,0
2390,Medical treatment,2002,January,Monday,4,Hit object,Single Vehicle,153.2484625,-27.89944024,Tamborine - Oxenford Rd,,Tamborine - Oxenford Road,Wongawallan,Gold Coast City,4210,Nerang,Gold Coast,South Eastern,SEQ South,South Coast,Upper Coomera - Willow Vale,Ormeau - Oxenford,Gold Coast,Major Cities,Theodore,Wright,State-controlled,No Roadway Feature,No traffic control,80 - 90 km/h,Sealed - Dry,Clear,Darkness - Not lighted,Curved - view obscured,Dip,803,Off Path-Curve: Off Cway Rt Bend Hit Obj,Off carriageway on curve hit object,N,0,0,1,0,1,1,0,0,0,0,0,0
2391,Medical treatment,2002,January,Monday,8,Sideswipe,Multi-Vehicle,150.960969,-23.80323566,Bruce Hwy,,Bruce Highway (Benaraby - Rockhampton),Machine Creek,Gladstone Region,4695,Mount Larcom,Capricornia,Central,Central,Central Queensland,Gladstone Hinterland,Gladstone,Central Queensland,Outer Regional,Gladstone,Flynn,State-controlled,No Roadway Feature,No traffic control,80 - 90 km/h,Sealed - Dry,Clear,Daylight,Straight,Level,201,Veh'S Opposite Approach: Head On,Head-on,S,0,0,1,0,1,1,0,1,0,0,0,0
2392,Minor injury,2002,January,Monday,10,Angle,Multi-Vehicle,150.5245775,-23.36302018,Elphinstone St,,,Berserker,Rockhampton Region,4701,North Rockhampton,Capricornia,Central,Central,Central Queensland,Berserker,Rockhampton,Central Queensland,Inner Regional,Rockhampton,Capricornia,Locally-controlled,No Roadway Feature,No traffic control,60 km/h,Sealed - Dry,Clear,Daylight,Straight,Level,406,Veh'S Manoeuvring: Leaving Driveway,Vehicle leaving driveway,S,0,0,0,1,1,2,0,0,0,0,0,0
2393,Medical treatment,2002,January,Tuesday,13,Rear-end,Multi-Vehicle,153.0324163,-27.49245779,Park Rd,,,Woolloongabba,Brisbane City,4102,Dutton Park,South Brisbane,Brisbane,SEQ South,Metropolitan,Woolloongabba,Holland Park - Yeronga,Brisbane - South,Major Cities,South Brisbane,Griffith,Locally-controlled,No Roadway Feature,No traffic control,0 - 50 km/h,Sealed - Dry,Clear,Daylight,Straight,Level,301,Veh'S Same Direction: Rear End,Rear-end,E,0,0,1,0,1,2,0,0,0,0,0,0
2394,Hospitalisation,2002,January,Tuesday,17,Rear-end,Multi-Vehicle,153.0793398,-27.26242616,Houghton Hwy,,Brighton - Redcliffe Road,Clontarf,Moreton Bay Region,4019,Redcliffe,Moreton,Southern,SEQ North,North Coast and Wide Bay/Burnett,Clontarf,Redcliffe,Moreton Bay - North,Major Cities,Redcliffe,Petrie,State-controlled,Bridge/Causeway,No traffic control,80 - 90 km/h,Sealed - Wet,Raining,Daylight,Straight,Level,301,Veh'S Same Direction: Rear End,Rear-end,N,0,1,1,1,3,3,0,0,0,0,0,0
2395,Hospitalisation,2002,January,Tuesday,8,Fall from vehicle,Single Vehicle,149.9767441,-22.85068463,Bruce Hwy,,Bruce Highway (Rockhampton-St Lawrence),Kunwarara,Livingstone Shire,4702,Marlborough,Capricornia,Central,Central,Central Queensland,Rockhampton Region - North,Rockhampton,Central Queensland,Remote,Mirani,Capricornia,State-controlled,No Roadway Feature,No traffic control,100 - 110 km/h,Sealed - Dry,Clear,Daylight,Straight,Level,701,Off Path-Straight: Left Off Cway,Off carriageway on straight,N,0,1,0,0,1,0,1,0,0,0,0,0
2396,Medical treatment,2002,January,Wednesday,7,Rear-end,Multi-Vehicle,153.0507602,-27.55875851,Griffith Arterial Rd,Troughton Rd,Griffith Arterial Road,Coopers Plains,Brisbane City,4108,Upper Mount Gravatt,South Brisbane,Brisbane,SEQ South,Metropolitan,Salisbury - Nathan,Nathan,Brisbane - South,Major Cities,Toohey,Moreton,State-controlled,Intersection - Cross,Operating traffic lights,60 km/h,Sealed - Dry,Clear,Daylight,Straight,Level,301,Veh'S Same Direction: Rear End,Rear-end,W,0,0,1,0,1,1,1,0,0,0,0,0
2397,Medical treatment,2002,January,Wednesday,17,Rear-end,Multi-Vehicle,153.0849789,-27.35623987,Gateway Arterial Rd,,Gateway Arterial Road (Gateway Motorway - North),Boondall,Brisbane City,4034,Boondall,North Brisbane,Brisbane,SEQ North,Metropolitan,Boondall,Nundah,Brisbane - North,Major Cities,Nudgee,Lilley,State-controlled,No Roadway Feature,No traffic control,100 - 110 km/h,Sealed - Dry,Clear,Daylight,Straight,Grade,301,Veh'S Same Direction: Rear End,Rear-end,W,0,0,1,0,1,2,0,0,0,0,0,0
2398,Medical treatment,2002,January,Wednesday,16,Angle,Multi-Vehicle,0,0,Pumicestone Rd,,,Unknown,Unknown,Unknown,Unknown,Unknown,Unknown,Unknown,Unknown,Unknown,Unknown,Unknown,Unknown,Unknown,Unknown,Locally-controlled,No Roadway Feature,No traffic control,80 - 90 km/h,Sealed - Dry,Clear,Daylight,Straight,Crest,207,Veh'S Opposite Approach: U-Turn,U-turn,E,0,0,1,0,1,1,0,1,0,0,0,0
2399,Property damage only,2002,January,Wednesday,17,Rear-end,Multi-Vehicle,153.1445954,-27.65561994,Golf Course Dr,Loganlea Rd,,Slacks Creek,Logan City,4127,Springwood,Logan,South Eastern,SEQ South,South Coast,Kingston (qld.),Springwood - Kingston,Logan - Beaudesert,Major Cities,Waterford,Rankin,Locally-controlled,Intersection - T-Junction,Give way sign,80 - 90 km/h,Sealed - Dry,Clear,Daylight,Curved - view open,Level,301,Veh'S Same Direction: Rear End,Rear-end,S,0,0,0,0,0,2,0,0,0,0,0,0
2400,Hospitalisation,2002,January,Wednesday,8,Hit parked vehicle,Single Vehicle,153.4661773,-28.10972572,Gold Coast Hwy,,Gold Coast Highway (Broadbeach - Coolangatta),Palm Beach,Gold Coast City,4221,Palm Beach,Gold Coast,South Eastern,SEQ South,South Coast,Palm Beach,Coolangatta,Gold Coast,Major Cities,Burleigh,Mcpherson,State-controlled,No Roadway Feature,No traffic control,60 km/h,Sealed - Dry,Clear,Daylight,Straight,Level,604,Veh'S On Path: Car Door,Hit parked vehicle,N,0,1,0,0,1,1,0,0,0,1,0,0
2401,Medical treatment,2002,January,Wednesday,12,Head-on,Multi-Vehicle,152.8174375,-26.83910507,Kilcoy-Beerwah Rd,,Kilcoy - Beerwah Road,Cedarton,Moreton Bay Region,4514,Woodford,Moreton,Southern,SEQ North,North Coast and Wide Bay/Burnett,Woodford - Daguilar,Caboolture Hinterland,Moreton Bay - North,Inner Regional,Glass House,Longman,State-controlled,No Roadway Feature,No traffic control,100 - 110 km/h,Sealed - Dry,Clear,Daylight,Curved - view obscured,Grade,201,Veh'S Opposite Approach: Head On,Head-on,N,0,0,1,0,1,1,1,0,0,0,0,0
2402,Hospitalisation,2002,January,Wednesday,15,Hit object,Single Vehicle,152.2395091,-25.21994847,Bruce Hwy,Old Ck Rd,Bruce Highway (Maryborough - Gin Gin),Apple Tree Creek,Bundaberg Region,4660,Childers,Wide Bay Burnett,Central,Southern,North Coast and Wide Bay/Burnett,Bundaberg Region - South,Bundaberg,Wide Bay,Inner Regional,Burnett,Hinkler,State-controlled,Intersection - Cross,No traffic control,80 - 90 km/h,Sealed - Dry,Clear,Daylight,Curved - view open,Grade,803,Off Path-Curve: Off Cway Rt Bend Hit Obj,Off carriageway on curve hit object,S,0,1,0,0,1,1,0,0,0,0,0,0
2403,Hospitalisation,2002,January,Thursday,16,Head-on,Multi-Vehicle,152.986424,-27.40038566,Old Northern Rd,,Everton Park - Albany Creek Road,Everton Park,Brisbane City,4053,Ferny Grove,North Brisbane,Brisbane,SEQ North,Metropolitan,Everton Park,Bald Hills - Everton Park,Brisbane - North,Major Cities,Everton,Lilley,State-controlled,No Roadway Feature,No traffic control,60 km/h,Sealed - Dry,Clear,Daylight,Straight,Grade,201,Veh'S Opposite Approach: Head On,Head-on,N,0,3,0,0,3,3,0,0,0,0,0,0
2404,Property damage only,2002,January,Thursday,22,Rear-end,Multi-Vehicle,153.1058546,-26.66453526,Maroochydore - Mooloolaba Rd,Okinja Rd,Maroochydore - Mooloolaba Road,Alexandra Headland,Sunshine Coast Region,4572,Maroochydore,Sunshine Coast,Central,SEQ North,North Coast and Wide Bay/Burnett,Mooloolaba - Alexandra Headland,Maroochy,Sunshine Coast,Major Cities,Maroochydore,Fairfax,State-controlled,Intersection - T-Junction,Operating traffic lights,60 km/h,Sealed - Dry,Clear,Darkness - Lighted,Straight,Level,301,Veh'S Same Direction: Rear End,Rear-end,S,0,0,0,0,0,2,0,0,0,0,0,0
2405,Minor injury,2002,January,Thursday,11,Overturned,Single Vehicle,150.1091415,-24.86330954,Leichhardt Hwy,,Leichhardt Highway (Westwood - Taroom),Lonesome Creek,Banana Shire,4719,Theodore,Capricornia,Central,Central,Central Queensland,Banana,Biloela,Central Queensland,Outer Regional,Callide,Flynn,State-controlled,No Roadway Feature,No traffic control,60 km/h,Sealed - Dry,Clear,Daylight,Curved - view open,Level,801,Off Path-Curve: Off Cway Right Bend,Off carriageway on curve,N,0,0,0,1,1,0,0,0,0,0,0,1
2406,Medical treatment,2002,January,Friday,15,Hit parked vehicle,Single Vehicle,152.9957012,-27.45850829,Latrobe Tce,,,Paddington,Brisbane City,4064,Brisbane City,North Brisbane,Brisbane,SEQ North,Metropolitan,Paddington - Milton,Brisbane Inner - West,Brisbane Inner City,Major Cities,Cooper,Brisbane,Locally-controlled,No Roadway Feature,No traffic control,0 - 50 km/h,Sealed - Dry,Clear,Daylight,Straight,Level,604,Veh'S On Path: Car Door,Hit parked vehicle,W,0,0,1,0,1,1,0,0,0,1,0,0
2407,Medical treatment,2002,January,Friday,16,Angle,Multi-Vehicle,153.0397263,-27.50425485,Juliette St,Marquis St,South-East Arterial Road (Pacific Motorway),Greenslopes,Brisbane City,4120,Coorparoo,South Brisbane,Brisbane,SEQ South,Metropolitan,Greenslopes,Holland Park - Yeronga,Brisbane - South,Major Cities,Greenslopes,Griffith,State-controlled,Intersection - Interchange,Operating traffic lights,60 km/h,Sealed - Dry,Clear,Daylight,Straight,Level,101,Veh'S Adjacent Approach: Thru-Thru,Intersection from adjacent approaches,S,0,0,1,0,1,2,0,0,0,0,0,0
2408,Minor injury,2002,January,Friday,8,Sideswipe,Multi-Vehicle,153.070536,-27.46925796,Redfern St,Wynnum Rd,,Morningside,Brisbane City,4170,Morningside,South Brisbane,Brisbane,SEQ South,Metropolitan,Morningside - Seven Hills,Brisbane Inner - East,Brisbane Inner City,Major Cities,Bulimba,Griffith,Locally-controlled,Intersection - Cross,Operating traffic lights,60 km/h,Sealed - Dry,Clear,Daylight,Straight,Level,305,Veh'S Same Direction: Lane Side Swipe,Lane changes,W,0,0,0,1,1,0,0,1,0,1,0,0
2409,Medical treatment,2002,January,Friday,9,Rear-end,Multi-Vehicle,152.9799329,-27.54912971,Cliveden Ave,Oxley Rd,,Corinda,Brisbane City,4075,Sherwood,South Brisbane,Brisbane,SEQ South,Metropolitan,Corinda,Sherwood - Indooroopilly,Brisbane - West,Major Cities,Mount Ommaney,Moreton,Locally-controlled,Intersection - Cross,Operating traffic lights,60 km/h,Sealed - Dry,Clear,Daylight,Straight,Level,303,Veh'S Same Direction: Right Rear,Rear-end,S,0,0,3,0,3,2,0,0,0,0,0,0
2410,Property damage only,2002,January,Friday,16,Rear-end,Multi-Vehicle,153.0696126,-27.56152263,Griffith Arterial Rd,,Griffith Arterial Road,Macgregor,Brisbane City,4109,Upper Mount Gravatt,South Brisbane,Brisbane,SEQ South,Metropolitan,Macgregor (qld),Mt Gravatt,Brisbane - South,Major Cities,Toohey,Moreton,State-controlled,No Roadway Feature,No traffic control,60 km/h,Sealed - Dry,Clear,Daylight,Straight,Grade,302,Veh'S Same Direction: Left Rear,Rear-end,E,0,0,0,0,0,2,0,0,0,0,0,0
2411,Hospitalisation,2002,January,Friday,13,Angle,Multi-Vehicle,152.9772708,-27.15661697,Bruce Hwy Off Ramp,Burpengary Service Rd,Burpengary Service Road (Lhs Bruce Highw,Burpengary,Moreton Bay Region,4505,Burpengary,Moreton,Southern,SEQ North,North Coast and Wide Bay/Burnett,Burpengary,Narangba - Burpengary,Moreton Bay - North,Major Cities,Kurwongbah,Longman,State-controlled,Intersection - T-Junction,Stop sign,60 km/h,Sealed - Dry,Clear,Daylight,Straight,Level,104,Veh'S Adjacent Approach: Thru-Right,Intersection from adjacent approaches,S,0,2,0,0,2,2,0,0,0,0,0,0
2412,Hospitalisation,2002,January,Friday,6,Angle,Multi-Vehicle,153.0907062,-27.43657717,Fison Ave W,,,Eagle Farm,Brisbane City,4009,Hendra,North Brisbane,Brisbane,SEQ North,Metropolitan,Eagle Farm - Pinkenba,Nundah,Brisbane - North,Major Cities,Clayfield,Brisbane,Locally-controlled,No Roadway Feature,No traffic control,60 km/h,Sealed - Dry,Clear,Daylight,Straight,Level,308,Veh'S Same Direction: Right Turn S/Swipe,Parallel lanes turning,E,0,1,0,0,1,1,1,0,0,0,0,0