Crash_Ref_Number,Crash_Severity,Crash_Year,Crash_Month,Crash_Day_Of_Week,Crash_Hour,Crash_Nature,Crash_Type,Crash_Longitude_GDA94,Crash_Latitude_GDA94,Crash_Street,Crash_Street_Intersecting,State_Road_Name,Loc_Suburb,Loc_Local_Government_Area,Loc_Post_Code,Loc_Police_Division,Loc_Police_District,Loc_Police_Region,Loc_Queensland_Transport_Region,Loc_Main_Roads_Region,Loc_ABS_Statistical_Area_2,Loc_ABS_Statistical_Area_3,Loc_ABS_Statistical_Area_4,Loc_ABS_Remoteness,Loc_State_Electorate,Loc_Federal_Electorate,Crash_Controlling_Authority,Crash_Roadway_Feature,Crash_Traffic_Control,Crash_Speed_Limit,Crash_Road_Surface_Condition,Crash_Atmospheric_Condition,Crash_Lighting_Condition,Crash_Road_Horiz_Align,Crash_Road_Vert_Align,Crash_DCA_Code,Crash_DCA_Description,Crash_DCA_Group_Description,DCA_Key_Approach_Dir,Count_Casualty_Fatality,Count_Casualty_Hospitalised,Count_Casualty_MedicallyTreated,Count_Casualty_MinorInjury,Count_Casualty_Total,Count_Unit_Car,Count_Unit_Motorcycle_Moped,Count_Unit_Truck,Count_Unit_Bus,Count_Unit_Bicycle,Count_Unit_Pedestrian,Count_Unit_Other
2557,Medical treatment,2002,February,Thursday,14,Rear-end,Multi-Vehicle,153.0351756,-27.5010829,Cornwall St,Ipswich Rd,,Annerley,Brisbane City,4103,Dutton Park,South Brisbane,Brisbane,SEQ South,Metropolitan,Annerley,Holland Park - Yeronga,Brisbane - South,Major Cities,South Brisbane,Moreton,Locally-controlled,Intersection - Cross,Operating traffic lights,0 - 50 km/h,Sealed - Dry,Clear,Daylight,Straight,Level,301,Veh'S Same Direction: Rear End,Rear-end,N,0,0,1,0,1,2,0,0,0,0,0,0
2558,Minor injury,2002,February,Thursday,19,Hit object,Single Vehicle,152.9863329,-27.25384022,Aquarius St,Bluegum St,,Kallangur,Moreton Bay Region,4503,Petrie,North Brisbane,Brisbane,SEQ North,North Coast and Wide Bay/Burnett,Dakabin - Kallangur,North Lakes,Moreton Bay - South,Major Cities,Murrumba,Dickson,Locally-controlled,Intersection - T-Junction,No traffic control,0 - 50 km/h,Sealed - Wet,Clear,Darkness - Lighted,Curved - view open,Level,803,Off Path-Curve: Off Cway Rt Bend Hit Obj,Off carriageway on curve hit object,N,0,0,0,1,1,1,0,0,0,0,0,0
2559,Hospitalisation,2002,February,Thursday,15,Rear-end,Multi-Vehicle,153.4948048,-28.14359855,Gold Coast Hwy,Toolona St,Gold Coast Highway (Broadbeach - Coolangatta),Tugun,Gold Coast City,4224,Coolangatta,Gold Coast,South Eastern,SEQ South,South Coast,Currumbin - Tugun,Coolangatta,Gold Coast,Major Cities,Currumbin,Mcpherson,State-controlled,Intersection - Cross,Operating traffic lights,60 km/h,Sealed - Dry,Clear,Daylight,Straight,Level,301,Veh'S Same Direction: Rear End,Rear-end,S,0,1,0,0,1,2,0,0,0,0,0,0
2560,Property damage only,2002,February,Thursday,9,Hit object,Single Vehicle,153.3314649,-27.92766482,Pacific Hwy,,Pacific Highway (Pacific Motorway),Helensvale,Gold Coast City,4212,Coomera,Gold Coast,South Eastern,SEQ South,South Coast,Helensvale,Ormeau - Oxenford,Gold Coast,Major Cities,Bonney,Fadden,State-controlled,No Roadway Feature,No traffic control,100 - 110 km/h,Sealed - Dry,Clear,Daylight,Straight,Level,607,Veh'S On Path: Temporary Object On C'Way,Other,S,0,0,0,0,0,1,0,0,0,0,0,0
2561,Medical treatment,2002,February,Thursday,10,Hit pedestrian,Hit pedestrian,153.4497016,-28.0891006,James St,,,Burleigh Heads,Gold Coast City,4220,Palm Beach,Gold Coast,South Eastern,SEQ South,South Coast,Burleigh Heads,Broadbeach - Burleigh,Gold Coast,Major Cities,Burleigh,Mcpherson,Locally-controlled,No Roadway Feature,No traffic control,0 - 50 km/h,Sealed - Dry,Clear,Daylight,Straight,Level,0,Ped'N: Hit Other,Other,W,0,0,1,0,1,1,0,0,0,0,1,0
2562,Minor injury,2002,February,Thursday,16,Rear-end,Multi-Vehicle,152.3673224,-24.8609791,Bundaberg - Bargara Rd,,Bundaberg - Bargara Road,Bundaberg East,Bundaberg Region,4670,Bundaberg,Wide Bay Burnett,Central,Southern,North Coast and Wide Bay/Burnett,Bundaberg East - Kalkie,Bundaberg,Wide Bay,Inner Regional,Bundaberg,Hinkler,State-controlled,No Roadway Feature,No traffic control,60 km/h,Sealed - Dry,Clear,Daylight,Straight,Level,304,Veh'S Same Direction: U-Turn,U-turn,N,0,0,0,1,1,2,0,0,0,0,0,0
2563,Medical treatment,2002,February,Thursday,18,Hit parked vehicle,Single Vehicle,150.5234893,-23.35753737,Rockhampton - Yeppoon Rd,,Rockhampton - Yeppoon Road,Berserker,Rockhampton Region,4701,North Rockhampton,Capricornia,Central,Central,Central Queensland,Berserker,Rockhampton,Central Queensland,Inner Regional,Rockhampton,Capricornia,State-controlled,No Roadway Feature,No traffic control,60 km/h,Sealed - Dry,Clear,Daylight,Straight,Level,604,Veh'S On Path: Car Door,Hit parked vehicle,N,0,0,1,0,1,2,0,0,0,1,0,0
2564,Property damage only,2002,February,Thursday,23,Hit object,Single Vehicle,148.14451,-23.38982326,Wyuna Rd,,,Wyuna,Central Highlands Region,4720,Emerald,Capricornia,Central,Central,Central Queensland,Central Highlands - West,Central Highlands (qld),Central Queensland,Remote,Gregory,Flynn,Locally-controlled,No Roadway Feature,No traffic control,100 - 110 km/h,Unsealed - Wet,Raining,Darkness - Not lighted,Straight,Grade,607,Veh'S On Path: Temporary Object On C'Way,Other,W,0,0,0,0,0,1,0,0,0,0,0,0
2565,Medical treatment,2002,February,Friday,9,Angle,Multi-Vehicle,152.9594424,-26.62449593,Nambour Connection Rd,Price St,Nambour Connection Road,Nambour,Sunshine Coast Region,4560,Nambour,Sunshine Coast,Central,SEQ North,North Coast and Wide Bay/Burnett,Nambour,Nambour,Sunshine Coast,Major Cities,Nicklin,Fairfax,State-controlled,Intersection - T-Junction,Operating traffic lights,60 km/h,Sealed - Dry,Clear,Daylight,Straight,Level,102,Veh'S Adjacent Approach: Right-Thru,Intersection from adjacent approaches,E,0,0,1,0,1,1,0,0,1,0,0,0
2566,Medical treatment,2002,February,Friday,8,Rear-end,Multi-Vehicle,149.2192026,-21.07062134,Amhurst St,Ocean Ave,,Slade Point,Mackay Region,4740,Mackay,Mackay,Central,Central,Central Queensland,Slade Point,Mackay,Mackay - Isaac - Whitsunday,Inner Regional,Mackay,Dawson,Locally-controlled,Intersection - T-Junction,Give way sign,60 km/h,Sealed - Dry,Clear,Daylight,Straight,Level,302,Veh'S Same Direction: Left Rear,Rear-end,W,0,0,1,0,1,2,0,0,0,0,0,0
2567,Hospitalisation,2002,February,Saturday,14,Rear-end,Multi-Vehicle,152.5170038,-27.48530212,Brightview Rd,Jones Rd,,Brightview,Somerset Region,4311,Lowood,Ipswich,Southern,SEQ North,North Coast and Wide Bay/Burnett,Lowood,Ipswich Hinterland,Ipswich,Inner Regional,Lockyer,Blair,Locally-controlled,Intersection - T-Junction,No traffic control,100 - 110 km/h,Sealed - Dry,Clear,Daylight,Straight,Level,503,Veh'S Overtaking: Pulling Out,Overtaking same direction,,0,3,0,1,4,3,0,0,0,0,0,0
2568,Medical treatment,2002,February,Saturday,22,Rear-end,Multi-Vehicle,153.4197945,-27.97244952,Gold Coast Hwy,,,Southport,Gold Coast City,4215,Southport,Gold Coast,South Eastern,SEQ South,South Coast,Southport - North,Southport,Gold Coast,Major Cities,Southport,Moncrieff,Locally-controlled,No Roadway Feature,No traffic control,70 km/h,Unknown,Unknown,Darkness - Lighted,Straight,Level,301,Veh'S Same Direction: Rear End,Rear-end,N,0,0,1,0,1,3,0,0,0,0,0,0
2569,Property damage only,2002,February,Saturday,3,Hit parked vehicle,Single Vehicle,153.4267109,-27.98720944,Admiralty Dr,,,Surfers Paradise,Gold Coast City,4217,Surfers Paradise,Gold Coast,South Eastern,SEQ South,South Coast,Surfers Paradise,Surfers Paradise,Gold Coast,Major Cities,Surfers Paradise,Moncrieff,Locally-controlled,No Roadway Feature,No traffic control,60 km/h,Sealed - Dry,Clear,Darkness - Lighted,Straight,Level,601,Veh'S On Path: Parked,Hit parked vehicle,W,0,0,0,0,0,2,0,0,0,0,0,0
2570,Property damage only,2002,February,Saturday,11,Angle,Multi-Vehicle,151.2542995,-23.84247171,Roseberry St,,,Gladstone Central,Gladstone Region,4680,Gladstone,Capricornia,Central,Central,Central Queensland,Gladstone,Gladstone,Central Queensland,Inner Regional,Gladstone,Flynn,Locally-controlled,No Roadway Feature,No traffic control,60 km/h,Sealed - Dry,Clear,Daylight,Straight,Grade,506,Veh'S Overtaking: Overtake-Right Turn,Overtaking same direction,W,0,0,0,0,0,2,0,0,0,0,0,0
2571,Property damage only,2002,February,Sunday,6,Angle,Multi-Vehicle,153.0680969,-27.55025984,South East Art Rd Ramp Xg,South East Art Rd Ramp Yd,South-East Arterial Road (Pacific Motorway),Upper Mount Gravatt,Brisbane City,4122,Upper Mount Gravatt,South Brisbane,Brisbane,SEQ South,Metropolitan,Upper Mount Gravatt,Mt Gravatt,Brisbane - South,Major Cities,Mansfield,Bonner,State-controlled,Intersection - Interchange,Operating traffic lights,60 km/h,Sealed - Dry,Clear,Daylight,Straight,Grade,101,Veh'S Adjacent Approach: Thru-Thru,Intersection from adjacent approaches,E,0,0,0,0,0,2,0,0,0,0,0,0
2572,Property damage only,2002,February,Sunday,2,Hit object,Single Vehicle,153.0346499,-27.66404457,Mt Lindesay Hwy Serv Rd,Silvertop St,,Hillcrest,Logan City,4118,Browns Plains,Logan,South Eastern,SEQ South,South Coast,Hillcrest,Browns Plains,Logan - Beaudesert,Major Cities,Algester,Rankin,Locally-controlled,Intersection - Cross,Operating traffic lights,60 km/h,Sealed - Dry,Clear,Darkness - Lighted,Straight,Level,700,Off Path-Straight: Other,Other,N,0,0,0,0,0,1,0,0,0,0,0,0
2573,Hospitalisation,2002,February,Sunday,9,Hit object,Single Vehicle,153.2086419,-27.53571142,Capalaba - Victoria Point Rd,Windemere Rd,Capalaba - Victoria Point Road,Alexandra Hills,Redland City,4161,Capalaba,South Brisbane,Brisbane,SEQ South,Metropolitan,Alexandra Hills,Capalaba,Brisbane - East,Major Cities,Capalaba,Bowman,State-controlled,Intersection - T-Junction,Operating traffic lights,70 km/h,Sealed - Dry,Clear,Daylight,Straight,Grade,703,Off Path-Straight: Left Off Cway Hit Obj,Off carriageway on straight hit object,E,0,1,0,0,1,1,0,0,0,0,0,0
2574,Property damage only,2002,February,Sunday,16,Hit object,Single Vehicle,152.9900575,-27.42549167,Lloyd St,Wardell St,Western Arterial Road (Toowong - Everton Park),Enoggera,Brisbane City,4051,Ferny Grove,North Brisbane,Brisbane,SEQ North,Metropolitan,Enoggera,The Gap - Enoggera,Brisbane - West,Major Cities,Ferny Grove,Ryan,State-controlled,Intersection - Cross,Operating traffic lights,60 km/h,Sealed - Dry,Clear,Daylight,Straight,Grade,703,Off Path-Straight: Left Off Cway Hit Obj,Off carriageway on straight hit object,N,0,0,0,0,0,1,0,0,0,0,0,0
2575,Minor injury,2002,February,Sunday,16,Sideswipe,Multi-Vehicle,152.4531556,-27.56628485,Niemeyer Rd,Warrego Hwy,Warrego Highway (Ipswich - Toowoomba),Hatton Vale,Lockyer Valley Region,4341,Laidley,Darling Downs,Southern,SEQ South,Downs South West,Lockyer Valley - East,Ipswich Hinterland,Ipswich,Inner Regional,Lockyer,Wright,State-controlled,Intersection - T-Junction,No traffic control,100 - 110 km/h,Sealed - Dry,Clear,Daylight,Straight,Level,308,Veh'S Same Direction: Right Turn S/Swipe,Parallel lanes turning,E,0,0,0,1,1,3,0,0,0,0,0,0
2576,Property damage only,2002,February,Sunday,10,Rear-end,Multi-Vehicle,153.0379575,-26.81360325,Bruce Hwy,,Bruce Highway (Brisbane - Gympie),Bells Creek,Sunshine Coast Region,4551,Beerwah,Sunshine Coast,Central,SEQ North,North Coast and Wide Bay/Burnett,Landsborough,Sunshine Coast Hinterland,Sunshine Coast,Inner Regional,Caloundra,Fisher,State-controlled,No Roadway Feature,No traffic control,100 - 110 km/h,Sealed - Dry,Clear,Unknown,Straight,Level,301,Veh'S Same Direction: Rear End,Rear-end,N,0,0,0,0,0,2,0,0,0,0,0,0
2577,Property damage only,2002,February,Monday,8,Angle,Multi-Vehicle,153.0312167,-27.46180898,Boundary St,Wickham St,,Brisbane City,Brisbane City,4000,Brisbane City,North Brisbane,Brisbane,SEQ North,Metropolitan,Fortitude Valley,Brisbane Inner,Brisbane Inner City,Major Cities,Mcconnel,Brisbane,Locally-controlled,Intersection - Cross,Operating traffic lights,60 km/h,Sealed - Dry,Clear,Daylight,Straight,Level,101,Veh'S Adjacent Approach: Thru-Thru,Intersection from adjacent approaches,S,0,0,0,0,0,2,0,0,0,0,0,0
2578,Minor injury,2002,February,Monday,6,Overturned,Single Vehicle,153.1084723,-27.44481311,Paringa Rd,,,Murarrie,Brisbane City,4172,Wynnum,South Brisbane,Brisbane,SEQ South,Metropolitan,Murarrie,Wynnum - Manly,Brisbane - East,Major Cities,Bulimba,Bonner,Locally-controlled,No Roadway Feature,No traffic control,60 km/h,Sealed - Dry,Clear,Daylight,Curved - view open,Level,805,Off Path-Curve: Out Of Control On Cway,Out of control on curve,E,0,0,0,1,1,1,0,0,0,0,0,0
2579,Minor injury,2002,February,Monday,12,Angle,Multi-Vehicle,153.4443127,-28.07332723,Gold Coast Hwy,Nundah Ave,Gold Coast Highway (Broadbeach - Coolangatta),Miami,Gold Coast City,4220,Broadbeach,Gold Coast,South Eastern,SEQ South,South Coast,Miami,Broadbeach - Burleigh,Gold Coast,Major Cities,Mermaid Beach,Moncrieff,State-controlled,Intersection - T-Junction,Operating traffic lights,70 km/h,Sealed - Dry,Clear,Daylight,Straight,Level,100,Veh'S Adjacent Approach: Other,Intersection from adjacent approaches,N,0,0,0,1,1,1,0,0,0,1,0,0
2580,Property damage only,2002,February,Monday,7,Angle,Multi-Vehicle,149.1883854,-21.14153849,Brisbane St,Victoria St,,Mackay,Mackay Region,4740,Mackay,Mackay,Central,Central,Central Queensland,Mackay,Mackay,Mackay - Isaac - Whitsunday,Inner Regional,Mackay,Dawson,Locally-controlled,Intersection - Cross,Give way sign,60 km/h,Sealed - Dry,Clear,Daylight,Straight,Level,101,Veh'S Adjacent Approach: Thru-Thru,Intersection from adjacent approaches,S,0,0,0,0,0,1,0,1,0,0,0,0
2581,Minor injury,2002,February,Tuesday,6,Rear-end,Multi-Vehicle,153.1081104,-27.50117132,Old Cleveland Rd,,,Carindale,Brisbane City,4152,Carina,South Brisbane,Brisbane,SEQ South,Metropolitan,Carindale,Carindale,Brisbane - South,Major Cities,Chatsworth,Bonner,Locally-controlled,No Roadway Feature,No traffic control,70 km/h,Sealed - Dry,Clear,Daylight,Straight,Level,301,Veh'S Same Direction: Rear End,Rear-end,W,0,0,0,1,1,0,0,2,0,0,0,0
2582,Minor injury,2002,February,Tuesday,8,Rear-end,Multi-Vehicle,153.0258815,-27.47436637,Margaret St,,South-East Arterial Road (Pacific Motorway),Brisbane City,Brisbane City,4000,Brisbane City,North Brisbane,Brisbane,SEQ North,Metropolitan,Brisbane City,Brisbane Inner,Brisbane Inner City,Major Cities,Mcconnel,Brisbane,State-controlled,No Roadway Feature,No traffic control,60 km/h,Sealed - Dry,Clear,Daylight,Straight,Level,301,Veh'S Same Direction: Rear End,Rear-end,N,0,0,0,2,2,2,0,0,0,0,0,0
2583,Medical treatment,2002,February,Tuesday,17,Angle,Multi-Vehicle,153.00736,-27.48046295,Hardgrave Rd,Vulture St,,West End,Brisbane City,4101,West End,South Brisbane,Brisbane,SEQ South,Metropolitan,West End,Brisbane Inner,Brisbane Inner City,Major Cities,South Brisbane,Griffith,Locally-controlled,Intersection - Cross,Operating traffic lights,60 km/h,Sealed - Dry,Clear,Daylight,Straight,Level,202,Veh'S Opposite Approach: Thru-Right,Opposing vehicles turning,N,0,0,1,0,1,2,0,0,0,0,0,0
2584,Hospitalisation,2002,February,Tuesday,15,Sideswipe,Multi-Vehicle,153.0457619,-26.72484516,Bruce Hwy,Bruce Hwy On Ramp,Bruce Highway (Brisbane - Gympie),Sippy Downs,Sunshine Coast Region,4556,Sippy Downs,Sunshine Coast,Central,SEQ North,North Coast and Wide Bay/Burnett,Sippy Downs,Buderim,Sunshine Coast,Major Cities,Buderim,Fisher,State-controlled,Intersection - Interchange,No traffic control,100 - 110 km/h,Sealed - Dry,Clear,Daylight,Straight,Level,300,Veh'S Same Direction: Other,Other,S,0,2,0,0,2,2,0,0,0,0,0,0
2585,Property damage only,2002,February,Tuesday,8,Angle,Multi-Vehicle,152.9778171,-27.71002813,Goodna Rd,,,Greenbank,Logan City,4124,Jimboomba,Logan,South Eastern,SEQ South,South Coast,Greenbank,Jimboomba,Logan - Beaudesert,Major Cities,Jordan,Wright,Locally-controlled,No Roadway Feature,No traffic control,0 - 50 km/h,Sealed - Wet,Raining,Daylight,Curved - view open,Level,406,Veh'S Manoeuvring: Leaving Driveway,Vehicle leaving driveway,N,0,0,0,0,0,2,0,0,0,0,0,0
2586,Hospitalisation,2002,February,Tuesday,20,Hit object,Single Vehicle,150.3597157,-27.79581124,Leichhardt Hwy,,Leichhardt Highway (Miles - Goondiwindi),Moonie,Goondiwindi Region,4406,Goondiwindi,Darling Downs,Southern,Southern,Downs South West,Tara,Darling Downs (west) - Maranoa,Darling Downs - Maranoa,Outer Regional,Southern Downs,Maranoa,State-controlled,No Roadway Feature,No traffic control,100 - 110 km/h,Sealed - Dry,Clear,Darkness - Not lighted,Straight,Level,705,Off Path-Straight:Out Of Control On Cway,Out of control on straight,N,0,1,0,0,1,0,0,1,0,0,0,0
2587,Medical treatment,2002,February,Wednesday,15,Sideswipe,Multi-Vehicle,153.1430525,-27.44974097,Burnby Rd,Kianawah Rd,,Wynnum West,Brisbane City,4178,Wynnum,South Brisbane,Brisbane,SEQ South,Metropolitan,Wynnum West - Hemmant,Wynnum - Manly,Brisbane - East,Major Cities,Lytton,Bonner,Locally-controlled,Intersection - T-Junction,No traffic control,60 km/h,Sealed - Dry,Clear,Daylight,Straight,Level,305,Veh'S Same Direction: Lane Side Swipe,Lane changes,S,0,0,1,0,1,1,0,0,0,1,0,0
2588,Medical treatment,2002,February,Wednesday,15,Angle,Multi-Vehicle,152.9789549,-27.32048414,Aldinga St,Strathwyn St,,Brendale,Moreton Bay Region,4500,Albany Creek,North Brisbane,Brisbane,SEQ North,North Coast and Wide Bay/Burnett,Strathpine - Brendale,Strathpine,Moreton Bay - South,Major Cities,Pine Rivers,Dickson,Locally-controlled,Intersection - T-Junction,No traffic control,0 - 50 km/h,Sealed - Dry,Clear,Daylight,Straight,Level,202,Veh'S Opposite Approach: Thru-Right,Opposing vehicles turning,W,0,0,1,0,1,2,0,0,0,0,0,0
2589,Property damage only,2002,February,Wednesday,18,Angle,Multi-Vehicle,153.2581726,-27.52417743,Capalaba - Cleveland Rd,Gordon St,Capalaba - Cleveland Road,Ormiston,Redland City,4160,Cleveland,South Brisbane,Brisbane,SEQ South,Metropolitan,Ormiston,Cleveland - Stradbroke,Brisbane - East,Major Cities,Oodgeroo,Bowman,State-controlled,Intersection - T-Junction,Give way sign,70 km/h,Sealed - Dry,Clear,Daylight,Straight,Level,104,Veh'S Adjacent Approach: Thru-Right,Intersection from adjacent approaches,E,0,0,0,0,0,2,0,0,0,0,0,0
2590,Property damage only,2002,February,Wednesday,4,Hit object,Single Vehicle,152.9705046,-27.28321586,Todds Rd,,,Lawnton,Moreton Bay Region,4501,Petrie,North Brisbane,Brisbane,SEQ North,North Coast and Wide Bay/Burnett,Lawnton,Strathpine,Moreton Bay - South,Major Cities,Kurwongbah,Dickson,Locally-controlled,No Roadway Feature,No traffic control,60 km/h,Sealed - Dry,Clear,Darkness - Not lighted,Curved - view obscured,Dip,804,Off Path-Curve: Off Cway Lt Bend Hit Obj,Off carriageway on curve hit object,E,0,0,0,0,0,1,0,0,0,0,0,0
2591,Minor injury,2002,February,Wednesday,13,Rear-end,Multi-Vehicle,153.0765193,-27.41205618,East - West Arterial Rd,Southern Cross Wy Ramp Xf,East-West Arterial Road,Hendra,Brisbane City,4011,Hendra,North Brisbane,Brisbane,SEQ North,Metropolitan,Hendra,Brisbane Inner - North,Brisbane Inner City,Major Cities,Clayfield,Brisbane,State-controlled,Intersection - Interchange,Give way sign,60 km/h,Sealed - Dry,Clear,Daylight,Straight,Level,302,Veh'S Same Direction: Left Rear,Rear-end,N,0,0,0,1,1,1,0,1,0,0,0,0
2592,Property damage only,2002,February,Wednesday,14,Angle,Multi-Vehicle,152.2787356,-27.55854362,Gatton - Helidon Rd,William St,Gatton - Helidon Road,Gatton,Lockyer Valley Region,4343,Gatton,Darling Downs,Southern,SEQ South,Downs South West,Gatton,Toowoomba,Toowoomba,Inner Regional,Lockyer,Wright,State-controlled,Intersection - Cross,Operating traffic lights,60 km/h,Sealed - Dry,Clear,Daylight,Straight,Level,202,Veh'S Opposite Approach: Thru-Right,Opposing vehicles turning,E,0,0,0,0,0,2,0,0,0,0,0,0
2593,Medical treatment,2002,February,Wednesday,11,Angle,Multi-Vehicle,150.4570733,-27.2764396,Chinchilla - Tara Rd,,Chinchilla - Tara Road,Tara,Western Downs Region,4421,Tara,South West,Southern,Southern,Downs South West,Tara,Darling Downs (west) - Maranoa,Darling Downs - Maranoa,Outer Regional,Warrego,Maranoa,State-controlled,No Roadway Feature,No traffic control,60 km/h,Sealed - Dry,Clear,Daylight,Straight,Level,406,Veh'S Manoeuvring: Leaving Driveway,Vehicle leaving driveway,N,0,0,1,0,1,1,0,0,0,1,0,0
2594,Hospitalisation,2002,February,Wednesday,16,Hit object,Single Vehicle,150.8544466,-26.65112704,Burra Burri Creek Rd,,,Pelican,Western Downs Region,4413,Chinchilla,South West,Southern,Southern,Downs South West,Chinchilla,Darling Downs (west) - Maranoa,Darling Downs - Maranoa,Outer Regional,Callide,Maranoa,Locally-controlled,No Roadway Feature,No traffic control,100 - 110 km/h,Unsealed - Dry,Clear,Daylight,Straight,Level,607,Veh'S On Path: Temporary Object On C'Way,Other,N,0,1,0,0,1,1,0,0,0,0,0,0
2595,Minor injury,2002,February,Wednesday,12,Angle,Multi-Vehicle,149.1865395,-21.14545026,Alfred St,Sydney St,,Mackay,Mackay Region,4740,Mackay,Mackay,Central,Central,Central Queensland,Mackay,Mackay,Mackay - Isaac - Whitsunday,Inner Regional,Mackay,Dawson,Locally-controlled,Intersection - Roundabout,Give way sign,60 km/h,Sealed - Wet,Raining,Daylight,Straight,Level,101,Veh'S Adjacent Approach: Thru-Thru,Intersection from adjacent approaches,S,0,0,0,1,1,2,0,0,0,0,0,0
2596,Medical treatment,2002,February,Thursday,6,Sideswipe,Multi-Vehicle,153.0355647,-27.46097931,Kemp Pl,,,Fortitude Valley,Brisbane City,4006,Fortitude Valley,North Brisbane,Brisbane,SEQ North,Metropolitan,Fortitude Valley,Brisbane Inner,Brisbane Inner City,Major Cities,Mcconnel,Brisbane,Locally-controlled,Merge Lane,No traffic control,60 km/h,Sealed - Dry,Clear,Daylight,Straight,Grade,305,Veh'S Same Direction: Lane Side Swipe,Lane changes,S,0,0,1,0,1,1,0,1,0,0,0,0
2597,Property damage only,2002,February,Thursday,12,Hit object,Single Vehicle,153.0870143,-27.56420344,Logan Sub-Arterial Rd,,Logan Sub-Arterial Road,Upper Mount Gravatt,Brisbane City,4122,Upper Mount Gravatt,South Brisbane,Brisbane,SEQ South,Metropolitan,Upper Mount Gravatt,Mt Gravatt,Brisbane - South,Major Cities,Mansfield,Bonner,State-controlled,No Roadway Feature,No traffic control,60 km/h,Sealed - Dry,Clear,Daylight,Straight,Grade,703,Off Path-Straight: Left Off Cway Hit Obj,Off carriageway on straight hit object,S,0,0,0,0,0,1,0,0,0,0,0,0
2598,Hospitalisation,2002,February,Thursday,18,Rear-end,Multi-Vehicle,153.0159621,-27.35525372,Graham Rd,Gympie Rd,Gympie Arterial Road,Carseldine,Brisbane City,4034,Carseldine,North Brisbane,Brisbane,SEQ North,Metropolitan,Carseldine,Bald Hills - Everton Park,Brisbane - North,Major Cities,Aspley,Petrie,State-controlled,Intersection - T-Junction,Operating traffic lights,70 km/h,Sealed - Dry,Clear,Daylight,Straight,Level,301,Veh'S Same Direction: Rear End,Rear-end,S,0,1,0,2,3,3,0,0,0,0,0,0
2599,Hospitalisation,2002,February,Thursday,18,Hit parked vehicle,Single Vehicle,153.1088587,-27.68235686,Browns Plains Rd,,,Marsden,Logan City,4132,Crestmead,Logan,South Eastern,SEQ South,South Coast,Marsden,Browns Plains,Logan - Beaudesert,Major Cities,Woodridge,Rankin,Locally-controlled,No Roadway Feature,No traffic control,60 km/h,Sealed - Dry,Clear,Daylight,Straight,Level,601,Veh'S On Path: Parked,Hit parked vehicle,W,0,1,0,0,1,2,0,0,0,0,0,0
2600,Hospitalisation,2002,February,Thursday,21,Hit object,Single Vehicle,152.9825405,-26.61583092,Nambour - Bli Bli Rd,,Nambour - Bli Bli Road,Bli Bli,Sunshine Coast Region,4560,Nambour,Sunshine Coast,Central,SEQ North,North Coast and Wide Bay/Burnett,Bli Bli,Nambour,Sunshine Coast,Major Cities,Ninderry,Fairfax,State-controlled,No Roadway Feature,No traffic control,80 - 90 km/h,Sealed - Dry,Clear,Darkness - Not lighted,Curved - view obscured,Crest,805,Off Path-Curve: Out Of Control On Cway,Out of control on curve,E,0,1,0,0,1,1,0,0,0,0,0,0
2601,Minor injury,2002,February,Thursday,13,Hit pedestrian,Hit pedestrian,149.1664712,-21.15393874,Bridge Rd,Bruce Hwy,Bruce Highway (St. Lawrence - Mackay),West Mackay,Mackay Region,4740,Mackay,Mackay,Central,Central,Central Queensland,West Mackay,Mackay,Mackay - Isaac - Whitsunday,Inner Regional,Mackay,Dawson,State-controlled,Intersection - Cross,Operating traffic lights,60 km/h,Sealed - Wet,Raining,Daylight,Straight,Level,1,Ped'N: Near Side Vehicle Hit From Right,Pedestrian,W,0,0,0,1,1,1,0,0,0,0,1,0
2602,Property damage only,2002,February,Thursday,0,Hit object,Single Vehicle,149.2095766,-21.1119751,Mackay - Slade Point Rd,,Mackay - Slade Point Road,Mackay Harbour,Mackay Region,4740,Mackay,Mackay,Central,Central,Central Queensland,North Mackay,Mackay,Mackay - Isaac - Whitsunday,Inner Regional,Mackay,Dawson,State-controlled,No Roadway Feature,No traffic control,60 km/h,Sealed - Wet,Raining,Darkness - Lighted,Straight,Level,703,Off Path-Straight: Left Off Cway Hit Obj,Off carriageway on straight hit object,S,0,0,0,0,0,1,0,0,0,0,0,0
2603,Medical treatment,2002,February,Friday,22,Hit pedestrian,Hit pedestrian,153.0366065,-27.3867257,Hamilton Rd,,,Chermside,Brisbane City,4032,Boondall,North Brisbane,Brisbane,SEQ North,Metropolitan,Chermside,Chermside,Brisbane - North,Major Cities,Stafford,Lilley,Locally-controlled,No Roadway Feature,No traffic control,0 - 50 km/h,Sealed - Dry,Clear,Darkness - Lighted,Straight,Level,4,Ped'N: Play; Work; Stand; Lie On C'Way,Pedestrian,E,0,0,1,0,1,1,0,0,0,0,1,0
2604,Property damage only,2002,February,Friday,15,Rear-end,Multi-Vehicle,153.429175,-28.10189396,Burleigh Connection Rd,Kortum Dr,Burleigh Connection Road,Burleigh Heads,Gold Coast City,4220,Robina,Gold Coast,South Eastern,SEQ South,South Coast,Burleigh Heads,Broadbeach - Burleigh,Gold Coast,Major Cities,Burleigh,Mcpherson,State-controlled,Intersection - T-Junction,Operating traffic lights,60 km/h,Sealed - Dry,Clear,Daylight,Straight,Level,301,Veh'S Same Direction: Rear End,Rear-end,W,0,0,0,0,0,2,0,0,0,0,0,0