Crash_Ref_Number,Crash_Severity,Crash_Year,Crash_Month,Crash_Day_Of_Week,Crash_Hour,Crash_Nature,Crash_Type,Crash_Longitude_GDA94,Crash_Latitude_GDA94,Crash_Street,Crash_Street_Intersecting,State_Road_Name,Loc_Suburb,Loc_Local_Government_Area,Loc_Post_Code,Loc_Police_Division,Loc_Police_District,Loc_Police_Region,Loc_Queensland_Transport_Region,Loc_Main_Roads_Region,Loc_ABS_Statistical_Area_2,Loc_ABS_Statistical_Area_3,Loc_ABS_Statistical_Area_4,Loc_ABS_Remoteness,Loc_State_Electorate,Loc_Federal_Electorate,Crash_Controlling_Authority,Crash_Roadway_Feature,Crash_Traffic_Control,Crash_Speed_Limit,Crash_Road_Surface_Condition,Crash_Atmospheric_Condition,Crash_Lighting_Condition,Crash_Road_Horiz_Align,Crash_Road_Vert_Align,Crash_DCA_Code,Crash_DCA_Description,Crash_DCA_Group_Description,DCA_Key_Approach_Dir,Count_Casualty_Fatality,Count_Casualty_Hospitalised,Count_Casualty_MedicallyTreated,Count_Casualty_MinorInjury,Count_Casualty_Total,Count_Unit_Car,Count_Unit_Motorcycle_Moped,Count_Unit_Truck,Count_Unit_Bus,Count_Unit_Bicycle,Count_Unit_Pedestrian,Count_Unit_Other
2605,Property damage only,2002,February,Saturday,12,Rear-end,Multi-Vehicle,153.00182,-27.4697496,Milton Rd,,,Milton,Brisbane City,4064,Brisbane City,North Brisbane,Brisbane,SEQ North,Metropolitan,Paddington - Milton,Brisbane Inner - West,Brisbane Inner City,Major Cities,Cooper,Brisbane,Locally-controlled,No Roadway Feature,No traffic control,60 km/h,Sealed - Dry,Clear,Daylight,Straight,Grade,301,Veh'S Same Direction: Rear End,Rear-end,E,0,0,0,0,0,2,0,0,0,0,0,0
2606,Minor injury,2002,February,Saturday,23,Angle,Multi-Vehicle,153.0560706,-27.48968203,Cavendish Rd,Jellicoe St,,Coorparoo,Brisbane City,4151,Coorparoo,South Brisbane,Brisbane,SEQ South,Metropolitan,Coorparoo,Holland Park - Yeronga,Brisbane - South,Major Cities,Greenslopes,Griffith,Locally-controlled,Intersection - T-Junction,No traffic control,60 km/h,Sealed - Dry,Clear,Darkness - Lighted,Straight,Level,202,Veh'S Opposite Approach: Thru-Right,Opposing vehicles turning,N,0,0,0,1,1,1,1,0,0,0,0,0
2607,Medical treatment,2002,February,Saturday,13,Hit pedestrian,Hit pedestrian,152.9509454,-27.11199741,Burpengary - Caboolture Rd,,Burpengary - Caboolture Road,Morayfield,Moreton Bay Region,4506,Caboolture,Moreton,Southern,SEQ North,North Coast and Wide Bay/Burnett,Caboolture - South,Caboolture,Moreton Bay - North,Major Cities,Morayfield,Longman,State-controlled,No Roadway Feature,No traffic control,60 km/h,Sealed - Dry,Clear,Daylight,Straight,Level,1,Ped'N: Near Side Vehicle Hit From Right,Pedestrian,S,0,0,1,0,1,1,0,0,0,0,1,0
2608,Minor injury,2002,February,Saturday,16,Hit parked vehicle,Single Vehicle,153.0822288,-26.64449403,Maroochydore - Noosa Rd,,Maroochydore - Noosa Road,Maroochydore,Sunshine Coast Region,4558,Maroochydore,Sunshine Coast,Central,SEQ North,North Coast and Wide Bay/Burnett,Maroochydore - Kuluin,Maroochy,Sunshine Coast,Major Cities,Maroochydore,Fairfax,State-controlled,No Roadway Feature,No traffic control,60 km/h,Sealed - Dry,Clear,Daylight,Straight,Level,700,Off Path-Straight: Other,Other,W,0,0,0,2,2,2,0,0,0,0,0,0
2609,Medical treatment,2002,February,Sunday,3,Hit pedestrian,Hit pedestrian,153.0286202,-27.50017,Annerley Rd,,,Fairfield,Brisbane City,4103,Dutton Park,South Brisbane,Brisbane,SEQ South,Metropolitan,Fairfield - Dutton Park,Holland Park - Yeronga,Brisbane - South,Major Cities,South Brisbane,Moreton,Locally-controlled,No Roadway Feature,No traffic control,60 km/h,Sealed - Dry,Clear,Darkness - Lighted,Straight,Grade,1,Ped'N: Near Side Vehicle Hit From Right,Pedestrian,E,0,0,1,0,1,1,0,0,0,0,1,0
2610,Hospitalisation,2002,February,Sunday,18,Hit object,Single Vehicle,153.0417717,-27.5509344,Orange Grove Rd,,,Salisbury,Brisbane City,4107,Upper Mount Gravatt,South Brisbane,Brisbane,SEQ South,Metropolitan,Salisbury - Nathan,Nathan,Brisbane - South,Major Cities,Toohey,Moreton,Locally-controlled,No Roadway Feature,No traffic control,60 km/h,Sealed - Dry,Clear,Dawn/Dusk,Curved - view open,Grade,804,Off Path-Curve: Off Cway Lt Bend Hit Obj,Off carriageway on curve hit object,S,0,1,0,0,1,1,0,0,0,0,0,0
2611,Medical treatment,2002,February,Sunday,16,Rear-end,Multi-Vehicle,152.97575,-27.0919942,Bruce Hwy,,Bruce Highway (Brisbane - Gympie),Morayfield,Moreton Bay Region,4506,Deception Bay,Moreton,Southern,SEQ North,North Coast and Wide Bay/Burnett,Burpengary - East,Caboolture,Moreton Bay - North,Major Cities,Bancroft,Longman,State-controlled,No Roadway Feature,No traffic control,100 - 110 km/h,Sealed - Dry,Clear,Daylight,Straight,Grade,301,Veh'S Same Direction: Rear End,Rear-end,S,0,0,1,0,1,4,0,0,0,0,0,0
2612,Medical treatment,2002,February,Sunday,1,Hit pedestrian,Hit pedestrian,152.2827637,-27.55713854,Crescent St,,,Gatton,Lockyer Valley Region,4343,Gatton,Darling Downs,Southern,SEQ South,Downs South West,Gatton,Toowoomba,Toowoomba,Inner Regional,Lockyer,Wright,Locally-controlled,No Roadway Feature,No traffic control,60 km/h,Sealed - Dry,Clear,Darkness - Lighted,Straight,Level,0,Ped'N: Hit Other,Other,N,0,0,1,0,1,1,0,0,0,0,1,0
2613,Property damage only,2002,February,Sunday,5,Hit object,Single Vehicle,151.3538543,-23.94592424,Hayes Ave,,,Boyne Island,Gladstone Region,4680,Tannum Sands,Capricornia,Central,Central,Central Queensland,Boyne Island - Tannum Sands,Gladstone,Central Queensland,Inner Regional,Gladstone,Flynn,Locally-controlled,No Roadway Feature,No traffic control,60 km/h,Sealed - Dry,Clear,Dawn/Dusk,Straight,Level,704,Off Path-Straight:Right Off Cway Hit Obj,Off carriageway on straight hit object,W,0,0,0,0,0,1,0,0,0,0,0,0
2614,Minor injury,2002,February,Monday,7,Angle,Multi-Vehicle,152.9724635,-27.6020148,Parakeet St,Partridge St,,Inala,Brisbane City,4077,Inala,South Brisbane,Brisbane,SEQ South,Metropolitan,Inala - Richlands,Forest Lake - Oxley,Ipswich,Major Cities,Inala,Oxley,Locally-controlled,Intersection - Cross,Give way sign,0 - 50 km/h,Sealed - Dry,Clear,Daylight,Straight,Level,101,Veh'S Adjacent Approach: Thru-Thru,Intersection from adjacent approaches,N,0,0,0,1,1,2,0,0,0,0,0,0
2615,Minor injury,2002,February,Monday,5,Hit object,Single Vehicle,152.9434599,-27.61027008,Waterford Rd,,,Ellen Grove,Brisbane City,4078,Inala,South Brisbane,Brisbane,SEQ South,Metropolitan,Forest Lake - Doolandella,Forest Lake - Oxley,Ipswich,Major Cities,Inala,Oxley,Locally-controlled,No Roadway Feature,No traffic control,60 km/h,Sealed - Dry,Clear,Daylight,Curved - view open,Level,803,Off Path-Curve: Off Cway Rt Bend Hit Obj,Off carriageway on curve hit object,W,0,0,0,1,1,1,0,0,0,0,0,0
2616,Medical treatment,2002,February,Monday,15,Angle,Multi-Vehicle,153.0029709,-27.47532289,Coronation Dr,Lang Pde,,Auchenflower,Brisbane City,4066,Indooroopilly,North Brisbane,Brisbane,SEQ North,Metropolitan,Auchenflower,Brisbane Inner - West,Brisbane Inner City,Major Cities,Maiwar,Ryan,Locally-controlled,Intersection - T-Junction,Operating traffic lights,0 - 50 km/h,Sealed - Dry,Clear,Daylight,Straight,Level,202,Veh'S Opposite Approach: Thru-Right,Opposing vehicles turning,S,0,0,1,0,1,2,0,0,0,0,0,0
2617,Medical treatment,2002,February,Monday,22,Angle,Multi-Vehicle,153.0358369,-27.4844889,Main St,Vulture St,,Kangaroo Point,Brisbane City,4169,Dutton Park,South Brisbane,Brisbane,SEQ South,Metropolitan,Kangaroo Point,Brisbane Inner,Brisbane Inner City,Major Cities,South Brisbane,Griffith,Locally-controlled,Intersection - Cross,Operating traffic lights,60 km/h,Sealed - Dry,Clear,Darkness - Lighted,Straight,Level,101,Veh'S Adjacent Approach: Thru-Thru,Intersection from adjacent approaches,N,0,0,2,0,2,2,0,0,0,0,0,0
2618,Medical treatment,2002,February,Monday,19,Hit object,Single Vehicle,153.0986623,-27.67626899,Beardmore St,Coolmunda St,,Marsden,Logan City,4132,Crestmead,Logan,South Eastern,SEQ South,South Coast,Marsden,Browns Plains,Logan - Beaudesert,Major Cities,Woodridge,Rankin,Locally-controlled,Intersection - T-Junction,No traffic control,60 km/h,Sealed - Dry,Clear,Darkness - Lighted,Straight,Level,700,Off Path-Straight: Other,Other,W,0,0,1,0,1,1,0,0,0,0,0,0
2619,Medical treatment,2002,February,Monday,14,Angle,Multi-Vehicle,153.0888442,-27.68070621,Browns Plains Rd,Third Ave,,Marsden,Logan City,4132,Crestmead,Logan,South Eastern,SEQ South,South Coast,Marsden,Browns Plains,Logan - Beaudesert,Major Cities,Woodridge,Rankin,Locally-controlled,Intersection - Cross,Operating traffic lights,70 km/h,Sealed - Dry,Clear,Daylight,Straight,Level,202,Veh'S Opposite Approach: Thru-Right,Opposing vehicles turning,W,0,0,2,1,3,2,0,0,0,0,0,0
2620,Medical treatment,2002,February,Monday,14,Rear-end,Multi-Vehicle,153.4101438,-28.02920703,Southport - Burleigh Rd,,Southport - Burleigh Road,Broadbeach Waters,Gold Coast City,4218,Broadbeach,Gold Coast,South Eastern,SEQ South,South Coast,Broadbeach Waters,Broadbeach - Burleigh,Gold Coast,Major Cities,Surfers Paradise,Moncrieff,State-controlled,No Roadway Feature,No traffic control,70 km/h,Sealed - Dry,Clear,Daylight,Straight,Level,301,Veh'S Same Direction: Rear End,Rear-end,S,0,0,1,0,1,3,0,0,0,0,0,0
2621,Medical treatment,2002,February,Monday,19,Hit object,Single Vehicle,152.6302719,-27.59956021,Thagoona Haigslea Rd,,,Mount Marrow,Ipswich City,4306,Marburg,Ipswich,Southern,SEQ South,Metropolitan,Rosewood,Ipswich Hinterland,Ipswich,Inner Regional,Ipswich West,Blair,Locally-controlled,No Roadway Feature,No traffic control,100 - 110 km/h,Sealed - Dry,Clear,Darkness - Not lighted,Straight,Grade,704,Off Path-Straight:Right Off Cway Hit Obj,Off carriageway on straight hit object,N,0,0,1,0,1,1,0,0,0,0,0,0
2622,Minor injury,2002,February,Monday,17,Hit object,Single Vehicle,152.3856569,-24.86775917,Greathead Rd,,,Kepnock,Bundaberg Region,4670,Bundaberg,Wide Bay Burnett,Central,Southern,North Coast and Wide Bay/Burnett,Ashfield - Kepnock,Bundaberg,Wide Bay,Inner Regional,Bundaberg,Hinkler,Locally-controlled,No Roadway Feature,No traffic control,60 km/h,Sealed - Wet,Raining,Daylight,Straight,Grade,703,Off Path-Straight: Left Off Cway Hit Obj,Off carriageway on straight hit object,S,0,0,0,1,1,1,0,0,0,0,0,0
2623,Property damage only,2002,February,Monday,11,Angle,Multi-Vehicle,151.9481202,-27.54690331,Mort St,Roseberry St,,North Toowoomba,Toowoomba Region,4350,Toowoomba,Darling Downs,Southern,Southern,Downs South West,North Toowoomba - Harlaxton,Toowoomba,Toowoomba,Inner Regional,Toowoomba North,Groom,Locally-controlled,Intersection - T-Junction,No traffic control,60 km/h,Sealed - Dry,Clear,Daylight,Straight,Level,103,Veh'S Adjacent Approach: Left-Thru,Intersection from adjacent approaches,E,0,0,0,0,0,2,0,0,0,0,0,0
2624,Medical treatment,2002,February,Tuesday,15,Sideswipe,Multi-Vehicle,153.0127069,-27.46629831,Upper Roma St,,,Petrie Terrace,Brisbane City,4000,Brisbane City,North Brisbane,Brisbane,SEQ North,Metropolitan,Brisbane City,Brisbane Inner,Brisbane Inner City,Major Cities,Mcconnel,Brisbane,Locally-controlled,No Roadway Feature,No traffic control,60 km/h,Sealed - Dry,Clear,Daylight,Curved - view open,Grade,307,Veh'S Same Direction: Lane Change Left,Lane changes,N,0,0,1,0,1,2,0,0,0,0,0,0
2625,Minor injury,2002,February,Tuesday,16,Hit object,Single Vehicle,153.2105491,-27.72432605,Beenleigh Connection Rd,Main St,Beenleigh Connection Road,Mount Warren Park,Logan City,4207,Beenleigh,Logan,South Eastern,SEQ South,South Coast,Mount Warren Park,Beenleigh,Logan - Beaudesert,Major Cities,Macalister,Forde,State-controlled,Intersection - T-Junction,No traffic control,60 km/h,Sealed - Dry,Clear,Daylight,Straight,Level,708,Off Path-Straight: Mounts Traffic Island,Off carriageway on straight hit object,W,0,0,0,1,1,1,0,0,0,0,0,0
2626,Hospitalisation,2002,February,Tuesday,20,Sideswipe,Multi-Vehicle,152.9939341,-27.25797104,Dohles Rocks Rd,,,Kallangur,Moreton Bay Region,4503,Petrie,North Brisbane,Brisbane,SEQ North,North Coast and Wide Bay/Burnett,Dakabin - Kallangur,North Lakes,Moreton Bay - South,Major Cities,Murrumba,Dickson,Locally-controlled,No Roadway Feature,No traffic control,60 km/h,Sealed - Dry,Clear,Darkness - Not lighted,Curved - view open,Level,201,Veh'S Opposite Approach: Head On,Head-on,W,0,1,0,0,1,2,0,0,0,0,0,0
2627,Minor injury,2002,February,Tuesday,16,Rear-end,Multi-Vehicle,152.7517153,-27.61521442,Burnett St,,,Sadliers Crossing,Ipswich City,4305,Ipswich,Ipswich,Southern,SEQ South,Metropolitan,Ipswich - Central,Ipswich Inner,Ipswich,Major Cities,Ipswich,Blair,Locally-controlled,No Roadway Feature,No traffic control,60 km/h,Sealed - Dry,Clear,Daylight,Straight,Grade,303,Veh'S Same Direction: Right Rear,Rear-end,E,0,0,0,1,1,2,0,0,1,0,0,0
2628,Property damage only,2002,February,Tuesday,8,Rear-end,Multi-Vehicle,152.9604915,-26.63221604,Nambour Connection Rd,,Nambour Connection Road,Nambour,Sunshine Coast Region,4560,Nambour,Sunshine Coast,Central,SEQ North,North Coast and Wide Bay/Burnett,Nambour,Nambour,Sunshine Coast,Major Cities,Nicklin,Fairfax,State-controlled,No Roadway Feature,No traffic control,60 km/h,Sealed - Wet,Clear,Daylight,Straight,Grade,301,Veh'S Same Direction: Rear End,Rear-end,S,0,0,0,0,0,3,0,0,0,0,0,0
2629,Property damage only,2002,February,Tuesday,11,Other,Other,0,0,Invalid Street From Police,,,Unknown,Unknown,Unknown,Unknown,Unknown,Unknown,Unknown,Unknown,Unknown,Unknown,Unknown,Unknown,Unknown,Unknown,Not coded,No Roadway Feature,No traffic control,0 - 50 km/h,Sealed - Dry,Clear,Daylight,Unknown,Unknown,,,Other,,0,0,0,0,0,1,1,0,0,0,0,0
2630,Minor injury,2002,February,Tuesday,19,Hit animal,Other,150.4880737,-23.4124001,Capricorn Hwy,,Capricorn Highway (Rockhampton - Duaringa),Fairy Bower,Rockhampton Region,4700,Gracemere,Capricornia,Central,Central,Central Queensland,Rockhampton - West,Rockhampton,Central Queensland,Inner Regional,Rockhampton,Capricornia,State-controlled,No Roadway Feature,No traffic control,100 - 110 km/h,Sealed - Dry,Clear,Darkness - Not lighted,Straight,Level,609,Pass & Misc: Hit Animal,Hit animal,E,0,0,0,1,1,0,1,0,0,0,0,1
2631,Medical treatment,2002,February,Wednesday,14,Sideswipe,Multi-Vehicle,153.0680187,-27.49738377,Martha St,,,Camp Hill,Brisbane City,4152,Carina,South Brisbane,Brisbane,SEQ South,Metropolitan,Camp Hill,Carindale,Brisbane - South,Major Cities,Greenslopes,Griffith,Locally-controlled,No Roadway Feature,No traffic control,0 - 50 km/h,Sealed - Dry,Clear,Daylight,Curved - view open,Grade,401,Veh'S Manoeuvring: Leaving Parking,Vehicle leaving driveway,S,0,0,1,0,1,2,0,0,0,0,0,0
2632,Medical treatment,2002,February,Wednesday,16,Rear-end,Multi-Vehicle,153.0206396,-27.47000193,South East Arterial Rd,,South-East Arterial Road (Pacific Motorway),Brisbane City,Brisbane City,4000,Brisbane City,North Brisbane,Brisbane,SEQ North,Metropolitan,Brisbane City,Brisbane Inner,Brisbane Inner City,Major Cities,Mcconnel,Brisbane,State-controlled,No Roadway Feature,No traffic control,70 km/h,Sealed - Dry,Clear,Daylight,Straight,Level,301,Veh'S Same Direction: Rear End,Rear-end,N,0,0,1,0,1,3,0,0,0,0,0,0
2633,Minor injury,2002,February,Wednesday,15,Angle,Multi-Vehicle,152.9818408,-27.59841853,Gull St,Skylark St,,Inala,Brisbane City,4077,Inala,South Brisbane,Brisbane,SEQ South,Metropolitan,Inala - Richlands,Forest Lake - Oxley,Ipswich,Major Cities,Inala,Oxley,Locally-controlled,Intersection - Cross,No traffic control,0 - 50 km/h,Sealed - Dry,Clear,Daylight,Straight,Level,309,Veh'S Same Direction: Left Turn S/Swipe,Parallel lanes turning,S,0,0,0,1,1,1,1,0,0,0,0,0
2634,Minor injury,2002,February,Wednesday,1,Hit object,Single Vehicle,152.9811514,-27.62404918,Blunder Rd,,,Forest Lake,Brisbane City,4078,Inala,South Brisbane,Brisbane,SEQ South,Metropolitan,Forest Lake - Doolandella,Forest Lake - Oxley,Ipswich,Major Cities,Algester,Oxley,Locally-controlled,Bridge/Causeway,No traffic control,60 km/h,Sealed - Wet,Raining,Darkness - Lighted,Curved - view obscured,Dip,800,Off Path-Curve: Other,Other,S,0,0,0,1,1,1,0,0,0,0,0,0
2635,Property damage only,2002,February,Wednesday,11,Hit object,Single Vehicle,153.0135954,-27.59815835,Learoyd Rd,,,Willawong,Brisbane City,4110,Inala,South Brisbane,Brisbane,SEQ South,Metropolitan,Pallara - Willawong,Rocklea - Acacia Ridge,Brisbane - South,Major Cities,Algester,Moreton,Locally-controlled,No Roadway Feature,No traffic control,70 km/h,Sealed - Dry,Clear,Daylight,Curved - view open,Level,803,Off Path-Curve: Off Cway Rt Bend Hit Obj,Off carriageway on curve hit object,W,0,0,0,0,0,1,0,0,0,0,0,0
2636,Property damage only,2002,February,Wednesday,9,Rear-end,Multi-Vehicle,153.2020271,-27.71597756,City Rd,George St,,Beenleigh,Logan City,4207,Beenleigh,Logan,South Eastern,SEQ South,South Coast,Beenleigh,Beenleigh,Logan - Beaudesert,Major Cities,Macalister,Forde,Locally-controlled,Intersection - Roundabout,Give way sign,60 km/h,Sealed - Dry,Clear,Daylight,Straight,Level,301,Veh'S Same Direction: Rear End,Rear-end,E,0,0,0,0,0,2,0,0,0,0,0,0
2637,Hospitalisation,2002,February,Wednesday,7,Rear-end,Multi-Vehicle,153.0372278,-27.69638807,Mt Lindesay Art. Rd,,Mount Lindesay Highway (Brisbane-Beaudesert),Park Ridge,Logan City,4125,Browns Plains,Logan,South Eastern,SEQ South,South Coast,Boronia Heights - Park Ridge,Browns Plains,Logan - Beaudesert,Major Cities,Logan,Forde,State-controlled,No Roadway Feature,No traffic control,70 km/h,Sealed - Dry,Clear,Daylight,Straight,Level,301,Veh'S Same Direction: Rear End,Rear-end,N,0,1,0,0,1,3,0,0,0,0,0,0
2638,Property damage only,2002,February,Wednesday,3,Hit object,Single Vehicle,153.4289801,-27.98165659,Breaker St,Main Beach Pde,,Main Beach,Gold Coast City,4217,Surfers Paradise,Gold Coast,South Eastern,SEQ South,South Coast,Main Beach,Surfers Paradise,Gold Coast,Major Cities,Surfers Paradise,Moncrieff,Locally-controlled,Intersection - T-Junction,No traffic control,0 - 50 km/h,Sealed - Wet,Clear,Darkness - Lighted,Straight,Level,704,Off Path-Straight:Right Off Cway Hit Obj,Off carriageway on straight hit object,N,0,0,0,0,0,2,0,0,0,0,0,0
2639,Minor injury,2002,February,Thursday,17,Rear-end,Multi-Vehicle,153.1194218,-27.61100657,Springwood Rd,,,Underwood,Logan City,4119,Logan Central,Logan,South Eastern,SEQ South,South Coast,Underwood,Springwood - Kingston,Logan - Beaudesert,Major Cities,Waterford,Rankin,Locally-controlled,No Roadway Feature,No traffic control,60 km/h,Sealed - Dry,Clear,Daylight,Straight,Grade,301,Veh'S Same Direction: Rear End,Rear-end,W,0,0,0,1,1,2,0,0,0,0,0,0
2640,Hospitalisation,2002,February,Thursday,3,Hit object,Single Vehicle,153.1153961,-27.61730652,Brisbane - Beenleigh Rd,,Brisbane - Beenleigh Road,Underwood,Logan City,4119,Logan Central,Logan,South Eastern,SEQ South,South Coast,Underwood,Springwood - Kingston,Logan - Beaudesert,Major Cities,Waterford,Rankin,State-controlled,No Roadway Feature,No traffic control,70 km/h,Sealed - Dry,Clear,Darkness - Lighted,Straight,Level,708,Off Path-Straight: Mounts Traffic Island,Off carriageway on straight hit object,N,0,1,0,0,1,1,0,0,0,0,0,0
2641,Hospitalisation,2002,February,Thursday,23,Hit object,Single Vehicle,152.9702126,-26.81332461,Hardwood Rd,White Gums St,,Landsborough,Sunshine Coast Region,4550,Landsborough,Sunshine Coast,Central,SEQ North,North Coast and Wide Bay/Burnett,Landsborough,Sunshine Coast Hinterland,Sunshine Coast,Inner Regional,Caloundra,Fisher,Locally-controlled,Intersection - T-Junction,No traffic control,0 - 50 km/h,Sealed - Dry,Clear,Darkness - Lighted,Straight,Level,704,Off Path-Straight:Right Off Cway Hit Obj,Off carriageway on straight hit object,W,0,1,0,0,1,1,0,0,0,0,0,0
2642,Hospitalisation,2002,February,Thursday,8,Angle,Multi-Vehicle,153.3830744,-28.07003371,Cheltenham Dr,Woody Views Wy,,Robina,Gold Coast City,4226,Robina,Gold Coast,South Eastern,SEQ South,South Coast,Robina,Robina,Gold Coast,Major Cities,Mudgeeraba,Mcpherson,Locally-controlled,Intersection - T-Junction,No traffic control,60 km/h,Sealed - Dry,Clear,Daylight,Curved - view open,Level,406,Veh'S Manoeuvring: Leaving Driveway,Vehicle leaving driveway,N,0,1,2,0,3,2,0,0,0,0,0,0
2643,Property damage only,2002,February,Thursday,21,Sideswipe,Multi-Vehicle,151.2612295,-23.84785143,Auckland St,Tank St,,Gladstone Central,Gladstone Region,4680,Gladstone,Capricornia,Central,Central,Central Queensland,Gladstone,Gladstone,Central Queensland,Inner Regional,Gladstone,Flynn,Locally-controlled,Intersection - Cross,Operating traffic lights,60 km/h,Sealed - Dry,Clear,Darkness - Lighted,Straight,Level,201,Veh'S Opposite Approach: Head On,Head-on,W,0,0,0,0,0,3,0,0,0,0,0,0
2644,Medical treatment,2002,February,Friday,7,Rear-end,Multi-Vehicle,153.0181233,-27.40418038,Webster Rd,Wilgarning St,,Stafford Heights,Brisbane City,4053,Stafford,North Brisbane,Brisbane,SEQ North,Metropolitan,Stafford Heights,Chermside,Brisbane - North,Major Cities,Stafford,Lilley,Locally-controlled,Intersection - Cross,Operating traffic lights,70 km/h,Sealed - Dry,Clear,Daylight,Straight,Dip,301,Veh'S Same Direction: Rear End,Rear-end,S,0,0,1,0,1,2,0,0,0,0,0,0
2645,Property damage only,2002,February,Friday,14,Angle,Multi-Vehicle,153.035429,-27.49986194,Ipswich Rd,,,Woolloongabba,Brisbane City,4102,Dutton Park,South Brisbane,Brisbane,SEQ South,Metropolitan,Woolloongabba,Holland Park - Yeronga,Brisbane - South,Major Cities,South Brisbane,Griffith,Locally-controlled,No Roadway Feature,No traffic control,60 km/h,Sealed - Dry,Clear,Daylight,Straight,Level,307,Veh'S Same Direction: Lane Change Left,Lane changes,S,0,0,0,0,0,2,0,0,0,0,0,0
2646,Property damage only,2002,February,Friday,20,Hit object,Single Vehicle,153.276538,-27.53158186,Channel St,Fogarty St,,Cleveland,Redland City,4163,Cleveland,South Brisbane,Brisbane,SEQ South,Metropolitan,Cleveland,Cleveland - Stradbroke,Brisbane - East,Major Cities,Oodgeroo,Bowman,Locally-controlled,Intersection - Cross,No traffic control,0 - 50 km/h,Sealed - Wet,Raining,Darkness - Not lighted,Straight,Level,704,Off Path-Straight:Right Off Cway Hit Obj,Off carriageway on straight hit object,W,0,0,0,0,0,2,0,0,0,0,0,0
2647,Property damage only,2002,February,Friday,20,Hit parked vehicle,Single Vehicle,153.1894783,-27.52492606,Mt Cotton Rd,,Brisbane - Redland Road,Capalaba,Redland City,4157,Capalaba,South Brisbane,Brisbane,SEQ South,Metropolitan,Capalaba,Capalaba,Brisbane - East,Major Cities,Capalaba,Bowman,State-controlled,No Roadway Feature,No traffic control,60 km/h,Sealed - Wet,Raining,Darkness - Lighted,Straight,Grade,601,Veh'S On Path: Parked,Hit parked vehicle,N,0,0,0,0,0,2,0,0,0,0,0,0
2648,Property damage only,2002,February,Friday,14,Angle,Multi-Vehicle,152.7563237,-27.58786708,Ipswich - Warrego Hwy Connection Rd,Waterworks Rd,Ipswich - Warrego Hwy Connection Road,North Ipswich,Ipswich City,4305,Karana Downs,Ipswich,Southern,SEQ South,Metropolitan,North Ipswich - Tivoli,Ipswich Inner,Ipswich,Major Cities,Ipswich West,Blair,State-controlled,Intersection - T-Junction,No traffic control,60 km/h,Sealed - Dry,Clear,Daylight,Curved - view open,Grade,202,Veh'S Opposite Approach: Thru-Right,Opposing vehicles turning,W,0,0,0,0,0,2,0,0,0,0,0,0
2649,Medical treatment,2002,February,Friday,13,Rear-end,Multi-Vehicle,152.8946967,-27.60577325,Ipswich Mwy,,Cunningham Highway (Ipswich Motorway),Goodna,Ipswich City,4300,Goodna,Ipswich,Southern,SEQ South,Metropolitan,Goodna,Springfield - Redbank,Ipswich,Major Cities,Bundamba,Oxley,State-controlled,No Roadway Feature,No traffic control,100 - 110 km/h,Sealed - Dry,Clear,Daylight,Straight,Grade,301,Veh'S Same Direction: Rear End,Rear-end,W,0,0,1,0,1,2,0,0,0,0,0,0
2650,Property damage only,2002,February,Friday,6,Hit object,Single Vehicle,153.1068961,-26.66799636,Maroochydore - Mooloolaba Rd,,Maroochydore - Mooloolaba Road,Alexandra Headland,Sunshine Coast Region,4572,Maroochydore,Sunshine Coast,Central,SEQ North,North Coast and Wide Bay/Burnett,Mooloolaba - Alexandra Headland,Maroochy,Sunshine Coast,Major Cities,Maroochydore,Fisher,State-controlled,No Roadway Feature,Pedestrian operated lights,60 km/h,Sealed - Dry,Clear,Daylight,Straight,Level,708,Off Path-Straight: Mounts Traffic Island,Off carriageway on straight hit object,N,0,0,0,0,0,1,0,0,0,0,0,0
2651,Hospitalisation,2002,February,Friday,16,Hit pedestrian,Hit pedestrian,153.3866107,-27.94623253,Central St,,,Labrador,Gold Coast City,4215,Southport,Gold Coast,South Eastern,SEQ South,South Coast,Labrador,Gold Coast - North,Gold Coast,Major Cities,Bonney,Fadden,Locally-controlled,No Roadway Feature,No traffic control,60 km/h,Sealed - Dry,Clear,Daylight,Straight,Level,1,Ped'N: Near Side Vehicle Hit From Right,Pedestrian,W,0,1,0,0,1,1,0,0,0,0,1,0
2652,Property damage only,2002,February,Friday,23,Hit parked vehicle,Single Vehicle,153.4152476,-27.97113919,Scarborough St,,,Southport,Gold Coast City,4215,Southport,Gold Coast,South Eastern,SEQ South,South Coast,Southport - North,Southport,Gold Coast,Major Cities,Southport,Moncrieff,Locally-controlled,No Roadway Feature,No traffic control,60 km/h,Sealed - Dry,Clear,Darkness - Lighted,Straight,Level,700,Off Path-Straight: Other,Other,,0,0,0,0,0,4,0,0,0,0,0,0