Crash_Ref_Number,Crash_Severity,Crash_Year,Crash_Month,Crash_Day_Of_Week,Crash_Hour,Crash_Nature,Crash_Type,Crash_Longitude_GDA94,Crash_Latitude_GDA94,Crash_Street,Crash_Street_Intersecting,State_Road_Name,Loc_Suburb,Loc_Local_Government_Area,Loc_Post_Code,Loc_Police_Division,Loc_Police_District,Loc_Police_Region,Loc_Queensland_Transport_Region,Loc_Main_Roads_Region,Loc_ABS_Statistical_Area_2,Loc_ABS_Statistical_Area_3,Loc_ABS_Statistical_Area_4,Loc_ABS_Remoteness,Loc_State_Electorate,Loc_Federal_Electorate,Crash_Controlling_Authority,Crash_Roadway_Feature,Crash_Traffic_Control,Crash_Speed_Limit,Crash_Road_Surface_Condition,Crash_Atmospheric_Condition,Crash_Lighting_Condition,Crash_Road_Horiz_Align,Crash_Road_Vert_Align,Crash_DCA_Code,Crash_DCA_Description,Crash_DCA_Group_Description,DCA_Key_Approach_Dir,Count_Casualty_Fatality,Count_Casualty_Hospitalised,Count_Casualty_MedicallyTreated,Count_Casualty_MinorInjury,Count_Casualty_Total,Count_Unit_Car,Count_Unit_Motorcycle_Moped,Count_Unit_Truck,Count_Unit_Bus,Count_Unit_Bicycle,Count_Unit_Pedestrian,Count_Unit_Other
2701,Hospitalisation,2002,March,Friday,11,Angle,Multi-Vehicle,153.4287861,-28.05944681,Oceanic Dr,Sunshine Blvd,,Mermaid Waters,Gold Coast City,4218,Broadbeach,Gold Coast,South Eastern,SEQ South,South Coast,Mermaid Waters,Broadbeach - Burleigh,Gold Coast,Major Cities,Mermaid Beach,Moncrieff,Locally-controlled,Intersection - T-Junction,Operating traffic lights,60 km/h,Sealed - Dry,Clear,Daylight,Straight,Level,202,Veh'S Opposite Approach: Thru-Right,Opposing vehicles turning,S,0,1,0,0,1,0,0,0,0,1,0,1
2702,Hospitalisation,2002,March,Friday,1,Hit object,Single Vehicle,153.0272236,-26.50844328,Zgrajewski Rd,,,Yandina Creek,Sunshine Coast Region,4561,Coolum,Sunshine Coast,Central,SEQ North,North Coast and Wide Bay/Burnett,Eumundi - Yandina,Nambour,Sunshine Coast,Inner Regional,Ninderry,Fairfax,Locally-controlled,No Roadway Feature,No traffic control,80 - 90 km/h,Unsealed - Dry,Clear,Darkness - Not lighted,Straight,Grade,703,Off Path-Straight: Left Off Cway Hit Obj,Off carriageway on straight hit object,W,0,2,0,0,2,1,0,0,0,0,0,0
2703,Property damage only,2002,March,Friday,18,Hit object,Single Vehicle,152.9719598,-26.61148582,Nambour Connection Rd,,Nambour Connection Road,Nambour,Sunshine Coast Region,4560,Nambour,Sunshine Coast,Central,SEQ North,North Coast and Wide Bay/Burnett,Nambour,Nambour,Sunshine Coast,Major Cities,Nicklin,Fairfax,State-controlled,No Roadway Feature,No traffic control,60 km/h,Sealed - Wet,Raining,Darkness - Not lighted,Straight,Dip,607,Veh'S On Path: Temporary Object On C'Way,Other,S,0,0,0,0,0,1,0,0,0,0,0,0
2704,Property damage only,2002,March,Friday,21,Angle,Multi-Vehicle,153.1027781,-26.40157271,Maroochydore - Noosa Rd,Solway Dr,,Sunshine Beach,Noosa Shire,4567,Noosa Heads,Sunshine Coast,Central,SEQ North,North Coast and Wide Bay/Burnett,Sunshine Beach,Noosa,Sunshine Coast,Major Cities,Noosa,Wide Bay,Locally-controlled,Intersection - T-Junction,Give way sign,60 km/h,Sealed - Dry,Clear,Darkness - Lighted,Straight,Level,104,Veh'S Adjacent Approach: Thru-Right,Intersection from adjacent approaches,E,0,0,0,0,0,2,0,0,0,0,0,0
2705,Medical treatment,2002,March,Friday,16,Fall from vehicle,Single Vehicle,152.6335786,-27.61704999,Karrabin - Rosewood Rd,,Karrabin - Rosewood Road,Thagoona,Ipswich City,4306,Rosewood,Ipswich,Southern,SEQ South,Metropolitan,Rosewood,Ipswich Hinterland,Ipswich,Inner Regional,Ipswich West,Blair,State-controlled,No Roadway Feature,No traffic control,100 - 110 km/h,Sealed - Wet,Raining,Daylight,Straight,Grade,705,Off Path-Straight:Out Of Control On Cway,Out of control on straight,W,0,0,1,0,1,0,1,0,0,0,0,0
2706,Hospitalisation,2002,March,Friday,9,Angle,Multi-Vehicle,152.3376534,-24.86904607,Bundaberg - Bargara Rd,Isis Hwy,Isis Highway (Bundaberg - Childers),Bundaberg West,Bundaberg Region,4670,Bundaberg,Wide Bay Burnett,Central,Southern,North Coast and Wide Bay/Burnett,Bundaberg,Bundaberg,Wide Bay,Inner Regional,Bundaberg,Hinkler,State-controlled,Intersection - Cross,Operating traffic lights,60 km/h,Sealed - Dry,Clear,Daylight,Straight,Level,202,Veh'S Opposite Approach: Thru-Right,Opposing vehicles turning,W,0,2,0,0,2,2,0,0,0,0,0,0
2707,Property damage only,2002,March,Friday,16,Hit parked vehicle,Single Vehicle,151.9270822,-27.60117988,Baker St,,,Darling Heights,Toowoomba Region,4350,Drayton,Darling Downs,Southern,Southern,Downs South West,Darling Heights,Toowoomba,Toowoomba,Inner Regional,Toowoomba South,Groom,Locally-controlled,No Roadway Feature,No traffic control,60 km/h,Sealed - Wet,Clear,Daylight,Straight,Level,601,Veh'S On Path: Parked,Hit parked vehicle,N,0,0,0,0,0,1,0,0,1,0,0,0
2708,Property damage only,2002,March,Saturday,13,Hit object,Single Vehicle,152.986743,-27.46977395,Rouen Rd,,Western Arterial Road (Toowong - Everton Park),Bardon,Brisbane City,4065,The Gap,North Brisbane,Brisbane,SEQ North,Metropolitan,Bardon,Brisbane Inner - West,Brisbane Inner City,Major Cities,Maiwar,Ryan,State-controlled,No Roadway Feature,No traffic control,60 km/h,Sealed - Wet,Raining,Daylight,Curved - view obscured,Grade,301,Veh'S Same Direction: Rear End,Rear-end,N,0,0,0,0,0,2,0,0,0,0,0,0
2709,Property damage only,2002,March,Saturday,15,Head-on,Multi-Vehicle,153.1065617,-27.50605762,Winstanley St,,,Carindale,Brisbane City,4152,Carina,South Brisbane,Brisbane,SEQ South,Metropolitan,Carindale,Carindale,Brisbane - South,Major Cities,Chatsworth,Bonner,Locally-controlled,No Roadway Feature,No traffic control,60 km/h,Sealed - Wet,Raining,Daylight,Straight,Level,201,Veh'S Opposite Approach: Head On,Head-on,E,0,0,0,0,0,2,0,0,0,0,0,0
2710,Hospitalisation,2002,March,Saturday,9,Rear-end,Multi-Vehicle,153.0529891,-27.50400625,Pembroke Rd,Upper Cornwall St,,Coorparoo,Brisbane City,4151,Coorparoo,South Brisbane,Brisbane,SEQ South,Metropolitan,Greenslopes,Holland Park - Yeronga,Brisbane - South,Major Cities,Greenslopes,Griffith,Locally-controlled,Intersection - Cross,No traffic control,60 km/h,Sealed - Wet,Clear,Daylight,Straight,Grade,303,Veh'S Same Direction: Right Rear,Rear-end,,0,1,1,0,2,2,0,0,0,0,0,0
2711,Medical treatment,2002,March,Saturday,15,Hit object,Single Vehicle,153.160668,-27.70897869,Brisbane - Beenleigh Rd,,Brisbane - Beenleigh Road,Waterford,Logan City,4133,Beenleigh,Logan,South Eastern,SEQ South,South Coast,Bethania - Waterford,Loganlea - Carbrook,Logan - Beaudesert,Major Cities,Macalister,Forde,State-controlled,No Roadway Feature,No traffic control,60 km/h,Unsealed - Wet,Raining,Daylight,Curved - view obscured,Crest,803,Off Path-Curve: Off Cway Rt Bend Hit Obj,Off carriageway on curve hit object,N,0,0,1,0,1,1,0,0,0,0,0,0
2712,Medical treatment,2002,March,Saturday,20,Hit object,Single Vehicle,152.9500086,-27.0704193,Dances Rd,Pumicestone Rd,,Caboolture,Moreton Bay Region,4510,Caboolture,Moreton,Southern,SEQ North,North Coast and Wide Bay/Burnett,Caboolture,Caboolture,Moreton Bay - North,Major Cities,Morayfield,Longman,Locally-controlled,Intersection - T-Junction,Give way sign,60 km/h,Sealed - Dry,Clear,Darkness - Not lighted,Straight,Level,704,Off Path-Straight:Right Off Cway Hit Obj,Off carriageway on straight hit object,E,0,0,1,0,1,1,0,0,0,0,0,0
2713,Medical treatment,2002,March,Saturday,13,Rear-end,Multi-Vehicle,153.4809656,-28.14494725,Pacific Hwy,,Pacific Highway (Pacific Motorway),Currumbin,Gold Coast City,4223,Coolangatta,Gold Coast,South Eastern,SEQ South,South Coast,Currumbin - Tugun,Coolangatta,Gold Coast,Major Cities,Currumbin,Mcpherson,State-controlled,No Roadway Feature,No traffic control,80 - 90 km/h,Sealed - Wet,Raining,Daylight,Straight,Level,301,Veh'S Same Direction: Rear End,Rear-end,N,0,0,1,0,1,3,0,0,0,0,0,0
2714,Hospitalisation,2002,March,Saturday,13,Head-on,Multi-Vehicle,152.868417,-26.39164436,Bruce Hwy,,Cooroy - Gympie Road,Pomona,Noosa Shire,4568,Pomona,Sunshine Coast,Central,SEQ North,North Coast and Wide Bay/Burnett,Noosa Hinterland,Noosa Hinterland,Sunshine Coast,Inner Regional,Noosa,Wide Bay,State-controlled,No Roadway Feature,No traffic control,100 - 110 km/h,Sealed - Wet,Raining,Daylight,Curved - view open,Grade,201,Veh'S Opposite Approach: Head On,Head-on,N,0,1,3,0,4,4,0,0,0,0,0,0
2715,Property damage only,2002,March,Saturday,6,Overturned,Single Vehicle,152.6002229,-27.91219645,Cunningham Hwy,,Cunningham Highway (Ipswich - Warwick),Silverdale,Scenic Rim Region,4307,Kalbar,Ipswich,Southern,SEQ South,South Coast,Boonah,Ipswich Hinterland,Ipswich,Inner Regional,Scenic Rim,Wright,State-controlled,No Roadway Feature,No traffic control,100 - 110 km/h,Sealed - Wet,Raining,Daylight,Straight,Level,701,Off Path-Straight: Left Off Cway,Off carriageway on straight,N,0,0,0,0,0,1,0,0,0,0,0,0
2716,Property damage only,2002,March,Saturday,11,Hit object,Single Vehicle,152.6697907,-27.51262357,Brisbane Valley Hwy,,Brisbane Valley Highway (Ipswich-Harlin),Wanora,Somerset Region,4306,Marburg,Ipswich,Southern,SEQ North,North Coast and Wide Bay/Burnett,Lowood,Ipswich Hinterland,Ipswich,Inner Regional,Lockyer,Blair,State-controlled,No Roadway Feature,No traffic control,100 - 110 km/h,Sealed - Wet,Raining,Daylight,Curved - view obscured,Crest,607,Veh'S On Path: Temporary Object On C'Way,Other,S,0,0,0,0,0,0,0,1,0,0,0,0
2717,Property damage only,2002,March,Saturday,0,Angle,Multi-Vehicle,152.3455496,-24.86704835,Bundaberg - Bargara Rd,Mclean St,Bundaberg - Bargara Road,Bundaberg Central,Bundaberg Region,4670,Bundaberg,Wide Bay Burnett,Central,Southern,North Coast and Wide Bay/Burnett,Bundaberg,Bundaberg,Wide Bay,Inner Regional,Bundaberg,Hinkler,State-controlled,Intersection - T-Junction,No traffic control,60 km/h,Sealed - Wet,Raining,Darkness - Lighted,Straight,Level,202,Veh'S Opposite Approach: Thru-Right,Opposing vehicles turning,E,0,0,0,0,0,3,0,0,0,0,0,0
2718,Property damage only,2002,March,Sunday,14,Rear-end,Multi-Vehicle,153.1005172,-27.50037524,Creek Rd,Old Cleveland Rd,,Carindale,Brisbane City,4152,Carina,South Brisbane,Brisbane,SEQ South,Metropolitan,Carindale,Carindale,Brisbane - South,Major Cities,Chatsworth,Bonner,Locally-controlled,Intersection - Cross,Operating traffic lights,60 km/h,Sealed - Wet,Clear,Daylight,Straight,Level,301,Veh'S Same Direction: Rear End,Rear-end,N,0,0,0,0,0,2,0,0,0,0,0,0
2719,Minor injury,2002,March,Sunday,12,Rear-end,Multi-Vehicle,153.0156944,-27.46464675,Countess St,,,Petrie Terrace,Brisbane City,4000,Brisbane City,North Brisbane,Brisbane,SEQ North,Metropolitan,Brisbane City,Brisbane Inner,Brisbane Inner City,Major Cities,Mcconnel,Brisbane,Locally-controlled,No Roadway Feature,No traffic control,60 km/h,Sealed - Wet,Raining,Daylight,Straight,Grade,301,Veh'S Same Direction: Rear End,Rear-end,S,0,0,0,1,1,3,0,0,0,0,0,0
2720,Property damage only,2002,March,Sunday,9,Hit object,Single Vehicle,153.1050272,-27.58312895,South East Art Rd Ramp Xs,,South-East Arterial Road (Pacific Motorway),Rochedale,Brisbane City,4123,Upper Mount Gravatt,South Brisbane,Brisbane,SEQ South,Metropolitan,Rochedale - Burbank,Mt Gravatt,Brisbane - South,Major Cities,Mansfield,Bonner,State-controlled,Intersection - Interchange,No traffic control,100 - 110 km/h,Sealed - Wet,Clear,Daylight,Curved - view open,Level,804,Off Path-Curve: Off Cway Lt Bend Hit Obj,Off carriageway on curve hit object,S,0,0,0,0,0,1,0,0,0,0,0,0
2721,Property damage only,2002,March,Sunday,13,Angle,Multi-Vehicle,153.1407951,-27.455071,Padbury St,,,Hemmant,Brisbane City,4174,Wynnum,South Brisbane,Brisbane,SEQ South,Metropolitan,Wynnum West - Hemmant,Wynnum - Manly,Brisbane - East,Major Cities,Lytton,Bonner,Locally-controlled,No Roadway Feature,No traffic control,0 - 50 km/h,Sealed - Wet,Clear,Daylight,Straight,Level,202,Veh'S Opposite Approach: Thru-Right,Opposing vehicles turning,S,0,0,0,0,0,2,0,0,0,0,0,0
2722,Property damage only,2002,March,Sunday,14,Rear-end,Multi-Vehicle,151.9516639,-24.9851231,Bruce Hwy,,Bruce Highway (Gin Gin - Benaraby),Gin Gin,Bundaberg Region,4671,Gin Gin,Wide Bay Burnett,Central,Southern,North Coast and Wide Bay/Burnett,Gin Gin,Burnett,Wide Bay,Outer Regional,Callide,Flynn,State-controlled,No Roadway Feature,No traffic control,60 km/h,Sealed - Dry,Clear,Daylight,Straight,Level,303,Veh'S Same Direction: Right Rear,Rear-end,N,0,0,0,0,0,3,0,0,0,0,0,0
2723,Property damage only,2002,March,Sunday,11,Hit object,Single Vehicle,151.3090858,-25.64982821,Glenrae Dip Rd,,,Glenrae,North Burnett Region,4626,Mundubbera,Wide Bay Burnett,Central,Southern,North Coast and Wide Bay/Burnett,Gayndah - Mundubbera,Burnett,Wide Bay,Outer Regional,Callide,Flynn,Locally-controlled,No Roadway Feature,No traffic control,100 - 110 km/h,Unsealed - Dry,Clear,Daylight,Straight,Level,705,Off Path-Straight:Out Of Control On Cway,Out of control on straight,W,0,0,0,0,0,1,0,0,0,0,0,0
2724,Minor injury,2002,March,Sunday,0,Hit object,Single Vehicle,151.9523713,-27.52435918,Kelly St,O'Brien St,,Harlaxton,Toowoomba Region,4350,Toowoomba,Darling Downs,Southern,Southern,Downs South West,North Toowoomba - Harlaxton,Toowoomba,Toowoomba,Inner Regional,Toowoomba North,Groom,Locally-controlled,Intersection - T-Junction,No traffic control,60 km/h,Sealed - Wet,Fog,Darkness - Lighted,Straight,Grade,703,Off Path-Straight: Left Off Cway Hit Obj,Off carriageway on straight hit object,N,0,0,0,3,3,1,0,0,0,0,0,0
2725,Minor injury,2002,March,Sunday,16,Angle,Multi-Vehicle,150.7496426,-23.133004,Anzac Pde,Yeppoon - Emu Park Rd,,Yeppoon,Livingstone Shire,4703,Yeppoon,Capricornia,Central,Central,Central Queensland,Yeppoon,Rockhampton,Central Queensland,Inner Regional,Keppel,Capricornia,Locally-controlled,Intersection - T-Junction,Give way sign,0 - 50 km/h,Sealed - Dry,Clear,Daylight,Curved - view open,Grade,104,Veh'S Adjacent Approach: Thru-Right,Intersection from adjacent approaches,S,0,0,0,1,1,2,0,0,0,0,0,0
2726,Hospitalisation,2002,March,Monday,11,Angle,Multi-Vehicle,153.0141694,-27.4716549,Merivale St,Montague Rd,,South Brisbane,Brisbane City,4101,West End,South Brisbane,Brisbane,SEQ South,Metropolitan,South Brisbane,Brisbane Inner,Brisbane Inner City,Major Cities,South Brisbane,Griffith,Locally-controlled,Intersection - Cross,No traffic control,60 km/h,Sealed - Dry,Clear,Daylight,Straight,Level,202,Veh'S Opposite Approach: Thru-Right,Opposing vehicles turning,N,0,1,1,0,2,2,0,0,0,0,0,0
2727,Medical treatment,2002,March,Monday,6,Rear-end,Multi-Vehicle,153.020182,-27.28836083,Bruce Hwy,,Bruce Highway (Brisbane - Gympie),Griffin,Moreton Bay Region,4503,Mango Hill North Lakes,North Brisbane,Brisbane,SEQ North,North Coast and Wide Bay/Burnett,Murrumba Downs - Griffin,North Lakes,Moreton Bay - South,Major Cities,Murrumba,Petrie,State-controlled,No Roadway Feature,No traffic control,80 - 90 km/h,Sealed - Dry,Clear,Daylight,Straight,Level,301,Veh'S Same Direction: Rear End,Rear-end,S,0,0,1,0,1,1,0,0,0,0,0,1
2728,Property damage only,2002,March,Monday,16,Angle,Multi-Vehicle,152.3189671,-24.87318467,Duffy St,River Tce,,Millbank,Bundaberg Region,4670,Bundaberg,Wide Bay Burnett,Central,Southern,North Coast and Wide Bay/Burnett,Millbank - Avoca,Bundaberg,Wide Bay,Inner Regional,Bundaberg,Hinkler,Locally-controlled,Intersection - Cross,Give way sign,60 km/h,Sealed - Dry,Clear,Daylight,Straight,Level,101,Veh'S Adjacent Approach: Thru-Thru,Intersection from adjacent approaches,W,0,0,0,0,0,2,0,0,0,0,0,0
2729,Property damage only,2002,March,Monday,16,Overturned,Single Vehicle,152.197625,-25.27501357,North South Rd,,,Kullogum,Bundaberg Region,4660,Childers,Wide Bay Burnett,Central,Southern,North Coast and Wide Bay/Burnett,Bundaberg Region - South,Bundaberg,Wide Bay,Inner Regional,Burnett,Hinkler,Locally-controlled,No Roadway Feature,No traffic control,100 - 110 km/h,Unsealed - Dry,Clear,Daylight,Straight,Crest,705,Off Path-Straight:Out Of Control On Cway,Out of control on straight,S,0,0,0,0,0,1,0,0,0,0,0,0
2730,Property damage only,2002,March,Monday,7,Sideswipe,Multi-Vehicle,151.9315794,-27.55957878,Goodwood St,Hill St,,Newtown,Toowoomba Region,4350,Toowoomba,Darling Downs,Southern,Southern,Downs South West,Newtown (qld),Toowoomba,Toowoomba,Inner Regional,Toowoomba North,Groom,Locally-controlled,Intersection - T-Junction,No traffic control,60 km/h,Sealed - Dry,Clear,Daylight,Straight,Level,506,Veh'S Overtaking: Overtake-Right Turn,Overtaking same direction,W,0,0,0,0,0,2,0,0,0,0,0,0
2731,Property damage only,2002,March,Monday,6,Angle,Multi-Vehicle,151.2551634,-23.84654616,Dawson Hwy,Gladstone - Mt Larcom Rd,Dawson Highway (Gladstone - Biloela),Gladstone Central,Gladstone Region,4680,Gladstone,Capricornia,Central,Central,Central Queensland,Gladstone,Gladstone,Central Queensland,Inner Regional,Gladstone,Flynn,State-controlled,Intersection - Cross,Operating traffic lights,60 km/h,Sealed - Dry,Clear,Daylight,Straight,Level,101,Veh'S Adjacent Approach: Thru-Thru,Intersection from adjacent approaches,E,0,0,0,0,0,2,0,0,0,0,0,0
2732,Medical treatment,2002,March,Tuesday,22,Sideswipe,Multi-Vehicle,153.422309,-27.98002362,Gold Coast Hwy,Waterways Dr,,Main Beach,Gold Coast City,4217,Surfers Paradise,Gold Coast,South Eastern,SEQ South,South Coast,Main Beach,Surfers Paradise,Gold Coast,Major Cities,Surfers Paradise,Moncrieff,Locally-controlled,Intersection - T-Junction,Operating traffic lights,0 - 50 km/h,Sealed - Dry,Clear,Darkness - Lighted,Straight,Level,305,Veh'S Same Direction: Lane Side Swipe,Lane changes,S,0,0,1,0,1,2,0,0,0,0,0,0
2733,Hospitalisation,2002,March,Wednesday,17,Sideswipe,Multi-Vehicle,153.0181774,-27.57873377,Mortimer Rd,,,Acacia Ridge,Brisbane City,4110,Acacia Ridge,South Brisbane,Brisbane,SEQ South,Metropolitan,Rocklea - Acacia Ridge,Rocklea - Acacia Ridge,Brisbane - South,Major Cities,Algester,Moreton,Locally-controlled,No Roadway Feature,No traffic control,60 km/h,Sealed - Dry,Clear,Daylight,Straight,Level,305,Veh'S Same Direction: Lane Side Swipe,Lane changes,W,0,1,0,0,1,1,0,0,0,1,0,0
2734,Minor injury,2002,March,Wednesday,7,Rear-end,Multi-Vehicle,153.0137828,-27.53800598,Ipswich Rd,,,Moorooka,Brisbane City,4105,Moorooka,South Brisbane,Brisbane,SEQ South,Metropolitan,Moorooka,Nathan,Brisbane - South,Major Cities,Toohey,Moreton,Locally-controlled,No Roadway Feature,No traffic control,60 km/h,Sealed - Dry,Clear,Daylight,Straight,Level,301,Veh'S Same Direction: Rear End,Rear-end,N,0,0,0,1,1,3,0,0,0,0,0,0
2735,Medical treatment,2002,March,Wednesday,13,Angle,Multi-Vehicle,153.0274295,-27.49769535,Annerley Rd,Gladstone Rd,,Dutton Park,Brisbane City,4102,Dutton Park,South Brisbane,Brisbane,SEQ South,Metropolitan,Fairfield - Dutton Park,Holland Park - Yeronga,Brisbane - South,Major Cities,South Brisbane,Griffith,Locally-controlled,Intersection - T-Junction,Operating traffic lights,60 km/h,Sealed - Dry,Clear,Daylight,Curved - view open,Grade,202,Veh'S Opposite Approach: Thru-Right,Opposing vehicles turning,N,0,0,1,0,1,2,0,0,0,0,0,0
2736,Property damage only,2002,March,Wednesday,20,Angle,Multi-Vehicle,153.0457581,-27.47964864,Lytton Rd,Northcote St,,East Brisbane,Brisbane City,4169,Dutton Park,South Brisbane,Brisbane,SEQ South,Metropolitan,East Brisbane,Brisbane Inner - East,Brisbane Inner City,Major Cities,South Brisbane,Griffith,Locally-controlled,Intersection - T-Junction,Stop sign,60 km/h,Sealed - Dry,Clear,Darkness - Lighted,Straight,Level,107,Veh'S Adjacent Approach: Thru-Left,Intersection from adjacent approaches,W,0,0,0,0,0,2,0,0,0,0,0,0
2737,Property damage only,2002,March,Wednesday,13,Angle,Multi-Vehicle,152.9840243,-27.64869855,Johnson Rd,Stapylton Rd,,Heathwood,Brisbane City,4124,Inala,South Brisbane,Brisbane,SEQ South,Metropolitan,Greenbank Military Camp,Browns Plains,Logan - Beaudesert,Major Cities,Jordan,Wright,Locally-controlled,Intersection - Cross,Stop sign,80 - 90 km/h,Sealed - Dry,Clear,Daylight,Straight,Level,202,Veh'S Opposite Approach: Thru-Right,Opposing vehicles turning,W,0,0,0,0,0,2,0,0,0,0,0,0
2738,Medical treatment,2002,March,Wednesday,14,Hit object,Single Vehicle,152.5563307,-27.56385729,Warrego Hwy,,Warrego Highway (Ipswich - Toowoomba),Minden,Somerset Region,4311,Marburg,Ipswich,Southern,SEQ North,North Coast and Wide Bay/Burnett,Lowood,Ipswich Hinterland,Ipswich,Inner Regional,Lockyer,Blair,State-controlled,No Roadway Feature,No traffic control,100 - 110 km/h,Sealed - Dry,Clear,Daylight,Straight,Grade,703,Off Path-Straight: Left Off Cway Hit Obj,Off carriageway on straight hit object,W,0,0,1,0,1,1,0,0,0,0,0,0
2739,Property damage only,2002,March,Wednesday,16,Rear-end,Multi-Vehicle,152.5826441,-25.73301354,Bruce Hwy,,Bruce Highway (Gympie - Maryborough),Tiaro,Fraser Coast Region,4650,Tiaro,Wide Bay Burnett,Central,Southern,North Coast and Wide Bay/Burnett,Maryborough Region - South,Maryborough,Wide Bay,Inner Regional,Maryborough,Wide Bay,State-controlled,No Roadway Feature,No traffic control,100 - 110 km/h,Sealed - Wet,Clear,Daylight,Straight,Level,301,Veh'S Same Direction: Rear End,Rear-end,N,0,0,0,0,0,2,0,0,0,0,0,0
2740,Property damage only,2002,March,Wednesday,16,Angle,Multi-Vehicle,151.9439883,-27.52936865,Hogg St,Mort St,,Cranley,Toowoomba Region,4350,Toowoomba,Darling Downs,Southern,Southern,Downs South West,Wilsonton,Toowoomba,Toowoomba,Inner Regional,Toowoomba North,Groom,Locally-controlled,Intersection - Cross,Give way sign,60 km/h,Sealed - Dry,Clear,Daylight,Straight,Level,101,Veh'S Adjacent Approach: Thru-Thru,Intersection from adjacent approaches,E,0,0,0,0,0,2,0,0,0,0,0,0
2741,Property damage only,2002,March,Wednesday,13,Hit parked vehicle,Single Vehicle,151.9382854,-27.53975373,North St,,,Rockville,Toowoomba Region,4350,Toowoomba,Darling Downs,Southern,Southern,Downs South West,Wilsonton,Toowoomba,Toowoomba,Inner Regional,Toowoomba North,Groom,Locally-controlled,No Roadway Feature,No traffic control,60 km/h,Sealed - Dry,Clear,Daylight,Straight,Grade,601,Veh'S On Path: Parked,Hit parked vehicle,E,0,0,0,0,0,2,0,0,0,0,0,0
2742,Property damage only,2002,March,Wednesday,17,Hit object,Single Vehicle,150.7396836,-23.12927659,Braithwaite St,,,Yeppoon,Livingstone Shire,4703,Yeppoon,Capricornia,Central,Central,Central Queensland,Yeppoon,Rockhampton,Central Queensland,Inner Regional,Keppel,Capricornia,Locally-controlled,No Roadway Feature,No traffic control,0 - 50 km/h,Sealed - Dry,Clear,Daylight,Curved - view open,Level,803,Off Path-Curve: Off Cway Rt Bend Hit Obj,Off carriageway on curve hit object,N,0,0,0,0,0,1,0,0,0,0,0,0
2743,Medical treatment,2002,March,Wednesday,17,Angle,Multi-Vehicle,149.1447354,-21.22107658,Pratts Rd,,,Bakers Creek,Mackay Region,4740,Mackay,Mackay,Central,Central,Central Queensland,Ooralea - Bakers Creek,Mackay,Mackay - Isaac - Whitsunday,Inner Regional,Mirani,Capricornia,Locally-controlled,Railway Crossing,Railway - lights only,60 km/h,Sealed - Dry,Clear,Daylight,Curved - view open,Level,903,Pass & Misc: Hit Train,Train,W,0,0,1,0,1,1,0,0,0,0,0,1
2744,Property damage only,2002,March,Wednesday,9,Angle,Multi-Vehicle,149.1933066,-21.12291726,Mackay - Slade Point Rd,Ungerer St,Mackay - Slade Point Road,North Mackay,Mackay Region,4740,Mackay,Mackay,Central,Central,Central Queensland,North Mackay,Mackay,Mackay - Isaac - Whitsunday,Inner Regional,Mackay,Dawson,State-controlled,Intersection - T-Junction,Give way sign,60 km/h,Sealed - Dry,Clear,Daylight,Straight,Level,104,Veh'S Adjacent Approach: Thru-Right,Intersection from adjacent approaches,E,0,0,0,0,0,2,0,0,0,0,0,0
2745,Medical treatment,2002,March,Thursday,13,Angle,Multi-Vehicle,153.0191878,-27.54381311,Gladstone St,Muriel Ave,,Moorooka,Brisbane City,4105,Moorooka,South Brisbane,Brisbane,SEQ South,Metropolitan,Moorooka,Nathan,Brisbane - South,Major Cities,Toohey,Moreton,Locally-controlled,Intersection - T-Junction,No traffic control,0 - 50 km/h,Sealed - Dry,Clear,Daylight,Straight,Level,104,Veh'S Adjacent Approach: Thru-Right,Intersection from adjacent approaches,W,0,0,1,0,1,1,0,1,0,0,0,0
2746,Property damage only,2002,March,Thursday,3,Hit object,Single Vehicle,153.1047359,-27.58426,South East Art Rd Ramp Xt,,South-East Arterial Road (Pacific Motorway),Eight Mile Plains,Brisbane City,4113,Upper Mount Gravatt,South Brisbane,Brisbane,SEQ South,Metropolitan,Eight Mile Plains,Mt Gravatt,Brisbane - South,Major Cities,Toohey,Moreton,State-controlled,Intersection - Interchange,No traffic control,70 km/h,Sealed - Dry,Clear,Darkness - Lighted,Curved - view open,Level,804,Off Path-Curve: Off Cway Lt Bend Hit Obj,Off carriageway on curve hit object,N,0,0,0,0,0,1,0,0,0,0,0,0
2747,Minor injury,2002,March,Thursday,0,Hit object,Single Vehicle,153.2693489,-27.52489514,Shore St West,Wynyard St,,Cleveland,Redland City,4163,Cleveland,South Brisbane,Brisbane,SEQ South,Metropolitan,Cleveland,Cleveland - Stradbroke,Brisbane - East,Major Cities,Oodgeroo,Bowman,Locally-controlled,Intersection - Roundabout,Give way sign,60 km/h,Sealed - Dry,Clear,Darkness - Lighted,Straight,Level,703,Off Path-Straight: Left Off Cway Hit Obj,Off carriageway on straight hit object,W,0,0,0,1,1,1,0,0,0,0,0,0
2748,Minor injury,2002,March,Thursday,13,Hit object,Single Vehicle,152.7709977,-27.61524476,Ipswich - Cunningham Hwy Connection Rd,,Ipswich - Cunningham Hwy Connection Road,Ipswich,Ipswich City,4305,Ipswich,Ipswich,Southern,SEQ South,Metropolitan,Ipswich - Central,Ipswich Inner,Ipswich,Major Cities,Ipswich,Blair,State-controlled,No Roadway Feature,No traffic control,60 km/h,Sealed - Dry,Clear,Daylight,Straight,Level,201,Veh'S Opposite Approach: Head On,Head-on,W,0,0,0,2,2,2,0,0,0,0,0,0