Crash_Ref_Number,Crash_Severity,Crash_Year,Crash_Month,Crash_Day_Of_Week,Crash_Hour,Crash_Nature,Crash_Type,Crash_Longitude_GDA94,Crash_Latitude_GDA94,Crash_Street,Crash_Street_Intersecting,State_Road_Name,Loc_Suburb,Loc_Local_Government_Area,Loc_Post_Code,Loc_Police_Division,Loc_Police_District,Loc_Police_Region,Loc_Queensland_Transport_Region,Loc_Main_Roads_Region,Loc_ABS_Statistical_Area_2,Loc_ABS_Statistical_Area_3,Loc_ABS_Statistical_Area_4,Loc_ABS_Remoteness,Loc_State_Electorate,Loc_Federal_Electorate,Crash_Controlling_Authority,Crash_Roadway_Feature,Crash_Traffic_Control,Crash_Speed_Limit,Crash_Road_Surface_Condition,Crash_Atmospheric_Condition,Crash_Lighting_Condition,Crash_Road_Horiz_Align,Crash_Road_Vert_Align,Crash_DCA_Code,Crash_DCA_Description,Crash_DCA_Group_Description,DCA_Key_Approach_Dir,Count_Casualty_Fatality,Count_Casualty_Hospitalised,Count_Casualty_MedicallyTreated,Count_Casualty_MinorInjury,Count_Casualty_Total,Count_Unit_Car,Count_Unit_Motorcycle_Moped,Count_Unit_Truck,Count_Unit_Bus,Count_Unit_Bicycle,Count_Unit_Pedestrian,Count_Unit_Other
2798,Medical treatment,2002,March,Thursday,21,Angle,Multi-Vehicle,152.6678361,-26.20032589,Bruce Hwy,River Rd,Bruce Highway (Brisbane - Gympie),Gympie,Gympie Region,4570,Gympie,Wide Bay Burnett,Central,Southern,North Coast and Wide Bay/Burnett,Gympie - North,Gympie - Cooloola,Wide Bay,Inner Regional,Gympie,Wide Bay,State-controlled,Intersection - T-Junction,Operating traffic lights,60 km/h,Sealed - Dry,Clear,Darkness - Lighted,Curved - view obscured,Grade,102,Veh'S Adjacent Approach: Right-Thru,Intersection from adjacent approaches,W,0,0,1,0,1,1,0,1,0,0,0,0
2799,Hospitalisation,2002,March,Thursday,10,Sideswipe,Multi-Vehicle,151.8840384,-27.61463,Hanrahans Rd,Toowoomba - Karara Rd,Toowoomba - Karara Road,Drayton,Toowoomba Region,4350,Drayton,Darling Downs,Southern,Southern,Downs South West,Drayton - Harristown,Toowoomba,Toowoomba,Inner Regional,Condamine,Groom,State-controlled,Intersection - T-Junction,No traffic control,100 - 110 km/h,Sealed - Dry,Clear,Daylight,Curved - view open,Level,201,Veh'S Opposite Approach: Head On,Head-on,N,0,1,0,0,1,3,0,0,0,0,0,0
2800,Property damage only,2002,March,Thursday,9,Angle,Multi-Vehicle,151.0238761,-24.02207113,Potters Rd,,,Wooderson,Gladstone Region,4680,Calliope,Capricornia,Central,Central,Central Queensland,Gladstone Hinterland,Gladstone,Central Queensland,Outer Regional,Callide,Flynn,Locally-controlled,Railway Crossing,Railway - lights only,100 - 110 km/h,Unsealed - Dry,Clear,Daylight,Curved - view open,Grade,903,Pass & Misc: Hit Train,Train,S,0,0,0,0,0,0,0,1,0,0,0,1
2801,Property damage only,2002,March,Thursday,21,Overturned,Single Vehicle,151.3627668,-24.02337448,Tannum Sands Rd,,Tannum Sands Road,Tannum Sands,Gladstone Region,4680,Tannum Sands,Capricornia,Central,Central,Central Queensland,Boyne Island - Tannum Sands,Gladstone,Central Queensland,Inner Regional,Gladstone,Flynn,State-controlled,No Roadway Feature,No traffic control,100 - 110 km/h,Sealed - Dry,Clear,Darkness - Not lighted,Curved - view obscured,Level,804,Off Path-Curve: Off Cway Lt Bend Hit Obj,Off carriageway on curve hit object,S,0,0,0,0,0,1,0,0,0,0,0,0
2802,Hospitalisation,2002,March,Friday,20,Angle,Multi-Vehicle,153.0757353,-27.50019458,Chatsworth Rd,Samuel St,,Camp Hill,Brisbane City,4152,Carina,South Brisbane,Brisbane,SEQ South,Metropolitan,Coorparoo,Holland Park - Yeronga,Brisbane - South,Major Cities,Greenslopes,Griffith,Locally-controlled,Intersection - Cross,Operating traffic lights,60 km/h,Sealed - Dry,Clear,Darkness - Lighted,Straight,Crest,202,Veh'S Opposite Approach: Thru-Right,Opposing vehicles turning,W,0,1,0,0,1,2,0,0,0,0,0,0
2803,Property damage only,2002,March,Friday,17,Angle,Multi-Vehicle,153.0932247,-27.49554255,Dickenson St,Old Cleveland Rd,,Carina,Brisbane City,4152,Carina,South Brisbane,Brisbane,SEQ South,Metropolitan,Carina,Carindale,Brisbane - South,Major Cities,Chatsworth,Griffith,Locally-controlled,Intersection - T-Junction,Give way sign,60 km/h,Sealed - Dry,Clear,Daylight,Straight,Level,104,Veh'S Adjacent Approach: Thru-Right,Intersection from adjacent approaches,E,0,0,0,0,0,2,0,0,0,0,0,0
2804,Medical treatment,2002,March,Friday,14,Rear-end,Multi-Vehicle,153.0305532,-27.38477287,Gympie Rd,,Gympie Arterial Road,Chermside,Brisbane City,4032,Boondall,North Brisbane,Brisbane,SEQ North,Metropolitan,Chermside,Chermside,Brisbane - North,Major Cities,Stafford,Lilley,State-controlled,No Roadway Feature,No traffic control,60 km/h,Sealed - Dry,Clear,Daylight,Straight,Level,301,Veh'S Same Direction: Rear End,Rear-end,S,0,0,1,0,1,2,0,0,0,0,0,0
2805,Property damage only,2002,March,Friday,9,Rear-end,Multi-Vehicle,153.0125358,-27.34581611,Gympie Rd,,Gympie Arterial Road,Carseldine,Brisbane City,4034,Carseldine,North Brisbane,Brisbane,SEQ North,Metropolitan,Carseldine,Bald Hills - Everton Park,Brisbane - North,Major Cities,Aspley,Petrie,State-controlled,No Roadway Feature,No traffic control,60 km/h,Sealed - Dry,Clear,Daylight,Straight,Level,301,Veh'S Same Direction: Rear End,Rear-end,S,0,0,0,0,0,3,0,0,0,0,0,0
2806,Property damage only,2002,March,Friday,14,Sideswipe,Multi-Vehicle,152.9876887,-27.21198415,Boundary Rd,Old Gympie Rd,,Dakabin,Moreton Bay Region,4503,Burpengary,Moreton,Southern,SEQ North,North Coast and Wide Bay/Burnett,Dakabin - Kallangur,North Lakes,Moreton Bay - South,Major Cities,Murrumba,Longman,Locally-controlled,Intersection - Roundabout,Give way sign,60 km/h,Sealed - Dry,Clear,Daylight,Straight,Level,305,Veh'S Same Direction: Lane Side Swipe,Lane changes,W,0,0,0,0,0,1,0,1,0,0,0,0
2807,Property damage only,2002,March,Friday,17,Rear-end,Multi-Vehicle,153.3376947,-27.87874738,Oxenford - Southport Rd,,Hope Island Road,Hope Island,Gold Coast City,4212,Coomera,Gold Coast,South Eastern,SEQ South,South Coast,Hope Island,Ormeau - Oxenford,Gold Coast,Major Cities,Broadwater,Fadden,State-controlled,No Roadway Feature,No traffic control,80 - 90 km/h,Sealed - Dry,Clear,Daylight,Curved - view open,Level,301,Veh'S Same Direction: Rear End,Rear-end,E,0,0,0,0,0,3,0,0,0,0,0,0
2808,Medical treatment,2002,March,Friday,23,Hit object,Single Vehicle,152.8098881,-27.00198692,Mcleod La,,,Delaneys Creek,Moreton Bay Region,4514,Woodford,Moreton,Southern,SEQ North,North Coast and Wide Bay/Burnett,Woodford - Daguilar,Caboolture Hinterland,Moreton Bay - North,Inner Regional,Glass House,Longman,Locally-controlled,No Roadway Feature,No traffic control,100 - 110 km/h,Unsealed - Dry,Clear,Darkness - Not lighted,Curved - view open,Level,800,Off Path-Curve: Other,Other,N,0,0,1,0,1,1,0,0,0,0,0,0
2809,Minor injury,2002,March,Friday,9,Rear-end,Multi-Vehicle,153.3513272,-27.87065242,Oxenford - Southport Rd,,Hope Island Road,Hope Island,Gold Coast City,4212,Coomera,Gold Coast,South Eastern,SEQ South,South Coast,Hope Island,Ormeau - Oxenford,Gold Coast,Major Cities,Broadwater,Fadden,State-controlled,No Roadway Feature,Road/Rail worker,60 km/h,Sealed - Dry,Clear,Daylight,Curved - view open,Level,301,Veh'S Same Direction: Rear End,Rear-end,W,0,0,0,1,1,1,0,1,0,0,0,0
2810,Medical treatment,2002,March,Friday,17,Hit object,Single Vehicle,150.5430339,-23.34780996,Duthie Ave,,,Frenchville,Rockhampton Region,4701,North Rockhampton,Capricornia,Central,Central,Central Queensland,Frenchville - Mount Archer,Rockhampton,Central Queensland,Inner Regional,Keppel,Capricornia,Locally-controlled,No Roadway Feature,No traffic control,60 km/h,Sealed - Dry,Clear,Daylight,Straight,Level,700,Off Path-Straight: Other,Other,S,0,0,1,0,1,1,0,0,0,0,0,0
2811,Medical treatment,2002,March,Saturday,2,Hit object,Single Vehicle,152.9840728,-27.5298462,Elizabeth St,Thomas St,,Sherwood,Brisbane City,4075,Sherwood,South Brisbane,Brisbane,SEQ South,Metropolitan,Sherwood,Sherwood - Indooroopilly,Brisbane - West,Major Cities,Miller,Moreton,Locally-controlled,Intersection - Cross,No traffic control,0 - 50 km/h,Sealed - Dry,Clear,Darkness - Lighted,Straight,Level,700,Off Path-Straight: Other,Other,S,0,0,1,0,1,1,0,0,0,0,0,0
2812,Medical treatment,2002,March,Saturday,12,Rear-end,Multi-Vehicle,153.0115179,-27.34346645,Gympie Rd,,Gympie Arterial Road,Carseldine,Brisbane City,4034,Carseldine,North Brisbane,Brisbane,SEQ North,Metropolitan,Carseldine,Bald Hills - Everton Park,Brisbane - North,Major Cities,Aspley,Petrie,State-controlled,No Roadway Feature,No traffic control,70 km/h,Sealed - Dry,Clear,Daylight,Straight,Level,400,Veh'S Manoeuvring: Other,Other,E,0,0,1,0,1,2,0,0,0,0,0,0
2813,Property damage only,2002,March,Saturday,14,Angle,Multi-Vehicle,153.4130878,-28.03602301,Manapouri St,Nerang - Broadbeach Rd,Nerang - Broadbeach Road,Broadbeach Waters,Gold Coast City,4218,Broadbeach,Gold Coast,South Eastern,SEQ South,South Coast,Broadbeach Waters,Broadbeach - Burleigh,Gold Coast,Major Cities,Surfers Paradise,Moncrieff,State-controlled,Intersection - T-Junction,Operating traffic lights,70 km/h,Sealed - Dry,Clear,Daylight,Straight,Level,203,Veh'S Opposite Approach: Right-Left,Opposing vehicles turning,W,0,0,0,0,0,2,0,0,0,0,0,0
2814,Property damage only,2002,March,Saturday,12,Hit object,Single Vehicle,153.0739474,-26.53744105,Sunshine Mwy,,Sunshine Motorway (Mooloolaba - Peregian),Coolum Beach,Sunshine Coast Region,4573,Coolum,Sunshine Coast,Central,SEQ North,North Coast and Wide Bay/Burnett,Eumundi - Yandina,Nambour,Sunshine Coast,Inner Regional,Ninderry,Fairfax,State-controlled,No Roadway Feature,No traffic control,100 - 110 km/h,Sealed - Dry,Clear,Daylight,Straight,Level,703,Off Path-Straight: Left Off Cway Hit Obj,Off carriageway on straight hit object,N,0,0,0,0,0,1,0,0,0,0,0,0
2815,Hospitalisation,2002,March,Saturday,22,Hit pedestrian,Hit pedestrian,153.3952425,-27.96193989,Smith St Connection Rd,,Smith Street Connection,Southport,Gold Coast City,4215,Southport,Gold Coast,South Eastern,SEQ South,South Coast,Southport - North,Southport,Gold Coast,Major Cities,Bonney,Moncrieff,State-controlled,No Roadway Feature,No traffic control,70 km/h,Sealed - Dry,Clear,Darkness - Lighted,Straight,Level,3,Ped'N: Far Side Vehicle Hit From Left,Pedestrian,W,0,1,0,0,1,1,0,0,0,0,1,0
2816,Medical treatment,2002,March,Saturday,12,Fall from vehicle,Single Vehicle,152.7913302,-26.82645592,Maleny - Stanley River Rd,,Maleny - Stanley River Road,Booroobin,Moreton Bay Region,4552,Woodford,Moreton,Southern,SEQ North,North Coast and Wide Bay/Burnett,Woodford - Daguilar,Caboolture Hinterland,Moreton Bay - North,Inner Regional,Glass House,Longman,State-controlled,No Roadway Feature,No traffic control,100 - 110 km/h,Sealed - Dry,Clear,Daylight,Curved - view open,Grade,805,Off Path-Curve: Out Of Control On Cway,Out of control on curve,N,0,0,1,0,1,0,1,0,0,0,0,0
2817,Property damage only,2002,March,Saturday,12,Overturned,Single Vehicle,152.7464223,-26.09985332,Tin Can Bay Rd,,Tin Can Bay Road,Ross Creek,Gympie Region,4570,Gympie,Wide Bay Burnett,Central,Southern,North Coast and Wide Bay/Burnett,Gympie Region,Gympie - Cooloola,Wide Bay,Inner Regional,Gympie,Wide Bay,State-controlled,No Roadway Feature,No traffic control,100 - 110 km/h,Sealed - Dry,Clear,Daylight,Straight,Grade,701,Off Path-Straight: Left Off Cway,Off carriageway on straight,E,0,0,0,0,0,1,0,0,0,0,0,0
2818,Minor injury,2002,March,Saturday,11,Rear-end,Multi-Vehicle,152.8834928,-25.2919859,Maryborough - Hervey Bay Rd,Robertson St,Maryborough - Hervey Bay Road,Urangan,Fraser Coast Region,4655,Hervey Bay,Wide Bay Burnett,Central,Southern,North Coast and Wide Bay/Burnett,Torquay - Scarness - Kawungan,Hervey Bay,Wide Bay,Inner Regional,Hervey Bay,Hinkler,State-controlled,Intersection - T-Junction,No traffic control,60 km/h,Sealed - Dry,Clear,Daylight,Straight,Level,303,Veh'S Same Direction: Right Rear,Rear-end,E,0,0,0,1,1,2,0,0,0,0,0,0
2819,Property damage only,2002,March,Sunday,19,Hit object,Single Vehicle,153.0265192,-27.51797073,Frederick St,Villa St,,Annerley,Brisbane City,4103,Annerley,South Brisbane,Brisbane,SEQ South,Metropolitan,Annerley,Holland Park - Yeronga,Brisbane - South,Major Cities,Miller,Moreton,Locally-controlled,Intersection - Roundabout,Give way sign,0 - 50 km/h,Sealed - Dry,Clear,Darkness - Lighted,Straight,Level,704,Off Path-Straight:Right Off Cway Hit Obj,Off carriageway on straight hit object,S,0,0,0,0,0,1,0,0,0,0,0,0
2820,Hospitalisation,2002,March,Sunday,13,Angle,Multi-Vehicle,153.0278155,-27.48902187,Annerley Rd,Gloucester St,,Woolloongabba,Brisbane City,4102,Dutton Park,South Brisbane,Brisbane,SEQ South,Metropolitan,South Brisbane,Brisbane Inner,Brisbane Inner City,Major Cities,South Brisbane,Griffith,Locally-controlled,Intersection - T-Junction,No traffic control,60 km/h,Sealed - Dry,Clear,Daylight,Straight,Level,104,Veh'S Adjacent Approach: Thru-Right,Intersection from adjacent approaches,N,0,1,0,0,1,2,0,0,0,0,0,0
2821,Medical treatment,2002,March,Sunday,15,Hit pedestrian,Hit pedestrian,152.7768231,-27.6273953,Edgar St,,,Eastern Heights,Ipswich City,4305,Ipswich,Ipswich,Southern,SEQ South,Metropolitan,Ipswich - East,Ipswich Inner,Ipswich,Major Cities,Ipswich,Blair,Locally-controlled,No Roadway Feature,No traffic control,60 km/h,Sealed - Dry,Clear,Daylight,Straight,Level,4,Ped'N: Play; Work; Stand; Lie On C'Way,Pedestrian,W,0,0,1,0,1,1,0,0,0,0,1,0
2822,Medical treatment,2002,March,Sunday,16,Rear-end,Multi-Vehicle,153.4354344,-28.04690288,Gold Coast Hwy,,Gold Coast Highway (Broadbeach - Coolangatta),Mermaid Beach,Gold Coast City,4218,Broadbeach,Gold Coast,South Eastern,SEQ South,South Coast,Mermaid Beach - Broadbeach,Broadbeach - Burleigh,Gold Coast,Major Cities,Mermaid Beach,Moncrieff,State-controlled,No Roadway Feature,No traffic control,70 km/h,Sealed - Dry,Clear,Daylight,Straight,Level,301,Veh'S Same Direction: Rear End,Rear-end,S,0,0,1,0,1,3,0,0,0,0,0,0
2823,Medical treatment,2002,March,Sunday,14,Angle,Multi-Vehicle,153.423565,-28.08608798,Christine Ave,Mattocks Rd,,Varsity Lakes,Gold Coast City,4227,Robina,Gold Coast,South Eastern,SEQ South,South Coast,Varsity Lakes,Robina,Gold Coast,Major Cities,Burleigh,Mcpherson,Locally-controlled,Intersection - T-Junction,Operating traffic lights,60 km/h,Sealed - Dry,Clear,Daylight,Straight,Level,202,Veh'S Opposite Approach: Thru-Right,Opposing vehicles turning,W,0,0,1,0,1,3,0,0,0,0,0,0
2824,Medical treatment,2002,March,Monday,6,Rear-end,Multi-Vehicle,153.1171073,-27.54719012,Gateway Arterial Rd,,Gateway Motorway (Eight Mile Plains - Nudgee),Rochedale,Brisbane City,4123,Upper Mount Gravatt,South Brisbane,Brisbane,SEQ South,Metropolitan,Wishart,Mt Gravatt,Brisbane - South,Major Cities,Mansfield,Bonner,State-controlled,No Roadway Feature,No traffic control,100 - 110 km/h,Sealed - Dry,Clear,Daylight,Straight,Level,301,Veh'S Same Direction: Rear End,Rear-end,N,0,0,1,0,1,3,0,0,0,0,0,0
2825,Medical treatment,2002,March,Monday,17,Hit object,Single Vehicle,153.1485163,-27.66620992,Logan Mwy,,Logan Motorway (Gailes - Loganholme),Meadowbrook,Logan City,4131,Logan Central,Logan,South Eastern,SEQ South,South Coast,Loganlea,Loganlea - Carbrook,Logan - Beaudesert,Major Cities,Waterford,Rankin,State-controlled,No Roadway Feature,No traffic control,100 - 110 km/h,Sealed - Dry,Clear,Daylight,Curved - view open,Level,805,Off Path-Curve: Out Of Control On Cway,Out of control on curve,W,0,0,1,0,1,1,0,0,0,0,0,0
2826,Medical treatment,2002,March,Monday,16,Rear-end,Multi-Vehicle,153.1894397,-27.52515824,Moreton Bay Rd,Mt Cotton Rd,Brisbane - Redland Road,Capalaba,Redland City,4157,Capalaba,South Brisbane,Brisbane,SEQ South,Metropolitan,Capalaba,Capalaba,Brisbane - East,Major Cities,Capalaba,Bowman,State-controlled,Intersection - Cross,Operating traffic lights,60 km/h,Sealed - Dry,Clear,Daylight,Straight,Level,301,Veh'S Same Direction: Rear End,Rear-end,E,0,0,1,0,1,2,0,0,0,0,0,0
2827,Property damage only,2002,March,Monday,7,Angle,Multi-Vehicle,153.0411238,-27.42993626,Albion Rd,Hudson Rd,,Albion,Brisbane City,4010,Hendra,North Brisbane,Brisbane,SEQ North,Metropolitan,Albion,Brisbane Inner - North,Brisbane Inner City,Major Cities,Clayfield,Brisbane,Locally-controlled,Intersection - Cross,Stop sign,60 km/h,Sealed - Dry,Clear,Daylight,Straight,Level,101,Veh'S Adjacent Approach: Thru-Thru,Intersection from adjacent approaches,W,0,0,0,0,0,2,0,0,0,0,0,0
2828,Minor injury,2002,March,Monday,15,Hit object,Single Vehicle,152.7385142,-27.66375162,Cunningham Hwy Ramp Fb,Ipswich - Cunningham Hwy Connection Rd,Ipswich - Cunningham Hwy Connection Road,Yamanto,Ipswich City,4305,Yamanto,Ipswich,Southern,SEQ South,Metropolitan,Churchill - Yamanto,Ipswich Inner,Ipswich,Major Cities,Ipswich West,Blair,State-controlled,Intersection - Interchange,No traffic control,70 km/h,Sealed - Dry,Clear,Daylight,Straight,Level,708,Off Path-Straight: Mounts Traffic Island,Off carriageway on straight hit object,S,0,0,0,1,1,1,0,0,0,0,0,0
2829,Medical treatment,2002,March,Monday,15,Angle,Multi-Vehicle,152.3506831,-24.86431533,Bundaberg - Bargara Rd,Targo St,Bundaberg - Bargara Road,Bundaberg Central,Bundaberg Region,4670,Bundaberg,Wide Bay Burnett,Central,Southern,North Coast and Wide Bay/Burnett,Bundaberg,Bundaberg,Wide Bay,Inner Regional,Bundaberg,Hinkler,State-controlled,Intersection - Cross,Give way sign,60 km/h,Sealed - Dry,Clear,Daylight,Straight,Level,202,Veh'S Opposite Approach: Thru-Right,Opposing vehicles turning,E,0,0,1,0,1,2,0,0,0,0,0,0
2830,Hospitalisation,2002,March,Monday,18,Hit object,Single Vehicle,151.8751818,-26.5007668,Haydens Rd,,,Booie,South Burnett Region,4610,Kingaroy,South West,Southern,Southern,North Coast and Wide Bay/Burnett,Kingaroy Region - South,Burnett,Wide Bay,Inner Regional,Nanango,Maranoa,Locally-controlled,No Roadway Feature,No traffic control,100 - 110 km/h,Unsealed - Dry,Clear,Daylight,Curved - view obscured,Grade,800,Off Path-Curve: Other,Other,N,0,1,1,0,2,0,1,0,0,0,0,0
2831,Property damage only,2002,March,Monday,13,Collision - miscellaneous,Other,147.7502944,-22.88029979,Gregory Hwy,,Gregory Highway (Emerald - Clermont),Cheeseborough,Central Highlands Region,4721,Capella,Capricornia,Central,Central,Central Queensland,Central Highlands - West,Central Highlands (qld),Central Queensland,Remote,Gregory,Flynn,State-controlled,No Roadway Feature,No traffic control,100 - 110 km/h,Sealed - Dry,Clear,Daylight,Straight,Level,704,Off Path-Straight:Right Off Cway Hit Obj,Off carriageway on straight hit object,N,0,0,0,0,0,1,0,0,0,0,0,0
2832,Hospitalisation,2002,March,Monday,12,Angle,Multi-Vehicle,150.5017684,-23.37788846,Cambridge St,Murray St,,The Range,Rockhampton Region,4700,Rockhampton,Capricornia,Central,Central,Central Queensland,The Range - Allenstown,Rockhampton,Central Queensland,Inner Regional,Rockhampton,Capricornia,Locally-controlled,Intersection - Cross,Stop sign,60 km/h,Sealed - Dry,Clear,Daylight,Straight,Level,101,Veh'S Adjacent Approach: Thru-Thru,Intersection from adjacent approaches,N,0,1,1,0,2,2,0,0,0,0,0,0
2833,Minor injury,2002,March,Tuesday,13,Rear-end,Multi-Vehicle,153.0211673,-27.4687681,Turbot St,,,Brisbane City,Brisbane City,4000,Brisbane City,North Brisbane,Brisbane,SEQ North,Metropolitan,Brisbane City,Brisbane Inner,Brisbane Inner City,Major Cities,Mcconnel,Brisbane,Locally-controlled,No Roadway Feature,No traffic control,60 km/h,Sealed - Dry,Clear,Daylight,Straight,Level,301,Veh'S Same Direction: Rear End,Rear-end,E,0,0,0,1,1,2,0,0,0,0,0,0
2834,Property damage only,2002,March,Tuesday,18,Angle,Multi-Vehicle,153.0104321,-27.40860313,Harold St,Victor St,,Stafford,Brisbane City,4053,Stafford,North Brisbane,Brisbane,SEQ North,Metropolitan,Stafford,Chermside,Brisbane - North,Major Cities,Stafford,Lilley,Locally-controlled,Intersection - Cross,Give way sign,0 - 50 km/h,Sealed - Dry,Clear,Dawn/Dusk,Straight,Level,101,Veh'S Adjacent Approach: Thru-Thru,Intersection from adjacent approaches,W,0,0,0,0,0,2,0,0,0,0,0,0
2835,Minor injury,2002,March,Tuesday,7,Rear-end,Multi-Vehicle,153.0087339,-27.40533932,Appleby Rd,Minimine St,,Stafford,Brisbane City,4053,Stafford,North Brisbane,Brisbane,SEQ North,Metropolitan,Stafford,Chermside,Brisbane - North,Major Cities,Stafford,Lilley,Locally-controlled,Intersection - T-Junction,Operating traffic lights,60 km/h,Sealed - Wet,Fog,Daylight,Straight,Grade,301,Veh'S Same Direction: Rear End,Rear-end,S,0,0,0,1,1,2,0,0,0,0,0,0
2836,Medical treatment,2002,March,Tuesday,17,Rear-end,Multi-Vehicle,153.0112065,-27.39116357,Rode Rd,,,Chermside West,Brisbane City,4032,Stafford,North Brisbane,Brisbane,SEQ North,Metropolitan,Chermside West,Chermside,Brisbane - North,Major Cities,Stafford,Lilley,Locally-controlled,No Roadway Feature,No traffic control,60 km/h,Sealed - Dry,Clear,Daylight,Straight,Level,301,Veh'S Same Direction: Rear End,Rear-end,E,0,0,1,0,1,3,0,0,0,0,0,0
2837,Medical treatment,2002,March,Tuesday,7,Rear-end,Multi-Vehicle,153.3373309,-27.75190022,Stapylton - Jacobs Well Rd,,Stapylton - Jacobs Well Road,Steiglitz,Gold Coast City,4207,Coomera,Gold Coast,South Eastern,SEQ South,South Coast,Jacobs Well - Alberton,Ormeau - Oxenford,Gold Coast,Inner Regional,Coomera,Fadden,State-controlled,No Roadway Feature,No traffic control,100 - 110 km/h,Sealed - Wet,Fog,Daylight,Curved - view obscured,Level,301,Veh'S Same Direction: Rear End,Rear-end,E,0,0,1,1,2,2,0,0,0,0,0,0
2838,Property damage only,2002,March,Tuesday,16,Sideswipe,Multi-Vehicle,153.0639418,-27.67893851,Bayliss Rd,,,Heritage Park,Logan City,4118,Crestmead,Logan,South Eastern,SEQ South,South Coast,Regents Park - Heritage Park,Browns Plains,Logan - Beaudesert,Major Cities,Woodridge,Rankin,Locally-controlled,No Roadway Feature,No traffic control,60 km/h,Sealed - Dry,Clear,Daylight,Curved - view open,Level,201,Veh'S Opposite Approach: Head On,Head-on,W,0,0,0,0,0,1,0,0,1,0,0,0
2839,Hospitalisation,2002,March,Tuesday,22,Hit object,Single Vehicle,153.1214474,-27.67585475,Brisbane - Beenleigh Rd Service Rd,,,Loganlea,Logan City,4131,Logan Central,Logan,South Eastern,SEQ South,South Coast,Marsden,Browns Plains,Logan - Beaudesert,Major Cities,Woodridge,Rankin,Locally-controlled,No Roadway Feature,No traffic control,60 km/h,Sealed - Dry,Clear,Darkness - Lighted,Curved - view open,Grade,804,Off Path-Curve: Off Cway Lt Bend Hit Obj,Off carriageway on curve hit object,N,0,1,0,0,1,0,1,0,0,0,0,0
2840,Property damage only,2002,March,Tuesday,8,Rear-end,Multi-Vehicle,152.7830087,-27.60788862,Jacaranda St,Saxelby St,,East Ipswich,Ipswich City,4305,Ipswich,Ipswich,Southern,SEQ South,Metropolitan,Ipswich - East,Ipswich Inner,Ipswich,Major Cities,Ipswich,Blair,Locally-controlled,Intersection - T-Junction,No traffic control,60 km/h,Sealed - Dry,Clear,Daylight,Straight,Level,301,Veh'S Same Direction: Rear End,Rear-end,W,0,0,0,0,0,3,0,0,0,0,0,0
2841,Medical treatment,2002,March,Tuesday,14,Head-on,Multi-Vehicle,150.5353873,-23.35995965,Dean St,High St,,Berserker,Rockhampton Region,4701,North Rockhampton,Capricornia,Central,Central,Central Queensland,Berserker,Rockhampton,Central Queensland,Inner Regional,Rockhampton,Capricornia,Locally-controlled,Intersection - Roundabout,Give way sign,60 km/h,Sealed - Dry,Clear,Daylight,Straight,Level,201,Veh'S Opposite Approach: Head On,Head-on,S,0,0,1,0,1,2,0,0,0,0,0,0
2842,Property damage only,2002,March,Tuesday,12,Angle,Multi-Vehicle,147.403794,-19.57765873,Bruce Hwy,Mackenzie St,Bruce Highway (Bowen - Ayr),Ayr,Burdekin Shire,4807,Ayr,Townsville,Northern,Northern,North Queensland,Ayr,Charters Towers - Ayr - Ingham,Townsville,Outer Regional,Burdekin,Dawson,State-controlled,Intersection - Cross,Stop sign,60 km/h,Sealed - Dry,Clear,Daylight,Straight,Level,101,Veh'S Adjacent Approach: Thru-Thru,Intersection from adjacent approaches,W,0,0,0,0,0,2,0,0,0,0,0,0
2843,Minor injury,2002,March,Wednesday,9,Rear-end,Multi-Vehicle,153.0240375,-27.46258679,Leichhardt St,Upper Edward St,,Spring Hill,Brisbane City,4000,Brisbane City,North Brisbane,Brisbane,SEQ North,Metropolitan,Spring Hill,Brisbane Inner,Brisbane Inner City,Major Cities,Mcconnel,Brisbane,Locally-controlled,Intersection - Cross,Operating traffic lights,60 km/h,Sealed - Dry,Clear,Daylight,Straight,Grade,303,Veh'S Same Direction: Right Rear,Rear-end,E,0,0,0,1,1,2,0,0,0,0,0,0
2844,Minor injury,2002,March,Wednesday,10,Angle,Multi-Vehicle,152.9738641,-27.50835473,Rosebery Tce,Wharf St,,Chelmer,Brisbane City,4068,Sherwood,South Brisbane,Brisbane,SEQ South,Metropolitan,Chelmer - Graceville,Sherwood - Indooroopilly,Brisbane - West,Major Cities,Miller,Moreton,Locally-controlled,Intersection - T-Junction,Give way sign,60 km/h,Sealed - Dry,Clear,Daylight,Curved - view open,Level,104,Veh'S Adjacent Approach: Thru-Right,Intersection from adjacent approaches,S,0,0,0,1,1,1,0,0,0,1,0,0
2845,Property damage only,2002,March,Wednesday,17,Angle,Multi-Vehicle,152.9889492,-27.31409395,South Pine Rd,,South Pine Road,Brendale,Moreton Bay Region,4500,Petrie,North Brisbane,Brisbane,SEQ North,North Coast and Wide Bay/Burnett,Strathpine - Brendale,Strathpine,Moreton Bay - South,Major Cities,Pine Rivers,Dickson,State-controlled,Median Opening,No traffic control,60 km/h,Sealed - Dry,Clear,Daylight,Straight,Level,406,Veh'S Manoeuvring: Leaving Driveway,Vehicle leaving driveway,N,0,0,0,0,0,2,0,0,0,0,0,0
2846,Property damage only,2002,March,Wednesday,2,Hit animal,Other,151.8168218,-27.45830336,Kingsthorpe - Haden Rd,,,Cutella,Toowoomba Region,4352,Goombungee,Darling Downs,Southern,Southern,Downs South West,Gowrie (qld),Toowoomba,Toowoomba,Inner Regional,Condamine,Groom,Locally-controlled,No Roadway Feature,No traffic control,100 - 110 km/h,Sealed - Dry,Clear,Darkness - Not lighted,Straight,Level,609,Pass & Misc: Hit Animal,Hit animal,N,0,0,0,0,0,1,0,0,0,0,0,1