Crash_Ref_Number,Crash_Severity,Crash_Year,Crash_Month,Crash_Day_Of_Week,Crash_Hour,Crash_Nature,Crash_Type,Crash_Longitude_GDA94,Crash_Latitude_GDA94,Crash_Street,Crash_Street_Intersecting,State_Road_Name,Loc_Suburb,Loc_Local_Government_Area,Loc_Post_Code,Loc_Police_Division,Loc_Police_District,Loc_Police_Region,Loc_Queensland_Transport_Region,Loc_Main_Roads_Region,Loc_ABS_Statistical_Area_2,Loc_ABS_Statistical_Area_3,Loc_ABS_Statistical_Area_4,Loc_ABS_Remoteness,Loc_State_Electorate,Loc_Federal_Electorate,Crash_Controlling_Authority,Crash_Roadway_Feature,Crash_Traffic_Control,Crash_Speed_Limit,Crash_Road_Surface_Condition,Crash_Atmospheric_Condition,Crash_Lighting_Condition,Crash_Road_Horiz_Align,Crash_Road_Vert_Align,Crash_DCA_Code,Crash_DCA_Description,Crash_DCA_Group_Description,DCA_Key_Approach_Dir,Count_Casualty_Fatality,Count_Casualty_Hospitalised,Count_Casualty_MedicallyTreated,Count_Casualty_MinorInjury,Count_Casualty_Total,Count_Unit_Car,Count_Unit_Motorcycle_Moped,Count_Unit_Truck,Count_Unit_Bus,Count_Unit_Bicycle,Count_Unit_Pedestrian,Count_Unit_Other
2894,Medical treatment,2002,March,Thursday,3,Hit object,Single Vehicle,152.9803857,-27.26462445,Redcliffe Rd,,Redcliffe Road,Petrie,Moreton Bay Region,4502,Petrie,North Brisbane,Brisbane,SEQ North,North Coast and Wide Bay/Burnett,Petrie,Strathpine,Moreton Bay - South,Major Cities,Kurwongbah,Dickson,State-controlled,No Roadway Feature,No traffic control,60 km/h,Sealed - Wet,Clear,Darkness - Lighted,Curved - view open,Grade,803,Off Path-Curve: Off Cway Rt Bend Hit Obj,Off carriageway on curve hit object,S,0,0,1,0,1,1,0,0,0,0,0,0
2895,Property damage only,2002,March,Thursday,15,Rear-end,Multi-Vehicle,153.1849137,-27.51838403,Cleveland Sub-Arterial Rd,,Cleveland Sub-Arterial Road,Chandler,Brisbane City,4155,Capalaba,South Brisbane,Brisbane,SEQ South,Metropolitan,Belmont - Gumdale,Capalaba,Brisbane - East,Major Cities,Chatsworth,Bonner,State-controlled,No Roadway Feature,No traffic control,70 km/h,Sealed - Dry,Clear,Daylight,Straight,Level,301,Veh'S Same Direction: Rear End,Rear-end,W,0,0,0,0,0,2,0,0,0,0,0,0
2896,Minor injury,2002,March,Thursday,9,Rear-end,Multi-Vehicle,153.0155729,-27.42605114,Days Rd,,,Grange,Brisbane City,4051,Stafford,North Brisbane,Brisbane,SEQ North,Metropolitan,Grange,Brisbane Inner - North,Brisbane Inner City,Major Cities,Stafford,Brisbane,Locally-controlled,No Roadway Feature,No traffic control,60 km/h,Sealed - Wet,Raining,Daylight,Straight,Level,301,Veh'S Same Direction: Rear End,Rear-end,E,0,0,0,1,1,3,0,0,0,0,0,0
2897,Property damage only,2002,March,Thursday,5,Hit object,Single Vehicle,153.4190132,-28.01761948,Monaco St,,,Broadbeach Waters,Gold Coast City,4218,Broadbeach,Gold Coast,South Eastern,SEQ South,South Coast,Broadbeach Waters,Broadbeach - Burleigh,Gold Coast,Major Cities,Surfers Paradise,Moncrieff,Locally-controlled,No Roadway Feature,No traffic control,60 km/h,Sealed - Dry,Clear,Dawn/Dusk,Straight,Level,700,Off Path-Straight: Other,Other,W,0,0,0,0,0,1,0,0,0,0,0,0
2898,Hospitalisation,2002,March,Thursday,19,Angle,Multi-Vehicle,153.4089273,-27.96580816,Nind St,Southport - Burleigh Rd,Southport - Burleigh Road,Southport,Gold Coast City,4215,Southport,Gold Coast,South Eastern,SEQ South,South Coast,Southport - North,Southport,Gold Coast,Major Cities,Southport,Moncrieff,State-controlled,Intersection - Cross,Operating traffic lights,60 km/h,Sealed - Dry,Clear,Darkness - Lighted,Straight,Level,202,Veh'S Opposite Approach: Thru-Right,Opposing vehicles turning,N,0,2,0,0,2,2,0,0,0,0,0,0
2899,Hospitalisation,2002,March,Thursday,16,Hit pedestrian,Hit pedestrian,153.4121191,-28.01068849,Elliott St,Southport - Burleigh Rd,Southport - Burleigh Road,Surfers Paradise,Gold Coast City,4217,Broadbeach,Gold Coast,South Eastern,SEQ South,South Coast,Surfers Paradise,Surfers Paradise,Gold Coast,Major Cities,Surfers Paradise,Moncrieff,State-controlled,Intersection - T-Junction,No traffic control,60 km/h,Sealed - Dry,Clear,Daylight,Straight,Level,3,Ped'N: Far Side Vehicle Hit From Left,Pedestrian,S,0,1,0,0,1,1,0,0,0,0,1,0
2900,Hospitalisation,2002,March,Thursday,6,Rear-end,Multi-Vehicle,153.0304645,-27.72547904,Mt Lindesay Hwy,,Mount Lindesay Highway (Brisbane-Beaudesert),Park Ridge South,Logan City,4125,Jimboomba,Logan,South Eastern,SEQ South,South Coast,Munruben - Park Ridge South,Browns Plains,Logan - Beaudesert,Major Cities,Logan,Forde,State-controlled,No Roadway Feature,No traffic control,80 - 90 km/h,Sealed - Dry,Clear,Daylight,Straight,Level,301,Veh'S Same Direction: Rear End,Rear-end,S,0,1,0,0,1,2,0,0,0,0,0,0
2901,Property damage only,2002,March,Thursday,14,Angle,Multi-Vehicle,152.7904675,-27.66489383,Fischer Rd,Monterea Rd,,Ripley,Ipswich City,4306,Yamanto,Ipswich,Southern,SEQ South,Metropolitan,Ripley,Ipswich Inner,Ipswich,Major Cities,Ipswich,Blair,Locally-controlled,Intersection - Cross,No traffic control,60 km/h,Sealed - Dry,Clear,Daylight,Straight,Crest,104,Veh'S Adjacent Approach: Thru-Right,Intersection from adjacent approaches,S,0,0,0,0,0,2,0,0,0,0,0,0
2902,Hospitalisation,2002,March,Thursday,5,Hit object,Single Vehicle,153.4180298,-28.11509971,Pacific Hwy,,Pacific Highway (Pacific Motorway),Burleigh Heads,Gold Coast City,4220,Robina,Gold Coast,South Eastern,SEQ South,South Coast,Reedy Creek - Andrews,Mudgeeraba - Tallebudgera,Gold Coast,Major Cities,Burleigh,Mcpherson,State-controlled,No Roadway Feature,No traffic control,100 - 110 km/h,Sealed - Dry,Clear,Daylight,Straight,Level,300,Veh'S Same Direction: Other,Other,W,0,1,0,0,1,2,0,0,0,0,0,0
2903,Hospitalisation,2002,March,Thursday,1,Hit object,Single Vehicle,153.039195,-26.809181,Bruce Hwy,,Bruce Highway (Brisbane - Gympie),Bells Creek,Sunshine Coast Region,4551,Beerwah,Sunshine Coast,Central,SEQ North,North Coast and Wide Bay/Burnett,Landsborough,Sunshine Coast Hinterland,Sunshine Coast,Inner Regional,Caloundra,Fisher,State-controlled,No Roadway Feature,No traffic control,100 - 110 km/h,Sealed - Wet,Clear,Darkness - Not lighted,Straight,Level,703,Off Path-Straight: Left Off Cway Hit Obj,Off carriageway on straight hit object,N,0,1,0,0,1,0,0,1,0,0,0,0
2904,Property damage only,2002,March,Thursday,0,Hit animal,Other,152.5738855,-26.12401499,Bruce Hwy,Wide Bay Hwy,Bruce Highway (Gympie - Maryborough),Bells Bridge,Gympie Region,4570,Gympie,Wide Bay Burnett,Central,Southern,North Coast and Wide Bay/Burnett,Gympie Region,Gympie - Cooloola,Wide Bay,Inner Regional,Gympie,Wide Bay,State-controlled,Intersection - T-Junction,No traffic control,100 - 110 km/h,Sealed - Dry,Clear,Darkness - Lighted,Straight,Level,609,Pass & Misc: Hit Animal,Hit animal,N,0,0,0,0,0,1,0,0,0,0,0,1
2905,Property damage only,2002,March,Thursday,0,Hit object,Single Vehicle,152.8355449,-25.30424493,Doolong Rd,Main St,,Kawungan,Fraser Coast Region,4655,Hervey Bay,Wide Bay Burnett,Central,Southern,North Coast and Wide Bay/Burnett,Torquay - Scarness - Kawungan,Hervey Bay,Wide Bay,Inner Regional,Hervey Bay,Hinkler,Locally-controlled,Intersection - T-Junction,No traffic control,60 km/h,Sealed - Dry,Clear,Darkness - Lighted,Straight,Level,700,Off Path-Straight: Other,Other,W,0,0,0,0,0,1,0,0,0,0,0,0
2906,Property damage only,2002,March,Thursday,19,Hit animal,Other,151.5140959,-27.31977328,Warrego Hwy,,Warrego Highway (Toowoomba - Dalby),Bowenville,Toowoomba Region,4404,Jondaryan,Darling Downs,Southern,Southern,Downs South West,Jondaryan,Darling Downs - East,Darling Downs - Maranoa,Inner Regional,Condamine,Groom,State-controlled,No Roadway Feature,No traffic control,100 - 110 km/h,Sealed - Wet,Raining,Darkness - Not lighted,Straight,Level,609,Pass & Misc: Hit Animal,Hit animal,W,0,0,0,0,0,1,0,0,0,0,0,1
2907,Minor injury,2002,March,Thursday,17,Overturned,Single Vehicle,147.6786646,-23.57238108,Capricorn Hwy,,Capricorn Highway (Emerald - Alpha),Lochington,Central Highlands Region,4724,Anakie,Capricornia,Central,Central,Central Queensland,Central Highlands - West,Central Highlands (qld),Central Queensland,Remote,Gregory,Flynn,State-controlled,No Roadway Feature,No traffic control,100 - 110 km/h,Sealed - Dry,Clear,Daylight,Straight,Level,702,Off Path-Straight: Right Off Cway,Off carriageway on straight,W,0,0,0,1,1,1,0,0,0,0,0,0
2908,Property damage only,2002,March,Friday,11,Hit object,Single Vehicle,152.9602912,-27.12414964,Graham Rd,,,Morayfield,Moreton Bay Region,4506,Caboolture,Moreton,Southern,SEQ North,North Coast and Wide Bay/Burnett,Morayfield - East,Caboolture,Moreton Bay - North,Major Cities,Morayfield,Longman,Locally-controlled,No Roadway Feature,No traffic control,60 km/h,Sealed - Wet,Clear,Daylight,Straight,Level,703,Off Path-Straight: Left Off Cway Hit Obj,Off carriageway on straight hit object,E,0,0,0,0,0,1,0,0,0,0,0,0
2909,Property damage only,2002,March,Friday,10,Rear-end,Multi-Vehicle,153.1221417,-27.59479503,Rochedale Rd,,,Rochedale South,Logan City,4123,Springwood,Logan,South Eastern,SEQ South,South Coast,Rochedale South - Priestdale,Springwood - Kingston,Logan - Beaudesert,Major Cities,Springwood,Rankin,Locally-controlled,No Roadway Feature,No traffic control,0 - 50 km/h,Sealed - Wet,Raining,Daylight,Straight,Level,303,Veh'S Same Direction: Right Rear,Rear-end,S,0,0,0,0,0,2,0,0,0,0,0,0
2910,Property damage only,2002,March,Friday,18,Overturned,Single Vehicle,153.342283,-27.97668783,Matilda Rd,,,Nerang,Gold Coast City,4211,Nerang,Gold Coast,South Eastern,SEQ South,South Coast,Nerang - Mount Nathan,Nerang,Gold Coast,Major Cities,Gaven,Wright,Locally-controlled,No Roadway Feature,No traffic control,0 - 50 km/h,Sealed - Dry,Clear,Dawn/Dusk,Straight,Crest,701,Off Path-Straight: Left Off Cway,Off carriageway on straight,W,0,0,0,0,0,1,0,0,0,0,0,0
2911,Property damage only,2002,March,Friday,18,Hit object,Single Vehicle,153.1314463,-26.6996931,Point Cartwright Dr,,,Buddina,Sunshine Coast Region,4575,Kawana Waters,Sunshine Coast,Central,SEQ North,North Coast and Wide Bay/Burnett,Buddina - Minyama,Caloundra,Sunshine Coast,Major Cities,Kawana,Fisher,Locally-controlled,Merge Lane,No traffic control,60 km/h,Sealed - Wet,Raining,Darkness - Lighted,Straight,Level,708,Off Path-Straight: Mounts Traffic Island,Off carriageway on straight hit object,N,0,0,0,0,0,1,0,0,0,0,0,0
2912,Hospitalisation,2002,March,Friday,6,Hit object,Single Vehicle,152.5288054,-27.66801893,Waters Rd,,,Calvert,Ipswich City,4340,Rosewood,Ipswich,Southern,SEQ South,Metropolitan,Rosewood,Ipswich Hinterland,Ipswich,Inner Regional,Scenic Rim,Blair,Locally-controlled,No Roadway Feature,No traffic control,60 km/h,Unsealed - Wet,Raining,Daylight,Curved - view obscured,Level,804,Off Path-Curve: Off Cway Lt Bend Hit Obj,Off carriageway on curve hit object,E,0,1,0,0,1,1,0,0,0,0,0,0
2913,Medical treatment,2002,March,Friday,13,Angle,Multi-Vehicle,152.3198806,-27.54992404,Gatton - Esk Rd,Warrego Hwy,Warrego Highway (Ipswich - Toowoomba),Gatton,Lockyer Valley Region,4343,Gatton,Darling Downs,Southern,SEQ South,Downs South West,Gatton,Toowoomba,Toowoomba,Inner Regional,Lockyer,Wright,State-controlled,Intersection - T-Junction,Stop sign,80 - 90 km/h,Sealed - Wet,Clear,Daylight,Straight,Level,104,Veh'S Adjacent Approach: Thru-Right,Intersection from adjacent approaches,E,0,0,1,0,1,2,0,0,0,0,0,0
2914,Property damage only,2002,March,Saturday,21,Hit parked vehicle,Single Vehicle,153.0224145,-27.46790006,Turbot St,,,Brisbane City,Brisbane City,4000,Brisbane City,North Brisbane,Brisbane,SEQ North,Metropolitan,Brisbane City,Brisbane Inner,Brisbane Inner City,Major Cities,Mcconnel,Brisbane,Locally-controlled,No Roadway Feature,No traffic control,60 km/h,Sealed - Dry,Clear,Darkness - Lighted,Straight,Grade,601,Veh'S On Path: Parked,Hit parked vehicle,N,0,0,0,0,0,3,0,0,0,0,0,0
2915,Property damage only,2002,March,Saturday,21,Hit parked vehicle,Single Vehicle,153.0435614,-27.39119971,Vaucluse St,,,Wavell Heights,Brisbane City,4012,Hendra,North Brisbane,Brisbane,SEQ North,Metropolitan,Wavell Heights,Chermside,Brisbane - North,Major Cities,Nudgee,Lilley,Locally-controlled,No Roadway Feature,No traffic control,0 - 50 km/h,Sealed - Dry,Clear,Darkness - Lighted,Curved - view open,Grade,601,Veh'S On Path: Parked,Hit parked vehicle,E,0,0,0,0,0,2,0,0,0,0,0,0
2916,Property damage only,2002,March,Saturday,18,Hit parked vehicle,Single Vehicle,153.4218173,-28.00008195,Stanhill Dr,,,Surfers Paradise,Gold Coast City,4217,Surfers Paradise,Gold Coast,South Eastern,SEQ South,South Coast,Surfers Paradise,Surfers Paradise,Gold Coast,Major Cities,Surfers Paradise,Moncrieff,Locally-controlled,No Roadway Feature,No traffic control,0 - 50 km/h,Sealed - Wet,Raining,Darkness - Not lighted,Straight,Level,200,Veh'S Opposite Approach: Other,Other,W,0,0,0,0,0,2,0,0,0,0,0,0
2917,Property damage only,2002,March,Saturday,18,Rear-end,Multi-Vehicle,153.4216703,-27.97846791,Gold Coast Hwy,,,Main Beach,Gold Coast City,4217,Surfers Paradise,Gold Coast,South Eastern,SEQ South,South Coast,Main Beach,Surfers Paradise,Gold Coast,Major Cities,Surfers Paradise,Moncrieff,Locally-controlled,Bridge/Causeway,No traffic control,70 km/h,Sealed - Wet,Clear,Darkness - Lighted,Straight,Level,301,Veh'S Same Direction: Rear End,Rear-end,S,0,0,0,0,0,3,0,0,0,0,0,0
2918,Minor injury,2002,March,Saturday,18,Angle,Multi-Vehicle,152.2419965,-25.60306767,Maryborough - Biggenden Rd,,Maryborough - Biggenden Road,Brooweena,Fraser Coast Region,4620,Biggenden,Wide Bay Burnett,Central,Southern,North Coast and Wide Bay/Burnett,Maryborough Region - South,Maryborough,Wide Bay,Inner Regional,Maryborough,Wide Bay,State-controlled,No Roadway Feature,No traffic control,100 - 110 km/h,Sealed - Dry,Clear,Dawn/Dusk,Curved - view open,Grade,202,Veh'S Opposite Approach: Thru-Right,Opposing vehicles turning,W,0,0,0,1,1,2,0,0,0,0,0,0
2919,Property damage only,2002,March,Saturday,12,Rear-end,Multi-Vehicle,150.5235404,-23.35715642,Rockhampton - Yeppoon Rd,,Rockhampton - Yeppoon Road,Berserker,Rockhampton Region,4701,North Rockhampton,Capricornia,Central,Central,Central Queensland,Berserker,Rockhampton,Central Queensland,Inner Regional,Rockhampton,Capricornia,State-controlled,No Roadway Feature,No traffic control,60 km/h,Sealed - Dry,Clear,Daylight,Straight,Level,301,Veh'S Same Direction: Rear End,Rear-end,N,0,0,0,0,0,2,0,0,0,0,0,0
2920,Property damage only,2002,March,Sunday,18,Hit object,Single Vehicle,152.7910484,-27.6112132,Bergin St,Clifton St,,Booval,Ipswich City,4304,Booval,Ipswich,Southern,SEQ South,Metropolitan,Ipswich - East,Ipswich Inner,Ipswich,Major Cities,Ipswich,Blair,Locally-controlled,Intersection - Roundabout,Give way sign,60 km/h,Sealed - Dry,Clear,Darkness - Lighted,Straight,Level,201,Veh'S Opposite Approach: Head On,Head-on,W,0,0,0,0,0,2,0,0,0,0,0,0
2921,Medical treatment,2002,March,Sunday,18,Rear-end,Multi-Vehicle,152.806944,-27.61018041,Bergins Hill Rd,Ipswich - Cunningham Hwy Connection Rd,Ipswich - Cunningham Hwy Connection Road,Bundamba,Ipswich City,4304,Booval,Ipswich,Southern,SEQ South,Metropolitan,Bundamba,Ipswich Inner,Ipswich,Major Cities,Bundamba,Blair,State-controlled,Intersection - Cross,Operating traffic lights,60 km/h,Sealed - Dry,Clear,Darkness - Lighted,Straight,Level,301,Veh'S Same Direction: Rear End,Rear-end,W,0,0,1,0,1,2,0,0,0,0,0,0
2922,Property damage only,2002,March,Sunday,22,Hit object,Single Vehicle,152.8471631,-25.29660804,Areca Dr,Parlon Ct,,Kawungan,Fraser Coast Region,4655,Hervey Bay,Wide Bay Burnett,Central,Southern,North Coast and Wide Bay/Burnett,Torquay - Scarness - Kawungan,Hervey Bay,Wide Bay,Inner Regional,Hervey Bay,Hinkler,Locally-controlled,Intersection - T-Junction,No traffic control,60 km/h,Sealed - Dry,Clear,Darkness - Lighted,Straight,Level,700,Off Path-Straight: Other,Other,N,0,0,0,0,0,1,0,0,0,0,0,0
2923,Hospitalisation,2002,March,Sunday,3,Overturned,Single Vehicle,143.2652693,-26.66665703,Thylungra - Eromanga Rd,,,Eromanga,Quilpie Shire,4480,Eromanga,South West,Southern,Southern,Downs South West,Far South West,Outback - South,Queensland - Outback,Very Remote,Warrego,Maranoa,Locally-controlled,No Roadway Feature,No traffic control,60 km/h,Sealed - Dry,Clear,Darkness - Not lighted,Curved - view open,Level,805,Off Path-Curve: Out Of Control On Cway,Out of control on curve,S,0,1,1,0,2,1,0,0,0,0,0,0
2924,Property damage only,2002,April,Monday,12,Hit object,Single Vehicle,153.1999181,-27.51874428,Brewer St,,,Capalaba,Redland City,4157,Capalaba,South Brisbane,Brisbane,SEQ South,Metropolitan,Capalaba,Capalaba,Brisbane - East,Major Cities,Capalaba,Bowman,Locally-controlled,No Roadway Feature,No traffic control,0 - 50 km/h,Sealed - Dry,Clear,Daylight,Curved - view open,Level,803,Off Path-Curve: Off Cway Rt Bend Hit Obj,Off carriageway on curve hit object,W,0,0,0,0,0,1,0,0,0,0,0,0
2925,Minor injury,2002,April,Monday,13,Fall from vehicle,Single Vehicle,152.9226702,-27.60909624,Formation St,Logan Mwy Ramp Jb,Logan Motorway (Gailes - Loganholme),Carole Park,Ipswich City,4300,Goodna,Ipswich,Southern,SEQ South,Metropolitan,Carole Park,Springfield - Redbank,Ipswich,Major Cities,Jordan,Oxley,State-controlled,Intersection - Roundabout,Give way sign,60 km/h,Sealed - Wet,Clear,Daylight,Straight,Level,705,Off Path-Straight:Out Of Control On Cway,Out of control on straight,S,0,0,0,1,1,0,1,0,0,0,0,0
2926,Medical treatment,2002,April,Monday,18,Angle,Multi-Vehicle,153.4248132,-28.03614676,Sunshine Blvd,,,Mermaid Waters,Gold Coast City,4218,Broadbeach,Gold Coast,South Eastern,SEQ South,South Coast,Broadbeach Waters,Broadbeach - Burleigh,Gold Coast,Major Cities,Mermaid Beach,Moncrieff,Locally-controlled,No Roadway Feature,Operating traffic lights,60 km/h,Sealed - Dry,Clear,Darkness - Lighted,Straight,Level,406,Veh'S Manoeuvring: Leaving Driveway,Vehicle leaving driveway,N,0,0,1,0,1,2,0,0,0,0,0,0
2927,Medical treatment,2002,April,Monday,15,Angle,Multi-Vehicle,153.3646601,-27.96539607,Manufacturer Dr,Production Ave,,Molendinar,Gold Coast City,4214,Southport,Gold Coast,South Eastern,SEQ South,South Coast,Molendinar,Southport,Gold Coast,Major Cities,Southport,Moncrieff,Locally-controlled,Intersection - T-Junction,No traffic control,60 km/h,Sealed - Dry,Clear,Daylight,Straight,Level,106,Veh'S Adjacent Approach: Left-Right,Intersection from adjacent approaches,N,0,0,1,0,1,2,0,0,0,0,0,0
2928,Property damage only,2002,April,Monday,17,Hit object,Single Vehicle,152.6674137,-26.24198422,Gympie - Brooloo Rd,,Gympie - Brooloo Road,Jones Hill,Gympie Region,4570,Gympie,Wide Bay Burnett,Central,Southern,North Coast and Wide Bay/Burnett,Gympie - South,Gympie - Cooloola,Wide Bay,Inner Regional,Gympie,Wide Bay,State-controlled,No Roadway Feature,No traffic control,100 - 110 km/h,Sealed - Wet,Raining,Daylight,Curved - view open,Level,803,Off Path-Curve: Off Cway Rt Bend Hit Obj,Off carriageway on curve hit object,N,0,0,0,0,0,1,0,0,0,0,0,0
2929,Hospitalisation,2002,April,Monday,2,Hit object,Single Vehicle,147.9008582,-26.48447673,Warrego Hwy,,Warrego Highway (Mitchell - Morven),Mitchell,Maranoa Region,4465,Mitchell,South West,Southern,Southern,Downs South West,Roma Region,Darling Downs (west) - Maranoa,Darling Downs - Maranoa,Very Remote,Warrego,Maranoa,State-controlled,No Roadway Feature,No traffic control,100 - 110 km/h,Sealed - Dry,Clear,Darkness - Not lighted,Straight,Level,703,Off Path-Straight: Left Off Cway Hit Obj,Off carriageway on straight hit object,E,0,3,1,0,4,1,0,0,0,0,0,0
2930,Minor injury,2002,April,Monday,11,Angle,Multi-Vehicle,150.7452117,-23.12864405,James St,Mary St,,Yeppoon,Livingstone Shire,4703,Yeppoon,Capricornia,Central,Central,Central Queensland,Yeppoon,Rockhampton,Central Queensland,Inner Regional,Keppel,Capricornia,Locally-controlled,Intersection - Roundabout,Give way sign,0 - 50 km/h,Sealed - Dry,Clear,Daylight,Straight,Level,101,Veh'S Adjacent Approach: Thru-Thru,Intersection from adjacent approaches,E,0,0,0,1,1,2,0,0,0,0,0,0
2931,Medical treatment,2002,April,Tuesday,10,Angle,Multi-Vehicle,153.3954305,-28.03835808,Martinique Way,Santa Cruz Blvd,,Clear Island Waters,Gold Coast City,4226,Broadbeach,Gold Coast,South Eastern,SEQ South,South Coast,Clear Island Waters,Robina,Gold Coast,Major Cities,Surfers Paradise,Mcpherson,Locally-controlled,Intersection - T-Junction,No traffic control,60 km/h,Sealed - Dry,Clear,Daylight,Straight,Level,102,Veh'S Adjacent Approach: Right-Thru,Intersection from adjacent approaches,N,0,0,2,0,2,3,0,0,0,0,0,0
2932,Minor injury,2002,April,Tuesday,12,Rear-end,Multi-Vehicle,153.4160963,-27.96620875,Gold Coast Hwy,,,Southport,Gold Coast City,4215,Southport,Gold Coast,South Eastern,SEQ South,South Coast,Southport - North,Southport,Gold Coast,Major Cities,Southport,Moncrieff,Locally-controlled,No Roadway Feature,No traffic control,70 km/h,Sealed - Dry,Clear,Daylight,Straight,Grade,301,Veh'S Same Direction: Rear End,Rear-end,N,0,0,0,1,1,4,0,0,0,0,0,0
2933,Minor injury,2002,April,Tuesday,13,Sideswipe,Multi-Vehicle,153.3609897,-27.87693312,Helensvale Rd,Oxenford - Southport Rd,Hope Island Road,Hope Island,Gold Coast City,4212,Coomera,Gold Coast,South Eastern,SEQ South,South Coast,Hope Island,Ormeau - Oxenford,Gold Coast,Major Cities,Broadwater,Fadden,State-controlled,Intersection - Roundabout,Give way sign,60 km/h,Sealed - Dry,Clear,Daylight,Curved - view open,Level,305,Veh'S Same Direction: Lane Side Swipe,Lane changes,W,0,0,0,1,1,2,0,0,0,0,0,0
2934,Medical treatment,2002,April,Tuesday,19,Hit object,Single Vehicle,151.4871739,-24.21875144,Bruce Hwy,,Bruce Highway (Gin Gin - Benaraby),Bororen,Gladstone Region,4678,Miriam Vale,Capricornia,Central,Central,Central Queensland,Agnes Water - Miriam Vale,Gladstone,Central Queensland,Outer Regional,Burnett,Flynn,State-controlled,No Roadway Feature,No traffic control,100 - 110 km/h,Sealed - Dry,Clear,Darkness - Not lighted,Straight,Level,704,Off Path-Straight:Right Off Cway Hit Obj,Off carriageway on straight hit object,S,0,0,1,0,1,1,0,0,0,0,0,0
2935,Property damage only,2002,April,Tuesday,10,Angle,Multi-Vehicle,150.5304929,-23.35907329,Berserker St,High St,,Berserker,Rockhampton Region,4701,North Rockhampton,Capricornia,Central,Central,Central Queensland,Berserker,Rockhampton,Central Queensland,Inner Regional,Rockhampton,Capricornia,Locally-controlled,Intersection - Cross,Operating traffic lights,60 km/h,Sealed - Dry,Clear,Daylight,Straight,Level,101,Veh'S Adjacent Approach: Thru-Thru,Intersection from adjacent approaches,E,0,0,0,0,0,2,0,0,0,0,0,0
2936,Minor injury,2002,April,Wednesday,15,Rear-end,Multi-Vehicle,153.0706498,-27.59428356,Beenleigh Rd,,,Runcorn,Brisbane City,4113,Upper Mount Gravatt,South Brisbane,Brisbane,SEQ South,Metropolitan,Runcorn,Sunnybank,Brisbane - South,Major Cities,Toohey,Moreton,Locally-controlled,No Roadway Feature,No traffic control,70 km/h,Sealed - Dry,Clear,Daylight,Straight,Level,301,Veh'S Same Direction: Rear End,Rear-end,N,0,0,0,1,1,1,0,1,0,0,0,0
2937,Property damage only,2002,April,Wednesday,14,Rear-end,Multi-Vehicle,152.7763828,-27.58509824,Mount Crosby Rd,,Mount Crosby Road,Tivoli,Ipswich City,4305,Karana Downs,Ipswich,Southern,SEQ South,Metropolitan,North Ipswich - Tivoli,Ipswich Inner,Ipswich,Major Cities,Ipswich West,Blair,State-controlled,No Roadway Feature,No traffic control,60 km/h,Sealed - Dry,Clear,Daylight,Straight,Level,303,Veh'S Same Direction: Right Rear,Rear-end,W,0,0,0,0,0,2,0,0,0,0,0,0
2938,Property damage only,2002,April,Wednesday,2,Hit parked vehicle,Single Vehicle,153.4315239,-28.02044645,Armrick Ave,,,Broadbeach,Gold Coast City,4218,Broadbeach,Gold Coast,South Eastern,SEQ South,South Coast,Mermaid Beach - Broadbeach,Broadbeach - Burleigh,Gold Coast,Major Cities,Surfers Paradise,Moncrieff,Locally-controlled,No Roadway Feature,No traffic control,0 - 50 km/h,Sealed - Dry,Clear,Darkness - Lighted,Straight,Level,200,Veh'S Opposite Approach: Other,Other,W,0,0,0,0,0,2,0,0,0,0,0,0
2939,Medical treatment,2002,April,Wednesday,15,Hit object,Single Vehicle,152.9818918,-26.6185139,Bruce Hwy,,Bruce Highway (Brisbane - Gympie),Rosemount,Sunshine Coast Region,4560,Nambour,Sunshine Coast,Central,SEQ North,North Coast and Wide Bay/Burnett,Diddillibah - Rosemount,Nambour,Sunshine Coast,Major Cities,Ninderry,Fairfax,State-controlled,Bridge/Causeway,No traffic control,100 - 110 km/h,Sealed - Wet,Raining,Daylight,Curved - view open,Grade,803,Off Path-Curve: Off Cway Rt Bend Hit Obj,Off carriageway on curve hit object,N,0,0,2,0,2,1,0,0,0,0,0,0
2940,Minor injury,2002,April,Wednesday,9,Rear-end,Multi-Vehicle,152.3301676,-24.87731498,Bundaberg - Port Rd,Isis Hwy,Isis Highway (Bundaberg - Childers),Svensson Heights,Bundaberg Region,4670,Bundaberg,Wide Bay Burnett,Central,Southern,North Coast and Wide Bay/Burnett,Millbank - Avoca,Bundaberg,Wide Bay,Inner Regional,Bundaberg,Hinkler,State-controlled,Intersection - T-Junction,No traffic control,60 km/h,Sealed - Dry,Clear,Daylight,Straight,Level,302,Veh'S Same Direction: Left Rear,Rear-end,W,0,0,0,1,1,2,0,0,0,0,0,0
2941,Property damage only,2002,April,Wednesday,16,Sideswipe,Multi-Vehicle,146.2602221,-23.62177969,Capricorn Hwy,,Capricorn Highway (Alpha - Barcaldine),Mexico,Barcaldine Region,4728,Jericho,South West,Southern,Central,Central Queensland,Barcaldine - Blackall,Outback - South,Queensland - Outback,Very Remote,Gregory,Maranoa,State-controlled,No Roadway Feature,No traffic control,100 - 110 km/h,Sealed - Dry,Clear,Daylight,Straight,Level,201,Veh'S Opposite Approach: Head On,Head-on,W,0,0,0,0,0,1,0,1,0,0,0,0