Crash_Ref_Number,Crash_Severity,Crash_Year,Crash_Month,Crash_Day_Of_Week,Crash_Hour,Crash_Nature,Crash_Type,Crash_Longitude_GDA94,Crash_Latitude_GDA94,Crash_Street,Crash_Street_Intersecting,State_Road_Name,Loc_Suburb,Loc_Local_Government_Area,Loc_Post_Code,Loc_Police_Division,Loc_Police_District,Loc_Police_Region,Loc_Queensland_Transport_Region,Loc_Main_Roads_Region,Loc_ABS_Statistical_Area_2,Loc_ABS_Statistical_Area_3,Loc_ABS_Statistical_Area_4,Loc_ABS_Remoteness,Loc_State_Electorate,Loc_Federal_Electorate,Crash_Controlling_Authority,Crash_Roadway_Feature,Crash_Traffic_Control,Crash_Speed_Limit,Crash_Road_Surface_Condition,Crash_Atmospheric_Condition,Crash_Lighting_Condition,Crash_Road_Horiz_Align,Crash_Road_Vert_Align,Crash_DCA_Code,Crash_DCA_Description,Crash_DCA_Group_Description,DCA_Key_Approach_Dir,Count_Casualty_Fatality,Count_Casualty_Hospitalised,Count_Casualty_MedicallyTreated,Count_Casualty_MinorInjury,Count_Casualty_Total,Count_Unit_Car,Count_Unit_Motorcycle_Moped,Count_Unit_Truck,Count_Unit_Bus,Count_Unit_Bicycle,Count_Unit_Pedestrian,Count_Unit_Other
3184,Property damage only,2002,May,Wednesday,23,Head-on,Multi-Vehicle,152.9742361,-27.50446222,Coonan St,,,Indooroopilly,Brisbane City,4068,Indooroopilly,North Brisbane,Brisbane,SEQ North,Metropolitan,Indooroopilly,Sherwood - Indooroopilly,Brisbane - West,Major Cities,Maiwar,Ryan,Locally-controlled,Bridge/Causeway,No traffic control,60 km/h,Sealed - Wet,Clear,Darkness - Lighted,Curved - view obscured,Level,201,Veh'S Opposite Approach: Head On,Head-on,N,0,0,0,0,0,2,0,0,0,0,0,0
3185,Minor injury,2002,May,Wednesday,17,Rear-end,Multi-Vehicle,153.0399941,-27.5706339,Babbidge St,Boundary Rd,,Coopers Plains,Brisbane City,4108,Upper Mount Gravatt,South Brisbane,Brisbane,SEQ South,Metropolitan,Coopers Plains,Nathan,Brisbane - South,Major Cities,Toohey,Moreton,Locally-controlled,Intersection - T-Junction,No traffic control,60 km/h,Sealed - Dry,Clear,Daylight,Straight,Level,303,Veh'S Same Direction: Right Rear,Rear-end,E,0,0,0,1,1,2,0,0,0,0,0,0
3186,Medical treatment,2002,May,Wednesday,7,Rear-end,Multi-Vehicle,153.0821364,-27.565186,South East Arterial Rd,,South-East Arterial Road (Pacific Motorway),Macgregor,Brisbane City,4109,Upper Mount Gravatt,South Brisbane,Brisbane,SEQ South,Metropolitan,Macgregor (qld),Mt Gravatt,Brisbane - South,Major Cities,Mansfield,Moreton,State-controlled,No Roadway Feature,No traffic control,100 - 110 km/h,Sealed - Dry,Clear,Daylight,Straight,Grade,306,Veh'S Same Direction: Lane Change Right,Lane changes,N,0,0,1,0,1,2,0,0,0,0,0,0
3187,Minor injury,2002,May,Wednesday,9,Angle,Multi-Vehicle,153.1279202,-27.62138368,Dennis Rd,,,Springwood,Logan City,4127,Springwood,Logan,South Eastern,SEQ South,South Coast,Springwood,Springwood - Kingston,Logan - Beaudesert,Major Cities,Springwood,Rankin,Locally-controlled,No Roadway Feature,No traffic control,60 km/h,Sealed - Dry,Clear,Daylight,Straight,Level,406,Veh'S Manoeuvring: Leaving Driveway,Vehicle leaving driveway,W,0,0,0,1,1,2,0,0,0,0,0,0
3188,Hospitalisation,2002,May,Wednesday,17,Angle,Multi-Vehicle,153.0429008,-27.43242247,Abbotsford Rd,Sandgate Rd,,Albion,Brisbane City,4010,Hendra,North Brisbane,Brisbane,SEQ North,Metropolitan,Albion,Brisbane Inner - North,Brisbane Inner City,Major Cities,Clayfield,Brisbane,Locally-controlled,Intersection - Multiple Road,Operating traffic lights,60 km/h,Sealed - Dry,Clear,Darkness - Lighted,Curved - view open,Level,202,Veh'S Opposite Approach: Thru-Right,Opposing vehicles turning,N,0,1,0,0,1,2,0,0,0,0,0,0
3189,Minor injury,2002,May,Wednesday,22,Hit object,Single Vehicle,153.0015231,-26.79496741,Glasshouse Mountains Rd,,Glasshouse Mountains Road,Landsborough,Sunshine Coast Region,4550,Landsborough,Sunshine Coast,Central,SEQ North,North Coast and Wide Bay/Burnett,Landsborough,Sunshine Coast Hinterland,Sunshine Coast,Inner Regional,Caloundra,Fisher,State-controlled,No Roadway Feature,No traffic control,100 - 110 km/h,Sealed - Dry,Clear,Darkness - Not lighted,Curved - view obscured,Level,804,Off Path-Curve: Off Cway Lt Bend Hit Obj,Off carriageway on curve hit object,E,0,0,0,1,1,1,0,0,0,0,0,0
3190,Medical treatment,2002,May,Wednesday,16,Angle,Multi-Vehicle,152.3764775,-27.66256692,Mulgowie Rd,,Mulgowie Road,Laidley South,Lockyer Valley Region,4341,Laidley,Darling Downs,Southern,SEQ South,Downs South West,Lockyer Valley - East,Ipswich Hinterland,Ipswich,Inner Regional,Lockyer,Wright,State-controlled,No Roadway Feature,No traffic control,100 - 110 km/h,Sealed - Dry,Clear,Daylight,Straight,Level,506,Veh'S Overtaking: Overtake-Right Turn,Overtaking same direction,S,0,0,1,0,1,1,0,1,0,0,0,0
3191,Property damage only,2002,May,Wednesday,10,Overturned,Single Vehicle,149.1569795,-21.12128615,Mackay - Bucasia Rd,,Mackay - Bucasia Road,Mount Pleasant,Mackay Region,4740,Mackay,Mackay,Central,Central,Central Queensland,Mount Pleasant - Glenella,Mackay,Mackay - Isaac - Whitsunday,Inner Regional,Mackay,Dawson,State-controlled,No Roadway Feature,No traffic control,60 km/h,Sealed - Dry,Clear,Daylight,Straight,Grade,703,Off Path-Straight: Left Off Cway Hit Obj,Off carriageway on straight hit object,S,0,0,0,0,0,2,0,0,0,0,0,0
3192,Medical treatment,2002,May,Thursday,17,Angle,Multi-Vehicle,153.0151501,-27.47109669,Hope St,Montague Rd,,South Brisbane,Brisbane City,4101,West End,South Brisbane,Brisbane,SEQ South,Metropolitan,South Brisbane,Brisbane Inner,Brisbane Inner City,Major Cities,South Brisbane,Griffith,Locally-controlled,Intersection - T-Junction,No traffic control,60 km/h,Sealed - Dry,Clear,Dawn/Dusk,Straight,Level,202,Veh'S Opposite Approach: Thru-Right,Opposing vehicles turning,N,0,0,1,0,1,2,0,0,0,0,0,0
3193,Hospitalisation,2002,May,Thursday,19,Hit pedestrian,Hit pedestrian,153.3916029,-27.95508379,Musgrave Ave,,,Labrador,Gold Coast City,4215,Southport,Gold Coast,South Eastern,SEQ South,South Coast,Labrador,Gold Coast - North,Gold Coast,Major Cities,Bonney,Fadden,Locally-controlled,No Roadway Feature,No traffic control,60 km/h,Sealed - Dry,Clear,Darkness - Lighted,Straight,Level,3,Ped'N: Far Side Vehicle Hit From Left,Pedestrian,E,0,1,0,0,1,1,0,0,0,0,1,0
3194,Medical treatment,2002,May,Thursday,15,Rear-end,Multi-Vehicle,153.378541,-27.95965191,Labrador - Carrara Rd,Parklands Dr,Labrador - Carrara Road,Southport,Gold Coast City,4222,Southport,Gold Coast,South Eastern,SEQ South,South Coast,Parkwood,Southport,Gold Coast,Major Cities,Bonney,Fadden,State-controlled,Intersection - T-Junction,No traffic control,60 km/h,Sealed - Dry,Clear,Daylight,Straight,Grade,302,Veh'S Same Direction: Left Rear,Rear-end,W,0,0,1,0,1,2,0,0,0,0,0,0
3195,Hospitalisation,2002,May,Thursday,10,Rear-end,Multi-Vehicle,152.697963,-26.93271243,D'Aguilar Hwy,,D'Aguilar Highway (Caboolture - Kilcoy),Stony Creek,Moreton Bay Region,4514,Woodford,Moreton,Southern,SEQ North,North Coast and Wide Bay/Burnett,Woodford - Daguilar,Caboolture Hinterland,Moreton Bay - North,Inner Regional,Glass House,Longman,State-controlled,No Roadway Feature,Road/Rail worker,0 - 50 km/h,Sealed - Dry,Clear,Daylight,Straight,Level,301,Veh'S Same Direction: Rear End,Rear-end,W,0,3,0,0,3,2,0,0,0,0,0,0
3196,Property damage only,2002,May,Thursday,20,Angle,Multi-Vehicle,152.3507896,-24.87173806,Barolin St,George St,,Bundaberg Central,Bundaberg Region,4670,Bundaberg,Wide Bay Burnett,Central,Southern,North Coast and Wide Bay/Burnett,Bundaberg,Bundaberg,Wide Bay,Inner Regional,Bundaberg,Hinkler,Locally-controlled,Intersection - Roundabout,Give way sign,60 km/h,Sealed - Wet,Raining,Darkness - Lighted,Straight,Level,101,Veh'S Adjacent Approach: Thru-Thru,Intersection from adjacent approaches,N,0,0,0,0,0,2,0,0,0,0,0,0
3197,Property damage only,2002,May,Thursday,14,Rear-end,Multi-Vehicle,152.693603,-25.53629903,Maryborough - Biggenden Rd,,Maryborough - Biggenden Road,Maryborough,Fraser Coast Region,4650,Maryborough,Wide Bay Burnett,Central,Southern,North Coast and Wide Bay/Burnett,Maryborough (qld),Maryborough,Wide Bay,Inner Regional,Maryborough,Wide Bay,State-controlled,No Roadway Feature,No traffic control,60 km/h,Sealed - Wet,Raining,Daylight,Straight,Level,301,Veh'S Same Direction: Rear End,Rear-end,E,0,0,0,0,0,3,0,0,0,0,0,0
3198,Property damage only,2002,May,Thursday,10,Angle,Multi-Vehicle,152.7014907,-25.54231701,Maryborough - Cooloola Rd,Richmond St,Maryborough - Cooloola Road,Maryborough,Fraser Coast Region,4650,Maryborough,Wide Bay Burnett,Central,Southern,North Coast and Wide Bay/Burnett,Maryborough (qld),Maryborough,Wide Bay,Inner Regional,Maryborough,Wide Bay,State-controlled,Intersection - Cross,Stop sign,60 km/h,Sealed - Wet,Raining,Daylight,Straight,Level,104,Veh'S Adjacent Approach: Thru-Right,Intersection from adjacent approaches,S,0,0,0,0,0,2,0,0,0,0,0,0
3199,Medical treatment,2002,May,Friday,7,Non-collision - miscellaneous,Other,152.9730088,-27.45895252,Barnett Rd,,,Bardon,Brisbane City,4065,The Gap,North Brisbane,Brisbane,SEQ North,Metropolitan,Bardon,Brisbane Inner - West,Brisbane Inner City,Major Cities,Cooper,Ryan,Locally-controlled,No Roadway Feature,No traffic control,0 - 50 km/h,Sealed - Dry,Clear,Daylight,Curved - view open,Crest,901,Pass & Misc: Fell In/From Vehicle,Other,S,0,0,1,0,1,0,0,0,0,0,0,1
3200,Medical treatment,2002,May,Friday,8,Rear-end,Multi-Vehicle,152.9856521,-27.48449733,Sherwood Rd,Woodstock Rd,,Toowong,Brisbane City,4066,Indooroopilly,North Brisbane,Brisbane,SEQ North,Metropolitan,Toowong,Brisbane Inner - West,Brisbane Inner City,Major Cities,Maiwar,Ryan,Locally-controlled,Intersection - T-Junction,Give way sign,60 km/h,Sealed - Dry,Clear,Daylight,Straight,Level,302,Veh'S Same Direction: Left Rear,Rear-end,S,0,0,1,0,1,2,0,0,0,0,0,0
3201,Medical treatment,2002,May,Friday,9,Rear-end,Multi-Vehicle,153.0233705,-27.52436093,Beaudesert Rd,Ipswich Rd,,Moorooka,Brisbane City,4105,Moorooka,South Brisbane,Brisbane,SEQ South,Metropolitan,Yeronga,Holland Park - Yeronga,Brisbane - South,Major Cities,Miller,Moreton,Locally-controlled,Intersection - T-Junction,Operating traffic lights,60 km/h,Sealed - Dry,Clear,Daylight,Straight,Level,301,Veh'S Same Direction: Rear End,Rear-end,N,0,0,1,0,1,3,0,0,0,0,0,0
3202,Medical treatment,2002,May,Friday,17,Rear-end,Multi-Vehicle,153.1038037,-27.58193799,South East Arterial Rd,,South-East Arterial Road (Pacific Motorway),Rochedale,Brisbane City,4123,Upper Mount Gravatt,South Brisbane,Brisbane,SEQ South,Metropolitan,Rochedale - Burbank,Mt Gravatt,Brisbane - South,Major Cities,Mansfield,Bonner,State-controlled,No Roadway Feature,No traffic control,100 - 110 km/h,Sealed - Dry,Clear,Darkness - Lighted,Straight,Grade,301,Veh'S Same Direction: Rear End,Rear-end,S,0,0,1,0,1,2,0,0,0,0,0,0
3203,Minor injury,2002,May,Friday,16,Angle,Multi-Vehicle,152.9492965,-27.09551172,Burpengary - Caboolture Rd,Frank St,Burpengary - Caboolture Road,Caboolture South,Moreton Bay Region,4510,Caboolture,Moreton,Southern,SEQ North,North Coast and Wide Bay/Burnett,Caboolture - South,Caboolture,Moreton Bay - North,Major Cities,Morayfield,Longman,State-controlled,Intersection - T-Junction,Stop sign,60 km/h,Sealed - Dry,Clear,Daylight,Straight,Level,104,Veh'S Adjacent Approach: Thru-Right,Intersection from adjacent approaches,N,0,0,0,1,1,2,0,0,0,0,0,0
3204,Hospitalisation,2002,May,Friday,17,Rear-end,Multi-Vehicle,153.4081456,-27.95218038,Gold Coast Hwy,,Gold Coast Highway (Helensvale - Southport),Labrador,Gold Coast City,4215,Southport,Gold Coast,South Eastern,SEQ South,South Coast,Labrador,Gold Coast - North,Gold Coast,Major Cities,Bonney,Fadden,State-controlled,No Roadway Feature,No traffic control,60 km/h,Sealed - Dry,Clear,Darkness - Lighted,Straight,Level,301,Veh'S Same Direction: Rear End,Rear-end,S,0,1,0,0,1,3,0,0,0,0,0,0
3205,Property damage only,2002,May,Friday,8,Overturned,Single Vehicle,152.6200224,-25.18917891,Burrum St,,,Burrum Heads,Fraser Coast Region,4659,Howard,Wide Bay Burnett,Central,Southern,North Coast and Wide Bay/Burnett,Burrum - Fraser,Maryborough,Wide Bay,Inner Regional,Maryborough,Hinkler,Locally-controlled,No Roadway Feature,No traffic control,100 - 110 km/h,Sealed - Dry,Clear,Daylight,Curved - view open,Level,800,Off Path-Curve: Other,Other,E,0,0,0,0,0,1,0,0,0,0,0,0
3206,Medical treatment,2002,May,Saturday,12,Angle,Multi-Vehicle,153.0931945,-27.4955883,Dickenson St,Old Cleveland Rd,,Carina,Brisbane City,4152,Carina,South Brisbane,Brisbane,SEQ South,Metropolitan,Carina,Carindale,Brisbane - South,Major Cities,Chatsworth,Griffith,Locally-controlled,Intersection - Cross,Give way sign,60 km/h,Sealed - Dry,Clear,Daylight,Straight,Grade,102,Veh'S Adjacent Approach: Right-Thru,Intersection from adjacent approaches,S,0,0,1,0,1,2,0,0,0,0,0,0
3207,Property damage only,2002,May,Saturday,18,Angle,Multi-Vehicle,153.0261169,-27.54052786,Fegen Dr,,,Moorooka,Brisbane City,4105,Moorooka,South Brisbane,Brisbane,SEQ South,Metropolitan,Moorooka,Nathan,Brisbane - South,Major Cities,Toohey,Moreton,Locally-controlled,No Roadway Feature,No traffic control,60 km/h,Sealed - Dry,Clear,Darkness - Not lighted,Curved - view open,Grade,308,Veh'S Same Direction: Right Turn S/Swipe,Parallel lanes turning,E,0,0,0,0,0,2,0,0,0,0,0,0
3208,Medical treatment,2002,May,Saturday,12,Sideswipe,Multi-Vehicle,152.7894018,-27.11891276,Brisbane - Woodford Rd,,Brisbane - Woodford Road,Ocean View,Moreton Bay Region,4521,Dayboro,North Brisbane,Brisbane,SEQ North,North Coast and Wide Bay/Burnett,Dayboro,The Hills District,Moreton Bay - South,Inner Regional,Glass House,Dickson,State-controlled,No Roadway Feature,No traffic control,60 km/h,Sealed - Dry,Clear,Daylight,Curved - view obscured,Dip,201,Veh'S Opposite Approach: Head On,Head-on,S,0,0,2,0,2,0,2,0,0,0,0,0
3209,Medical treatment,2002,May,Saturday,14,Angle,Multi-Vehicle,153.4227432,-27.99837456,Darrambal St,Thomas Dr,,Surfers Paradise,Gold Coast City,4217,Surfers Paradise,Gold Coast,South Eastern,SEQ South,South Coast,Surfers Paradise,Surfers Paradise,Gold Coast,Major Cities,Surfers Paradise,Moncrieff,Locally-controlled,Intersection - Cross,No traffic control,0 - 50 km/h,Sealed - Dry,Clear,Daylight,Curved - view obscured,Level,100,Veh'S Adjacent Approach: Other,Intersection from adjacent approaches,W,0,0,1,0,1,2,0,0,0,0,0,0
3210,Property damage only,2002,May,Saturday,11,Angle,Multi-Vehicle,150.5258975,-23.33796506,Richardson Rd,,,Norman Gardens,Rockhampton Region,4701,North Rockhampton,Capricornia,Central,Central,Central Queensland,Norman Gardens,Rockhampton,Central Queensland,Inner Regional,Keppel,Capricornia,Locally-controlled,No Roadway Feature,No traffic control,60 km/h,Sealed - Dry,Clear,Daylight,Straight,Grade,506,Veh'S Overtaking: Overtake-Right Turn,Overtaking same direction,E,0,0,0,0,0,2,0,0,0,0,0,0
3211,Minor injury,2002,May,Sunday,12,Rear-end,Multi-Vehicle,152.9753112,-27.08925797,Bruce Hwy,Bruce Hwy Off Ramp,Bruce Highway (Brisbane - Gympie),Caboolture,Moreton Bay Region,4510,Caboolture,Moreton,Southern,SEQ North,North Coast and Wide Bay/Burnett,Caboolture,Caboolture,Moreton Bay - North,Major Cities,Morayfield,Longman,State-controlled,Intersection - Interchange,No traffic control,100 - 110 km/h,Sealed - Dry,Clear,Daylight,Straight,Level,301,Veh'S Same Direction: Rear End,Rear-end,N,0,0,0,1,1,4,0,0,0,0,0,0
3212,Medical treatment,2002,May,Sunday,16,Rear-end,Multi-Vehicle,153.029501,-27.19668674,Deception Bay Rd,,Deception Bay Road,Deception Bay,Moreton Bay Region,4508,Deception Bay,Moreton,Southern,SEQ North,North Coast and Wide Bay/Burnett,Deception Bay,Narangba - Burpengary,Moreton Bay - North,Major Cities,Bancroft,Petrie,State-controlled,No Roadway Feature,No traffic control,70 km/h,Sealed - Dry,Clear,Daylight,Straight,Level,301,Veh'S Same Direction: Rear End,Rear-end,W,0,0,1,0,1,3,0,0,0,0,0,0
3213,Property damage only,2002,May,Sunday,5,Hit object,Single Vehicle,153.4311109,-28.00212936,Esplanade,,,Surfers Paradise,Gold Coast City,4217,Surfers Paradise,Gold Coast,South Eastern,SEQ South,South Coast,Surfers Paradise,Surfers Paradise,Gold Coast,Major Cities,Surfers Paradise,Moncrieff,Locally-controlled,No Roadway Feature,Operating traffic lights,0 - 50 km/h,Sealed - Dry,Clear,Darkness - Lighted,Straight,Level,703,Off Path-Straight: Left Off Cway Hit Obj,Off carriageway on straight hit object,S,0,0,0,0,0,1,0,0,0,0,0,0
3214,Medical treatment,2002,May,Sunday,15,Rear-end,Multi-Vehicle,153.4217101,-27.97857767,Gold Coast Hwy,,,Main Beach,Gold Coast City,4217,Surfers Paradise,Gold Coast,South Eastern,SEQ South,South Coast,Main Beach,Surfers Paradise,Gold Coast,Major Cities,Surfers Paradise,Moncrieff,Locally-controlled,Bridge/Causeway,No traffic control,60 km/h,Sealed - Dry,Clear,Daylight,Straight,Level,301,Veh'S Same Direction: Rear End,Rear-end,S,0,0,4,0,4,3,0,0,1,0,0,0
3215,Hospitalisation,2002,May,Sunday,11,Angle,Multi-Vehicle,151.9433494,-27.55968458,Margaret St,West St,,Newtown,Toowoomba Region,4350,Toowoomba,Darling Downs,Southern,Southern,Downs South West,Newtown (qld),Toowoomba,Toowoomba,Inner Regional,Toowoomba North,Groom,Locally-controlled,Intersection - Cross,Operating traffic lights,60 km/h,Sealed - Dry,Clear,Daylight,Straight,Level,101,Veh'S Adjacent Approach: Thru-Thru,Intersection from adjacent approaches,W,0,2,2,0,4,2,0,0,0,0,0,0
3216,Property damage only,2002,May,Sunday,5,Overturned,Single Vehicle,145.6429812,-26.64775515,Diamantina Development Rd,,Diamantina Dev Road (Charleville-Quilpie),Cooladdi,Murweh Shire,4479,Charleville,South West,Southern,Southern,Downs South West,Charleville,Outback - South,Queensland - Outback,Very Remote,Warrego,Maranoa,State-controlled,No Roadway Feature,No traffic control,100 - 110 km/h,Sealed - Dry,Clear,Dawn/Dusk,Straight,Level,701,Off Path-Straight: Left Off Cway,Off carriageway on straight,E,0,0,0,0,0,0,0,1,0,0,0,0
3217,Property damage only,2002,May,Monday,6,Rear-end,Multi-Vehicle,153.1122826,-27.55447283,Gateway Arterial Rd,,Gateway Motorway (Eight Mile Plains - Nudgee),Rochedale,Brisbane City,4123,Upper Mount Gravatt,South Brisbane,Brisbane,SEQ South,Metropolitan,Wishart,Mt Gravatt,Brisbane - South,Major Cities,Mansfield,Bonner,State-controlled,No Roadway Feature,No traffic control,100 - 110 km/h,Sealed - Dry,Clear,Dawn/Dusk,Straight,Level,301,Veh'S Same Direction: Rear End,Rear-end,N,0,0,0,0,0,3,0,0,0,0,0,0
3218,Medical treatment,2002,May,Monday,12,Rear-end,Multi-Vehicle,153.1109055,-27.62135853,Ewing Rd,,,Woodridge,Logan City,4114,Logan Central,Logan,South Eastern,SEQ South,South Coast,Woodridge,Springwood - Kingston,Logan - Beaudesert,Major Cities,Woodridge,Rankin,Locally-controlled,No Roadway Feature,No traffic control,60 km/h,Sealed - Dry,Clear,Daylight,Straight,Level,301,Veh'S Same Direction: Rear End,Rear-end,S,0,0,1,0,1,2,0,0,0,0,0,0
3219,Hospitalisation,2002,May,Monday,14,Hit object,Single Vehicle,152.8605277,-27.36363589,Woodfern Ct,,,Samford Valley,Moreton Bay Region,4520,Ferny Grove,North Brisbane,Brisbane,SEQ North,North Coast and Wide Bay/Burnett,Samford Valley,The Hills District,Moreton Bay - South,Major Cities,Pine Rivers,Dickson,Locally-controlled,No Roadway Feature,No traffic control,0 - 50 km/h,Sealed - Dry,Clear,Daylight,Straight,Crest,704,Off Path-Straight:Right Off Cway Hit Obj,Off carriageway on straight hit object,N,0,1,0,0,1,1,0,0,0,0,0,0
3220,Medical treatment,2002,May,Monday,16,Rear-end,Multi-Vehicle,153.4139773,-28.00158336,Southport - Burleigh Rd,,Southport - Burleigh Road,Bundall,Gold Coast City,4217,Broadbeach,Gold Coast,South Eastern,SEQ South,South Coast,Bundall,Surfers Paradise,Gold Coast,Major Cities,Surfers Paradise,Moncrieff,State-controlled,No Roadway Feature,No traffic control,60 km/h,Sealed - Dry,Clear,Daylight,Straight,Level,301,Veh'S Same Direction: Rear End,Rear-end,N,0,0,1,0,1,2,0,0,0,0,0,0
3221,Property damage only,2002,May,Monday,21,Hit object,Single Vehicle,153.537299,-28.1736369,Stapylton St,,,Coolangatta,Gold Coast City,4225,Coolangatta,Gold Coast,South Eastern,SEQ South,South Coast,Coolangatta,Coolangatta,Gold Coast,Major Cities,Currumbin,Mcpherson,Locally-controlled,No Roadway Feature,No traffic control,0 - 50 km/h,Sealed - Dry,Clear,Darkness - Lighted,Straight,Dip,700,Off Path-Straight: Other,Other,W,0,0,0,0,0,1,0,0,0,0,0,0
3222,Medical treatment,2002,May,Monday,17,Rear-end,Multi-Vehicle,153.3905652,-27.93449871,Gold Coast Hwy,Oxenford - Southport Rd,Gold Coast Highway (Helensvale - Southport),Biggera Waters,Gold Coast City,4216,Runaway Bay,Gold Coast,South Eastern,SEQ South,South Coast,Biggera Waters,Gold Coast - North,Gold Coast,Major Cities,Bonney,Fadden,State-controlled,Intersection - Cross,Operating traffic lights,60 km/h,Sealed - Dry,Clear,Dawn/Dusk,Straight,Level,303,Veh'S Same Direction: Right Rear,Rear-end,W,0,0,1,0,1,2,0,0,0,0,0,0
3223,Medical treatment,2002,May,Tuesday,13,Rear-end,Multi-Vehicle,153.1035011,-27.50216599,Carindale St,,,Carindale,Brisbane City,4152,Carina,South Brisbane,Brisbane,SEQ South,Metropolitan,Carindale,Carindale,Brisbane - South,Major Cities,Chatsworth,Bonner,Locally-controlled,No Roadway Feature,No traffic control,0 - 50 km/h,Sealed - Dry,Clear,Daylight,Straight,Level,303,Veh'S Same Direction: Right Rear,Rear-end,S,0,0,1,0,1,2,0,0,0,0,0,0
3224,Minor injury,2002,May,Tuesday,9,Angle,Multi-Vehicle,152.9689596,-27.58869135,Barberry St,Buddleia St,,Inala,Brisbane City,4077,Inala,South Brisbane,Brisbane,SEQ South,Metropolitan,Inala - Richlands,Forest Lake - Oxley,Ipswich,Major Cities,Inala,Oxley,Locally-controlled,Intersection - Cross,No traffic control,0 - 50 km/h,Unknown,Unknown,Daylight,Straight,Level,101,Veh'S Adjacent Approach: Thru-Thru,Intersection from adjacent approaches,E,0,0,0,1,1,2,0,0,0,0,0,0
3225,Medical treatment,2002,May,Tuesday,9,Angle,Multi-Vehicle,153.1576815,-27.44798986,Chandos St,Wynnum Rd,,Wynnum West,Brisbane City,4178,Wynnum,South Brisbane,Brisbane,SEQ South,Metropolitan,Wynnum West - Hemmant,Wynnum - Manly,Brisbane - East,Major Cities,Lytton,Bonner,Locally-controlled,Intersection - T-Junction,Give way sign,60 km/h,Sealed - Dry,Clear,Daylight,Straight,Level,104,Veh'S Adjacent Approach: Thru-Right,Intersection from adjacent approaches,S,0,0,1,0,1,1,0,0,1,0,0,0
3226,Hospitalisation,2002,May,Tuesday,9,Sideswipe,Multi-Vehicle,153.0624712,-27.37460533,Pritchard Rd,Sandgate Rd,Sandgate Sub-Arterial Road,Virginia,Brisbane City,4014,Boondall,North Brisbane,Brisbane,SEQ North,Metropolitan,Northgate - Virginia,Nundah,Brisbane - North,Major Cities,Nudgee,Lilley,State-controlled,Intersection - T-Junction,Operating traffic lights,70 km/h,Sealed - Dry,Clear,Daylight,Straight,Level,305,Veh'S Same Direction: Lane Side Swipe,Lane changes,N,0,2,0,0,2,2,0,0,0,0,0,0
3227,Hospitalisation,2002,May,Tuesday,13,Angle,Multi-Vehicle,152.9883473,-27.28267597,Lawnton Pkt Rd,,,Lawnton,Moreton Bay Region,4501,Petrie,North Brisbane,Brisbane,SEQ North,North Coast and Wide Bay/Burnett,Lawnton,Strathpine,Moreton Bay - South,Major Cities,Pine Rivers,Dickson,Locally-controlled,No Roadway Feature,No traffic control,60 km/h,Sealed - Dry,Clear,Daylight,Straight,Level,202,Veh'S Opposite Approach: Thru-Right,Opposing vehicles turning,E,0,1,0,0,1,2,0,0,0,0,0,0
3228,Hospitalisation,2002,May,Tuesday,14,Rear-end,Multi-Vehicle,153.3245461,-27.92629023,Binstead Wy,Pacific Pines Blvd,,Pacific Pines,Gold Coast City,4211,Nerang,Gold Coast,South Eastern,SEQ South,South Coast,Pacific Pines - Gaven,Nerang,Gold Coast,Major Cities,Gaven,Fadden,Locally-controlled,Intersection - Roundabout,Give way sign,60 km/h,Sealed - Dry,Clear,Daylight,Straight,Level,301,Veh'S Same Direction: Rear End,Rear-end,W,0,1,0,0,1,2,0,0,0,0,0,0
3229,Medical treatment,2002,May,Tuesday,17,Rear-end,Multi-Vehicle,153.1221902,-26.7654096,Nicklin Wy,,Nicklin Way,Wurtulla,Sunshine Coast Region,4575,Kawana Waters,Sunshine Coast,Central,SEQ North,North Coast and Wide Bay/Burnett,Wurtulla - Birtinya,Caloundra,Sunshine Coast,Major Cities,Kawana,Fisher,State-controlled,Bridge/Causeway,No traffic control,70 km/h,Sealed - Dry,Clear,Dawn/Dusk,Straight,Level,301,Veh'S Same Direction: Rear End,Rear-end,S,0,0,1,0,1,3,0,0,0,0,0,0
3230,Property damage only,2002,May,Wednesday,15,Angle,Multi-Vehicle,153.0241433,-27.5684083,Boundary Rd,Mt Lindesay Art. Rd,Mount Lindesay Arterial Road,Archerfield,Brisbane City,4108,Acacia Ridge,South Brisbane,Brisbane,SEQ South,Metropolitan,Rocklea - Acacia Ridge,Rocklea - Acacia Ridge,Brisbane - South,Major Cities,Algester,Moreton,State-controlled,Intersection - Cross,Operating traffic lights,70 km/h,Sealed - Dry,Clear,Daylight,Straight,Level,202,Veh'S Opposite Approach: Thru-Right,Opposing vehicles turning,S,0,0,0,0,0,2,0,0,0,0,0,0
3231,Minor injury,2002,May,Wednesday,18,Angle,Multi-Vehicle,152.9905427,-27.59450076,Inala Ave,,,Durack,Brisbane City,4077,Inala,South Brisbane,Brisbane,SEQ South,Metropolitan,Durack,Forest Lake - Oxley,Ipswich,Major Cities,Inala,Oxley,Locally-controlled,No Roadway Feature,Give way sign,60 km/h,Sealed - Dry,Clear,Darkness - Lighted,Straight,Level,406,Veh'S Manoeuvring: Leaving Driveway,Vehicle leaving driveway,E,0,0,0,1,1,2,0,0,0,0,0,0
3232,Property damage only,2002,May,Wednesday,11,Rear-end,Multi-Vehicle,153.0547262,-27.47474267,Norman Ave,Wynnum Rd,,Norman Park,Brisbane City,4170,Morningside,South Brisbane,Brisbane,SEQ South,Metropolitan,Norman Park,Brisbane Inner - East,Brisbane Inner City,Major Cities,Bulimba,Griffith,Locally-controlled,Intersection - T-Junction,Operating traffic lights,60 km/h,Sealed - Dry,Clear,Daylight,Straight,Level,307,Veh'S Same Direction: Lane Change Left,Lane changes,E,0,0,0,0,0,3,0,0,0,0,0,0