Crash_Ref_Number,Crash_Severity,Crash_Year,Crash_Month,Crash_Day_Of_Week,Crash_Hour,Crash_Nature,Crash_Type,Crash_Longitude_GDA94,Crash_Latitude_GDA94,Crash_Street,Crash_Street_Intersecting,State_Road_Name,Loc_Suburb,Loc_Local_Government_Area,Loc_Post_Code,Loc_Police_Division,Loc_Police_District,Loc_Police_Region,Loc_Queensland_Transport_Region,Loc_Main_Roads_Region,Loc_ABS_Statistical_Area_2,Loc_ABS_Statistical_Area_3,Loc_ABS_Statistical_Area_4,Loc_ABS_Remoteness,Loc_State_Electorate,Loc_Federal_Electorate,Crash_Controlling_Authority,Crash_Roadway_Feature,Crash_Traffic_Control,Crash_Speed_Limit,Crash_Road_Surface_Condition,Crash_Atmospheric_Condition,Crash_Lighting_Condition,Crash_Road_Horiz_Align,Crash_Road_Vert_Align,Crash_DCA_Code,Crash_DCA_Description,Crash_DCA_Group_Description,DCA_Key_Approach_Dir,Count_Casualty_Fatality,Count_Casualty_Hospitalised,Count_Casualty_MedicallyTreated,Count_Casualty_MinorInjury,Count_Casualty_Total,Count_Unit_Car,Count_Unit_Motorcycle_Moped,Count_Unit_Truck,Count_Unit_Bus,Count_Unit_Bicycle,Count_Unit_Pedestrian,Count_Unit_Other
3233,Medical treatment,2002,May,Wednesday,7,Rear-end,Multi-Vehicle,153.1335048,-27.50554945,Cleveland Sub-Arterial Rd,,Cleveland Sub-Arterial Road,Belmont,Brisbane City,4153,Capalaba,South Brisbane,Brisbane,SEQ South,Metropolitan,Belmont - Gumdale,Capalaba,Brisbane - East,Major Cities,Chatsworth,Bonner,State-controlled,No Roadway Feature,No traffic control,80 - 90 km/h,Sealed - Dry,Clear,Daylight,Straight,Level,301,Veh'S Same Direction: Rear End,Rear-end,W,0,0,1,0,1,2,0,0,0,0,0,0
3234,Minor injury,2002,May,Wednesday,7,Angle,Multi-Vehicle,153.4359851,-28.04902,Gold Coast Hwy,Seabeach Ave,Gold Coast Highway (Broadbeach - Coolangatta),Mermaid Beach,Gold Coast City,4218,Broadbeach,Gold Coast,South Eastern,SEQ South,South Coast,Mermaid Beach - Broadbeach,Broadbeach - Burleigh,Gold Coast,Major Cities,Mermaid Beach,Moncrieff,State-controlled,Intersection - T-Junction,Give way sign,70 km/h,Sealed - Dry,Clear,Daylight,Straight,Level,107,Veh'S Adjacent Approach: Thru-Left,Intersection from adjacent approaches,S,0,0,0,2,2,2,0,0,0,0,0,0
3235,Property damage only,2002,May,Wednesday,15,Rear-end,Multi-Vehicle,150.5365265,-23.35247131,Dean St,Robinson St,,Frenchville,Rockhampton Region,4701,North Rockhampton,Capricornia,Central,Central,Central Queensland,Frenchville - Mount Archer,Rockhampton,Central Queensland,Inner Regional,Rockhampton,Capricornia,Locally-controlled,Intersection - Cross,No traffic control,60 km/h,Sealed - Dry,Clear,Daylight,Straight,Level,303,Veh'S Same Direction: Right Rear,Rear-end,N,0,0,0,0,0,2,0,0,0,0,0,0
3236,Property damage only,2002,May,Thursday,9,Angle,Multi-Vehicle,153.0298923,-27.47131833,Edward St,Margaret St,,Brisbane City,Brisbane City,4000,Brisbane City,North Brisbane,Brisbane,SEQ North,Metropolitan,Brisbane City,Brisbane Inner,Brisbane Inner City,Major Cities,Mcconnel,Brisbane,Locally-controlled,Intersection - Cross,Operating traffic lights,0 - 50 km/h,Unknown,Unknown,Daylight,Straight,Level,101,Veh'S Adjacent Approach: Thru-Thru,Intersection from adjacent approaches,N,0,0,0,0,0,1,0,0,1,0,0,0
3237,Property damage only,2002,May,Thursday,10,Rear-end,Multi-Vehicle,152.9512124,-27.08597265,Burpengary - Caboolture Rd,Elliott St,Burpengary - Caboolture Road,Caboolture,Moreton Bay Region,4510,Caboolture,Moreton,Southern,SEQ North,North Coast and Wide Bay/Burnett,Caboolture,Caboolture,Moreton Bay - North,Major Cities,Morayfield,Longman,State-controlled,Intersection - Cross,Operating traffic lights,60 km/h,Sealed - Dry,Clear,Daylight,Straight,Crest,301,Veh'S Same Direction: Rear End,Rear-end,N,0,0,0,0,0,2,0,0,0,0,0,0
3238,Property damage only,2002,May,Thursday,17,Rear-end,Multi-Vehicle,153.133052,-27.60889541,Parfrey Rd,Springwood Rd,,Springwood,Logan City,4127,Springwood,Logan,South Eastern,SEQ South,South Coast,Springwood,Springwood - Kingston,Logan - Beaudesert,Major Cities,Springwood,Rankin,Locally-controlled,Intersection - T-Junction,No traffic control,60 km/h,Sealed - Dry,Clear,Dawn/Dusk,Straight,Grade,302,Veh'S Same Direction: Left Rear,Rear-end,W,0,0,0,0,0,2,0,0,0,0,0,0
3239,Medical treatment,2002,May,Thursday,9,Angle,Multi-Vehicle,153.4070113,-28.04847744,Markeri St,Southport - Burleigh Rd,Southport - Burleigh Road,Robina,Gold Coast City,4226,Broadbeach,Gold Coast,South Eastern,SEQ South,South Coast,Robina,Robina,Gold Coast,Major Cities,Mermaid Beach,Mcpherson,State-controlled,Intersection - Cross,Operating traffic lights,80 - 90 km/h,Sealed - Dry,Clear,Daylight,Straight,Level,101,Veh'S Adjacent Approach: Thru-Thru,Intersection from adjacent approaches,N,0,0,2,0,2,1,0,0,0,0,0,1
3240,Property damage only,2002,May,Thursday,17,Rear-end,Multi-Vehicle,153.0631781,-26.69839341,Ballinger Rd,Lara Dr,,Buderim,Sunshine Coast Region,4556,Maroochydore,Sunshine Coast,Central,SEQ North,North Coast and Wide Bay/Burnett,Buderim - South,Buderim,Sunshine Coast,Major Cities,Buderim,Fairfax,Locally-controlled,Intersection - T-Junction,No traffic control,60 km/h,Sealed - Dry,Clear,Dawn/Dusk,Straight,Level,301,Veh'S Same Direction: Rear End,Rear-end,W,0,0,0,0,0,2,0,0,0,0,0,0
3241,Property damage only,2002,May,Thursday,16,Hit object,Single Vehicle,153.068089,-26.645206,Sunshine Mwy Ramp S,,Sunshine Motorway (Mooloolaba - Peregian),Maroochydore,Sunshine Coast Region,4558,Maroochydore,Sunshine Coast,Central,SEQ North,North Coast and Wide Bay/Burnett,Maroochydore - Kuluin,Maroochy,Sunshine Coast,Major Cities,Maroochydore,Fairfax,State-controlled,Intersection - Interchange,No traffic control,80 - 90 km/h,Sealed - Dry,Clear,Daylight,Curved - view open,Grade,804,Off Path-Curve: Off Cway Lt Bend Hit Obj,Off carriageway on curve hit object,E,0,0,0,0,0,1,0,0,0,0,0,0
3242,Minor injury,2002,May,Thursday,8,Hit object,Single Vehicle,152.8329585,-26.3365714,Greenridge - Pinbarren Rd,,,Cooran,Noosa Shire,4569,Pomona,Sunshine Coast,Central,SEQ North,North Coast and Wide Bay/Burnett,Noosa Hinterland,Noosa Hinterland,Sunshine Coast,Inner Regional,Noosa,Wide Bay,Locally-controlled,No Roadway Feature,No traffic control,60 km/h,Sealed - Dry,Clear,Daylight,Straight,Dip,704,Off Path-Straight:Right Off Cway Hit Obj,Off carriageway on straight hit object,W,0,0,0,1,1,1,0,0,0,0,0,0
3243,Hospitalisation,2002,May,Thursday,15,Overturned,Single Vehicle,153.3551009,-28.04795174,Pacific Hwy,,Pacific Highway (Pacific Motorway),Merrimac,Gold Coast City,4213,Mudgeeraba,Gold Coast,South Eastern,SEQ South,South Coast,Worongary - Tallai,Nerang,Gold Coast,Major Cities,Mudgeeraba,Wright,State-controlled,No Roadway Feature,No traffic control,100 - 110 km/h,Sealed - Dry,Clear,Daylight,Straight,Grade,702,Off Path-Straight: Right Off Cway,Off carriageway on straight,N,0,2,0,0,2,1,0,0,0,0,0,0
3244,Hospitalisation,2002,May,Thursday,17,Hit parked vehicle,Single Vehicle,152.9849562,-26.9668895,Bruce Hwy,,Bruce Highway (Brisbane - Gympie),Beerburrum,Sunshine Coast Region,4517,Beerwah,Sunshine Coast,Central,SEQ North,North Coast and Wide Bay/Burnett,Glass House Mountains,Sunshine Coast Hinterland,Sunshine Coast,Inner Regional,Glass House,Fisher,State-controlled,No Roadway Feature,No traffic control,100 - 110 km/h,Sealed - Dry,Clear,Darkness - Not lighted,Straight,Level,703,Off Path-Straight: Left Off Cway Hit Obj,Off carriageway on straight hit object,S,0,2,0,0,2,2,0,0,0,0,0,0
3245,Property damage only,2002,May,Thursday,3,Hit object,Single Vehicle,152.2305027,-25.21134452,Bruce Hwy,Isis Hwy,Bruce Highway (Maryborough - Gin Gin),Apple Tree Creek,Bundaberg Region,4660,Childers,Wide Bay Burnett,Central,Southern,North Coast and Wide Bay/Burnett,Bundaberg Region - South,Bundaberg,Wide Bay,Inner Regional,Burnett,Hinkler,State-controlled,Intersection - T-Junction,Give way sign,100 - 110 km/h,Sealed - Wet,Fog,Darkness - Lighted,Straight,Level,700,Off Path-Straight: Other,Other,E,0,0,0,0,0,1,0,0,0,0,0,0
3246,Minor injury,2002,May,Thursday,11,Hit object,Single Vehicle,151.1319499,-24.92267928,Burnett Hwy,,Burnett Highway (Gayndah - Monto),Three Moon,North Burnett Region,4630,Monto,Wide Bay Burnett,Central,Southern,North Coast and Wide Bay/Burnett,Monto - Eidsvold,Burnett,Wide Bay,Outer Regional,Callide,Flynn,State-controlled,No Roadway Feature,No traffic control,100 - 110 km/h,Sealed - Dry,Clear,Daylight,Curved - view open,Level,803,Off Path-Curve: Off Cway Rt Bend Hit Obj,Off carriageway on curve hit object,N,0,0,0,1,1,1,0,0,0,0,0,0
3247,Property damage only,2002,May,Thursday,20,Angle,Multi-Vehicle,151.9211361,-27.59517094,Ball St,Luck St,,Drayton,Toowoomba Region,4350,Drayton,Darling Downs,Southern,Southern,Downs South West,Drayton - Harristown,Toowoomba,Toowoomba,Inner Regional,Condamine,Groom,Locally-controlled,Intersection - T-Junction,Give way sign,60 km/h,Sealed - Dry,Clear,Darkness - Lighted,Straight,Level,104,Veh'S Adjacent Approach: Thru-Right,Intersection from adjacent approaches,W,0,0,0,0,0,2,0,0,0,0,0,0
3248,Medical treatment,2002,May,Thursday,12,Rear-end,Multi-Vehicle,149.6726754,-23.72204047,Capricorn Hwy,,Capricorn Highway (Rockhampton - Duaringa),Duaringa,Central Highlands Region,4712,Duaringa,Capricornia,Central,Central,Central Queensland,Central Highlands - East,Central Highlands (qld),Central Queensland,Outer Regional,Gregory,Flynn,State-controlled,No Roadway Feature,No traffic control,80 - 90 km/h,Sealed - Dry,Clear,Daylight,Curved - view open,Level,303,Veh'S Same Direction: Right Rear,Rear-end,W,0,0,1,0,1,2,0,0,0,0,0,0
3249,Medical treatment,2002,May,Friday,17,Hit object,Single Vehicle,152.936376,-27.32369123,Warner Rd,,,Warner,Moreton Bay Region,4500,Albany Creek,North Brisbane,Brisbane,SEQ North,North Coast and Wide Bay/Burnett,Cashmere,The Hills District,Moreton Bay - South,Major Cities,Everton,Dickson,Locally-controlled,No Roadway Feature,No traffic control,60 km/h,Sealed - Dry,Clear,Darkness - Not lighted,Straight,Dip,705,Off Path-Straight:Out Of Control On Cway,Out of control on straight,E,0,0,2,0,2,1,0,0,0,0,0,0
3250,Hospitalisation,2002,May,Friday,22,Angle,Multi-Vehicle,153.1982717,-27.7125672,Bougainville St,Kokoda St,,Beenleigh,Logan City,4207,Beenleigh,Logan,South Eastern,SEQ South,South Coast,Beenleigh,Beenleigh,Logan - Beaudesert,Major Cities,Macalister,Forde,Locally-controlled,Intersection - Cross,Stop sign,0 - 50 km/h,Sealed - Dry,Clear,Darkness - Lighted,Straight,Level,101,Veh'S Adjacent Approach: Thru-Thru,Intersection from adjacent approaches,N,0,1,0,0,1,2,0,0,0,0,0,0
3251,Property damage only,2002,May,Friday,19,Hit parked vehicle,Single Vehicle,153.1992652,-27.53590849,Toni St,,,Capalaba,Redland City,4157,Capalaba,South Brisbane,Brisbane,SEQ South,Metropolitan,Capalaba,Capalaba,Brisbane - East,Major Cities,Capalaba,Bowman,Locally-controlled,No Roadway Feature,No traffic control,0 - 50 km/h,Sealed - Dry,Clear,Darkness - Lighted,Straight,Level,601,Veh'S On Path: Parked,Hit parked vehicle,S,0,0,0,0,0,2,0,0,0,0,0,0
3252,Property damage only,2002,May,Friday,11,Sideswipe,Multi-Vehicle,153.0262661,-27.18659515,Spring St,,,Deception Bay,Moreton Bay Region,4508,Deception Bay,Moreton,Southern,SEQ North,North Coast and Wide Bay/Burnett,Deception Bay,Narangba - Burpengary,Moreton Bay - North,Major Cities,Bancroft,Petrie,Locally-controlled,No Roadway Feature,No traffic control,60 km/h,Sealed - Dry,Clear,Daylight,Straight,Level,308,Veh'S Same Direction: Right Turn S/Swipe,Parallel lanes turning,N,0,0,0,0,0,2,0,0,0,0,0,0
3253,Property damage only,2002,May,Friday,23,Hit object,Single Vehicle,153.3092398,-27.85867544,Pacific Hwy,,Pacific Highway (Pacific Motorway),Upper Coomera,Gold Coast City,4209,Coomera,Gold Coast,South Eastern,SEQ South,South Coast,Upper Coomera - Willow Vale,Ormeau - Oxenford,Gold Coast,Major Cities,Theodore,Forde,State-controlled,No Roadway Feature,No traffic control,100 - 110 km/h,Sealed - Dry,Clear,Darkness - Lighted,Straight,Level,704,Off Path-Straight:Right Off Cway Hit Obj,Off carriageway on straight hit object,S,0,0,0,0,0,1,0,0,0,0,0,0
3254,Property damage only,2002,May,Friday,18,Hit parked vehicle,Single Vehicle,153.0966767,-26.66928367,Oloway Cres,,,Alexandra Headland,Sunshine Coast Region,4572,Maroochydore,Sunshine Coast,Central,SEQ North,North Coast and Wide Bay/Burnett,Mooloolaba - Alexandra Headland,Maroochy,Sunshine Coast,Major Cities,Maroochydore,Fairfax,Locally-controlled,No Roadway Feature,No traffic control,60 km/h,Sealed - Dry,Clear,Darkness - Lighted,Straight,Level,600,Veh'S On Path: Other,Other,,0,0,0,0,0,3,0,0,0,0,0,0
3255,Medical treatment,2002,May,Friday,19,Angle,Multi-Vehicle,153.0932569,-26.65676168,First Ave,Maroochydore - Mooloolaba Rd,Maroochydore - Mooloolaba Road,Maroochydore,Sunshine Coast Region,4558,Maroochydore,Sunshine Coast,Central,SEQ North,North Coast and Wide Bay/Burnett,Maroochydore - Kuluin,Maroochy,Sunshine Coast,Major Cities,Maroochydore,Fairfax,State-controlled,Intersection - T-Junction,Operating traffic lights,60 km/h,Sealed - Dry,Clear,Darkness - Lighted,Straight,Level,202,Veh'S Opposite Approach: Thru-Right,Opposing vehicles turning,W,0,0,2,0,2,1,0,0,0,0,0,1
3256,Medical treatment,2002,May,Friday,7,Angle,Multi-Vehicle,150.5047883,-23.3562362,Glenmore Rd,Macalister St,,Park Avenue,Rockhampton Region,4701,North Rockhampton,Capricornia,Central,Central,Central Queensland,Park Avenue,Rockhampton,Central Queensland,Inner Regional,Rockhampton,Capricornia,Locally-controlled,Intersection - T-Junction,Give way sign,60 km/h,Sealed - Dry,Clear,Daylight,Curved - view open,Level,107,Veh'S Adjacent Approach: Thru-Left,Intersection from adjacent approaches,N,0,0,1,0,1,1,0,0,0,1,0,0
3257,Medical treatment,2002,May,Saturday,12,Rear-end,Multi-Vehicle,153.031186,-27.392746,Gympie Rd,,Gympie Arterial Road,Chermside,Brisbane City,4032,Boondall,North Brisbane,Brisbane,SEQ North,Metropolitan,Chermside,Chermside,Brisbane - North,Major Cities,Stafford,Lilley,State-controlled,No Roadway Feature,No traffic control,60 km/h,Sealed - Dry,Clear,Daylight,Straight,Level,301,Veh'S Same Direction: Rear End,Rear-end,S,0,0,1,0,1,2,0,0,0,0,0,0
3258,Hospitalisation,2002,May,Saturday,9,Hit pedestrian,Hit pedestrian,153.0940086,-27.22975836,George St,,,Kippa-ring,Moreton Bay Region,4021,Redcliffe,Moreton,Southern,SEQ North,North Coast and Wide Bay/Burnett,Rothwell - Kippa-ring,Redcliffe,Moreton Bay - North,Major Cities,Redcliffe,Petrie,Locally-controlled,No Roadway Feature,No traffic control,0 - 50 km/h,Sealed - Dry,Clear,Daylight,Straight,Level,2,Ped'N: Hit Emerging Behind Vehicle,Pedestrian,W,0,1,0,0,1,1,0,0,0,0,1,0
3259,Fatal,2002,May,Saturday,3,Hit object,Single Vehicle,153.0918875,-26.57836825,Maroochydore - Noosa Rd,,Maroochydore - Noosa Road,Marcoola,Sunshine Coast Region,4564,Coolum,Sunshine Coast,Central,SEQ North,North Coast and Wide Bay/Burnett,Marcoola - Mudjimba,Maroochy,Sunshine Coast,Major Cities,Maroochydore,Fairfax,State-controlled,No Roadway Feature,No traffic control,80 - 90 km/h,Sealed - Dry,Clear,Darkness - Lighted,Straight,Crest,703,Off Path-Straight: Left Off Cway Hit Obj,Off carriageway on straight hit object,S,1,0,0,0,1,1,0,0,0,0,0,0
3260,Property damage only,2002,May,Saturday,2,Overturned,Single Vehicle,151.306336,-25.59158673,Stuart Russell St,,,Mundubbera,North Burnett Region,4626,Mundubbera,Wide Bay Burnett,Central,Southern,North Coast and Wide Bay/Burnett,Gayndah - Mundubbera,Burnett,Wide Bay,Outer Regional,Callide,Flynn,Locally-controlled,No Roadway Feature,No traffic control,60 km/h,Sealed - Dry,Clear,Darkness - Not lighted,Curved - view open,Level,805,Off Path-Curve: Out Of Control On Cway,Out of control on curve,E,0,0,0,0,0,1,0,0,0,0,0,0
3261,Property damage only,2002,May,Saturday,23,Overturned,Single Vehicle,144.0632312,-26.62615431,Diamantina Development Rd,,Diamantina Dev Road (Quilpie - Windorah),Quilpie,Quilpie Shire,4480,Quilpie,South West,Southern,Southern,Downs South West,Far South West,Outback - South,Queensland - Outback,Very Remote,Warrego,Maranoa,State-controlled,No Roadway Feature,No traffic control,100 - 110 km/h,Sealed - Dry,Clear,Darkness - Not lighted,Curved - view open,Level,802,Off Path-Curve: Off Cway Left Bend,Off carriageway on curve,E,0,0,0,0,0,0,0,1,0,0,0,0
3262,Hospitalisation,2002,May,Saturday,7,Overturned,Single Vehicle,0,0,Tableland Rd,,,Unknown,Unknown,Unknown,Unknown,Unknown,Unknown,Unknown,Unknown,Unknown,Unknown,Unknown,Unknown,Unknown,Unknown,Locally-controlled,No Roadway Feature,No traffic control,60 km/h,Unsealed - Dry,Clear,Daylight,Curved - view obscured,Dip,804,Off Path-Curve: Off Cway Lt Bend Hit Obj,Off carriageway on curve hit object,N,0,1,0,0,1,1,0,0,0,0,0,0
3263,Medical treatment,2002,May,Sunday,1,Hit object,Single Vehicle,152.9889253,-27.47862242,Milton Rd,,,Toowong,Brisbane City,4066,Indooroopilly,North Brisbane,Brisbane,SEQ North,Metropolitan,Toowong,Brisbane Inner - West,Brisbane Inner City,Major Cities,Maiwar,Ryan,Locally-controlled,No Roadway Feature,No traffic control,60 km/h,Sealed - Dry,Clear,Darkness - Lighted,Curved - view open,Crest,803,Off Path-Curve: Off Cway Rt Bend Hit Obj,Off carriageway on curve hit object,W,0,0,1,1,2,1,0,0,0,0,0,0
3264,Property damage only,2002,May,Sunday,20,Hit object,Single Vehicle,153.0423723,-27.20127866,Esplanade South,,,Deception Bay,Moreton Bay Region,4508,Deception Bay,Moreton,Southern,SEQ North,North Coast and Wide Bay/Burnett,Deception Bay,Narangba - Burpengary,Moreton Bay - North,Major Cities,Bancroft,Petrie,Locally-controlled,No Roadway Feature,No traffic control,60 km/h,Sealed - Dry,Clear,Darkness - Lighted,Straight,Level,703,Off Path-Straight: Left Off Cway Hit Obj,Off carriageway on straight hit object,S,0,0,0,0,0,1,0,0,0,0,0,0
3265,Minor injury,2002,May,Sunday,14,Hit object,Single Vehicle,148.4547285,-21.86185546,Peak Downs Hwy,,Peak Downs Highway (Clermont - Nebo),Coppabella,Isaac Region,4741,Nebo,Mackay,Central,Central,Central Queensland,Broadsound - Nebo,Bowen Basin - North,Mackay - Isaac - Whitsunday,Outer Regional,Burdekin,Capricornia,State-controlled,No Roadway Feature,No traffic control,100 - 110 km/h,Sealed - Dry,Clear,Daylight,Straight,Level,700,Off Path-Straight: Other,Other,W,0,0,0,1,1,1,0,0,0,0,0,0
3266,Property damage only,2002,May,Monday,16,Hit parked vehicle,Single Vehicle,153.0306665,-27.56188731,Musgrave Rd,,,Coopers Plains,Brisbane City,4108,Moorooka,South Brisbane,Brisbane,SEQ South,Metropolitan,Coopers Plains,Nathan,Brisbane - South,Major Cities,Toohey,Moreton,Locally-controlled,No Roadway Feature,No traffic control,60 km/h,Sealed - Dry,Clear,Daylight,Straight,Level,601,Veh'S On Path: Parked,Hit parked vehicle,E,0,0,0,0,0,2,0,0,0,0,0,0
3267,Property damage only,2002,May,Monday,21,Hit object,Single Vehicle,153.051143,-27.32598412,Gateway Arterial Rd,Gateway Art Rd Ramp Zb,Gateway Arterial Road (Gateway Motorway - North),Deagon,Brisbane City,4017,Sandgate,North Brisbane,Brisbane,SEQ North,Metropolitan,Bracken Ridge,Sandgate,Brisbane - North,Major Cities,Sandgate,Petrie,State-controlled,Intersection - Interchange,No traffic control,100 - 110 km/h,Sealed - Dry,Clear,Darkness - Lighted,Curved - view obscured,Level,804,Off Path-Curve: Off Cway Lt Bend Hit Obj,Off carriageway on curve hit object,N,0,0,0,0,0,1,0,0,0,0,0,0
3268,Medical treatment,2002,May,Monday,12,Rear-end,Multi-Vehicle,153.1075848,-27.24013752,Oxley Ave,,Brighton - Redcliffe Road,Margate,Moreton Bay Region,4019,Redcliffe,Moreton,Southern,SEQ North,North Coast and Wide Bay/Burnett,Margate - Woody Point,Redcliffe,Moreton Bay - North,Major Cities,Redcliffe,Petrie,State-controlled,No Roadway Feature,No traffic control,60 km/h,Sealed - Dry,Clear,Daylight,Straight,Level,302,Veh'S Same Direction: Left Rear,Rear-end,N,0,0,1,0,1,2,0,0,0,0,0,0
3269,Property damage only,2002,May,Monday,9,Overturned,Single Vehicle,152.3908878,-27.53859259,Harm Dr,,,Glenore Grove,Lockyer Valley Region,4342,Laidley,Darling Downs,Southern,SEQ South,Downs South West,Lockyer Valley - East,Ipswich Hinterland,Ipswich,Inner Regional,Lockyer,Wright,Locally-controlled,No Roadway Feature,No traffic control,100 - 110 km/h,Sealed - Dry,Clear,Daylight,Curved - view open,Level,800,Off Path-Curve: Other,Other,E,0,0,0,0,0,1,0,0,0,0,0,0
3270,Medical treatment,2002,May,Monday,15,Hit pedestrian,Hit pedestrian,151.9764308,-26.7104432,D'Aguilar Hwy,Elouera Dr,D'Aguilar Highway (Yarraman - Kingaroy),South Nanango,South Burnett Region,4615,Nanango,South West,Southern,Southern,North Coast and Wide Bay/Burnett,Nanango,Burnett,Wide Bay,Inner Regional,Nanango,Maranoa,State-controlled,Intersection - T-Junction,No traffic control,100 - 110 km/h,Sealed - Dry,Clear,Daylight,Straight,Level,3,Ped'N: Far Side Vehicle Hit From Left,Pedestrian,W,0,0,1,0,1,1,0,0,0,0,1,0
3271,Property damage only,2002,May,Tuesday,7,Angle,Multi-Vehicle,152.9578904,-27.62525484,Centennial Wy,Grand Ave,,Forest Lake,Brisbane City,4078,Inala,South Brisbane,Brisbane,SEQ South,Metropolitan,Forest Lake - Doolandella,Forest Lake - Oxley,Ipswich,Major Cities,Inala,Oxley,Locally-controlled,Intersection - Roundabout,Give way sign,60 km/h,Sealed - Dry,Clear,Daylight,Straight,Level,104,Veh'S Adjacent Approach: Thru-Right,Intersection from adjacent approaches,W,0,0,0,0,0,2,0,0,0,0,0,0
3272,Minor injury,2002,May,Tuesday,13,Sideswipe,Multi-Vehicle,153.0242691,-27.19284263,Bailey Rd,Deception Bay Rd,Deception Bay Road,Deception Bay,Moreton Bay Region,4508,Deception Bay,Moreton,Southern,SEQ North,North Coast and Wide Bay/Burnett,Deception Bay,Narangba - Burpengary,Moreton Bay - North,Major Cities,Bancroft,Petrie,State-controlled,Intersection - T-Junction,Operating traffic lights,70 km/h,Sealed - Dry,Clear,Daylight,Straight,Grade,305,Veh'S Same Direction: Lane Side Swipe,Lane changes,W,0,0,0,1,1,1,0,1,0,0,0,1
3273,Property damage only,2002,May,Tuesday,16,Angle,Multi-Vehicle,152.7728605,-27.64624299,Edwards St,Raceview St,,Raceview,Ipswich City,4305,Yamanto,Ipswich,Southern,SEQ South,Metropolitan,Raceview,Ipswich Inner,Ipswich,Major Cities,Ipswich,Blair,Locally-controlled,Intersection - Cross,Stop sign,60 km/h,Sealed - Dry,Clear,Daylight,Straight,Level,101,Veh'S Adjacent Approach: Thru-Thru,Intersection from adjacent approaches,E,0,0,0,0,0,3,0,0,0,0,0,0
3274,Property damage only,2002,May,Tuesday,17,Angle,Multi-Vehicle,153.431122,-28.0248026,Australia Ave,Surf Pde,,Broadbeach,Gold Coast City,4218,Broadbeach,Gold Coast,South Eastern,SEQ South,South Coast,Mermaid Beach - Broadbeach,Broadbeach - Burleigh,Gold Coast,Major Cities,Surfers Paradise,Moncrieff,Locally-controlled,Intersection - Cross,Stop sign,60 km/h,Sealed - Dry,Clear,Dawn/Dusk,Straight,Level,101,Veh'S Adjacent Approach: Thru-Thru,Intersection from adjacent approaches,W,0,0,0,0,0,2,0,0,0,0,0,0
3275,Medical treatment,2002,May,Tuesday,15,Fall from vehicle,Single Vehicle,153.1372374,-26.80094146,Arthur St,Canberra Tce,,Kings Beach,Sunshine Coast Region,4551,Caloundra,Sunshine Coast,Central,SEQ North,North Coast and Wide Bay/Burnett,Caloundra - Kings Beach,Caloundra,Sunshine Coast,Major Cities,Caloundra,Fisher,Locally-controlled,Intersection - Cross,Stop sign,60 km/h,Sealed - Dry,Clear,Daylight,Straight,Crest,705,Off Path-Straight:Out Of Control On Cway,Out of control on straight,E,0,0,1,0,1,0,1,0,0,0,0,0
3276,Hospitalisation,2002,May,Tuesday,18,Rear-end,Multi-Vehicle,150.4791908,-23.410593,Capricorn Hwy,,Capricorn Highway (Rockhampton - Duaringa),Fairy Bower,Rockhampton Region,4700,Gracemere,Capricornia,Central,Central,Central Queensland,Rockhampton - West,Rockhampton,Central Queensland,Inner Regional,Rockhampton,Capricornia,State-controlled,No Roadway Feature,No traffic control,100 - 110 km/h,Sealed - Dry,Clear,Darkness - Not lighted,Curved - view open,Level,301,Veh'S Same Direction: Rear End,Rear-end,W,0,1,0,0,1,2,0,0,0,0,0,0
3277,Medical treatment,2002,May,Tuesday,15,Fall from vehicle,Single Vehicle,149.2302191,-21.40478236,Sarina Beach Rd,,Sarina - Coast Road,Sarina,Mackay Region,4737,Sarina,Mackay,Central,Central,Central Queensland,Sarina,Mackay,Mackay - Isaac - Whitsunday,Outer Regional,Mirani,Capricornia,State-controlled,No Roadway Feature,No traffic control,60 km/h,Sealed - Dry,Clear,Daylight,Straight,Level,702,Off Path-Straight: Right Off Cway,Off carriageway on straight,E,0,0,1,0,1,0,1,0,0,0,0,0
3278,Medical treatment,2002,May,Wednesday,16,Hit object,Single Vehicle,152.9822518,-27.2802064,Gympie Rd,,Brisbane - Woodford Road,Lawnton,Moreton Bay Region,4501,Petrie,North Brisbane,Brisbane,SEQ North,North Coast and Wide Bay/Burnett,Lawnton,Strathpine,Moreton Bay - South,Major Cities,Pine Rivers,Dickson,State-controlled,No Roadway Feature,No traffic control,70 km/h,Sealed - Dry,Clear,Daylight,Straight,Grade,708,Off Path-Straight: Mounts Traffic Island,Off carriageway on straight hit object,N,0,0,1,0,1,1,0,0,0,0,0,0
3279,Minor injury,2002,May,Wednesday,2,Hit object,Single Vehicle,152.3946528,-28.04989888,Cunningham Hwy,,Cunningham Highway (Ipswich - Warwick),Tarome,Scenic Rim Region,4309,Boonah,Ipswich,Southern,SEQ South,South Coast,Boonah,Ipswich Hinterland,Ipswich,Inner Regional,Scenic Rim,Wright,State-controlled,No Roadway Feature,No traffic control,70 km/h,Sealed - Dry,Clear,Darkness - Not lighted,Curved - view obscured,Grade,803,Off Path-Curve: Off Cway Rt Bend Hit Obj,Off carriageway on curve hit object,E,0,0,0,1,1,1,0,0,0,0,0,0