Crash_Ref_Number,Crash_Severity,Crash_Year,Crash_Month,Crash_Day_Of_Week,Crash_Hour,Crash_Nature,Crash_Type,Crash_Longitude_GDA94,Crash_Latitude_GDA94,Crash_Street,Crash_Street_Intersecting,State_Road_Name,Loc_Suburb,Loc_Local_Government_Area,Loc_Post_Code,Loc_Police_Division,Loc_Police_District,Loc_Police_Region,Loc_Queensland_Transport_Region,Loc_Main_Roads_Region,Loc_ABS_Statistical_Area_2,Loc_ABS_Statistical_Area_3,Loc_ABS_Statistical_Area_4,Loc_ABS_Remoteness,Loc_State_Electorate,Loc_Federal_Electorate,Crash_Controlling_Authority,Crash_Roadway_Feature,Crash_Traffic_Control,Crash_Speed_Limit,Crash_Road_Surface_Condition,Crash_Atmospheric_Condition,Crash_Lighting_Condition,Crash_Road_Horiz_Align,Crash_Road_Vert_Align,Crash_DCA_Code,Crash_DCA_Description,Crash_DCA_Group_Description,DCA_Key_Approach_Dir,Count_Casualty_Fatality,Count_Casualty_Hospitalised,Count_Casualty_MedicallyTreated,Count_Casualty_MinorInjury,Count_Casualty_Total,Count_Unit_Car,Count_Unit_Motorcycle_Moped,Count_Unit_Truck,Count_Unit_Bus,Count_Unit_Bicycle,Count_Unit_Pedestrian,Count_Unit_Other
3329,Property damage only,2002,May,Tuesday,20,Angle,Multi-Vehicle,150.5171384,-23.32795229,Bruce Hwy,Carlton St,Bruce Highway (Rockhampton-St Lawrence),Kawana,Rockhampton Region,4701,North Rockhampton,Capricornia,Central,Central,Central Queensland,Norman Gardens,Rockhampton,Central Queensland,Inner Regional,Keppel,Capricornia,State-controlled,Intersection - Cross,Operating traffic lights,70 km/h,Sealed - Dry,Clear,Darkness - Lighted,Straight,Grade,202,Veh'S Opposite Approach: Thru-Right,Opposing vehicles turning,E,0,0,0,0,0,2,0,0,0,0,0,0
3330,Property damage only,2002,May,Wednesday,10,Hit object,Single Vehicle,152.9841055,-27.44728116,Waterworks Rd,,,Ashgrove,Brisbane City,4060,The Gap,North Brisbane,Brisbane,SEQ North,Metropolitan,Ashgrove,Brisbane Inner - West,Brisbane Inner City,Major Cities,Cooper,Brisbane,Locally-controlled,No Roadway Feature,No traffic control,60 km/h,Sealed - Wet,Raining,Daylight,Straight,Level,703,Off Path-Straight: Left Off Cway Hit Obj,Off carriageway on straight hit object,W,0,0,0,0,0,0,0,1,0,0,0,0
3331,Property damage only,2002,May,Wednesday,21,Angle,Multi-Vehicle,152.9648946,-27.6147632,Forest Lake Blvd,Joseph Banks Ave,,Forest Lake,Brisbane City,4078,Inala,South Brisbane,Brisbane,SEQ South,Metropolitan,Forest Lake - Doolandella,Forest Lake - Oxley,Ipswich,Major Cities,Inala,Oxley,Locally-controlled,Intersection - T-Junction,No traffic control,60 km/h,Sealed - Dry,Clear,Darkness - Lighted,Curved - view open,Level,202,Veh'S Opposite Approach: Thru-Right,Opposing vehicles turning,N,0,0,0,0,0,2,0,0,0,0,0,0
3332,Property damage only,2002,May,Wednesday,8,Rear-end,Multi-Vehicle,152.7814256,-27.61330492,Ipswich - Cunningham Hwy Connection Rd,Wilson St,Ipswich - Cunningham Hwy Connection Road,East Ipswich,Ipswich City,4305,Ipswich,Ipswich,Southern,SEQ South,Metropolitan,Ipswich - East,Ipswich Inner,Ipswich,Major Cities,Ipswich,Blair,State-controlled,Intersection - T-Junction,No traffic control,60 km/h,Sealed - Wet,Raining,Daylight,Straight,Crest,303,Veh'S Same Direction: Right Rear,Rear-end,E,0,0,0,0,0,2,0,0,0,0,0,0
3333,Minor injury,2002,May,Wednesday,15,Hit object,Single Vehicle,152.8974897,-27.61776559,Church St,,,Goodna,Ipswich City,4300,Goodna,Ipswich,Southern,SEQ South,Metropolitan,Goodna,Springfield - Redbank,Ipswich,Major Cities,Bundamba,Oxley,Locally-controlled,No Roadway Feature,No traffic control,60 km/h,Sealed - Dry,Clear,Daylight,Straight,Level,607,Veh'S On Path: Temporary Object On C'Way,Other,N,0,0,0,1,1,0,0,0,0,1,0,0
3334,Medical treatment,2002,May,Wednesday,16,Rear-end,Multi-Vehicle,153.4040972,-28.01176389,Allawah St,Campbell St,,Bundall,Gold Coast City,4217,Broadbeach,Gold Coast,South Eastern,SEQ South,South Coast,Bundall,Surfers Paradise,Gold Coast,Major Cities,Surfers Paradise,Moncrieff,Locally-controlled,Intersection - T-Junction,Give way sign,60 km/h,Sealed - Wet,Raining,Daylight,Straight,Level,302,Veh'S Same Direction: Left Rear,Rear-end,W,0,0,1,0,1,2,0,0,0,0,0,0
3335,Medical treatment,2002,May,Wednesday,18,Non-collision - miscellaneous,Other,152.8147789,-26.99170924,D'Aguilar Hwy,Raaen Rd,D'Aguilar Highway (Caboolture - Kilcoy),Bracalba,Moreton Bay Region,4512,Woodford,Moreton,Southern,SEQ North,North Coast and Wide Bay/Burnett,Woodford - Daguilar,Caboolture Hinterland,Moreton Bay - North,Inner Regional,Glass House,Longman,State-controlled,Intersection - T-Junction,No traffic control,100 - 110 km/h,Sealed - Dry,Clear,Darkness - Not lighted,Curved - view open,Level,801,Off Path-Curve: Off Cway Right Bend,Off carriageway on curve,N,0,0,2,0,2,1,0,0,0,0,0,0
3336,Property damage only,2002,May,Wednesday,5,Hit object,Single Vehicle,152.1763119,-27.59113751,Grantham Scrub Rd,,,Veradilla,Lockyer Valley Region,4347,Helidon,Darling Downs,Southern,SEQ South,Downs South West,Lockyer Valley - West,Toowoomba,Toowoomba,Inner Regional,Lockyer,Wright,Locally-controlled,No Roadway Feature,No traffic control,100 - 110 km/h,Sealed - Wet,Raining,Darkness - Not lighted,Curved - view obscured,Level,804,Off Path-Curve: Off Cway Lt Bend Hit Obj,Off carriageway on curve hit object,W,0,0,0,0,0,1,0,0,0,0,0,0
3337,Property damage only,2002,May,Wednesday,22,Hit object,Single Vehicle,152.3535572,-24.87805327,Barolin St,,,Bundaberg South,Bundaberg Region,4670,Bundaberg,Wide Bay Burnett,Central,Southern,North Coast and Wide Bay/Burnett,Bundaberg,Bundaberg,Wide Bay,Inner Regional,Bundaberg,Hinkler,Locally-controlled,No Roadway Feature,No traffic control,60 km/h,Sealed - Wet,Clear,Darkness - Lighted,Straight,Level,708,Off Path-Straight: Mounts Traffic Island,Off carriageway on straight hit object,N,0,0,0,0,0,1,0,0,0,0,0,0
3338,Medical treatment,2002,May,Wednesday,8,Angle,Multi-Vehicle,149.1863252,-21.1475129,Shakespeare St,Sydney St,,Mackay,Mackay Region,4740,Mackay,Mackay,Central,Central,Central Queensland,Mackay,Mackay,Mackay - Isaac - Whitsunday,Inner Regional,Mackay,Dawson,Locally-controlled,Intersection - Cross,Operating traffic lights,60 km/h,Sealed - Dry,Clear,Daylight,Straight,Level,408,Veh'S Manoeuvring: Entering From Footway,Vehicle leaving driveway,E,0,0,1,0,1,1,0,0,0,1,0,0
3339,Property damage only,2002,May,Thursday,3,Hit object,Single Vehicle,152.9806573,-26.98726234,Beerburrum-Donnybrook Rd,Bruce Hwy Off Ramp,Bruce Highway (Brisbane - Gympie),Elimbah,Moreton Bay Region,4516,Beerwah,Sunshine Coast,Central,SEQ North,North Coast and Wide Bay/Burnett,Elimbah,Caboolture,Moreton Bay - North,Major Cities,Pumicestone,Longman,State-controlled,Intersection - Interchange,Give way sign,60 km/h,Sealed - Dry,Clear,Darkness - Lighted,Curved - view open,Level,804,Off Path-Curve: Off Cway Lt Bend Hit Obj,Off carriageway on curve hit object,S,0,0,0,0,0,1,0,0,0,0,0,0
3340,Property damage only,2002,May,Thursday,15,Overturned,Single Vehicle,152.2540074,-25.26657675,Isis Hwy,,Isis Highway (Childers - Biggenden),Childers,Bundaberg Region,4660,Childers,Wide Bay Burnett,Central,Southern,North Coast and Wide Bay/Burnett,Bundaberg Region - South,Bundaberg,Wide Bay,Inner Regional,Burnett,Hinkler,State-controlled,No Roadway Feature,No traffic control,100 - 110 km/h,Sealed - Dry,Clear,Daylight,Straight,Level,701,Off Path-Straight: Left Off Cway,Off carriageway on straight,N,0,0,0,0,0,1,0,0,0,0,0,0
3341,Minor injury,2002,May,Thursday,16,Rear-end,Multi-Vehicle,150.5374303,-23.36470135,Elphinstone St,,,Berserker,Rockhampton Region,4701,North Rockhampton,Capricornia,Central,Central,Central Queensland,Berserker,Rockhampton,Central Queensland,Inner Regional,Rockhampton,Capricornia,Locally-controlled,No Roadway Feature,No traffic control,60 km/h,Sealed - Dry,Clear,Daylight,Straight,Level,301,Veh'S Same Direction: Rear End,Rear-end,E,0,0,0,1,1,2,0,0,0,0,0,0
3342,Property damage only,2002,May,Friday,8,Rear-end,Multi-Vehicle,153.0153247,-27.36969194,Maundrell Tce,,,Aspley,Brisbane City,4034,Carseldine,North Brisbane,Brisbane,SEQ North,Metropolitan,Aspley,Chermside,Brisbane - North,Major Cities,Aspley,Lilley,Locally-controlled,No Roadway Feature,No traffic control,60 km/h,Sealed - Dry,Clear,Daylight,Straight,Grade,301,Veh'S Same Direction: Rear End,Rear-end,S,0,0,0,0,0,2,0,0,0,0,0,0
3343,Medical treatment,2002,May,Friday,10,Rear-end,Multi-Vehicle,153.3015709,-27.66669455,Beenleigh - Redland Bay Rd,Scenic Rd,Beenleigh - Redland Bay Road,Redland Bay,Redland City,4165,Redland Bay,South Brisbane,Brisbane,SEQ South,Metropolitan,Redland Bay,Cleveland - Stradbroke,Brisbane - East,Major Cities,Redlands,Bowman,State-controlled,Intersection - T-Junction,No traffic control,60 km/h,Sealed - Dry,Clear,Daylight,Straight,Dip,303,Veh'S Same Direction: Right Rear,Rear-end,N,0,0,1,0,1,2,0,0,0,0,0,0
3344,Property damage only,2002,May,Friday,17,Rear-end,Multi-Vehicle,153.1114889,-27.59395099,Pacific Hwy,,South-East Arterial Road (Pacific Motorway),Rochedale South,Logan City,4123,Springwood,Logan,South Eastern,SEQ South,South Coast,Rochedale - Burbank,Mt Gravatt,Brisbane - South,Major Cities,Mansfield,Bonner,State-controlled,No Roadway Feature,No traffic control,100 - 110 km/h,Sealed - Dry,Clear,Darkness - Lighted,Straight,Level,301,Veh'S Same Direction: Rear End,Rear-end,S,0,0,0,0,0,4,0,0,0,0,0,0
3345,Minor injury,2002,May,Friday,18,Sideswipe,Multi-Vehicle,152.9669471,-27.38796355,Bunya Rd,Henderson Rd,,Everton Hills,Moreton Bay Region,4053,Ferny Grove,North Brisbane,Brisbane,SEQ North,North Coast and Wide Bay/Burnett,The Hills District,The Hills District,Moreton Bay - South,Major Cities,Everton,Dickson,Locally-controlled,Intersection - Y-Junction,No traffic control,60 km/h,Sealed - Dry,Clear,Darkness - Lighted,Curved - view open,Level,305,Veh'S Same Direction: Lane Side Swipe,Lane changes,S,0,0,0,1,1,1,1,0,0,0,0,0
3346,Hospitalisation,2002,May,Friday,11,Angle,Multi-Vehicle,153.397992,-28.00916628,Ashmore Rd,Village High Rd,,Benowa,Gold Coast City,4217,Broadbeach,Gold Coast,South Eastern,SEQ South,South Coast,Benowa,Surfers Paradise,Gold Coast,Major Cities,Surfers Paradise,Moncrieff,Locally-controlled,Intersection - T-Junction,Operating traffic lights,60 km/h,Sealed - Dry,Clear,Daylight,Straight,Level,104,Veh'S Adjacent Approach: Thru-Right,Intersection from adjacent approaches,W,0,1,0,0,1,2,0,0,0,0,0,0
3347,Property damage only,2002,May,Friday,15,Angle,Multi-Vehicle,153.4518628,-28.08838429,Gold Coast Hwy,The Esplanade,Gold Coast Highway (Broadbeach - Coolangatta),Burleigh Heads,Gold Coast City,4220,Palm Beach,Gold Coast,South Eastern,SEQ South,South Coast,Burleigh Heads,Broadbeach - Burleigh,Gold Coast,Major Cities,Burleigh,Mcpherson,State-controlled,Intersection - Cross,Operating traffic lights,60 km/h,Sealed - Dry,Clear,Daylight,Straight,Level,202,Veh'S Opposite Approach: Thru-Right,Opposing vehicles turning,W,0,0,0,0,0,2,0,0,0,0,0,0
3348,Property damage only,2002,May,Friday,15,Head-on,Multi-Vehicle,152.3451743,-24.8604499,Bundaberg - Gin Gin Rd,,Bundaberg - Gin Gin Road,Bundaberg North,Bundaberg Region,4670,Bundaberg,Wide Bay Burnett,Central,Southern,North Coast and Wide Bay/Burnett,Bundaberg North - Gooburrum,Bundaberg,Wide Bay,Inner Regional,Bundaberg,Hinkler,State-controlled,Bridge/Causeway,No traffic control,60 km/h,Sealed - Dry,Clear,Daylight,Straight,Level,201,Veh'S Opposite Approach: Head On,Head-on,S,0,0,0,0,0,2,0,0,0,0,0,0
3349,Medical treatment,2002,May,Friday,16,Angle,Multi-Vehicle,152.3273931,-24.88045566,Isis Hwy,Watkin St,Isis Highway (Bundaberg - Childers),Svensson Heights,Bundaberg Region,4670,Bundaberg,Wide Bay Burnett,Central,Southern,North Coast and Wide Bay/Burnett,Millbank - Avoca,Bundaberg,Wide Bay,Inner Regional,Bundaberg,Hinkler,State-controlled,Intersection - T-Junction,Stop sign,70 km/h,Sealed - Dry,Clear,Daylight,Straight,Level,104,Veh'S Adjacent Approach: Thru-Right,Intersection from adjacent approaches,W,0,0,1,0,1,2,0,0,0,0,0,0
3350,Property damage only,2002,May,Friday,18,Hit object,Single Vehicle,151.9434134,-27.57206852,Diagonal St,,,South Toowoomba,Toowoomba Region,4350,Toowoomba,Darling Downs,Southern,Southern,Downs South West,Toowoomba - Central,Toowoomba,Toowoomba,Inner Regional,Toowoomba South,Groom,Locally-controlled,No Roadway Feature,No traffic control,60 km/h,Sealed - Dry,Clear,Darkness - Not lighted,Curved - view open,Grade,803,Off Path-Curve: Off Cway Rt Bend Hit Obj,Off carriageway on curve hit object,W,0,0,0,0,0,1,0,0,0,0,0,0
3351,Medical treatment,2002,May,Friday,15,Overturned,Single Vehicle,148.4420035,-21.86819909,Peak Downs Hwy,,Peak Downs Highway (Clermont - Nebo),Coppabella,Isaac Region,4741,Nebo,Mackay,Central,Central,Central Queensland,Broadsound - Nebo,Bowen Basin - North,Mackay - Isaac - Whitsunday,Outer Regional,Burdekin,Capricornia,State-controlled,No Roadway Feature,No traffic control,100 - 110 km/h,Sealed - Dry,Clear,Daylight,Straight,Level,702,Off Path-Straight: Right Off Cway,Off carriageway on straight,W,0,0,1,0,1,1,0,0,0,0,0,0
3352,Property damage only,2002,June,Saturday,17,Sideswipe,Multi-Vehicle,153.0811249,-27.55990304,Griffith Arterial Rd,Logan Rd,Griffith Arterial Road,Upper Mount Gravatt,Brisbane City,4122,Upper Mount Gravatt,South Brisbane,Brisbane,SEQ South,Metropolitan,Upper Mount Gravatt,Mt Gravatt,Brisbane - South,Major Cities,Mansfield,Bonner,State-controlled,Intersection - Cross,Operating traffic lights,60 km/h,Sealed - Wet,Raining,Darkness - Lighted,Curved - view open,Level,107,Veh'S Adjacent Approach: Thru-Left,Intersection from adjacent approaches,E,0,0,0,0,0,2,0,0,0,0,0,0
3353,Hospitalisation,2002,June,Saturday,15,Hit object,Single Vehicle,153.1166018,-27.5442887,Gateway Arterial Rd,,Gateway Motorway (Eight Mile Plains - Nudgee),Mackenzie,Brisbane City,4156,Holland Park,South Brisbane,Brisbane,SEQ South,Metropolitan,Mansfield (qld),Mt Gravatt,Brisbane - South,Major Cities,Mansfield,Bonner,State-controlled,No Roadway Feature,No traffic control,100 - 110 km/h,Sealed - Wet,Raining,Daylight,Curved - view open,Level,607,Veh'S On Path: Temporary Object On C'Way,Other,N,0,1,0,0,1,1,0,0,0,0,0,0
3354,Property damage only,2002,June,Saturday,4,Overturned,Single Vehicle,152.9779846,-27.13978517,Bruce Hwy,,Bruce Highway (Brisbane - Gympie),Burpengary,Moreton Bay Region,4505,Burpengary,Moreton,Southern,SEQ North,North Coast and Wide Bay/Burnett,Burpengary,Narangba - Burpengary,Moreton Bay - North,Major Cities,Bancroft,Longman,State-controlled,No Roadway Feature,No traffic control,100 - 110 km/h,Sealed - Dry,Clear,Darkness - Lighted,Straight,Level,702,Off Path-Straight: Right Off Cway,Off carriageway on straight,N,0,0,0,0,0,1,0,0,0,0,0,0
3355,Property damage only,2002,June,Saturday,0,Hit object,Single Vehicle,153.0831139,-26.53679939,Greenoaks Dr,Yungar St,,Coolum Beach,Sunshine Coast Region,4573,Coolum,Sunshine Coast,Central,SEQ North,North Coast and Wide Bay/Burnett,Coolum Beach,Maroochy,Sunshine Coast,Major Cities,Ninderry,Fairfax,Locally-controlled,Intersection - Cross,No traffic control,0 - 50 km/h,Sealed - Dry,Clear,Darkness - Not lighted,Straight,Level,704,Off Path-Straight:Right Off Cway Hit Obj,Off carriageway on straight hit object,N,0,0,0,0,0,1,0,0,0,0,0,0
3356,Medical treatment,2002,June,Saturday,18,Angle,Multi-Vehicle,153.3384171,-28.00572523,Cayuga St,Mortensen Rd,,Nerang,Gold Coast City,4211,Nerang,Gold Coast,South Eastern,SEQ South,South Coast,Nerang - Mount Nathan,Nerang,Gold Coast,Major Cities,Gaven,Moncrieff,Locally-controlled,Intersection - Roundabout,Give way sign,0 - 50 km/h,Sealed - Dry,Clear,Darkness - Lighted,Straight,Level,101,Veh'S Adjacent Approach: Thru-Thru,Intersection from adjacent approaches,N,0,0,2,0,2,2,0,0,0,0,0,0
3357,Hospitalisation,2002,June,Saturday,21,Hit object,Single Vehicle,153.4406454,-28.08943423,Acanthus Ave,,,Burleigh Waters,Gold Coast City,4220,Palm Beach,Gold Coast,South Eastern,SEQ South,South Coast,Burleigh Waters,Broadbeach - Burleigh,Gold Coast,Major Cities,Burleigh,Mcpherson,Locally-controlled,No Roadway Feature,No traffic control,0 - 50 km/h,Sealed - Dry,Clear,Darkness - Not lighted,Curved - view open,Level,803,Off Path-Curve: Off Cway Rt Bend Hit Obj,Off carriageway on curve hit object,N,0,1,0,0,1,1,0,0,0,0,0,0
3358,Hospitalisation,2002,June,Saturday,15,Rear-end,Multi-Vehicle,153.0230413,-26.85536843,Bruce Hwy,,Bruce Highway (Brisbane - Gympie),Beerwah,Sunshine Coast Region,4519,Beerwah,Sunshine Coast,Central,SEQ North,North Coast and Wide Bay/Burnett,Beerwah,Sunshine Coast Hinterland,Sunshine Coast,Inner Regional,Caloundra,Fisher,State-controlled,No Roadway Feature,No traffic control,100 - 110 km/h,Sealed - Dry,Clear,Daylight,Straight,Level,301,Veh'S Same Direction: Rear End,Rear-end,N,0,1,1,0,2,0,2,0,0,0,0,0
3359,Minor injury,2002,June,Saturday,14,Angle,Multi-Vehicle,152.6581837,-26.19226618,Bruce Hwy,Monkland St,Bruce Highway (Gympie - Maryborough),Gympie,Gympie Region,4570,Gympie,Wide Bay Burnett,Central,Southern,North Coast and Wide Bay/Burnett,Gympie - North,Gympie - Cooloola,Wide Bay,Inner Regional,Gympie,Wide Bay,State-controlled,Intersection - Cross,Operating traffic lights,60 km/h,Sealed - Dry,Clear,Daylight,Straight,Grade,202,Veh'S Opposite Approach: Thru-Right,Opposing vehicles turning,N,0,0,0,1,1,1,1,0,0,0,0,0
3360,Property damage only,2002,June,Saturday,15,Angle,Multi-Vehicle,151.9608705,-27.56983518,Warrego Hwy,,Warrego Highway (Ipswich - Toowoomba),East Toowoomba,Toowoomba Region,4350,Toowoomba,Darling Downs,Southern,Southern,Downs South West,Toowoomba - East,Toowoomba,Toowoomba,Inner Regional,Toowoomba North,Groom,State-controlled,No Roadway Feature,No traffic control,60 km/h,Sealed - Dry,Clear,Daylight,Straight,Level,202,Veh'S Opposite Approach: Thru-Right,Opposing vehicles turning,W,0,0,0,0,0,2,0,0,0,0,0,0
3361,Hospitalisation,2002,June,Saturday,12,Overturned,Single Vehicle,151.3206278,-28.39134755,Cunningham Hwy,,Cunningham Highway (Warwick - Inglewood),Oman Ama,Goondiwindi Region,4352,Inglewood,Darling Downs,Southern,Southern,Downs South West,Inglewood - Waggamba,Darling Downs (west) - Maranoa,Darling Downs - Maranoa,Outer Regional,Southern Downs,Maranoa,State-controlled,No Roadway Feature,No traffic control,100 - 110 km/h,Sealed - Dry,Clear,Daylight,Straight,Level,703,Off Path-Straight: Left Off Cway Hit Obj,Off carriageway on straight hit object,W,0,1,0,0,1,1,0,0,0,0,0,0
3362,Hospitalisation,2002,June,Sunday,1,Hit pedestrian,Hit pedestrian,153.028502,-27.46983953,Charlotte St,Edward St,,Brisbane City,Brisbane City,4000,Brisbane City,North Brisbane,Brisbane,SEQ North,Metropolitan,Brisbane City,Brisbane Inner,Brisbane Inner City,Major Cities,Mcconnel,Brisbane,Locally-controlled,Intersection - Cross,Operating traffic lights,0 - 50 km/h,Sealed - Dry,Clear,Darkness - Lighted,Straight,Level,1,Ped'N: Near Side Vehicle Hit From Right,Pedestrian,W,0,1,0,0,1,1,0,0,0,0,1,0
3363,Hospitalisation,2002,June,Sunday,1,Hit object,Single Vehicle,152.9589384,-27.28432778,Aaron St,Francis Rd,,Bray Park,Moreton Bay Region,4500,Petrie,North Brisbane,Brisbane,SEQ North,North Coast and Wide Bay/Burnett,Lawnton,Strathpine,Moreton Bay - South,Major Cities,Kurwongbah,Dickson,Locally-controlled,Intersection - T-Junction,Give way sign,60 km/h,Sealed - Dry,Clear,Darkness - Lighted,Straight,Level,400,Veh'S Manoeuvring: Other,Other,S,0,2,1,0,3,1,0,0,0,0,0,0
3364,Minor injury,2002,June,Sunday,12,Angle,Multi-Vehicle,153.2282235,-27.48957624,Badgen Rd,Birkdale Rd,Birkdale Road,Wellington Point,Redland City,4160,Capalaba,South Brisbane,Brisbane,SEQ South,Metropolitan,Wellington Point,Capalaba,Brisbane - East,Major Cities,Oodgeroo,Bowman,State-controlled,Intersection - T-Junction,No traffic control,60 km/h,Sealed - Dry,Clear,Daylight,Straight,Level,202,Veh'S Opposite Approach: Thru-Right,Opposing vehicles turning,E,0,0,0,1,1,2,0,0,0,0,0,0
3365,Property damage only,2002,June,Sunday,17,Angle,Multi-Vehicle,152.3548452,-26.94458797,Brisbane Valley Hwy,D'Aguilar Hwy,Brisbane Valley Highway (Ipswich-Harlin),Harlin,Somerset Region,4306,Moore,Moreton,Southern,SEQ North,North Coast and Wide Bay/Burnett,Kilcoy,Caboolture Hinterland,Moreton Bay - North,Inner Regional,Nanango,Blair,State-controlled,Intersection - T-Junction,Stop sign,100 - 110 km/h,Sealed - Wet,Raining,Darkness - Not lighted,Straight,Level,104,Veh'S Adjacent Approach: Thru-Right,Intersection from adjacent approaches,N,0,0,0,0,0,2,0,0,0,0,0,0
3366,Property damage only,2002,June,Sunday,3,Hit object,Single Vehicle,153.3854661,-27.9647118,Parklands Dr,Smith St Connection Rd,Smith Street Connection,Southport,Gold Coast City,4222,Southport,Gold Coast,South Eastern,SEQ South,South Coast,Southport - North,Southport,Gold Coast,Major Cities,Bonney,Moncrieff,State-controlled,Intersection - T-Junction,Operating traffic lights,80 - 90 km/h,Sealed - Wet,Raining,Darkness - Lighted,Curved - view obscured,Level,808,Off Path-Curve: Mounts Traffic Island,Off carriageway on curve hit object,E,0,0,0,0,0,1,0,0,0,0,0,0
3367,Property damage only,2002,June,Sunday,13,Rear-end,Multi-Vehicle,153.4296191,-28.01092767,Gold Coast Hwy,,,Surfers Paradise,Gold Coast City,4217,Surfers Paradise,Gold Coast,South Eastern,SEQ South,South Coast,Surfers Paradise,Surfers Paradise,Gold Coast,Major Cities,Surfers Paradise,Moncrieff,Locally-controlled,No Roadway Feature,No traffic control,60 km/h,Sealed - Wet,Raining,Daylight,Straight,Level,301,Veh'S Same Direction: Rear End,Rear-end,S,0,0,0,0,0,2,0,0,0,0,0,0
3368,Hospitalisation,2002,June,Sunday,15,Hit object,Single Vehicle,152.7766155,-26.82307572,Maleny - Stanley River Rd,,Maleny - Stanley River Road,Booroobin,Moreton Bay Region,4552,Woodford,Moreton,Southern,SEQ North,North Coast and Wide Bay/Burnett,Woodford - Daguilar,Caboolture Hinterland,Moreton Bay - North,Inner Regional,Glass House,Longman,State-controlled,No Roadway Feature,No traffic control,80 - 90 km/h,Sealed - Wet,Raining,Daylight,Curved - view obscured,Grade,803,Off Path-Curve: Off Cway Rt Bend Hit Obj,Off carriageway on curve hit object,S,0,2,0,0,2,1,0,0,0,0,0,0
3369,Medical treatment,2002,June,Monday,23,Hit object,Single Vehicle,153.0729894,-27.49250637,Old Cleveland Rd,,,Camp Hill,Brisbane City,4152,Carina,South Brisbane,Brisbane,SEQ South,Metropolitan,Camp Hill,Carindale,Brisbane - South,Major Cities,Bulimba,Griffith,Locally-controlled,No Roadway Feature,No traffic control,60 km/h,Sealed - Wet,Raining,Darkness - Lighted,Curved - view obscured,Level,808,Off Path-Curve: Mounts Traffic Island,Off carriageway on curve hit object,W,0,0,1,0,1,1,0,0,0,0,0,0
3370,Medical treatment,2002,June,Monday,15,Angle,Multi-Vehicle,152.9595001,-27.59187043,Archerfield Rd,Azalea St,,Inala,Brisbane City,4077,Inala,South Brisbane,Brisbane,SEQ South,Metropolitan,Inala - Richlands,Forest Lake - Oxley,Ipswich,Major Cities,Inala,Oxley,Locally-controlled,Intersection - Cross,No traffic control,60 km/h,Sealed - Wet,Raining,Daylight,Straight,Level,202,Veh'S Opposite Approach: Thru-Right,Opposing vehicles turning,N,0,0,1,0,1,2,0,0,0,0,0,0
3371,Medical treatment,2002,June,Monday,18,Rear-end,Multi-Vehicle,0,0,Sir Fred Schonell Dr,,,Unknown,Unknown,Unknown,Unknown,Unknown,Unknown,Unknown,Unknown,Unknown,Unknown,Unknown,Unknown,Unknown,Unknown,Locally-controlled,No Roadway Feature,No traffic control,60 km/h,Sealed - Dry,Clear,Darkness - Lighted,Straight,Level,301,Veh'S Same Direction: Rear End,Rear-end,N,0,0,1,0,1,2,0,0,0,0,0,0
3372,Property damage only,2002,June,Monday,14,Hit object,Single Vehicle,153.1195224,-27.60730038,Pacific Hwy,Pacific Hwy Ramp Xn,Pacific Highway (Pacific Motorway),Underwood,Logan City,4119,Springwood,Logan,South Eastern,SEQ South,South Coast,Underwood,Springwood - Kingston,Logan - Beaudesert,Major Cities,Waterford,Rankin,State-controlled,Intersection - Interchange,No traffic control,80 - 90 km/h,Sealed - Wet,Raining,Daylight,Curved - view open,Crest,805,Off Path-Curve: Out Of Control On Cway,Out of control on curve,N,0,0,0,0,0,1,0,0,0,0,0,0
3373,Minor injury,2002,June,Monday,5,Rear-end,Multi-Vehicle,0,0,Boundary Rd,,,Unknown,Unknown,Unknown,Unknown,Unknown,Unknown,Unknown,Unknown,Unknown,Unknown,Unknown,Unknown,Unknown,Unknown,Locally-controlled,No Roadway Feature,No traffic control,60 km/h,Sealed - Wet,Raining,Dawn/Dusk,Straight,Grade,301,Veh'S Same Direction: Rear End,Rear-end,N,0,0,0,1,1,1,0,0,0,0,0,1
3374,Minor injury,2002,June,Monday,17,Rear-end,Multi-Vehicle,153.4088285,-28.03520462,Nerang - Broadbeach Rd,Southport - Burleigh Rd,Southport - Burleigh Road,Broadbeach Waters,Gold Coast City,4218,Broadbeach,Gold Coast,South Eastern,SEQ South,South Coast,Mermaid Waters,Broadbeach - Burleigh,Gold Coast,Major Cities,Surfers Paradise,Moncrieff,State-controlled,Intersection - Cross,Operating traffic lights,70 km/h,Sealed - Dry,Clear,Darkness - Lighted,Straight,Level,303,Veh'S Same Direction: Right Rear,Rear-end,S,0,0,0,2,2,2,0,0,0,0,0,0
3375,Property damage only,2002,June,Monday,16,Hit object,Single Vehicle,152.5093704,-27.28076901,Brisbane Valley Hwy,,Brisbane Valley Highway (Ipswich-Harlin),Moombra,Somerset Region,4312,Esk,Ipswich,Southern,SEQ North,North Coast and Wide Bay/Burnett,Esk,Ipswich Hinterland,Ipswich,Inner Regional,Nanango,Blair,State-controlled,No Roadway Feature,No traffic control,100 - 110 km/h,Sealed - Wet,Raining,Dawn/Dusk,Curved - view open,Level,805,Off Path-Curve: Out Of Control On Cway,Out of control on curve,N,0,0,0,0,0,1,0,0,0,0,0,0