Crash_Ref_Number,Crash_Severity,Crash_Year,Crash_Month,Crash_Day_Of_Week,Crash_Hour,Crash_Nature,Crash_Type,Crash_Longitude_GDA94,Crash_Latitude_GDA94,Crash_Street,Crash_Street_Intersecting,State_Road_Name,Loc_Suburb,Loc_Local_Government_Area,Loc_Post_Code,Loc_Police_Division,Loc_Police_District,Loc_Police_Region,Loc_Queensland_Transport_Region,Loc_Main_Roads_Region,Loc_ABS_Statistical_Area_2,Loc_ABS_Statistical_Area_3,Loc_ABS_Statistical_Area_4,Loc_ABS_Remoteness,Loc_State_Electorate,Loc_Federal_Electorate,Crash_Controlling_Authority,Crash_Roadway_Feature,Crash_Traffic_Control,Crash_Speed_Limit,Crash_Road_Surface_Condition,Crash_Atmospheric_Condition,Crash_Lighting_Condition,Crash_Road_Horiz_Align,Crash_Road_Vert_Align,Crash_DCA_Code,Crash_DCA_Description,Crash_DCA_Group_Description,DCA_Key_Approach_Dir,Count_Casualty_Fatality,Count_Casualty_Hospitalised,Count_Casualty_MedicallyTreated,Count_Casualty_MinorInjury,Count_Casualty_Total,Count_Unit_Car,Count_Unit_Motorcycle_Moped,Count_Unit_Truck,Count_Unit_Bus,Count_Unit_Bicycle,Count_Unit_Pedestrian,Count_Unit_Other
3376,Minor injury,2002,June,Tuesday,19,Angle,Multi-Vehicle,153.0576831,-27.49531483,Harries Rd,Old Cleveland Rd,,Coorparoo,Brisbane City,4151,Coorparoo,South Brisbane,Brisbane,SEQ South,Metropolitan,Coorparoo,Holland Park - Yeronga,Brisbane - South,Major Cities,Greenslopes,Griffith,Locally-controlled,Intersection - T-Junction,Operating traffic lights,60 km/h,Unknown,Unknown,Unknown,Straight,Level,104,Veh'S Adjacent Approach: Thru-Right,Intersection from adjacent approaches,E,0,0,0,1,1,2,0,0,0,0,0,0
3377,Medical treatment,2002,June,Tuesday,13,Angle,Multi-Vehicle,153.2015946,-27.71330007,Kokoda St,York St,,Beenleigh,Logan City,4207,Beenleigh,Logan,South Eastern,SEQ South,South Coast,Beenleigh,Beenleigh,Logan - Beaudesert,Major Cities,Macalister,Forde,Locally-controlled,Intersection - Cross,Stop sign,60 km/h,Sealed - Dry,Clear,Daylight,Straight,Crest,101,Veh'S Adjacent Approach: Thru-Thru,Intersection from adjacent approaches,E,0,0,1,0,1,2,0,0,0,0,0,0
3378,Medical treatment,2002,June,Tuesday,7,Angle,Multi-Vehicle,153.2666964,-27.52998996,Cleveland - Redland Bay Rd,Russell St,Cleveland - Redland Bay Road,Cleveland,Redland City,4163,Cleveland,South Brisbane,Brisbane,SEQ South,Metropolitan,Cleveland,Cleveland - Stradbroke,Brisbane - East,Major Cities,Oodgeroo,Bowman,State-controlled,Intersection - Roundabout,Give way sign,0 - 50 km/h,Sealed - Wet,Raining,Daylight,Straight,Level,104,Veh'S Adjacent Approach: Thru-Right,Intersection from adjacent approaches,N,0,0,1,0,1,1,1,0,0,0,0,0
3379,Medical treatment,2002,June,Tuesday,17,Rear-end,Multi-Vehicle,153.0170208,-27.27419067,Bruce Hwy Ramp Da,,Bruce Highway (Brisbane - Gympie),Murrumba Downs,Moreton Bay Region,4503,Mango Hill North Lakes,North Brisbane,Brisbane,SEQ North,North Coast and Wide Bay/Burnett,Murrumba Downs - Griffin,North Lakes,Moreton Bay - South,Major Cities,Murrumba,Dickson,State-controlled,Intersection - Interchange,No traffic control,60 km/h,Sealed - Wet,Raining,Dawn/Dusk,Straight,Dip,301,Veh'S Same Direction: Rear End,Rear-end,N,0,0,2,0,2,3,0,0,0,0,0,0
3380,Property damage only,2002,June,Tuesday,18,Rear-end,Multi-Vehicle,153.0177615,-27.27492689,Bruce Hwy,,Bruce Highway (Brisbane - Gympie),Murrumba Downs,Moreton Bay Region,4503,Mango Hill North Lakes,North Brisbane,Brisbane,SEQ North,North Coast and Wide Bay/Burnett,Murrumba Downs - Griffin,North Lakes,Moreton Bay - South,Major Cities,Murrumba,Petrie,State-controlled,No Roadway Feature,No traffic control,100 - 110 km/h,Sealed - Wet,Raining,Darkness - Lighted,Straight,Level,305,Veh'S Same Direction: Lane Side Swipe,Lane changes,N,0,0,0,0,0,2,0,0,0,0,0,0
3381,Hospitalisation,2002,June,Tuesday,16,Angle,Multi-Vehicle,153.1683064,-27.50946204,Cleveland Sub-Arterial Rd,,Cleveland Sub-Arterial Road,Chandler,Brisbane City,4155,Capalaba,South Brisbane,Brisbane,SEQ South,Metropolitan,Belmont - Gumdale,Capalaba,Brisbane - East,Major Cities,Chatsworth,Bonner,State-controlled,No Roadway Feature,No traffic control,80 - 90 km/h,Sealed - Dry,Clear,Daylight,Straight,Level,408,Veh'S Manoeuvring: Entering From Footway,Vehicle leaving driveway,E,0,1,0,0,1,1,0,0,0,1,0,0
3382,Property damage only,2002,June,Tuesday,1,Hit object,Single Vehicle,152.4587123,-24.81059788,Holland St,,,Bargara,Bundaberg Region,4670,Bargara,Wide Bay Burnett,Central,Southern,North Coast and Wide Bay/Burnett,Bargara - Burnett Heads,Bundaberg,Wide Bay,Inner Regional,Burnett,Hinkler,Locally-controlled,No Roadway Feature,No traffic control,60 km/h,Sealed - Wet,Raining,Darkness - Lighted,Curved - view open,Level,800,Off Path-Curve: Other,Other,S,0,0,0,0,0,1,0,0,0,0,0,0
3383,Medical treatment,2002,June,Tuesday,9,Overturned,Single Vehicle,150.1786547,-27.2360041,Leichhardt Hwy,,Leichhardt Highway (Miles - Goondiwindi),The Gums,Western Downs Region,4406,Tara,South West,Southern,Southern,Downs South West,Tara,Darling Downs (west) - Maranoa,Darling Downs - Maranoa,Remote,Warrego,Maranoa,State-controlled,No Roadway Feature,No traffic control,100 - 110 km/h,Sealed - Dry,Clear,Daylight,Straight,Level,502,Veh'S Overtaking: Out Of Control,Off carriageway on straight,N,0,0,2,0,2,1,0,0,0,0,0,0
3384,Medical treatment,2002,June,Wednesday,18,Angle,Multi-Vehicle,153.0158705,-27.36641842,Janelle St,Maundrell Tce,,Aspley,Brisbane City,4034,Carseldine,North Brisbane,Brisbane,SEQ North,Metropolitan,Aspley,Chermside,Brisbane - North,Major Cities,Aspley,Lilley,Locally-controlled,Intersection - T-Junction,No traffic control,60 km/h,Sealed - Wet,Clear,Darkness - Lighted,Straight,Grade,202,Veh'S Opposite Approach: Thru-Right,Opposing vehicles turning,S,0,0,2,0,2,0,1,0,0,1,0,0
3385,Medical treatment,2002,June,Wednesday,16,Hit parked vehicle,Single Vehicle,153.4085123,-28.03251609,Cypress Dr,,,Broadbeach Waters,Gold Coast City,4218,Broadbeach,Gold Coast,South Eastern,SEQ South,South Coast,Broadbeach Waters,Broadbeach - Burleigh,Gold Coast,Major Cities,Surfers Paradise,Moncrieff,Locally-controlled,No Roadway Feature,No traffic control,60 km/h,Sealed - Dry,Clear,Daylight,Straight,Level,601,Veh'S On Path: Parked,Hit parked vehicle,W,0,0,1,0,1,1,0,0,0,1,0,0
3386,Property damage only,2002,June,Wednesday,21,Hit parked vehicle,Single Vehicle,153.0701532,-26.65858473,Millwell Rd,,,Maroochydore,Sunshine Coast Region,4558,Maroochydore,Sunshine Coast,Central,SEQ North,North Coast and Wide Bay/Burnett,Maroochydore - Kuluin,Maroochy,Sunshine Coast,Major Cities,Maroochydore,Fairfax,Locally-controlled,No Roadway Feature,No traffic control,0 - 50 km/h,Sealed - Dry,Clear,Darkness - Not lighted,Straight,Level,200,Veh'S Opposite Approach: Other,Other,E,0,0,0,0,0,2,0,0,0,0,0,0
3387,Hospitalisation,2002,June,Wednesday,14,Angle,Multi-Vehicle,153.4073072,-27.9382122,Gold Coast Hwy,Marine Pde,Gold Coast Highway (Helensvale - Southport),Labrador,Gold Coast City,4215,Runaway Bay,Gold Coast,South Eastern,SEQ South,South Coast,Labrador,Gold Coast - North,Gold Coast,Major Cities,Bonney,Fadden,State-controlled,Intersection - T-Junction,Operating traffic lights,0 - 50 km/h,Sealed - Dry,Clear,Daylight,Straight,Level,104,Veh'S Adjacent Approach: Thru-Right,Intersection from adjacent approaches,N,0,1,1,0,2,2,0,0,0,0,0,0
3388,Property damage only,2002,June,Wednesday,22,Hit object,Single Vehicle,153.387759,-27.99037134,Parasol St,,,Ashmore,Gold Coast City,4214,Southport,Gold Coast,South Eastern,SEQ South,South Coast,Ashmore,Southport,Gold Coast,Major Cities,Southport,Moncrieff,Locally-controlled,No Roadway Feature,No traffic control,0 - 50 km/h,Sealed - Wet,Raining,Darkness - Lighted,Curved - view open,Dip,800,Off Path-Curve: Other,Other,S,0,0,0,0,0,1,0,0,0,0,0,0
3389,Minor injury,2002,June,Wednesday,15,Hit parked vehicle,Single Vehicle,148.7284754,-20.91751267,Calen - Mt Charlton Rd,,,Calen,Mackay Region,4798,Calen,Mackay,Central,Central,Central Queensland,Seaforth - Calen,Mackay,Mackay - Isaac - Whitsunday,Outer Regional,Whitsunday,Dawson,Locally-controlled,No Roadway Feature,No traffic control,100 - 110 km/h,Sealed - Wet,Raining,Daylight,Curved - view open,Level,803,Off Path-Curve: Off Cway Rt Bend Hit Obj,Off carriageway on curve hit object,E,0,0,0,1,1,2,0,0,0,0,0,0
3390,Fatal,2002,June,Wednesday,5,Hit pedestrian,Hit pedestrian,149.1826827,-21.09716087,Oak St,,,Andergrove,Mackay Region,4740,Mackay Northern Beaches,Mackay,Central,Central,Central Queensland,Andergrove - Beaconsfield,Mackay,Mackay - Isaac - Whitsunday,Inner Regional,Mackay,Dawson,Locally-controlled,No Roadway Feature,No traffic control,60 km/h,Sealed - Wet,Raining,Darkness - Lighted,Curved - view open,Level,3,Ped'N: Far Side Vehicle Hit From Left,Pedestrian,E,1,0,0,0,1,1,0,0,0,0,1,0
3391,Minor injury,2002,June,Thursday,14,Rear-end,Multi-Vehicle,153.0335412,-27.4905372,South East Arterial Rd,,South-East Arterial Road (Pacific Motorway),Woolloongabba,Brisbane City,4102,Dutton Park,South Brisbane,Brisbane,SEQ South,Metropolitan,Woolloongabba,Holland Park - Yeronga,Brisbane - South,Major Cities,South Brisbane,Griffith,State-controlled,No Roadway Feature,No traffic control,80 - 90 km/h,Sealed - Dry,Clear,Daylight,Straight,Level,301,Veh'S Same Direction: Rear End,Rear-end,S,0,0,0,1,1,2,0,0,0,0,0,0
3392,Hospitalisation,2002,June,Thursday,7,Rear-end,Multi-Vehicle,153.0771641,-27.34629063,Gateway Arterial Rd,,Gateway Arterial Road (Gateway Motorway - North),Boondall,Brisbane City,4034,Boondall,North Brisbane,Brisbane,SEQ North,Metropolitan,Boondall,Nundah,Brisbane - North,Major Cities,Nudgee,Lilley,State-controlled,No Roadway Feature,No traffic control,100 - 110 km/h,Sealed - Dry,Clear,Daylight,Straight,Level,301,Veh'S Same Direction: Rear End,Rear-end,S,0,1,0,1,2,4,0,0,0,0,0,0
3393,Hospitalisation,2002,June,Thursday,13,Head-on,Multi-Vehicle,153.0375576,-27.07548247,Caboolture - Bribie Island Rd,,Caboolture - Bribie Island Road,Ningi,Moreton Bay Region,4511,Caboolture,Moreton,Southern,SEQ North,North Coast and Wide Bay/Burnett,Beachmere - Sandstone Point,Bribie - Beachmere,Moreton Bay - North,Major Cities,Pumicestone,Longman,State-controlled,No Roadway Feature,No traffic control,100 - 110 km/h,Sealed - Wet,Raining,Daylight,Straight,Level,201,Veh'S Opposite Approach: Head On,Head-on,W,0,1,1,0,2,2,0,0,0,0,0,0
3394,Medical treatment,2002,June,Thursday,7,Rear-end,Multi-Vehicle,153.3786279,-27.99916134,Ashmore Rd,Labrador - Carrara Rd,Labrador - Carrara Road,Ashmore,Gold Coast City,4214,Southport,Gold Coast,South Eastern,SEQ South,South Coast,Ashmore,Southport,Gold Coast,Major Cities,Southport,Moncrieff,State-controlled,Intersection - T-Junction,Give way sign,60 km/h,Sealed - Wet,Raining,Daylight,Straight,Level,302,Veh'S Same Direction: Left Rear,Rear-end,W,0,0,1,0,1,2,0,0,0,0,0,0
3395,Hospitalisation,2002,June,Thursday,16,Rear-end,Multi-Vehicle,153.3584691,-28.0000616,Nerang - Broadbeach Rd,,Nerang - Broadbeach Road,Nerang,Gold Coast City,4211,Nerang,Gold Coast,South Eastern,SEQ South,South Coast,Nerang - Mount Nathan,Nerang,Gold Coast,Major Cities,Gaven,Moncrieff,State-controlled,No Roadway Feature,No traffic control,60 km/h,Sealed - Wet,Raining,Dawn/Dusk,Straight,Level,303,Veh'S Same Direction: Right Rear,Rear-end,E,0,1,1,0,2,2,0,0,0,0,0,0
3396,Minor injury,2002,June,Thursday,8,Rear-end,Multi-Vehicle,152.6815353,-26.18440194,Rifle Range Rd,,,Gympie,Gympie Region,4570,Gympie,Wide Bay Burnett,Central,Southern,North Coast and Wide Bay/Burnett,Gympie - North,Gympie - Cooloola,Wide Bay,Inner Regional,Gympie,Wide Bay,Locally-controlled,No Roadway Feature,No traffic control,60 km/h,Sealed - Wet,Clear,Daylight,Straight,Level,302,Veh'S Same Direction: Left Rear,Rear-end,,0,0,0,1,1,3,0,0,0,0,0,0
3397,Medical treatment,2002,June,Thursday,14,Angle,Multi-Vehicle,150.4652253,-23.41573474,Capricorn Hwy,Old Capricorn Hwy,Capricorn Highway (Rockhampton - Duaringa),Fairy Bower,Rockhampton Region,4700,Gracemere,Capricornia,Central,Central,Central Queensland,Rockhampton - West,Rockhampton,Central Queensland,Inner Regional,Rockhampton,Capricornia,State-controlled,Intersection - Cross,Give way sign,100 - 110 km/h,Sealed - Dry,Clear,Daylight,Straight,Level,104,Veh'S Adjacent Approach: Thru-Right,Intersection from adjacent approaches,W,0,0,2,0,2,2,0,0,0,0,0,0
3398,Property damage only,2002,June,Thursday,9,Rear-end,Multi-Vehicle,148.5886371,-20.40323715,Bruce Hwy,Fuljames St,Bruce Highway (Mackay - Proserpine),Proserpine,Whitsunday Region,4800,Proserpine,Mackay,Central,Central,Central Queensland,Proserpine,Whitsunday,Mackay - Isaac - Whitsunday,Outer Regional,Whitsunday,Dawson,State-controlled,Intersection - T-Junction,No traffic control,60 km/h,Sealed - Wet,Raining,Daylight,Straight,Level,303,Veh'S Same Direction: Right Rear,Rear-end,N,0,0,0,0,0,2,0,0,0,0,0,0
3399,Property damage only,2002,June,Friday,6,Hit object,Single Vehicle,153.0216413,-27.31190961,Hoyland St,,,Bracken Ridge,Brisbane City,4017,Sandgate,North Brisbane,Brisbane,SEQ North,Metropolitan,Bracken Ridge,Sandgate,Brisbane - North,Major Cities,Sandgate,Petrie,Locally-controlled,No Roadway Feature,No traffic control,60 km/h,Sealed - Dry,Clear,Daylight,Straight,Level,607,Veh'S On Path: Temporary Object On C'Way,Other,W,0,0,0,0,0,1,0,0,0,0,0,0
3400,Hospitalisation,2002,June,Friday,6,Angle,Multi-Vehicle,153.0174139,-27.24612688,Bruce Hwy Ramp Ah,Redcliffe Rd,Bruce Highway (Brisbane - Gympie),Mango Hill,Moreton Bay Region,4509,Mango Hill North Lakes,North Brisbane,Brisbane,SEQ North,North Coast and Wide Bay/Burnett,North Lakes - Mango Hill,North Lakes,Moreton Bay - South,Major Cities,Bancroft,Petrie,State-controlled,Intersection - Interchange,No traffic control,60 km/h,Sealed - Dry,Clear,Dawn/Dusk,Straight,Level,202,Veh'S Opposite Approach: Thru-Right,Opposing vehicles turning,E,0,1,0,0,1,1,0,0,0,1,0,0
3401,Property damage only,2002,June,Friday,11,Angle,Multi-Vehicle,153.1584464,-27.52685811,Mt Gravatt - Capalaba Rd,Tilley Rd,,Burbank,Brisbane City,4156,Capalaba,South Brisbane,Brisbane,SEQ South,Metropolitan,Belmont - Gumdale,Capalaba,Brisbane - East,Major Cities,Mansfield,Bonner,Locally-controlled,Intersection - Roundabout,Give way sign,70 km/h,Sealed - Dry,Clear,Daylight,Curved - view open,Level,104,Veh'S Adjacent Approach: Thru-Right,Intersection from adjacent approaches,S,0,0,0,0,0,1,0,1,0,0,0,0
3402,Property damage only,2002,June,Friday,8,Rear-end,Multi-Vehicle,153.0594586,-27.38877284,Maddocks St,Sandgate Rd,Sandgate Sub-Arterial Road,Virginia,Brisbane City,4014,Hendra,North Brisbane,Brisbane,SEQ North,Metropolitan,Northgate - Virginia,Nundah,Brisbane - North,Major Cities,Nudgee,Lilley,State-controlled,Intersection - Cross,No traffic control,60 km/h,Sealed - Dry,Clear,Daylight,Straight,Level,303,Veh'S Same Direction: Right Rear,Rear-end,S,0,0,0,0,0,3,0,0,0,0,0,0
3403,Minor injury,2002,June,Friday,19,Rear-end,Multi-Vehicle,153.430958,-28.03421251,Nerang - Broadbeach Rd,,Nerang - Broadbeach Road,Broadbeach,Gold Coast City,4218,Broadbeach,Gold Coast,South Eastern,SEQ South,South Coast,Mermaid Beach - Broadbeach,Broadbeach - Burleigh,Gold Coast,Major Cities,Mermaid Beach,Moncrieff,State-controlled,No Roadway Feature,No traffic control,70 km/h,Sealed - Dry,Clear,Darkness - Lighted,Curved - view open,Level,302,Veh'S Same Direction: Left Rear,Rear-end,E,0,0,0,1,1,3,0,0,0,0,0,0
3404,Property damage only,2002,June,Friday,5,Hit object,Single Vehicle,153.0864475,-26.53054701,Santa Monica Ave,,,Coolum Beach,Sunshine Coast Region,4573,Coolum,Sunshine Coast,Central,SEQ North,North Coast and Wide Bay/Burnett,Coolum Beach,Maroochy,Sunshine Coast,Major Cities,Ninderry,Fairfax,Locally-controlled,No Roadway Feature,No traffic control,60 km/h,Sealed - Wet,Clear,Dawn/Dusk,Straight,Level,704,Off Path-Straight:Right Off Cway Hit Obj,Off carriageway on straight hit object,S,0,0,0,0,0,1,0,0,0,0,0,0
3405,Medical treatment,2002,June,Friday,14,Angle,Multi-Vehicle,153.3928045,-27.88207333,Nankeen Ave,Paradise Pde,,Paradise Point,Gold Coast City,4216,Runaway Bay,Gold Coast,South Eastern,SEQ South,South Coast,Paradise Point - Hollywell,Gold Coast - North,Gold Coast,Major Cities,Broadwater,Fadden,Locally-controlled,Intersection - T-Junction,No traffic control,0 - 50 km/h,Sealed - Wet,Clear,Daylight,Straight,Level,202,Veh'S Opposite Approach: Thru-Right,Opposing vehicles turning,N,0,0,1,0,1,2,0,0,0,0,0,0
3406,Medical treatment,2002,June,Friday,15,Rear-end,Multi-Vehicle,149.1800313,-21.11395441,Glenpark St,,,North Mackay,Mackay Region,4740,Mackay,Mackay,Central,Central,Central Queensland,North Mackay,Mackay,Mackay - Isaac - Whitsunday,Inner Regional,Mackay,Dawson,Locally-controlled,No Roadway Feature,No traffic control,60 km/h,Sealed - Wet,Raining,Daylight,Straight,Crest,301,Veh'S Same Direction: Rear End,Rear-end,N,0,0,1,1,2,2,0,0,0,0,0,0
3407,Hospitalisation,2002,June,Saturday,12,Fall from vehicle,Single Vehicle,152.8770365,-27.42095489,Mount Mee Rd,,,Enoggera Reservoir,Brisbane City,4520,The Gap,North Brisbane,Brisbane,SEQ North,Metropolitan,Enoggera Reservoir,The Gap - Enoggera,Brisbane - West,Inner Regional,Cooper,Ryan,Locally-controlled,No Roadway Feature,No traffic control,60 km/h,Sealed - Dry,Clear,Daylight,Curved - view open,Grade,801,Off Path-Curve: Off Cway Right Bend,Off carriageway on curve,S,0,1,0,0,1,0,1,0,0,0,0,0
3408,Hospitalisation,2002,June,Saturday,6,Hit object,Single Vehicle,153.1222187,-27.59456775,Rochedale Rd,,,Rochedale South,Logan City,4123,Springwood,Logan,South Eastern,SEQ South,South Coast,Rochedale South - Priestdale,Springwood - Kingston,Logan - Beaudesert,Major Cities,Springwood,Rankin,Locally-controlled,No Roadway Feature,No traffic control,60 km/h,Sealed - Dry,Clear,Dawn/Dusk,Straight,Level,400,Veh'S Manoeuvring: Other,Other,N,0,1,0,0,1,1,0,0,0,0,0,0
3409,Property damage only,2002,June,Saturday,18,Angle,Multi-Vehicle,151.8336338,-26.5419819,Markwell St,William St,,Kingaroy,South Burnett Region,4610,Kingaroy,South West,Southern,Southern,North Coast and Wide Bay/Burnett,Kingaroy,Burnett,Wide Bay,Inner Regional,Nanango,Maranoa,Locally-controlled,Intersection - Cross,Pedestrian crossing sign,60 km/h,Sealed - Dry,Clear,Darkness - Not lighted,Straight,Level,101,Veh'S Adjacent Approach: Thru-Thru,Intersection from adjacent approaches,E,0,0,0,0,0,2,0,0,0,0,0,0
3410,Hospitalisation,2002,June,Sunday,18,Angle,Multi-Vehicle,153.0745631,-27.53305792,Herrick St,Logan Rd,,Mount Gravatt,Brisbane City,4122,Holland Park,South Brisbane,Brisbane,SEQ South,Metropolitan,Mount Gravatt,Mt Gravatt,Brisbane - South,Major Cities,Mansfield,Bonner,Locally-controlled,Intersection - Cross,Operating traffic lights,60 km/h,Sealed - Dry,Clear,Darkness - Lighted,Straight,Level,202,Veh'S Opposite Approach: Thru-Right,Opposing vehicles turning,S,0,2,0,0,2,2,0,0,0,0,0,0
3411,Medical treatment,2002,June,Sunday,18,Rear-end,Multi-Vehicle,153.1074494,-27.64098299,Ewing Rd,Springwood Connection Rd,Springwood Connection Road,Logan Central,Logan City,4114,Logan Central,Logan,South Eastern,SEQ South,South Coast,Logan Central,Springwood - Kingston,Logan - Beaudesert,Major Cities,Woodridge,Rankin,State-controlled,Intersection - T-Junction,Operating traffic lights,60 km/h,Sealed - Dry,Clear,Darkness - Lighted,Straight,Level,303,Veh'S Same Direction: Right Rear,Rear-end,W,0,0,1,0,1,2,0,0,0,0,0,0
3412,Property damage only,2002,June,Sunday,18,Angle,Multi-Vehicle,153.0620433,-27.43065474,Kitchener Rd,Lancaster Rd,,Ascot,Brisbane City,4007,Hendra,North Brisbane,Brisbane,SEQ North,Metropolitan,Ascot,Brisbane Inner - North,Brisbane Inner City,Major Cities,Clayfield,Brisbane,Locally-controlled,Intersection - Cross,Operating traffic lights,60 km/h,Sealed - Dry,Clear,Darkness - Lighted,Straight,Grade,202,Veh'S Opposite Approach: Thru-Right,Opposing vehicles turning,W,0,0,0,0,0,2,0,0,0,0,0,0
3413,Property damage only,2002,June,Sunday,12,Angle,Multi-Vehicle,153.1058732,-26.69552555,Karawatha Dr,Prelude Dr,,Mountain Creek,Sunshine Coast Region,4557,Maroochydore,Sunshine Coast,Central,SEQ North,North Coast and Wide Bay/Burnett,Mountain Creek,Buderim,Sunshine Coast,Major Cities,Buderim,Fairfax,Locally-controlled,Intersection - Cross,Operating traffic lights,60 km/h,Sealed - Dry,Clear,Daylight,Straight,Level,202,Veh'S Opposite Approach: Thru-Right,Opposing vehicles turning,S,0,0,0,0,0,2,0,0,0,0,0,0
3414,Minor injury,2002,June,Monday,21,Hit parked vehicle,Single Vehicle,153.0626028,-27.30299014,Beaconsfield Tce,,,Brighton,Brisbane City,4017,Sandgate,North Brisbane,Brisbane,SEQ North,Metropolitan,Brighton (qld),Sandgate,Brisbane - North,Major Cities,Sandgate,Lilley,Locally-controlled,No Roadway Feature,No traffic control,60 km/h,Sealed - Dry,Clear,Darkness - Lighted,Straight,Level,601,Veh'S On Path: Parked,Hit parked vehicle,S,0,0,0,1,1,2,0,0,0,0,0,0
3415,Property damage only,2002,June,Monday,10,Hit object,Single Vehicle,153.0121271,-27.42938965,Colston Rd,,,Grange,Brisbane City,4051,Stafford,North Brisbane,Brisbane,SEQ North,Metropolitan,Grange,Brisbane Inner - North,Brisbane Inner City,Major Cities,Stafford,Brisbane,Locally-controlled,No Roadway Feature,No traffic control,60 km/h,Sealed - Dry,Clear,Daylight,Straight,Grade,703,Off Path-Straight: Left Off Cway Hit Obj,Off carriageway on straight hit object,N,0,0,0,0,0,1,0,0,0,0,0,0
3416,Property damage only,2002,June,Monday,15,Angle,Multi-Vehicle,152.9845733,-27.38588814,Queens Rd,Rode Rd,Everton Park - Albany Creek Road,Mcdowall,Brisbane City,4053,Albany Creek,North Brisbane,Brisbane,SEQ North,Metropolitan,Mcdowall,Bald Hills - Everton Park,Brisbane - North,Major Cities,Everton,Lilley,State-controlled,Intersection - Roundabout,Give way sign,60 km/h,Sealed - Dry,Clear,Daylight,Curved - view open,Grade,100,Veh'S Adjacent Approach: Other,Intersection from adjacent approaches,W,0,0,0,0,0,2,0,0,0,0,0,0
3417,Property damage only,2002,June,Monday,16,Overturned,Single Vehicle,152.8362806,-26.37799889,Kellehers Rd,,,Pomona,Noosa Shire,4568,Pomona,Sunshine Coast,Central,SEQ North,North Coast and Wide Bay/Burnett,Noosa Hinterland,Noosa Hinterland,Sunshine Coast,Inner Regional,Noosa,Wide Bay,Locally-controlled,No Roadway Feature,No traffic control,100 - 110 km/h,Sealed - Dry,Clear,Daylight,Curved - view open,Level,805,Off Path-Curve: Out Of Control On Cway,Out of control on curve,E,0,0,0,0,0,1,0,0,0,0,0,0
3418,Property damage only,2002,June,Monday,17,Rear-end,Multi-Vehicle,152.9401956,-26.47076605,Bruce Hwy,,Bruce Highway (Brisbane - Gympie),Eerwah Vale,Sunshine Coast Region,4562,Eumundi,Sunshine Coast,Central,SEQ North,North Coast and Wide Bay/Burnett,Eumundi - Yandina,Nambour,Sunshine Coast,Inner Regional,Nicklin,Fairfax,State-controlled,No Roadway Feature,No traffic control,80 - 90 km/h,Sealed - Dry,Clear,Dawn/Dusk,Straight,Level,301,Veh'S Same Direction: Rear End,Rear-end,S,0,0,0,0,0,2,0,0,0,0,0,0
3419,Hospitalisation,2002,June,Monday,11,Rear-end,Multi-Vehicle,153.2742049,-27.96225392,Maudsland Rd,,Oxenford - Coomera Gorge Road,Mount Nathan,Gold Coast City,4211,Nerang,Gold Coast,South Eastern,SEQ South,South Coast,Nerang - Mount Nathan,Nerang,Gold Coast,Major Cities,Theodore,Wright,State-controlled,No Roadway Feature,No traffic control,80 - 90 km/h,Unsealed - Dry,Clear,Daylight,Straight,Crest,406,Veh'S Manoeuvring: Leaving Driveway,Vehicle leaving driveway,W,0,1,0,0,1,1,1,0,0,0,0,0
3420,Hospitalisation,2002,June,Monday,11,Rear-end,Multi-Vehicle,151.8538561,-25.79856786,Burnett Hwy,,Burnett Highway (Goomeri - Gayndah),Blairmore,North Burnett Region,4625,Gayndah,Wide Bay Burnett,Central,Southern,North Coast and Wide Bay/Burnett,Gayndah - Mundubbera,Burnett,Wide Bay,Outer Regional,Callide,Flynn,State-controlled,No Roadway Feature,No traffic control,100 - 110 km/h,Sealed - Dry,Clear,Daylight,Curved - view obscured,Crest,301,Veh'S Same Direction: Rear End,Rear-end,S,0,1,0,0,1,0,1,1,0,0,0,0
3421,Property damage only,2002,June,Monday,19,Hit animal,Other,148.532984,-24.78911461,Carnarvon Hwy,,Carnarvon Highway (Injune - Rolleston),Consuelo,Central Highlands Region,4702,Rolleston,Capricornia,Central,Central,Central Queensland,Central Highlands - West,Central Highlands (qld),Central Queensland,Remote,Gregory,Flynn,State-controlled,No Roadway Feature,No traffic control,100 - 110 km/h,Sealed - Dry,Clear,Darkness - Not lighted,Straight,Level,609,Pass & Misc: Hit Animal,Hit animal,N,0,0,0,0,0,1,0,0,0,0,0,1
3422,Property damage only,2002,June,Tuesday,23,Hit object,Single Vehicle,153.0602424,-27.34936003,Sandgate Rd,,Sandgate Sub-Arterial Road,Boondall,Brisbane City,4034,Boondall,North Brisbane,Brisbane,SEQ North,Metropolitan,Boondall,Nundah,Brisbane - North,Major Cities,Nudgee,Lilley,State-controlled,No Roadway Feature,No traffic control,70 km/h,Sealed - Dry,Clear,Darkness - Lighted,Straight,Level,708,Off Path-Straight: Mounts Traffic Island,Off carriageway on straight hit object,S,0,0,0,0,0,1,0,0,0,0,0,0
3423,Medical treatment,2002,June,Tuesday,9,Angle,Multi-Vehicle,153.0530801,-27.21590948,Gynther Rd,Redcliffe Rd,Redcliffe Road,Rothwell,Moreton Bay Region,4022,Redcliffe,Moreton,Southern,SEQ North,North Coast and Wide Bay/Burnett,Rothwell - Kippa-ring,Redcliffe,Moreton Bay - North,Major Cities,Murrumba,Petrie,State-controlled,Intersection - T-Junction,No traffic control,70 km/h,Sealed - Dry,Clear,Daylight,Straight,Level,202,Veh'S Opposite Approach: Thru-Right,Opposing vehicles turning,W,0,0,1,0,1,2,0,0,0,0,0,0