Crash_Ref_Number,Crash_Severity,Crash_Year,Crash_Month,Crash_Day_Of_Week,Crash_Hour,Crash_Nature,Crash_Type,Crash_Longitude_GDA94,Crash_Latitude_GDA94,Crash_Street,Crash_Street_Intersecting,State_Road_Name,Loc_Suburb,Loc_Local_Government_Area,Loc_Post_Code,Loc_Police_Division,Loc_Police_District,Loc_Police_Region,Loc_Queensland_Transport_Region,Loc_Main_Roads_Region,Loc_ABS_Statistical_Area_2,Loc_ABS_Statistical_Area_3,Loc_ABS_Statistical_Area_4,Loc_ABS_Remoteness,Loc_State_Electorate,Loc_Federal_Electorate,Crash_Controlling_Authority,Crash_Roadway_Feature,Crash_Traffic_Control,Crash_Speed_Limit,Crash_Road_Surface_Condition,Crash_Atmospheric_Condition,Crash_Lighting_Condition,Crash_Road_Horiz_Align,Crash_Road_Vert_Align,Crash_DCA_Code,Crash_DCA_Description,Crash_DCA_Group_Description,DCA_Key_Approach_Dir,Count_Casualty_Fatality,Count_Casualty_Hospitalised,Count_Casualty_MedicallyTreated,Count_Casualty_MinorInjury,Count_Casualty_Total,Count_Unit_Car,Count_Unit_Motorcycle_Moped,Count_Unit_Truck,Count_Unit_Bus,Count_Unit_Bicycle,Count_Unit_Pedestrian,Count_Unit_Other
3471,Property damage only,2002,June,Saturday,17,Rear-end,Multi-Vehicle,153.4266757,-27.99855142,Thomas Dr,,,Surfers Paradise,Gold Coast City,4217,Surfers Paradise,Gold Coast,South Eastern,SEQ South,South Coast,Surfers Paradise,Surfers Paradise,Gold Coast,Major Cities,Surfers Paradise,Moncrieff,Locally-controlled,Bridge/Causeway,No traffic control,60 km/h,Sealed - Dry,Clear,Darkness - Lighted,Straight,Level,301,Veh'S Same Direction: Rear End,Rear-end,E,0,0,0,0,0,3,0,0,0,0,0,0
3472,Property damage only,2002,June,Saturday,21,Hit object,Single Vehicle,153.2779838,-28.01899829,Beechmont Rd,,Beechmont Road,Advancetown,Gold Coast City,4211,Nerang,Gold Coast,South Eastern,SEQ South,South Coast,Guanaba - Springbrook,Gold Coast Hinterland,Gold Coast,Major Cities,Mudgeeraba,Wright,State-controlled,No Roadway Feature,No traffic control,60 km/h,Sealed - Dry,Clear,Darkness - Not lighted,Curved - view open,Grade,800,Off Path-Curve: Other,Other,E,0,0,0,0,0,1,0,0,0,0,0,0
3473,Medical treatment,2002,June,Saturday,9,Hit object,Single Vehicle,152.2517937,-27.64365173,Charlie'S Access Rd,,,Ropeley,Lockyer Valley Region,4343,Gatton,Darling Downs,Southern,SEQ South,Downs South West,Lockyer Valley - West,Toowoomba,Toowoomba,Inner Regional,Lockyer,Wright,Locally-controlled,No Roadway Feature,No traffic control,100 - 110 km/h,Unsealed - Dry,Clear,Daylight,Straight,Grade,704,Off Path-Straight:Right Off Cway Hit Obj,Off carriageway on straight hit object,W,0,0,1,0,1,1,0,0,0,0,0,0
3474,Medical treatment,2002,June,Sunday,0,Angle,Multi-Vehicle,153.0166541,-27.47731092,Cordelia St,Russell St,,South Brisbane,Brisbane City,4101,West End,South Brisbane,Brisbane,SEQ South,Metropolitan,South Brisbane,Brisbane Inner,Brisbane Inner City,Major Cities,South Brisbane,Griffith,Locally-controlled,Intersection - Cross,Operating traffic lights,60 km/h,Sealed - Dry,Clear,Darkness - Lighted,Straight,Level,101,Veh'S Adjacent Approach: Thru-Thru,Intersection from adjacent approaches,W,0,0,1,0,1,2,0,0,0,0,0,0
3475,Hospitalisation,2002,June,Sunday,1,Overturned,Single Vehicle,153.0004059,-26.90216528,Bruce Hwy,,Bruce Highway (Brisbane - Gympie),Glass House Mountains,Sunshine Coast Region,4518,Beerwah,Sunshine Coast,Central,SEQ North,North Coast and Wide Bay/Burnett,Glass House Mountains,Sunshine Coast Hinterland,Sunshine Coast,Inner Regional,Glass House,Fisher,State-controlled,No Roadway Feature,No traffic control,100 - 110 km/h,Sealed - Dry,Clear,Darkness - Not lighted,Straight,Level,702,Off Path-Straight: Right Off Cway,Off carriageway on straight,N,0,1,0,0,1,1,0,0,0,0,0,0
3476,Property damage only,2002,June,Sunday,22,Hit object,Single Vehicle,151.9290841,-27.60317183,Baker St,Unnamed Rd,,Darling Heights,Toowoomba Region,4350,Drayton,Darling Downs,Southern,Southern,Downs South West,Darling Heights,Toowoomba,Toowoomba,Inner Regional,Toowoomba South,Groom,Locally-controlled,Intersection - T-Junction,No traffic control,60 km/h,Sealed - Wet,Raining,Darkness - Lighted,Straight,Grade,703,Off Path-Straight: Left Off Cway Hit Obj,Off carriageway on straight hit object,S,0,0,0,0,0,1,0,0,0,0,0,0
3477,Medical treatment,2002,June,Monday,15,Angle,Multi-Vehicle,152.95668,-26.68704827,Fewtrell St,Woombye - Montville Rd,Woombye - Montville Road,Palmwoods,Sunshine Coast Region,4555,Palmwoods,Sunshine Coast,Central,SEQ North,North Coast and Wide Bay/Burnett,Palmwoods,Sunshine Coast Hinterland,Sunshine Coast,Major Cities,Nicklin,Fisher,State-controlled,Intersection - T-Junction,No traffic control,60 km/h,Sealed - Dry,Clear,Daylight,Curved - view open,Grade,202,Veh'S Opposite Approach: Thru-Right,Opposing vehicles turning,W,0,0,2,0,2,2,0,0,0,0,0,0
3478,Hospitalisation,2002,June,Monday,22,Rear-end,Multi-Vehicle,153.3467208,-27.95215389,Smith St Connection Rd,,Smith Street Connection,Arundel,Gold Coast City,4214,Southport,Gold Coast,South Eastern,SEQ South,South Coast,Parkwood,Southport,Gold Coast,Major Cities,Bonney,Fadden,State-controlled,No Roadway Feature,No traffic control,100 - 110 km/h,Sealed - Dry,Clear,Darkness - Lighted,Straight,Crest,301,Veh'S Same Direction: Rear End,Rear-end,W,0,1,0,0,1,1,1,0,0,0,0,0
3479,Property damage only,2002,June,Monday,9,Hit object,Single Vehicle,151.8307226,-24.90831469,Bruce Hwy,Monduran Dam Rd,,Monduran,Bundaberg Region,4671,Gin Gin,Wide Bay Burnett,Central,Southern,North Coast and Wide Bay/Burnett,Gin Gin,Burnett,Wide Bay,Outer Regional,Callide,Flynn,Locally-controlled,Intersection - T-Junction,No traffic control,100 - 110 km/h,Sealed - Dry,Clear,Daylight,Straight,Level,708,Off Path-Straight: Mounts Traffic Island,Off carriageway on straight hit object,S,0,0,0,0,0,1,0,0,0,0,0,0
3480,Minor injury,2002,June,Monday,11,Angle,Multi-Vehicle,149.1430888,-21.1181057,Bruce Hwy,Hill End Rd,Bruce Highway (Mackay - Proserpine),Glenella,Mackay Region,4740,Mackay,Mackay,Central,Central,Central Queensland,Mount Pleasant - Glenella,Mackay,Mackay - Isaac - Whitsunday,Inner Regional,Mackay,Dawson,State-controlled,Intersection - T-Junction,Give way sign,80 - 90 km/h,Sealed - Dry,Clear,Daylight,Straight,Level,104,Veh'S Adjacent Approach: Thru-Right,Intersection from adjacent approaches,E,0,0,0,1,1,2,0,0,0,0,0,0
3481,Fatal,2002,June,Monday,23,Hit object,Single Vehicle,149.2179219,-21.42498137,Bruce Hwy,,Bruce Highway (St. Lawrence - Mackay),Sarina,Mackay Region,4737,Sarina,Mackay,Central,Central,Central Queensland,Sarina,Mackay,Mackay - Isaac - Whitsunday,Outer Regional,Mirani,Capricornia,State-controlled,No Roadway Feature,No traffic control,60 km/h,Unknown,Unknown,Unknown,Curved - view open,Level,800,Off Path-Curve: Other,Other,S,2,0,0,0,2,0,0,1,0,0,0,0
3482,Hospitalisation,2002,June,Tuesday,11,Hit pedestrian,Hit pedestrian,152.9896394,-27.39425848,Flockton St,,,Everton Park,Brisbane City,4053,Albany Creek,North Brisbane,Brisbane,SEQ North,Metropolitan,Everton Park,Bald Hills - Everton Park,Brisbane - North,Major Cities,Everton,Lilley,Locally-controlled,No Roadway Feature,No traffic control,0 - 50 km/h,Sealed - Dry,Clear,Daylight,Straight,Level,1,Ped'N: Near Side Vehicle Hit From Right,Pedestrian,W,0,1,0,0,1,1,0,0,0,0,1,0
3483,Hospitalisation,2002,June,Tuesday,12,Hit object,Single Vehicle,153.4785624,-28.14633465,Stewart Rd,,,Currumbin Waters,Gold Coast City,4223,Coolangatta,Gold Coast,South Eastern,SEQ South,South Coast,Currumbin Waters,Coolangatta,Gold Coast,Major Cities,Currumbin,Mcpherson,Locally-controlled,No Roadway Feature,No traffic control,60 km/h,Sealed - Dry,Clear,Daylight,Straight,Level,703,Off Path-Straight: Left Off Cway Hit Obj,Off carriageway on straight hit object,W,0,1,0,0,1,1,0,0,0,0,0,0
3484,Hospitalisation,2002,June,Tuesday,23,Hit pedestrian,Hit pedestrian,153.0874095,-26.52670975,Birtwill St,Sunrise Ave,,Coolum Beach,Sunshine Coast Region,4573,Coolum,Sunshine Coast,Central,SEQ North,North Coast and Wide Bay/Burnett,Coolum Beach,Maroochy,Sunshine Coast,Major Cities,Ninderry,Fairfax,Locally-controlled,Intersection - T-Junction,No traffic control,0 - 50 km/h,Sealed - Dry,Clear,Darkness - Lighted,Straight,Level,5,Ped'N: Hit Walking With Traffic,Pedestrian,E,0,1,0,0,1,1,0,0,0,0,1,0
3485,Property damage only,2002,June,Tuesday,13,Sideswipe,Multi-Vehicle,153.0721801,-26.53480002,Yandina - Coolum Rd,,Yandina - Coolum Road,Coolum Beach,Sunshine Coast Region,4573,Coolum,Sunshine Coast,Central,SEQ North,North Coast and Wide Bay/Burnett,Eumundi - Yandina,Nambour,Sunshine Coast,Inner Regional,Ninderry,Fairfax,State-controlled,No Roadway Feature,No traffic control,60 km/h,Sealed - Dry,Clear,Daylight,Curved - view open,Grade,201,Veh'S Opposite Approach: Head On,Head-on,N,0,0,0,0,0,2,0,0,0,0,0,0
3486,Property damage only,2002,June,Tuesday,16,Angle,Multi-Vehicle,153.0302601,-26.39053953,Goodwin St,Poinciana Ave,,Tewantin,Noosa Shire,4565,Noosa Heads,Sunshine Coast,Central,SEQ North,North Coast and Wide Bay/Burnett,Tewantin,Noosa,Sunshine Coast,Major Cities,Noosa,Wide Bay,Locally-controlled,Intersection - Cross,No traffic control,60 km/h,Sealed - Dry,Clear,Daylight,Straight,Level,202,Veh'S Opposite Approach: Thru-Right,Opposing vehicles turning,W,0,0,0,0,0,2,0,0,0,0,0,0
3487,Property damage only,2002,June,Tuesday,9,Angle,Multi-Vehicle,151.9665891,-27.55990678,Arthur St,Mary St,,East Toowoomba,Toowoomba Region,4350,Toowoomba,Darling Downs,Southern,Southern,Downs South West,Toowoomba - East,Toowoomba,Toowoomba,Inner Regional,Toowoomba North,Groom,Locally-controlled,Intersection - Cross,Give way sign,0 - 50 km/h,Sealed - Dry,Clear,Daylight,Straight,Level,102,Veh'S Adjacent Approach: Right-Thru,Intersection from adjacent approaches,E,0,0,0,0,0,2,0,0,0,0,0,0
3488,Medical treatment,2002,June,Tuesday,10,Angle,Multi-Vehicle,151.9570648,-27.54366245,Mansford St,Venture St,,North Toowoomba,Toowoomba Region,4350,Toowoomba,Darling Downs,Southern,Southern,Downs South West,North Toowoomba - Harlaxton,Toowoomba,Toowoomba,Inner Regional,Toowoomba North,Groom,Locally-controlled,Intersection - Cross,Give way sign,60 km/h,Sealed - Dry,Clear,Daylight,Straight,Level,101,Veh'S Adjacent Approach: Thru-Thru,Intersection from adjacent approaches,W,0,0,1,0,1,2,0,0,0,0,0,0
3489,Property damage only,2002,June,Tuesday,16,Angle,Multi-Vehicle,150.5379898,-23.34996542,Diplock St,Honour St,,Frenchville,Rockhampton Region,4701,North Rockhampton,Capricornia,Central,Central,Central Queensland,Frenchville - Mount Archer,Rockhampton,Central Queensland,Inner Regional,Rockhampton,Capricornia,Locally-controlled,Intersection - Cross,Give way sign,60 km/h,Sealed - Dry,Clear,Daylight,Straight,Level,102,Veh'S Adjacent Approach: Right-Thru,Intersection from adjacent approaches,S,0,0,0,0,0,2,0,0,0,0,0,0
3490,Property damage only,2002,June,Tuesday,13,Angle,Multi-Vehicle,150.5073111,-23.37443064,Alma St,Cambridge St,,Rockhampton City,Rockhampton Region,4700,Rockhampton,Capricornia,Central,Central,Central Queensland,Rockhampton City,Rockhampton,Central Queensland,Inner Regional,Rockhampton,Capricornia,Locally-controlled,Intersection - Cross,Give way sign,60 km/h,Sealed - Dry,Clear,Daylight,Straight,Level,101,Veh'S Adjacent Approach: Thru-Thru,Intersection from adjacent approaches,E,0,0,0,0,0,2,0,0,0,0,0,0
3491,Hospitalisation,2002,June,Wednesday,21,Angle,Multi-Vehicle,153.0632378,-27.57570856,Mains Rd,Turton St,,Sunnybank,Brisbane City,4109,Upper Mount Gravatt,South Brisbane,Brisbane,SEQ South,Metropolitan,Sunnybank,Sunnybank,Brisbane - South,Major Cities,Toohey,Moreton,Locally-controlled,Intersection - T-Junction,Operating traffic lights,60 km/h,Sealed - Dry,Clear,Darkness - Lighted,Straight,Grade,202,Veh'S Opposite Approach: Thru-Right,Opposing vehicles turning,S,0,1,0,0,1,1,1,0,0,0,0,0
3492,Property damage only,2002,June,Wednesday,17,Rear-end,Multi-Vehicle,153.0659434,-27.56127674,Mains Rd,,Griffith Arterial Road,Macgregor,Brisbane City,4109,Upper Mount Gravatt,South Brisbane,Brisbane,SEQ South,Metropolitan,Robertson,Nathan,Brisbane - South,Major Cities,Toohey,Moreton,State-controlled,No Roadway Feature,No traffic control,60 km/h,Sealed - Dry,Clear,Darkness - Lighted,Straight,Level,301,Veh'S Same Direction: Rear End,Rear-end,N,0,0,0,0,0,2,0,0,0,0,0,0
3493,Medical treatment,2002,June,Wednesday,7,Rear-end,Multi-Vehicle,153.0359838,-27.48673473,Ipswich Rd,,,Woolloongabba,Brisbane City,4102,Dutton Park,South Brisbane,Brisbane,SEQ South,Metropolitan,Woolloongabba,Holland Park - Yeronga,Brisbane - South,Major Cities,South Brisbane,Griffith,Locally-controlled,No Roadway Feature,No traffic control,60 km/h,Sealed - Dry,Clear,Daylight,Straight,Level,301,Veh'S Same Direction: Rear End,Rear-end,N,0,0,1,0,1,2,0,0,0,0,0,0
3494,Medical treatment,2002,June,Wednesday,19,Rear-end,Multi-Vehicle,153.1362706,-27.69195111,Loganlea Rd,,Brisbane - Beenleigh Road,Waterford West,Logan City,4133,Logan Central,Logan,South Eastern,SEQ South,South Coast,Waterford West,Loganlea - Carbrook,Logan - Beaudesert,Major Cities,Waterford,Forde,State-controlled,No Roadway Feature,No traffic control,60 km/h,Sealed - Dry,Clear,Darkness - Lighted,Straight,Level,302,Veh'S Same Direction: Left Rear,Rear-end,S,0,0,1,0,1,2,1,0,0,0,0,0
3495,Medical treatment,2002,June,Wednesday,16,Hit object,Single Vehicle,153.0968502,-27.36932026,Gateway Arterial Rd,,Gateway Arterial Road (Gateway Motorway - North),Nudgee,Brisbane City,4014,Hendra,North Brisbane,Brisbane,SEQ North,Metropolitan,Nudgee - Banyo,Nundah,Brisbane - North,Major Cities,Nudgee,Lilley,State-controlled,No Roadway Feature,No traffic control,80 - 90 km/h,Sealed - Dry,Clear,Daylight,Straight,Level,703,Off Path-Straight: Left Off Cway Hit Obj,Off carriageway on straight hit object,N,0,0,1,0,1,1,0,0,0,0,0,0
3496,Minor injury,2002,June,Wednesday,15,Hit pedestrian,Hit pedestrian,153.0916673,-26.38698848,Hastings St,,,Noosa Heads,Noosa Shire,4567,Noosa Heads,Sunshine Coast,Central,SEQ North,North Coast and Wide Bay/Burnett,Noosa Heads,Noosa,Sunshine Coast,Major Cities,Noosa,Wide Bay,Locally-controlled,No Roadway Feature,No traffic control,0 - 50 km/h,Sealed - Dry,Clear,Daylight,Straight,Level,5,Ped'N: Hit Walking With Traffic,Pedestrian,E,0,0,0,1,1,1,0,0,0,0,1,0
3497,Property damage only,2002,June,Wednesday,7,Angle,Multi-Vehicle,151.9492579,-27.66530216,Carroll Rd,Hodgson Vale Rd,,Hodgson Vale,Toowoomba Region,4352,Cambooya,Darling Downs,Southern,Southern,Downs South West,Cambooya - Wyreema,Toowoomba,Toowoomba,Inner Regional,Condamine,Groom,Locally-controlled,Intersection - T-Junction,No traffic control,100 - 110 km/h,Sealed - Dry,Clear,Daylight,Curved - view open,Level,104,Veh'S Adjacent Approach: Thru-Right,Intersection from adjacent approaches,E,0,0,0,0,0,2,0,0,0,0,0,0
3498,Minor injury,2002,June,Thursday,22,Hit object,Single Vehicle,153.0532076,-27.51242371,Logan Rd,Nicholson St,,Greenslopes,Brisbane City,4120,Coorparoo,South Brisbane,Brisbane,SEQ South,Metropolitan,Greenslopes,Holland Park - Yeronga,Brisbane - South,Major Cities,Greenslopes,Griffith,Locally-controlled,Intersection - T-Junction,Operating traffic lights,60 km/h,Sealed - Dry,Clear,Darkness - Lighted,Curved - view open,Grade,201,Veh'S Opposite Approach: Head On,Head-on,S,0,0,0,1,1,2,0,0,0,0,0,0
3499,Minor injury,2002,June,Thursday,1,Sideswipe,Multi-Vehicle,153.0509708,-27.33137294,Gateway Art Rd Off Ramp,,Gateway Arterial Road (Gateway Motorway - North),Deagon,Brisbane City,4017,Sandgate,North Brisbane,Brisbane,SEQ North,Metropolitan,Deagon,Sandgate,Brisbane - North,Major Cities,Sandgate,Lilley,State-controlled,No Roadway Feature,No traffic control,100 - 110 km/h,Sealed - Dry,Clear,Darkness - Lighted,Straight,Grade,305,Veh'S Same Direction: Lane Side Swipe,Lane changes,S,0,0,0,1,1,2,0,0,0,0,0,0
3500,Medical treatment,2002,June,Thursday,17,Angle,Multi-Vehicle,153.1266953,-27.60127294,Greenview Ave,Koobil St,,Rochedale South,Logan City,4123,Springwood,Logan,South Eastern,SEQ South,South Coast,Rochedale South - Priestdale,Springwood - Kingston,Logan - Beaudesert,Major Cities,Springwood,Rankin,Locally-controlled,Intersection - T-Junction,No traffic control,0 - 50 km/h,Sealed - Dry,Clear,Darkness - Lighted,Straight,Grade,202,Veh'S Opposite Approach: Thru-Right,Opposing vehicles turning,W,0,0,1,0,1,2,0,0,0,0,0,0
3501,Minor injury,2002,June,Thursday,19,Rear-end,Multi-Vehicle,153.0341554,-27.66652596,Mt Lindesay Hwy Service Rd,,,Regents Park,Logan City,4118,Browns Plains,Logan,South Eastern,SEQ South,South Coast,Regents Park - Heritage Park,Browns Plains,Logan - Beaudesert,Major Cities,Algester,Rankin,Locally-controlled,No Roadway Feature,No traffic control,60 km/h,Sealed - Dry,Clear,Darkness - Lighted,Straight,Grade,302,Veh'S Same Direction: Left Rear,Rear-end,S,0,0,0,1,1,3,0,0,0,0,0,0
3502,Minor injury,2002,June,Thursday,17,Angle,Multi-Vehicle,153.2584485,-27.60170243,Bunker Rd,Double Jump Rd,,Mount Cotton,Redland City,4165,Redland Bay,South Brisbane,Brisbane,SEQ South,Metropolitan,Sheldon - Mount Cotton,Cleveland - Stradbroke,Brisbane - East,Major Cities,Springwood,Bowman,Locally-controlled,Intersection - T-Junction,Give way sign,80 - 90 km/h,Sealed - Dry,Clear,Darkness - Lighted,Straight,Level,104,Veh'S Adjacent Approach: Thru-Right,Intersection from adjacent approaches,S,0,0,0,1,1,2,0,0,0,0,0,0
3503,Hospitalisation,2002,June,Thursday,11,Angle,Multi-Vehicle,153.4008488,-27.95632458,Musgrave Ave,Turpin Rd,,Southport,Gold Coast City,4215,Southport,Gold Coast,South Eastern,SEQ South,South Coast,Southport - North,Southport,Gold Coast,Major Cities,Bonney,Fadden,Locally-controlled,Intersection - Cross,Operating traffic lights,60 km/h,Sealed - Dry,Clear,Daylight,Straight,Level,202,Veh'S Opposite Approach: Thru-Right,Opposing vehicles turning,S,0,3,0,1,4,2,0,0,0,0,0,0
3504,Medical treatment,2002,June,Thursday,11,Hit object,Single Vehicle,152.0313808,-28.2092012,Guy St,,,Warwick,Southern Downs Region,4370,Warwick,Darling Downs,Southern,Southern,Downs South West,Warwick,Granite Belt,Darling Downs - Maranoa,Inner Regional,Southern Downs,Maranoa,Locally-controlled,No Roadway Feature,No traffic control,60 km/h,Sealed - Dry,Clear,Daylight,Straight,Grade,703,Off Path-Straight: Left Off Cway Hit Obj,Off carriageway on straight hit object,N,0,0,1,0,1,1,0,0,0,0,0,0
3505,Property damage only,2002,June,Thursday,3,Head-on,Multi-Vehicle,150.0137214,-24.71461708,Moura - Baralaba Rd,,,Kianga,Banana Shire,4718,Moura,Capricornia,Central,Central,Central Queensland,Banana,Biloela,Central Queensland,Outer Regional,Callide,Flynn,Locally-controlled,No Roadway Feature,No traffic control,100 - 110 km/h,Unsealed - Dry,Clear,Unknown,Curved - view open,Level,201,Veh'S Opposite Approach: Head On,Head-on,N,0,0,0,0,0,1,0,1,0,0,0,0
3506,Hospitalisation,2002,June,Thursday,12,Overturned,Single Vehicle,148.8479736,-21.23344064,Mirani - Eton Rd,,Mirani - Eton Road,Mia Mia,Mackay Region,4754,Eton,Mackay,Central,Central,Central Queensland,Pioneer Valley,Mackay,Mackay - Isaac - Whitsunday,Outer Regional,Mirani,Capricornia,State-controlled,No Roadway Feature,No traffic control,100 - 110 km/h,Sealed - Dry,Clear,Daylight,Straight,Level,702,Off Path-Straight: Right Off Cway,Off carriageway on straight,N,0,1,0,0,1,1,0,0,0,0,0,0
3507,Minor injury,2002,June,Friday,10,Hit pedestrian,Hit pedestrian,153.0150268,-27.46731977,Coronation Dr Off Ramp,Skew St,,Brisbane City,Brisbane City,4000,Brisbane City,North Brisbane,Brisbane,SEQ North,Metropolitan,Brisbane City,Brisbane Inner,Brisbane Inner City,Major Cities,Mcconnel,Brisbane,Locally-controlled,Intersection - Interchange,Operating traffic lights,0 - 50 km/h,Sealed - Dry,Clear,Daylight,Straight,Level,1,Ped'N: Near Side Vehicle Hit From Right,Pedestrian,E,0,0,0,2,2,0,0,0,1,0,1,0
3508,Minor injury,2002,June,Friday,15,Rear-end,Multi-Vehicle,153.1219905,-27.61480485,Pacific Hwy Connection Rd,,Pacific Highway Connection Road,Underwood,Logan City,4119,Springwood,Logan,South Eastern,SEQ South,South Coast,Slacks Creek,Springwood - Kingston,Logan - Beaudesert,Major Cities,Waterford,Rankin,State-controlled,No Roadway Feature,No traffic control,60 km/h,Sealed - Dry,Clear,Daylight,Straight,Level,301,Veh'S Same Direction: Rear End,Rear-end,E,0,0,0,1,1,3,0,0,0,0,0,0
3509,Property damage only,2002,June,Friday,16,Angle,Multi-Vehicle,153.1031453,-26.67394634,Mooloolaba Rd,Pacific Tce,Mooloolaba Road,Alexandra Headland,Sunshine Coast Region,4572,Maroochydore,Sunshine Coast,Central,SEQ North,North Coast and Wide Bay/Burnett,Mooloolaba - Alexandra Headland,Maroochy,Sunshine Coast,Major Cities,Maroochydore,Fisher,State-controlled,Intersection - T-Junction,No traffic control,60 km/h,Sealed - Dry,Clear,Daylight,Curved - view obscured,Crest,202,Veh'S Opposite Approach: Thru-Right,Opposing vehicles turning,W,0,0,0,0,0,2,0,0,0,0,0,0
3510,Medical treatment,2002,June,Friday,11,Rear-end,Multi-Vehicle,151.8390614,-26.54256423,D'Aguilar Hwy,,D'Aguilar Highway (Yarraman - Kingaroy),Kingaroy,South Burnett Region,4610,Kingaroy,South West,Southern,Southern,North Coast and Wide Bay/Burnett,Kingaroy,Burnett,Wide Bay,Inner Regional,Nanango,Maranoa,State-controlled,No Roadway Feature,No traffic control,60 km/h,Sealed - Dry,Clear,Daylight,Straight,Level,301,Veh'S Same Direction: Rear End,Rear-end,S,0,0,1,1,2,3,0,0,0,0,0,0
3511,Medical treatment,2002,June,Saturday,9,Rear-end,Multi-Vehicle,153.0031621,-27.47524477,Coronation Dr,,,Milton,Brisbane City,4064,Brisbane City,North Brisbane,Brisbane,SEQ North,Metropolitan,Paddington - Milton,Brisbane Inner - West,Brisbane Inner City,Major Cities,Cooper,Brisbane,Locally-controlled,No Roadway Feature,No traffic control,60 km/h,Sealed - Dry,Clear,Daylight,Straight,Level,301,Veh'S Same Direction: Rear End,Rear-end,S,0,0,1,0,1,3,0,0,0,0,0,0
3512,Hospitalisation,2002,June,Saturday,2,Fall from vehicle,Single Vehicle,153.0219842,-27.47126621,South East Arterial Rd,South East Art Rd Ramp E,South-East Arterial Road (Pacific Motorway),Brisbane City,Brisbane City,4000,Brisbane City,North Brisbane,Brisbane,SEQ North,Metropolitan,Brisbane City,Brisbane Inner,Brisbane Inner City,Major Cities,Mcconnel,Brisbane,State-controlled,Intersection - Interchange,No traffic control,60 km/h,Sealed - Dry,Clear,Darkness - Lighted,Curved - view open,Grade,901,Pass & Misc: Fell In/From Vehicle,Other,S,0,1,0,0,1,0,0,1,0,0,0,0
3513,Medical treatment,2002,June,Saturday,14,Rear-end,Multi-Vehicle,153.0380808,-27.46084883,Brunswick St,Malt St,,Fortitude Valley,Brisbane City,4006,Fortitude Valley,North Brisbane,Brisbane,SEQ North,Metropolitan,New Farm,Brisbane Inner,Brisbane Inner City,Major Cities,Mcconnel,Brisbane,Locally-controlled,Intersection - Cross,Operating traffic lights,60 km/h,Sealed - Dry,Clear,Daylight,Straight,Level,301,Veh'S Same Direction: Rear End,Rear-end,S,0,0,1,0,1,3,0,0,0,0,0,0
3514,Property damage only,2002,June,Saturday,16,Hit object,Single Vehicle,153.057145,-27.52796272,South East Arterial Rd,,South-East Arterial Road (Pacific Motorway),Holland Park West,Brisbane City,4121,Holland Park,South Brisbane,Brisbane,SEQ South,Metropolitan,Holland Park West,Holland Park - Yeronga,Brisbane - South,Major Cities,Greenslopes,Bonner,State-controlled,No Roadway Feature,No traffic control,100 - 110 km/h,Sealed - Dry,Clear,Unknown,Straight,Level,704,Off Path-Straight:Right Off Cway Hit Obj,Off carriageway on straight hit object,S,0,0,0,0,0,1,0,0,0,0,0,0
3515,Property damage only,2002,June,Saturday,14,Angle,Multi-Vehicle,152.9716044,-27.50141255,Musgrave Rd,Station Rd,,Indooroopilly,Brisbane City,4068,Indooroopilly,North Brisbane,Brisbane,SEQ North,Metropolitan,Indooroopilly,Sherwood - Indooroopilly,Brisbane - West,Major Cities,Maiwar,Ryan,Locally-controlled,Intersection - Cross,Operating traffic lights,60 km/h,Sealed - Dry,Clear,Daylight,Curved - view open,Level,202,Veh'S Opposite Approach: Thru-Right,Opposing vehicles turning,E,0,0,0,0,0,2,0,0,0,0,0,0
3516,Hospitalisation,2002,June,Saturday,19,Hit pedestrian,Hit pedestrian,153.1046032,-27.67603306,Dehlia St,Homestead St,,Marsden,Logan City,4132,Crestmead,Logan,South Eastern,SEQ South,South Coast,Marsden,Browns Plains,Logan - Beaudesert,Major Cities,Woodridge,Rankin,Locally-controlled,Intersection - T-Junction,No traffic control,0 - 50 km/h,Sealed - Dry,Clear,Darkness - Not lighted,Straight,Level,1,Ped'N: Near Side Vehicle Hit From Right,Pedestrian,E,0,1,0,0,1,1,0,0,0,0,1,0
3517,Minor injury,2002,June,Saturday,8,Angle,Multi-Vehicle,152.9618554,-27.20323181,Burpengary - Caboolture Rd,Mackie Rd,,Narangba,Moreton Bay Region,4504,Burpengary,Moreton,Southern,SEQ North,North Coast and Wide Bay/Burnett,Narangba,Narangba - Burpengary,Moreton Bay - North,Major Cities,Kurwongbah,Longman,Locally-controlled,Intersection - Cross,Stop sign,60 km/h,Sealed - Dry,Clear,Daylight,Straight,Level,101,Veh'S Adjacent Approach: Thru-Thru,Intersection from adjacent approaches,E,0,0,0,2,2,2,0,0,0,0,0,0
3518,Medical treatment,2002,June,Saturday,12,Hit object,Single Vehicle,153.0651836,-26.66110629,Maroochydore Rd,Sunshine Mwy Ramp K,Maroochydore Road,Kuluin,Sunshine Coast Region,4558,Maroochydore,Sunshine Coast,Central,SEQ North,North Coast and Wide Bay/Burnett,Buderim - North,Buderim,Sunshine Coast,Major Cities,Ninderry,Fairfax,State-controlled,Intersection - Roundabout,Give way sign,60 km/h,Sealed - Dry,Clear,Daylight,Straight,Level,708,Off Path-Straight: Mounts Traffic Island,Off carriageway on straight hit object,W,0,0,1,0,1,1,0,0,0,0,0,0