Crash_Ref_Number,Crash_Severity,Crash_Year,Crash_Month,Crash_Day_Of_Week,Crash_Hour,Crash_Nature,Crash_Type,Crash_Longitude_GDA94,Crash_Latitude_GDA94,Crash_Street,Crash_Street_Intersecting,State_Road_Name,Loc_Suburb,Loc_Local_Government_Area,Loc_Post_Code,Loc_Police_Division,Loc_Police_District,Loc_Police_Region,Loc_Queensland_Transport_Region,Loc_Main_Roads_Region,Loc_ABS_Statistical_Area_2,Loc_ABS_Statistical_Area_3,Loc_ABS_Statistical_Area_4,Loc_ABS_Remoteness,Loc_State_Electorate,Loc_Federal_Electorate,Crash_Controlling_Authority,Crash_Roadway_Feature,Crash_Traffic_Control,Crash_Speed_Limit,Crash_Road_Surface_Condition,Crash_Atmospheric_Condition,Crash_Lighting_Condition,Crash_Road_Horiz_Align,Crash_Road_Vert_Align,Crash_DCA_Code,Crash_DCA_Description,Crash_DCA_Group_Description,DCA_Key_Approach_Dir,Count_Casualty_Fatality,Count_Casualty_Hospitalised,Count_Casualty_MedicallyTreated,Count_Casualty_MinorInjury,Count_Casualty_Total,Count_Unit_Car,Count_Unit_Motorcycle_Moped,Count_Unit_Truck,Count_Unit_Bus,Count_Unit_Bicycle,Count_Unit_Pedestrian,Count_Unit_Other
3519,Property damage only,2002,June,Saturday,15,Hit object,Single Vehicle,153.0961122,-26.67425102,Sunshine Mwy Ramp I,,Sunshine Motorway (Mooloolaba - Peregian),Alexandra Headland,Sunshine Coast Region,4572,Maroochydore,Sunshine Coast,Central,SEQ North,North Coast and Wide Bay/Burnett,Buderim - North,Buderim,Sunshine Coast,Major Cities,Maroochydore,Fisher,State-controlled,Intersection - Interchange,No traffic control,100 - 110 km/h,Sealed - Dry,Clear,Daylight,Straight,Level,703,Off Path-Straight: Left Off Cway Hit Obj,Off carriageway on straight hit object,S,0,0,0,0,0,1,0,0,0,0,0,0
3520,Property damage only,2002,June,Saturday,18,Angle,Multi-Vehicle,152.8388432,-25.28422344,Main St,Old Maryborough Rd,,Pialba,Fraser Coast Region,4655,Hervey Bay,Wide Bay Burnett,Central,Southern,North Coast and Wide Bay/Burnett,Pialba - Eli Waters,Hervey Bay,Wide Bay,Inner Regional,Hervey Bay,Hinkler,Locally-controlled,Intersection - Cross,Operating traffic lights,60 km/h,Sealed - Dry,Clear,Darkness - Lighted,Straight,Level,101,Veh'S Adjacent Approach: Thru-Thru,Intersection from adjacent approaches,E,0,0,0,0,0,2,0,0,0,0,0,0
3521,Hospitalisation,2002,June,Saturday,2,Hit object,Single Vehicle,151.3002189,-25.59469438,Bauer St,Seligmann Ave,,Mundubbera,North Burnett Region,4626,Mundubbera,Wide Bay Burnett,Central,Southern,North Coast and Wide Bay/Burnett,Gayndah - Mundubbera,Burnett,Wide Bay,Outer Regional,Callide,Flynn,Locally-controlled,Intersection - T-Junction,No traffic control,60 km/h,Sealed - Dry,Clear,Darkness - Not lighted,Curved - view open,Grade,800,Off Path-Curve: Other,Other,S,0,1,0,0,1,1,0,0,0,0,0,0
3522,Medical treatment,2002,June,Saturday,14,Angle,Multi-Vehicle,151.9993918,-26.67077741,D'Aguilar Hwy,Howlett Ave,D'Aguilar Highway (Yarraman - Kingaroy),Nanango,South Burnett Region,4615,Nanango,South West,Southern,Southern,North Coast and Wide Bay/Burnett,Nanango,Burnett,Wide Bay,Inner Regional,Nanango,Maranoa,State-controlled,Intersection - Cross,No traffic control,60 km/h,Sealed - Dry,Clear,Daylight,Straight,Level,408,Veh'S Manoeuvring: Entering From Footway,Vehicle leaving driveway,E,0,0,1,0,1,1,0,0,0,1,0,0
3523,Medical treatment,2002,June,Saturday,15,Hit object,Single Vehicle,151.2549503,-23.84212576,Goondoon St,Roseberry St,,Gladstone Central,Gladstone Region,4680,Gladstone,Capricornia,Central,Central,Central Queensland,Gladstone,Gladstone,Central Queensland,Inner Regional,Gladstone,Flynn,Locally-controlled,Intersection - Cross,No traffic control,0 - 50 km/h,Sealed - Dry,Clear,Daylight,Straight,Level,703,Off Path-Straight: Left Off Cway Hit Obj,Off carriageway on straight hit object,S,0,0,1,0,1,1,0,0,0,0,0,0
3524,Hospitalisation,2002,June,Saturday,8,Hit pedestrian,Hit pedestrian,149.166713,-21.15364259,Bruce Hwy,Mary St,Bruce Highway (St. Lawrence - Mackay),West Mackay,Mackay Region,4740,Mackay,Mackay,Central,Central,Central Queensland,West Mackay,Mackay,Mackay - Isaac - Whitsunday,Inner Regional,Mackay,Dawson,State-controlled,Intersection - Cross,No traffic control,60 km/h,Sealed - Dry,Clear,Daylight,Straight,Level,3,Ped'N: Far Side Vehicle Hit From Left,Pedestrian,W,0,1,0,0,1,1,0,0,0,0,1,0
3525,Property damage only,2002,June,Saturday,10,Rear-end,Multi-Vehicle,149.1595638,-21.04774302,Mackay - Bucasia Rd,,Mackay - Bucasia Road,Bucasia,Mackay Region,4750,Mackay Northern Beaches,Mackay,Central,Central,Central Queensland,Shoal Point - Bucasia,Mackay,Mackay - Isaac - Whitsunday,Inner Regional,Whitsunday,Dawson,State-controlled,No Roadway Feature,No traffic control,80 - 90 km/h,Sealed - Dry,Clear,Daylight,Straight,Level,303,Veh'S Same Direction: Right Rear,Rear-end,S,0,0,0,0,0,2,0,0,0,0,0,0
3526,Property damage only,2002,June,Saturday,12,Overturned,Single Vehicle,149.2254022,-21.53727161,Bruce Hwy,,Bruce Highway (St. Lawrence - Mackay),Koumala,Mackay Region,4738,Sarina,Mackay,Central,Central,Central Queensland,Sarina,Mackay,Mackay - Isaac - Whitsunday,Outer Regional,Mirani,Capricornia,State-controlled,No Roadway Feature,No traffic control,100 - 110 km/h,Sealed - Dry,Clear,Daylight,Curved - view open,Grade,805,Off Path-Curve: Out Of Control On Cway,Out of control on curve,S,0,0,0,0,0,0,0,1,0,0,0,0
3527,Property damage only,2002,June,Sunday,3,Sideswipe,Multi-Vehicle,153.1298051,-27.62823426,Pacific Hwy,,Pacific Highway (Pacific Motorway),Slacks Creek,Logan City,4127,Springwood,Logan,South Eastern,SEQ South,South Coast,Slacks Creek,Springwood - Kingston,Logan - Beaudesert,Major Cities,Waterford,Rankin,State-controlled,No Roadway Feature,No traffic control,100 - 110 km/h,Sealed - Dry,Clear,Darkness - Lighted,Straight,Level,305,Veh'S Same Direction: Lane Side Swipe,Lane changes,N,0,0,0,0,0,2,0,0,0,0,0,0
3528,Hospitalisation,2002,June,Sunday,8,Hit object,Single Vehicle,152.9585312,-27.15699352,O'Brien Rd,,,Burpengary,Moreton Bay Region,4505,Burpengary,Moreton,Southern,SEQ North,North Coast and Wide Bay/Burnett,Burpengary,Narangba - Burpengary,Moreton Bay - North,Major Cities,Kurwongbah,Longman,Locally-controlled,No Roadway Feature,No traffic control,60 km/h,Sealed - Wet,Clear,Daylight,Curved - view obscured,Grade,804,Off Path-Curve: Off Cway Lt Bend Hit Obj,Off carriageway on curve hit object,E,0,1,1,0,2,1,0,0,0,0,0,0
3529,Property damage only,2002,June,Sunday,7,Angle,Multi-Vehicle,152.7606875,-27.61555635,East St,Limestone St,Ipswich - Cunningham Hwy Connection Road,Ipswich,Ipswich City,4305,Ipswich,Ipswich,Southern,SEQ South,Metropolitan,Ipswich - Central,Ipswich Inner,Ipswich,Major Cities,Ipswich,Blair,State-controlled,Intersection - Cross,Operating traffic lights,60 km/h,Sealed - Dry,Clear,Daylight,Straight,Level,101,Veh'S Adjacent Approach: Thru-Thru,Intersection from adjacent approaches,S,0,0,0,0,0,2,0,0,0,0,0,0
3530,Property damage only,2002,June,Sunday,20,Rear-end,Multi-Vehicle,152.0052936,-27.56160495,Warrego Hwy,,Warrego Highway (Ipswich - Toowoomba),Withcott,Lockyer Valley Region,4352,Helidon,Darling Downs,Southern,SEQ South,Downs South West,Lockyer Valley - West,Toowoomba,Toowoomba,Inner Regional,Lockyer,Wright,State-controlled,Merge Lane,No traffic control,60 km/h,Sealed - Dry,Clear,Darkness - Not lighted,Straight,Level,301,Veh'S Same Direction: Rear End,Rear-end,E,0,0,0,0,0,2,0,0,0,0,0,0
3531,Hospitalisation,2002,June,Sunday,18,Hit object,Single Vehicle,151.0763083,-26.69360249,Jandowae Connection Rd,,Jandowae Connection Road,Jinghi,Western Downs Region,4410,Jandowae,South West,Southern,Southern,Downs South West,Wambo,Darling Downs - East,Darling Downs - Maranoa,Outer Regional,Callide,Maranoa,State-controlled,Bridge/Causeway,No traffic control,100 - 110 km/h,Sealed - Dry,Clear,Darkness - Not lighted,Straight,Level,703,Off Path-Straight: Left Off Cway Hit Obj,Off carriageway on straight hit object,N,0,1,0,0,1,0,0,1,0,0,0,0
3532,Hospitalisation,2002,June,Monday,7,Hit object,Single Vehicle,153.0362066,-27.52146015,Benbow St,,,Tarragindi,Brisbane City,4121,Annerley,South Brisbane,Brisbane,SEQ South,Metropolitan,Tarragindi,Nathan,Brisbane - South,Major Cities,Miller,Moreton,Locally-controlled,No Roadway Feature,No traffic control,0 - 50 km/h,Sealed - Dry,Clear,Daylight,Straight,Level,405,Veh'S Manoeuvring: Rev Into Fixed Object,Other,E,0,1,0,0,1,1,0,0,0,0,0,0
3533,Property damage only,2002,June,Monday,17,Rear-end,Multi-Vehicle,153.0255889,-27.46676051,Ann St,,,Brisbane City,Brisbane City,4000,Brisbane City,North Brisbane,Brisbane,SEQ North,Metropolitan,Brisbane City,Brisbane Inner,Brisbane Inner City,Major Cities,Mcconnel,Brisbane,Locally-controlled,No Roadway Feature,No traffic control,60 km/h,Sealed - Dry,Clear,Dawn/Dusk,Straight,Level,301,Veh'S Same Direction: Rear End,Rear-end,S,0,0,0,0,0,3,0,0,0,0,0,0
3534,Property damage only,2002,June,Monday,18,Angle,Multi-Vehicle,153.2155737,-27.56836511,Lyndon Rd,Mt Cotton Rd,Mount Cotton Road,Capalaba,Redland City,4157,Capalaba,South Brisbane,Brisbane,SEQ South,Metropolitan,Sheldon - Mount Cotton,Cleveland - Stradbroke,Brisbane - East,Major Cities,Capalaba,Bowman,State-controlled,Intersection - Cross,Operating traffic lights,80 - 90 km/h,Sealed - Dry,Clear,Unknown,Straight,Level,202,Veh'S Opposite Approach: Thru-Right,Opposing vehicles turning,S,0,0,0,0,0,2,0,0,0,0,0,0
3535,Hospitalisation,2002,June,Monday,14,Angle,Multi-Vehicle,153.047108,-27.41437036,Dawson St,Rose St,East-West Arterial Road,Kalinga,Brisbane City,4030,Hendra,North Brisbane,Brisbane,SEQ North,Metropolitan,Wooloowin - Lutwyche,Brisbane Inner - North,Brisbane Inner City,Major Cities,Clayfield,Brisbane,State-controlled,Intersection - Cross,Operating traffic lights,60 km/h,Sealed - Dry,Clear,Daylight,Straight,Level,101,Veh'S Adjacent Approach: Thru-Thru,Intersection from adjacent approaches,N,0,1,0,0,1,2,0,0,0,0,0,0
3536,Hospitalisation,2002,June,Monday,12,Hit object,Single Vehicle,153.39191,-27.98072025,Wardoo St,,,Southport,Gold Coast City,4215,Southport,Gold Coast,South Eastern,SEQ South,South Coast,Southport - South,Southport,Gold Coast,Major Cities,Southport,Moncrieff,Locally-controlled,No Roadway Feature,No traffic control,60 km/h,Sealed - Dry,Clear,Daylight,Straight,Level,703,Off Path-Straight: Left Off Cway Hit Obj,Off carriageway on straight hit object,S,0,1,0,0,1,1,0,0,0,0,0,0
3537,Property damage only,2002,June,Tuesday,11,Angle,Multi-Vehicle,152.9884126,-27.46056443,Boundary St,Fernberg Rd,Western Arterial Road (Toowong - Everton Park),Bardon,Brisbane City,4065,The Gap,North Brisbane,Brisbane,SEQ North,Metropolitan,Bardon,Brisbane Inner - West,Brisbane Inner City,Major Cities,Maiwar,Brisbane,State-controlled,Intersection - T-Junction,Stop sign,0 - 50 km/h,Sealed - Dry,Clear,Daylight,Straight,Level,104,Veh'S Adjacent Approach: Thru-Right,Intersection from adjacent approaches,S,0,0,0,0,0,2,0,0,0,0,0,0
3538,Property damage only,2002,June,Tuesday,11,Hit parked vehicle,Single Vehicle,153.0725448,-27.53512607,Bentham St,,,Mount Gravatt,Brisbane City,4122,Holland Park,South Brisbane,Brisbane,SEQ South,Metropolitan,Mount Gravatt,Mt Gravatt,Brisbane - South,Major Cities,Greenslopes,Bonner,Locally-controlled,No Roadway Feature,No traffic control,0 - 50 km/h,Sealed - Dry,Clear,Daylight,Straight,Level,601,Veh'S On Path: Parked,Hit parked vehicle,W,0,0,0,0,0,1,0,2,0,0,0,0
3539,Property damage only,2002,June,Tuesday,7,Angle,Multi-Vehicle,153.027162,-27.39290461,Parkdale St,Rode Rd,,Chermside,Brisbane City,4032,Stafford,North Brisbane,Brisbane,SEQ North,Metropolitan,Kedron - Gordon Park,Chermside,Brisbane - North,Major Cities,Stafford,Lilley,Locally-controlled,Intersection - T-Junction,Stop sign,60 km/h,Sealed - Dry,Clear,Daylight,Straight,Level,102,Veh'S Adjacent Approach: Right-Thru,Intersection from adjacent approaches,N,0,0,0,0,0,1,0,1,0,0,0,0
3540,Minor injury,2002,June,Tuesday,17,Rear-end,Multi-Vehicle,152.8702712,-27.02329151,Newlands Rd,,,Wamuran,Moreton Bay Region,4512,Caboolture,Moreton,Southern,SEQ North,North Coast and Wide Bay/Burnett,Wamuran,Caboolture,Moreton Bay - North,Major Cities,Glass House,Longman,Locally-controlled,No Roadway Feature,No traffic control,100 - 110 km/h,Sealed - Dry,Clear,Dawn/Dusk,Straight,Level,301,Veh'S Same Direction: Rear End,Rear-end,N,0,0,0,1,1,1,0,0,0,0,0,1
3541,Property damage only,2002,June,Tuesday,12,Rear-end,Multi-Vehicle,153.1185289,-27.63009298,Brisbane - Beenleigh Rd,,Brisbane - Beenleigh Road,Woodridge,Logan City,4114,Logan Central,Logan,South Eastern,SEQ South,South Coast,Woodridge,Springwood - Kingston,Logan - Beaudesert,Major Cities,Woodridge,Rankin,State-controlled,No Roadway Feature,No traffic control,70 km/h,Sealed - Dry,Clear,Daylight,Straight,Level,301,Veh'S Same Direction: Rear End,Rear-end,N,0,0,0,0,0,4,0,0,0,0,0,0
3542,Medical treatment,2002,June,Tuesday,12,Rear-end,Multi-Vehicle,153.4261052,-28.00254735,Gold Coast Hwy,Whelan St,,Surfers Paradise,Gold Coast City,4217,Surfers Paradise,Gold Coast,South Eastern,SEQ South,South Coast,Surfers Paradise,Surfers Paradise,Gold Coast,Major Cities,Surfers Paradise,Moncrieff,Locally-controlled,Intersection - T-Junction,Give way sign,60 km/h,Sealed - Dry,Clear,Daylight,Curved - view open,Level,302,Veh'S Same Direction: Left Rear,Rear-end,E,0,0,1,0,1,2,0,0,0,0,0,0
3543,Medical treatment,2002,June,Tuesday,13,Hit pedestrian,Hit pedestrian,151.9531911,-27.5616461,Ruthven St,,,Toowoomba City,Toowoomba Region,4350,Toowoomba,Darling Downs,Southern,Southern,Downs South West,Toowoomba - Central,Toowoomba,Toowoomba,Inner Regional,Toowoomba North,Groom,Locally-controlled,No Roadway Feature,No traffic control,60 km/h,Sealed - Dry,Clear,Daylight,Straight,Level,2,Ped'N: Hit Emerging Behind Vehicle,Pedestrian,N,0,0,1,0,1,1,0,0,0,0,1,0
3544,Hospitalisation,2002,June,Wednesday,20,Angle,Multi-Vehicle,152.9376612,-27.51035373,Kenmore Rd,Moggill Rd,Moggill Sub-Arterial Road,Kenmore,Brisbane City,4069,Indooroopilly,North Brisbane,Brisbane,SEQ North,Metropolitan,Kenmore,Kenmore - Brookfield - Moggill,Brisbane - West,Major Cities,Moggill,Ryan,State-controlled,Intersection - Cross,Operating traffic lights,60 km/h,Sealed - Dry,Clear,Darkness - Lighted,Straight,Level,202,Veh'S Opposite Approach: Thru-Right,Opposing vehicles turning,S,0,1,0,0,1,1,0,0,0,1,0,0
3545,Medical treatment,2002,June,Wednesday,19,Angle,Multi-Vehicle,153.0526012,-27.35212943,Beams Rd,Muller Rd,,Taigum,Brisbane City,4018,Boondall,North Brisbane,Brisbane,SEQ North,Metropolitan,Taigum - Fitzgibbon,Sandgate,Brisbane - North,Major Cities,Sandgate,Lilley,Locally-controlled,Intersection - Cross,Operating traffic lights,60 km/h,Sealed - Dry,Clear,Darkness - Lighted,Straight,Level,202,Veh'S Opposite Approach: Thru-Right,Opposing vehicles turning,W,0,0,1,0,1,2,0,0,0,0,0,0
3546,Property damage only,2002,June,Wednesday,11,Rear-end,Multi-Vehicle,153.0629548,-27.38212702,Sandgate Rd,Sandgate Sub-Art Rd On Ramp,Sandgate Sub-Arterial Road,Virginia,Brisbane City,4014,Boondall,North Brisbane,Brisbane,SEQ North,Metropolitan,Northgate - Virginia,Nundah,Brisbane - North,Major Cities,Nudgee,Lilley,State-controlled,Intersection - Interchange,Give way sign,60 km/h,Sealed - Dry,Clear,Daylight,Curved - view open,Grade,301,Veh'S Same Direction: Rear End,Rear-end,W,0,0,0,0,0,2,0,0,0,0,0,0
3547,Property damage only,2002,June,Wednesday,17,Angle,Multi-Vehicle,153.4315649,-28.03121196,Elizabeth Ave,Surf Pde,,Broadbeach,Gold Coast City,4218,Broadbeach,Gold Coast,South Eastern,SEQ South,South Coast,Mermaid Beach - Broadbeach,Broadbeach - Burleigh,Gold Coast,Major Cities,Surfers Paradise,Moncrieff,Locally-controlled,Intersection - Cross,Stop sign,60 km/h,Sealed - Dry,Clear,Daylight,Straight,Level,101,Veh'S Adjacent Approach: Thru-Thru,Intersection from adjacent approaches,W,0,0,0,0,0,2,0,0,0,0,0,0
3548,Property damage only,2002,June,Wednesday,7,Hit object,Single Vehicle,152.4739383,-28.02958049,Cunningham Hwy,,Cunningham Highway (Ipswich - Warwick),Tarome,Scenic Rim Region,4309,Boonah,Ipswich,Southern,SEQ South,South Coast,Boonah,Ipswich Hinterland,Ipswich,Inner Regional,Scenic Rim,Wright,State-controlled,No Roadway Feature,No traffic control,100 - 110 km/h,Sealed - Dry,Clear,Daylight,Curved - view open,Level,804,Off Path-Curve: Off Cway Lt Bend Hit Obj,Off carriageway on curve hit object,N,0,0,0,0,0,0,0,1,0,0,0,0
3549,Medical treatment,2002,June,Wednesday,8,Hit object,Single Vehicle,153.4737408,-28.1324066,Sarawak Ave,Thrower Dr,,Palm Beach,Gold Coast City,4221,Palm Beach,Gold Coast,South Eastern,SEQ South,South Coast,Palm Beach,Coolangatta,Gold Coast,Major Cities,Burleigh,Mcpherson,Locally-controlled,Intersection - Roundabout,Give way sign,0 - 50 km/h,Sealed - Dry,Clear,Daylight,Curved - view open,Level,805,Off Path-Curve: Out Of Control On Cway,Out of control on curve,N,0,0,1,0,1,1,0,0,0,0,0,0
3550,Property damage only,2002,June,Wednesday,12,Angle,Multi-Vehicle,147.4003409,-19.58092854,Drysdale St,,,Ayr,Burdekin Shire,4807,Ayr,Townsville,Northern,Northern,North Queensland,Ayr,Charters Towers - Ayr - Ingham,Townsville,Outer Regional,Burdekin,Dawson,Locally-controlled,No Roadway Feature,No traffic control,60 km/h,Sealed - Dry,Clear,Daylight,Straight,Level,406,Veh'S Manoeuvring: Leaving Driveway,Vehicle leaving driveway,E,0,0,0,0,0,2,0,0,0,0,0,0
3551,Property damage only,2002,June,Thursday,17,Angle,Multi-Vehicle,153.1003794,-27.47016151,Northcliffe St,Wynnum Rd,,Cannon Hill,Brisbane City,4170,Morningside,South Brisbane,Brisbane,SEQ South,Metropolitan,Murarrie,Wynnum - Manly,Brisbane - East,Major Cities,Bulimba,Bonner,Locally-controlled,Intersection - T-Junction,Operating traffic lights,70 km/h,Sealed - Dry,Clear,Darkness - Lighted,Straight,Level,202,Veh'S Opposite Approach: Thru-Right,Opposing vehicles turning,E,0,0,0,0,0,2,0,0,0,0,0,0
3552,Medical treatment,2002,June,Thursday,14,Angle,Multi-Vehicle,152.9748808,-27.29741575,Kensington Way,Sovereign Ave,,Bray Park,Moreton Bay Region,4500,Petrie,North Brisbane,Brisbane,SEQ North,North Coast and Wide Bay/Burnett,Bray Park,Strathpine,Moreton Bay - South,Major Cities,Pine Rivers,Dickson,Locally-controlled,Intersection - T-Junction,Operating traffic lights,60 km/h,Sealed - Dry,Clear,Daylight,Straight,Level,100,Veh'S Adjacent Approach: Other,Intersection from adjacent approaches,W,0,0,1,0,1,1,0,0,0,1,0,0
3553,Hospitalisation,2002,June,Thursday,17,Angle,Multi-Vehicle,152.8066343,-27.61020166,Ipswich - Cunningham Hwy Connection Rd,Mining St,Ipswich - Cunningham Hwy Connection Road,Bundamba,Ipswich City,4304,Booval,Ipswich,Southern,SEQ South,Metropolitan,Bundamba,Ipswich Inner,Ipswich,Major Cities,Bundamba,Blair,State-controlled,Intersection - Cross,Operating traffic lights,60 km/h,Sealed - Dry,Clear,Darkness - Lighted,Curved - view obscured,Level,202,Veh'S Opposite Approach: Thru-Right,Opposing vehicles turning,W,0,1,0,0,1,2,0,0,0,0,0,0
3554,Medical treatment,2002,June,Thursday,17,Angle,Multi-Vehicle,153.2023097,-27.07209506,Oxley Way,Winnett St,,Woorim,Moreton Bay Region,4507,Bribie Island,Moreton,Southern,SEQ North,North Coast and Wide Bay/Burnett,Bribie Island,Bribie - Beachmere,Moreton Bay - North,Inner Regional,Pumicestone,Longman,Locally-controlled,Intersection - Cross,Give way sign,60 km/h,Sealed - Dry,Clear,Dawn/Dusk,Straight,Level,101,Veh'S Adjacent Approach: Thru-Thru,Intersection from adjacent approaches,S,0,0,1,0,1,2,0,0,0,0,0,0
3555,Property damage only,2002,June,Thursday,19,Angle,Multi-Vehicle,151.2258979,-23.87571271,Aerodrome Rd,Dawson Hwy,Dawson Highway (Gladstone - Biloela),Clinton,Gladstone Region,4680,Gladstone,Capricornia,Central,Central,Central Queensland,Clinton - New Auckland,Gladstone,Central Queensland,Inner Regional,Gladstone,Flynn,State-controlled,Intersection - Roundabout,Give way sign,60 km/h,Sealed - Dry,Clear,Darkness - Lighted,Straight,Level,102,Veh'S Adjacent Approach: Right-Thru,Intersection from adjacent approaches,S,0,0,0,0,0,2,0,0,0,0,0,0
3556,Hospitalisation,2002,June,Thursday,9,Overturned,Single Vehicle,144.4391001,-24.26478434,Isisford - Yaraka River Rd,,,Isisford,Longreach Region,4731,Isisford,South West,Southern,Central,Central Queensland,Longreach,Outback - South,Queensland - Outback,Very Remote,Gregory,Maranoa,Locally-controlled,No Roadway Feature,No traffic control,100 - 110 km/h,Unsealed - Dry,Clear,Daylight,Straight,Level,705,Off Path-Straight:Out Of Control On Cway,Out of control on straight,N,0,1,0,0,1,1,0,0,0,0,0,0
3557,Medical treatment,2002,June,Friday,16,Rear-end,Multi-Vehicle,153.0763271,-27.56138085,Griffith Arterial Rd,,Griffith Arterial Road,Macgregor,Brisbane City,4109,Upper Mount Gravatt,South Brisbane,Brisbane,SEQ South,Metropolitan,Macgregor (qld),Mt Gravatt,Brisbane - South,Major Cities,Toohey,Moreton,State-controlled,No Roadway Feature,No traffic control,60 km/h,Sealed - Dry,Clear,Daylight,Straight,Grade,301,Veh'S Same Direction: Rear End,Rear-end,E,0,0,1,0,1,4,0,0,0,0,0,0
3558,Medical treatment,2002,June,Friday,13,Rear-end,Multi-Vehicle,153.0881678,-27.56678774,Logan Sub-Arterial Rd,,Logan Sub-Arterial Road,Upper Mount Gravatt,Brisbane City,4122,Upper Mount Gravatt,South Brisbane,Brisbane,SEQ South,Metropolitan,Upper Mount Gravatt,Mt Gravatt,Brisbane - South,Major Cities,Mansfield,Bonner,State-controlled,No Roadway Feature,No traffic control,70 km/h,Sealed - Dry,Clear,Daylight,Straight,Level,301,Veh'S Same Direction: Rear End,Rear-end,N,0,0,1,0,1,2,0,0,0,0,0,0
3559,Medical treatment,2002,June,Friday,17,Rear-end,Multi-Vehicle,153.0204856,-27.28448777,Bruce Hwy,,Bruce Highway (Brisbane - Gympie),Murrumba Downs,Moreton Bay Region,4503,Mango Hill North Lakes,North Brisbane,Brisbane,SEQ North,North Coast and Wide Bay/Burnett,Murrumba Downs - Griffin,North Lakes,Moreton Bay - South,Major Cities,Murrumba,Petrie,State-controlled,No Roadway Feature,No traffic control,100 - 110 km/h,Sealed - Dry,Clear,Darkness - Lighted,Straight,Level,301,Veh'S Same Direction: Rear End,Rear-end,N,0,0,1,0,1,1,1,0,0,0,0,0
3560,Property damage only,2002,June,Friday,15,Rear-end,Multi-Vehicle,153.0730878,-26.53582462,Sunshine Mwy,Yandina - Coolum Rd,Sunshine Motorway (Mooloolaba - Peregian),Coolum Beach,Sunshine Coast Region,4573,Coolum,Sunshine Coast,Central,SEQ North,North Coast and Wide Bay/Burnett,Eumundi - Yandina,Nambour,Sunshine Coast,Inner Regional,Ninderry,Fairfax,State-controlled,Intersection - Roundabout,Give way sign,80 - 90 km/h,Sealed - Dry,Clear,Daylight,Curved - view open,Level,301,Veh'S Same Direction: Rear End,Rear-end,N,0,0,0,0,0,2,0,0,0,0,0,0
3561,Property damage only,2002,June,Friday,11,Angle,Multi-Vehicle,149.1836211,-21.13880175,Macalister St,River St,,Mackay,Mackay Region,4740,Mackay,Mackay,Central,Central,Central Queensland,Mackay,Mackay,Mackay - Isaac - Whitsunday,Inner Regional,Mackay,Dawson,Locally-controlled,Intersection - Cross,Give way sign,60 km/h,Sealed - Dry,Clear,Daylight,Straight,Level,101,Veh'S Adjacent Approach: Thru-Thru,Intersection from adjacent approaches,N,0,0,0,0,0,2,0,0,0,0,0,0
3562,Property damage only,2002,June,Saturday,18,Angle,Multi-Vehicle,153.2156554,-27.5683585,Mt Cotton Rd,Redland Bay Rd,Redland Bay Road,Capalaba,Redland City,4157,Capalaba,South Brisbane,Brisbane,SEQ South,Metropolitan,Sheldon - Mount Cotton,Cleveland - Stradbroke,Brisbane - East,Major Cities,Capalaba,Bowman,State-controlled,Intersection - Cross,Operating traffic lights,60 km/h,Sealed - Dry,Clear,Darkness - Lighted,Straight,Level,202,Veh'S Opposite Approach: Thru-Right,Opposing vehicles turning,E,0,0,0,0,0,2,0,0,0,0,0,0
3563,Property damage only,2002,June,Saturday,21,Angle,Multi-Vehicle,152.8139373,-27.61349496,Naomai St,Thompson St,,Bundamba,Ipswich City,4304,Booval,Ipswich,Southern,SEQ South,Metropolitan,Bundamba,Ipswich Inner,Ipswich,Major Cities,Bundamba,Blair,Locally-controlled,Intersection - T-Junction,Stop sign,60 km/h,Sealed - Dry,Clear,Darkness - Lighted,Straight,Crest,202,Veh'S Opposite Approach: Thru-Right,Opposing vehicles turning,S,0,0,0,0,0,2,0,0,0,0,0,0
3564,Hospitalisation,2002,June,Saturday,15,Angle,Multi-Vehicle,152.588689,-27.63456827,Albert St,Rosewood - Laidley Rd,Rosewood - Laidley Road,Rosewood,Ipswich City,4340,Rosewood,Ipswich,Southern,SEQ South,Metropolitan,Rosewood,Ipswich Hinterland,Ipswich,Inner Regional,Ipswich West,Blair,State-controlled,Intersection - Cross,Stop sign,60 km/h,Sealed - Dry,Clear,Daylight,Straight,Level,101,Veh'S Adjacent Approach: Thru-Thru,Intersection from adjacent approaches,W,0,2,0,0,2,2,0,0,0,0,0,0
3565,Hospitalisation,2002,June,Saturday,4,Hit object,Single Vehicle,151.0979853,-25.36567372,Spring Gully Rd,,,Eidsvold,North Burnett Region,4627,Eidsvold,Wide Bay Burnett,Central,Southern,North Coast and Wide Bay/Burnett,Monto - Eidsvold,Burnett,Wide Bay,Outer Regional,Callide,Flynn,Locally-controlled,No Roadway Feature,No traffic control,100 - 110 km/h,Unsealed - Dry,Clear,Darkness - Not lighted,Straight,Grade,705,Off Path-Straight:Out Of Control On Cway,Out of control on straight,W,0,1,0,0,1,1,0,0,0,0,0,0
3566,Medical treatment,2002,June,Sunday,14,Rear-end,Multi-Vehicle,153.0241759,-27.47177733,Elizabeth St,,,Brisbane City,Brisbane City,4000,Brisbane City,North Brisbane,Brisbane,SEQ North,Metropolitan,Brisbane City,Brisbane Inner,Brisbane Inner City,Major Cities,Mcconnel,Brisbane,Locally-controlled,No Roadway Feature,No traffic control,0 - 50 km/h,Sealed - Dry,Clear,Daylight,Straight,Level,301,Veh'S Same Direction: Rear End,Rear-end,E,0,0,2,0,2,2,0,0,0,0,0,0