Crash_Ref_Number,Crash_Severity,Crash_Year,Crash_Month,Crash_Day_Of_Week,Crash_Hour,Crash_Nature,Crash_Type,Crash_Longitude_GDA94,Crash_Latitude_GDA94,Crash_Street,Crash_Street_Intersecting,State_Road_Name,Loc_Suburb,Loc_Local_Government_Area,Loc_Post_Code,Loc_Police_Division,Loc_Police_District,Loc_Police_Region,Loc_Queensland_Transport_Region,Loc_Main_Roads_Region,Loc_ABS_Statistical_Area_2,Loc_ABS_Statistical_Area_3,Loc_ABS_Statistical_Area_4,Loc_ABS_Remoteness,Loc_State_Electorate,Loc_Federal_Electorate,Crash_Controlling_Authority,Crash_Roadway_Feature,Crash_Traffic_Control,Crash_Speed_Limit,Crash_Road_Surface_Condition,Crash_Atmospheric_Condition,Crash_Lighting_Condition,Crash_Road_Horiz_Align,Crash_Road_Vert_Align,Crash_DCA_Code,Crash_DCA_Description,Crash_DCA_Group_Description,DCA_Key_Approach_Dir,Count_Casualty_Fatality,Count_Casualty_Hospitalised,Count_Casualty_MedicallyTreated,Count_Casualty_MinorInjury,Count_Casualty_Total,Count_Unit_Car,Count_Unit_Motorcycle_Moped,Count_Unit_Truck,Count_Unit_Bus,Count_Unit_Bicycle,Count_Unit_Pedestrian,Count_Unit_Other
3567,Property damage only,2002,June,Sunday,0,Angle,Multi-Vehicle,153.189773,-27.53992422,Howlett Rd,Mt Cotton Rd,,Capalaba,Redland City,4157,Capalaba,South Brisbane,Brisbane,SEQ South,Metropolitan,Capalaba,Capalaba,Brisbane - East,Major Cities,Capalaba,Bowman,Locally-controlled,Intersection - T-Junction,No traffic control,60 km/h,Sealed - Dry,Clear,Darkness - Lighted,Straight,Level,104,Veh'S Adjacent Approach: Thru-Right,Intersection from adjacent approaches,N,0,0,0,0,0,2,0,0,0,0,0,0
3568,Hospitalisation,2002,June,Sunday,13,Hit object,Single Vehicle,152.7275238,-27.78607587,Hall St,Shipperley La,,Peak Crossing,Scenic Rim Region,4306,Harrisville,Ipswich,Southern,SEQ South,South Coast,Boonah,Ipswich Hinterland,Ipswich,Inner Regional,Scenic Rim,Wright,Locally-controlled,Intersection - T-Junction,No traffic control,60 km/h,Sealed - Dry,Clear,Daylight,Curved - view open,Level,804,Off Path-Curve: Off Cway Lt Bend Hit Obj,Off carriageway on curve hit object,N,0,1,0,0,1,0,1,0,0,0,0,0
3569,Medical treatment,2002,June,Sunday,17,Rear-end,Multi-Vehicle,151.2807333,-25.63093273,Dykehead Rd,Mundubbera - Durong Rd,Mundubbera - Durong Road,Boynewood,North Burnett Region,4626,Mundubbera,Wide Bay Burnett,Central,Southern,North Coast and Wide Bay/Burnett,Gayndah - Mundubbera,Burnett,Wide Bay,Outer Regional,Callide,Flynn,State-controlled,Intersection - T-Junction,Give way sign,100 - 110 km/h,Sealed - Dry,Clear,Daylight,Curved - view open,Level,303,Veh'S Same Direction: Right Rear,Rear-end,E,0,0,1,0,1,2,0,0,0,0,0,0
3570,Property damage only,2002,June,Sunday,14,Angle,Multi-Vehicle,152.0136951,-28.22452565,Ann St,Bertram St,,Warwick,Southern Downs Region,4370,Warwick,Darling Downs,Southern,Southern,Downs South West,Warwick,Granite Belt,Darling Downs - Maranoa,Inner Regional,Southern Downs,Maranoa,Locally-controlled,Intersection - T-Junction,No traffic control,60 km/h,Sealed - Dry,Clear,Daylight,Straight,Crest,104,Veh'S Adjacent Approach: Thru-Right,Intersection from adjacent approaches,S,0,0,0,0,0,2,0,0,0,0,0,0
3571,Property damage only,2002,July,Monday,19,Rear-end,Multi-Vehicle,153.0239586,-27.50048629,Brisbane Corso,Princess St,,Fairfield,Brisbane City,4103,Annerley,South Brisbane,Brisbane,SEQ South,Metropolitan,Fairfield - Dutton Park,Holland Park - Yeronga,Brisbane - South,Major Cities,Miller,Moreton,Locally-controlled,Intersection - Y-Junction,No traffic control,0 - 50 km/h,Sealed - Dry,Clear,Darkness - Lighted,Straight,Level,303,Veh'S Same Direction: Right Rear,Rear-end,W,0,0,0,0,0,2,0,0,0,0,0,0
3572,Hospitalisation,2002,July,Monday,15,Hit pedestrian,Hit pedestrian,153.0228762,-27.47015797,Adelaide St,George St,,Brisbane City,Brisbane City,4000,Brisbane City,North Brisbane,Brisbane,SEQ North,Metropolitan,Brisbane City,Brisbane Inner,Brisbane Inner City,Major Cities,Mcconnel,Brisbane,Locally-controlled,Intersection - Cross,Operating traffic lights,0 - 50 km/h,Sealed - Dry,Clear,Daylight,Straight,Level,1,Ped'N: Near Side Vehicle Hit From Right,Pedestrian,S,0,1,0,0,1,1,0,0,0,0,1,0
3573,Hospitalisation,2002,July,Monday,12,Rear-end,Multi-Vehicle,153.3906332,-28.00317778,Benowa Rd,St Kevins Ave,,Benowa,Gold Coast City,4217,Broadbeach,Gold Coast,South Eastern,SEQ South,South Coast,Benowa,Surfers Paradise,Gold Coast,Major Cities,Southport,Moncrieff,Locally-controlled,Intersection - T-Junction,Operating traffic lights,60 km/h,Sealed - Dry,Clear,Daylight,Straight,Level,301,Veh'S Same Direction: Rear End,Rear-end,N,0,1,0,0,1,2,0,0,0,0,0,0
3574,Property damage only,2002,July,Monday,9,Hit object,Single Vehicle,152.7380723,-26.35270461,Bruce Hwy,,Cooroy - Gympie Road,Coles Creek,Gympie Region,4570,Imbil,Wide Bay Burnett,Central,Southern,North Coast and Wide Bay/Burnett,Gympie Region,Gympie - Cooloola,Wide Bay,Inner Regional,Gympie,Wide Bay,State-controlled,No Roadway Feature,No traffic control,100 - 110 km/h,Sealed - Dry,Clear,Daylight,Straight,Level,703,Off Path-Straight: Left Off Cway Hit Obj,Off carriageway on straight hit object,N,0,0,0,0,0,1,0,0,0,0,0,0
3575,Property damage only,2002,July,Monday,10,Angle,Multi-Vehicle,151.9303612,-27.54688062,Bridge St,Warrego Hwy,Warrego Highway (Toowoomba - Dalby),Newtown,Toowoomba Region,4350,Toowoomba,Darling Downs,Southern,Southern,Downs South West,Newtown (qld),Toowoomba,Toowoomba,Inner Regional,Toowoomba North,Groom,State-controlled,Intersection - Cross,Operating traffic lights,60 km/h,Sealed - Dry,Clear,Daylight,Straight,Level,202,Veh'S Opposite Approach: Thru-Right,Opposing vehicles turning,E,0,0,0,0,0,2,0,0,0,0,0,0
3576,Property damage only,2002,July,Monday,17,Rear-end,Multi-Vehicle,149.1663679,-21.13480114,Bruce Hwy,,Bruce Highway (Mackay - Proserpine),West Mackay,Mackay Region,4740,Mackay,Mackay,Central,Central,Central Queensland,Mackay,Mackay,Mackay - Isaac - Whitsunday,Inner Regional,Mackay,Dawson,State-controlled,Bridge/Causeway,No traffic control,80 - 90 km/h,Sealed - Dry,Clear,Dawn/Dusk,Straight,Level,301,Veh'S Same Direction: Rear End,Rear-end,N,0,0,0,0,0,2,0,0,0,0,0,0
3577,Hospitalisation,2002,July,Tuesday,11,Angle,Multi-Vehicle,153.2124637,-27.71934859,Beenleigh Connection Rd,Pacific Hwy Off Ramp,Pacific Highway (Pacific Motorway),Beenleigh,Logan City,4207,Beenleigh,Logan,South Eastern,SEQ South,South Coast,Eagleby,Beenleigh,Logan - Beaudesert,Major Cities,Macalister,Forde,State-controlled,Intersection - Interchange,Give way sign,60 km/h,Sealed - Dry,Clear,Daylight,Curved - view open,Level,107,Veh'S Adjacent Approach: Thru-Left,Intersection from adjacent approaches,N,0,2,0,0,2,1,0,1,0,0,0,0
3578,Property damage only,2002,July,Tuesday,9,Sideswipe,Multi-Vehicle,152.8416321,-27.59592692,Ipswich Mwy,,Ipswich - Cunningham Hwy Connection Road,Riverview,Ipswich City,4303,Goodna,Ipswich,Southern,SEQ South,Metropolitan,Riverview,Ipswich Inner,Ipswich,Major Cities,Bundamba,Blair,State-controlled,No Roadway Feature,No traffic control,80 - 90 km/h,Sealed - Dry,Clear,Daylight,Straight,Grade,305,Veh'S Same Direction: Lane Side Swipe,Lane changes,W,0,0,0,0,0,1,0,1,0,0,0,0
3579,Property damage only,2002,July,Tuesday,9,Angle,Multi-Vehicle,152.4762505,-26.92954917,D'Aguilar Hwy,,D'Aguilar Highway (Kilcoy - Yarraman),Harlin,Somerset Region,4306,Kilcoy,Moreton,Southern,SEQ North,North Coast and Wide Bay/Burnett,Kilcoy,Caboolture Hinterland,Moreton Bay - North,Inner Regional,Nanango,Blair,State-controlled,No Roadway Feature,No traffic control,100 - 110 km/h,Sealed - Dry,Clear,Daylight,Straight,Level,506,Veh'S Overtaking: Overtake-Right Turn,Overtaking same direction,W,0,0,0,0,0,2,0,0,0,0,0,0
3580,Property damage only,2002,July,Tuesday,14,Head-on,Multi-Vehicle,153.0962439,-26.47174146,Maroochydore - Noosa Rd,,,Peregian Beach,Noosa Shire,4573,Coolum,Sunshine Coast,Central,SEQ North,North Coast and Wide Bay/Burnett,Peregian Beach - Marcus Beach,Noosa,Sunshine Coast,Major Cities,Noosa,Wide Bay,Locally-controlled,No Roadway Feature,No traffic control,60 km/h,Sealed - Dry,Clear,Daylight,Straight,Crest,201,Veh'S Opposite Approach: Head On,Head-on,N,0,0,0,0,0,2,0,0,0,0,0,0
3581,Hospitalisation,2002,July,Tuesday,10,Angle,Multi-Vehicle,152.9621225,-26.86370112,Glasshouse Mountains Rd,Roys Rd,Glasshouse Mountains Road,Beerwah,Sunshine Coast Region,4519,Beerwah,Sunshine Coast,Central,SEQ North,North Coast and Wide Bay/Burnett,Beerwah,Sunshine Coast Hinterland,Sunshine Coast,Inner Regional,Caloundra,Fisher,State-controlled,Intersection - Cross,Stop sign,100 - 110 km/h,Sealed - Dry,Clear,Daylight,Straight,Level,101,Veh'S Adjacent Approach: Thru-Thru,Intersection from adjacent approaches,S,0,3,0,0,3,2,0,0,0,0,0,0
3582,Hospitalisation,2002,July,Tuesday,19,Hit object,Single Vehicle,152.6876754,-26.16047941,Taylor Rd,,,Veteran,Gympie Region,4570,Gympie,Wide Bay Burnett,Central,Southern,North Coast and Wide Bay/Burnett,Gympie Region,Gympie - Cooloola,Wide Bay,Inner Regional,Gympie,Wide Bay,Locally-controlled,No Roadway Feature,No traffic control,60 km/h,Sealed - Dry,Clear,Darkness - Not lighted,Curved - view obscured,Level,804,Off Path-Curve: Off Cway Lt Bend Hit Obj,Off carriageway on curve hit object,S,0,1,0,0,1,1,0,0,0,0,0,0
3583,Hospitalisation,2002,July,Tuesday,7,Hit object,Single Vehicle,151.9146069,-26.70700339,Majors Rd,,,South Nanango,South Burnett Region,4615,Nanango,South West,Southern,Southern,North Coast and Wide Bay/Burnett,Nanango,Burnett,Wide Bay,Inner Regional,Nanango,Maranoa,Locally-controlled,No Roadway Feature,No traffic control,100 - 110 km/h,Sealed - Dry,Clear,Daylight,Straight,Level,703,Off Path-Straight: Left Off Cway Hit Obj,Off carriageway on straight hit object,S,0,1,0,0,1,1,0,0,0,0,0,0
3584,Property damage only,2002,July,Tuesday,18,Angle,Multi-Vehicle,151.9549102,-28.61984111,New England Hwy,,New England Highway (Warwick - Wallangarra),Applethorpe,Southern Downs Region,4378,Stanthorpe,Darling Downs,Southern,Southern,Downs South West,Stanthorpe Region,Granite Belt,Darling Downs - Maranoa,Outer Regional,Southern Downs,Maranoa,State-controlled,No Roadway Feature,No traffic control,80 - 90 km/h,Sealed - Dry,Clear,Darkness - Not lighted,Straight,Level,406,Veh'S Manoeuvring: Leaving Driveway,Vehicle leaving driveway,N,0,0,0,0,0,1,0,1,0,0,0,0
3585,Property damage only,2002,July,Wednesday,16,Rear-end,Multi-Vehicle,153.0396997,-27.43997847,Abbotsford Rd,,,Bowen Hills,Brisbane City,4006,Fortitude Valley,North Brisbane,Brisbane,SEQ North,Metropolitan,Newstead - Bowen Hills,Brisbane Inner - North,Brisbane Inner City,Major Cities,Mcconnel,Brisbane,Locally-controlled,No Roadway Feature,No traffic control,60 km/h,Sealed - Dry,Clear,Daylight,Straight,Dip,306,Veh'S Same Direction: Lane Change Right,Lane changes,N,0,0,0,0,0,2,0,0,0,0,0,0
3586,Property damage only,2002,July,Wednesday,19,Rear-end,Multi-Vehicle,153.1085579,-27.21186971,Maryborough Tce,Scarborough Rd,,Scarborough,Moreton Bay Region,4020,Redcliffe,Moreton,Southern,SEQ North,North Coast and Wide Bay/Burnett,Scarborough - Newport - Moreton Island,Redcliffe,Moreton Bay - North,Major Cities,Redcliffe,Petrie,Locally-controlled,Intersection - Cross,No traffic control,60 km/h,Sealed - Dry,Clear,Darkness - Lighted,Straight,Level,303,Veh'S Same Direction: Right Rear,Rear-end,N,0,0,0,0,0,2,0,0,0,0,0,0
3587,Property damage only,2002,July,Wednesday,9,Sideswipe,Multi-Vehicle,153.1985552,-27.52367943,Birkdale Rd,,Birkdale Road,Capalaba,Redland City,4157,Capalaba,South Brisbane,Brisbane,SEQ South,Metropolitan,Capalaba,Capalaba,Brisbane - East,Major Cities,Capalaba,Bowman,State-controlled,No Roadway Feature,No traffic control,60 km/h,Sealed - Dry,Clear,Daylight,Straight,Level,306,Veh'S Same Direction: Lane Change Right,Lane changes,W,0,0,0,0,0,2,0,0,0,0,0,0
3588,Minor injury,2002,July,Wednesday,12,Fall from vehicle,Single Vehicle,153.0864001,-26.53430713,Santa Monica Ave,Yandina - Coolum Rd,Yandina - Coolum Road,Coolum Beach,Sunshine Coast Region,4573,Coolum,Sunshine Coast,Central,SEQ North,North Coast and Wide Bay/Burnett,Coolum Beach,Maroochy,Sunshine Coast,Major Cities,Ninderry,Fairfax,State-controlled,Intersection - T-Junction,No traffic control,60 km/h,Sealed - Dry,Clear,Daylight,Straight,Crest,901,Pass & Misc: Fell In/From Vehicle,Other,E,0,0,0,1,1,1,0,0,0,0,0,0
3589,Medical treatment,2002,July,Wednesday,4,Hit object,Single Vehicle,153.4018329,-27.95012015,Turpin Rd,,,Labrador,Gold Coast City,4215,Southport,Gold Coast,South Eastern,SEQ South,South Coast,Labrador,Gold Coast - North,Gold Coast,Major Cities,Bonney,Fadden,Locally-controlled,No Roadway Feature,No traffic control,60 km/h,Sealed - Dry,Clear,Darkness - Lighted,Straight,Level,703,Off Path-Straight: Left Off Cway Hit Obj,Off carriageway on straight hit object,N,0,0,1,0,1,1,0,0,0,0,0,0
3590,Medical treatment,2002,July,Wednesday,8,Angle,Multi-Vehicle,153.3611123,-27.98668421,Kamholtz Ct,Southport - Nerang Rd,Southport - Nerang Road,Ashmore,Gold Coast City,4214,Southport,Gold Coast,South Eastern,SEQ South,South Coast,Ashmore,Southport,Gold Coast,Major Cities,Southport,Moncrieff,State-controlled,Intersection - Cross,Operating traffic lights,70 km/h,Sealed - Dry,Clear,Daylight,Straight,Level,202,Veh'S Opposite Approach: Thru-Right,Opposing vehicles turning,E,0,0,1,0,1,2,0,0,0,0,0,0
3591,Property damage only,2002,July,Wednesday,9,Hit object,Single Vehicle,152.6788931,-25.52018083,Aldridge St,Kent St,,Maryborough,Fraser Coast Region,4650,Maryborough,Wide Bay Burnett,Central,Southern,North Coast and Wide Bay/Burnett,Maryborough (qld),Maryborough,Wide Bay,Inner Regional,Maryborough,Wide Bay,Locally-controlled,Intersection - T-Junction,No traffic control,60 km/h,Sealed - Dry,Clear,Daylight,Straight,Grade,703,Off Path-Straight: Left Off Cway Hit Obj,Off carriageway on straight hit object,E,0,0,0,0,0,1,0,0,0,0,0,0
3592,Hospitalisation,2002,July,Wednesday,11,Angle,Multi-Vehicle,152.6945656,-25.54221086,Ann St,John St,,Maryborough,Fraser Coast Region,4650,Maryborough,Wide Bay Burnett,Central,Southern,North Coast and Wide Bay/Burnett,Maryborough (qld),Maryborough,Wide Bay,Inner Regional,Maryborough,Wide Bay,Locally-controlled,Intersection - Cross,Give way sign,60 km/h,Sealed - Dry,Clear,Daylight,Straight,Level,101,Veh'S Adjacent Approach: Thru-Thru,Intersection from adjacent approaches,N,0,1,0,0,1,1,0,1,0,0,0,0
3593,Minor injury,2002,July,Thursday,19,Angle,Multi-Vehicle,152.9756932,-27.59772881,Corsair Ave,Inala Ave,,Inala,Brisbane City,4077,Inala,South Brisbane,Brisbane,SEQ South,Metropolitan,Inala - Richlands,Forest Lake - Oxley,Ipswich,Major Cities,Inala,Oxley,Locally-controlled,Intersection - T-Junction,Operating traffic lights,60 km/h,Sealed - Dry,Clear,Darkness - Lighted,Straight,Grade,202,Veh'S Opposite Approach: Thru-Right,Opposing vehicles turning,E,0,0,0,3,3,2,0,0,0,0,0,0
3594,Hospitalisation,2002,July,Thursday,20,Hit pedestrian,Hit pedestrian,153.3206419,-27.92271789,Studio Dr,Village Wy,,Oxenford,Gold Coast City,4210,Coomera,Gold Coast,South Eastern,SEQ South,South Coast,Oxenford - Maudsland,Ormeau - Oxenford,Gold Coast,Major Cities,Theodore,Fadden,Locally-controlled,Intersection - T-Junction,No traffic control,0 - 50 km/h,Sealed - Dry,Clear,Darkness - Lighted,Curved - view open,Level,3,Ped'N: Far Side Vehicle Hit From Left,Pedestrian,N,0,1,0,0,1,1,0,0,0,0,1,0
3595,Property damage only,2002,July,Thursday,6,Hit object,Single Vehicle,152.9596653,-26.63723928,Bonney St,,,Nambour,Sunshine Coast Region,4560,Nambour,Sunshine Coast,Central,SEQ North,North Coast and Wide Bay/Burnett,Nambour,Nambour,Sunshine Coast,Major Cities,Nicklin,Fairfax,Locally-controlled,No Roadway Feature,No traffic control,0 - 50 km/h,Unsealed - Wet,Clear,Dawn/Dusk,Straight,Grade,906,Pass & Misc: Parked Car Ran Away,Other,W,0,0,0,0,0,1,0,0,0,0,0,0
3596,Property damage only,2002,July,Thursday,21,Hit object,Single Vehicle,153.0047354,-26.61356998,Nambour - Bli Bli Rd,,Nambour - Bli Bli Road,Bli Bli,Sunshine Coast Region,4560,Nambour,Sunshine Coast,Central,SEQ North,North Coast and Wide Bay/Burnett,Bli Bli,Nambour,Sunshine Coast,Major Cities,Ninderry,Fairfax,State-controlled,No Roadway Feature,No traffic control,80 - 90 km/h,Sealed - Dry,Clear,Darkness - Not lighted,Curved - view obscured,Dip,803,Off Path-Curve: Off Cway Rt Bend Hit Obj,Off carriageway on curve hit object,E,0,0,0,0,0,1,0,0,0,0,0,0
3597,Hospitalisation,2002,July,Thursday,13,Rear-end,Multi-Vehicle,153.414862,-27.96451504,Gold Coast Hwy,Marshall La,,Southport,Gold Coast City,4215,Southport,Gold Coast,South Eastern,SEQ South,South Coast,Southport - North,Southport,Gold Coast,Major Cities,Southport,Moncrieff,Locally-controlled,Intersection - T-Junction,No traffic control,60 km/h,Sealed - Dry,Clear,Daylight,Straight,Dip,301,Veh'S Same Direction: Rear End,Rear-end,N,0,1,1,2,4,9,0,1,0,0,0,0
3598,Hospitalisation,2002,July,Thursday,8,Hit pedestrian,Hit pedestrian,152.3808698,-24.85307534,Bundaberg - Bargara Rd,Leivesley St,Bundaberg - Bargara Road,Bundaberg East,Bundaberg Region,4670,Bundaberg,Wide Bay Burnett,Central,Southern,North Coast and Wide Bay/Burnett,Bundaberg East - Kalkie,Bundaberg,Wide Bay,Inner Regional,Bundaberg,Hinkler,State-controlled,Intersection - T-Junction,No traffic control,60 km/h,Sealed - Dry,Clear,Daylight,Straight,Level,1,Ped'N: Near Side Vehicle Hit From Right,Pedestrian,S,0,1,0,0,1,1,0,0,0,0,1,0
3599,Medical treatment,2002,July,Friday,13,Rear-end,Multi-Vehicle,153.0967926,-27.52041193,Creek Rd,,,Mansfield,Brisbane City,4122,Holland Park,South Brisbane,Brisbane,SEQ South,Metropolitan,Mansfield (qld),Mt Gravatt,Brisbane - South,Major Cities,Mansfield,Bonner,Locally-controlled,No Roadway Feature,No traffic control,70 km/h,Sealed - Dry,Clear,Daylight,Straight,Grade,301,Veh'S Same Direction: Rear End,Rear-end,S,0,0,2,0,2,2,0,0,0,0,0,0
3600,Property damage only,2002,July,Friday,13,Angle,Multi-Vehicle,153.0167778,-27.55789783,Beatty Rd,Griffith Arterial Rd,Griffith Arterial Road,Rocklea,Brisbane City,4106,Moorooka,South Brisbane,Brisbane,SEQ South,Metropolitan,Rocklea - Acacia Ridge,Rocklea - Acacia Ridge,Brisbane - South,Major Cities,Toohey,Moreton,State-controlled,Intersection - Cross,Operating traffic lights,60 km/h,Sealed - Dry,Clear,Daylight,Straight,Level,202,Veh'S Opposite Approach: Thru-Right,Opposing vehicles turning,W,0,0,0,0,0,2,0,0,0,0,0,0
3601,Medical treatment,2002,July,Friday,15,Rear-end,Multi-Vehicle,153.1407479,-27.47594722,Manly Rd,New Cleveland Rd,,Tingalpa,Brisbane City,4173,Wynnum,South Brisbane,Brisbane,SEQ South,Metropolitan,Tingalpa,Wynnum - Manly,Brisbane - East,Major Cities,Chatsworth,Bonner,Locally-controlled,Intersection - T-Junction,Operating traffic lights,60 km/h,Sealed - Dry,Clear,Daylight,Straight,Level,303,Veh'S Same Direction: Right Rear,Rear-end,N,0,0,1,0,1,2,0,0,0,0,0,0
3602,Property damage only,2002,July,Friday,16,Angle,Multi-Vehicle,153.0905886,-27.24848829,King St,Maine Rd,,Clontarf,Moreton Bay Region,4019,Redcliffe,Moreton,Southern,SEQ North,North Coast and Wide Bay/Burnett,Clontarf,Redcliffe,Moreton Bay - North,Major Cities,Redcliffe,Petrie,Locally-controlled,Intersection - Cross,Give way sign,60 km/h,Sealed - Dry,Clear,Daylight,Straight,Crest,101,Veh'S Adjacent Approach: Thru-Thru,Intersection from adjacent approaches,S,0,0,0,0,0,2,0,0,0,0,0,0
3603,Minor injury,2002,July,Friday,17,Rear-end,Multi-Vehicle,153.1104337,-27.68394582,Chambers Flat Rd,Muchow Rd,,Waterford West,Logan City,4133,Crestmead,Logan,South Eastern,SEQ South,South Coast,Waterford West,Loganlea - Carbrook,Logan - Beaudesert,Major Cities,Waterford,Forde,Locally-controlled,Intersection - T-Junction,No traffic control,60 km/h,Sealed - Dry,Clear,Daylight,Curved - view open,Level,302,Veh'S Same Direction: Left Rear,Rear-end,W,0,0,0,3,3,2,0,0,0,0,0,0
3604,Medical treatment,2002,July,Friday,18,Rear-end,Multi-Vehicle,152.8981443,-27.60446024,Brisbane Tce,Lower William St,,Goodna,Ipswich City,4300,Goodna,Ipswich,Southern,SEQ South,Metropolitan,Goodna,Springfield - Redbank,Ipswich,Major Cities,Bundamba,Oxley,Locally-controlled,Intersection - T-Junction,Give way sign,60 km/h,Sealed - Dry,Clear,Darkness - Lighted,Straight,Level,302,Veh'S Same Direction: Left Rear,Rear-end,N,0,0,1,0,1,2,0,0,0,0,0,0
3605,Property damage only,2002,July,Friday,19,Head-on,Multi-Vehicle,153.0271251,-26.39379728,Cooroy - Noosa Rd,,,Tewantin,Noosa Shire,4565,Noosa Heads,Sunshine Coast,Central,SEQ North,North Coast and Wide Bay/Burnett,Tewantin,Noosa,Sunshine Coast,Major Cities,Noosa,Wide Bay,Locally-controlled,No Roadway Feature,No traffic control,60 km/h,Sealed - Dry,Clear,Darkness - Lighted,Straight,Level,201,Veh'S Opposite Approach: Head On,Head-on,S,0,0,0,0,0,2,0,0,0,0,0,0
3606,Property damage only,2002,July,Friday,11,Angle,Multi-Vehicle,152.8534598,-25.28640628,Queens Rd,Torquay Rd,,Scarness,Fraser Coast Region,4655,Hervey Bay,Wide Bay Burnett,Central,Southern,North Coast and Wide Bay/Burnett,Torquay - Scarness - Kawungan,Hervey Bay,Wide Bay,Inner Regional,Hervey Bay,Hinkler,Locally-controlled,Intersection - Cross,Stop sign,60 km/h,Sealed - Dry,Clear,Daylight,Straight,Level,101,Veh'S Adjacent Approach: Thru-Thru,Intersection from adjacent approaches,E,0,0,0,0,0,2,0,0,0,0,0,0
3607,Property damage only,2002,July,Friday,16,Rear-end,Multi-Vehicle,151.8945692,-27.62764871,Drayton Connection Rd,,Drayton Connection Road,Finnie,Toowoomba Region,4350,Cambooya,Darling Downs,Southern,Southern,Downs South West,Cambooya - Wyreema,Toowoomba,Toowoomba,Inner Regional,Condamine,Groom,State-controlled,No Roadway Feature,No traffic control,100 - 110 km/h,Sealed - Dry,Clear,Daylight,Straight,Level,303,Veh'S Same Direction: Right Rear,Rear-end,S,0,0,0,0,0,2,0,0,0,0,0,0
3608,Medical treatment,2002,July,Saturday,11,Angle,Multi-Vehicle,153.1533874,-27.49095056,New Cleveland Rd,Tilley Rd,,Gumdale,Brisbane City,4154,Capalaba,South Brisbane,Brisbane,SEQ South,Metropolitan,Belmont - Gumdale,Capalaba,Brisbane - East,Major Cities,Chatsworth,Bonner,Locally-controlled,Intersection - Cross,Stop sign,60 km/h,Sealed - Dry,Clear,Daylight,Straight,Level,101,Veh'S Adjacent Approach: Thru-Thru,Intersection from adjacent approaches,S,0,0,1,0,1,2,0,0,0,0,0,0
3609,Property damage only,2002,July,Saturday,13,Hit object,Single Vehicle,153.0860379,-27.39445478,Gateway Arterial Rd,,Southern Cross Way,Northgate,Brisbane City,4013,Hendra,North Brisbane,Brisbane,SEQ North,Metropolitan,Northgate - Virginia,Nundah,Brisbane - North,Major Cities,Nudgee,Lilley,State-controlled,Bridge/Causeway,No traffic control,100 - 110 km/h,Sealed - Dry,Clear,Daylight,Straight,Level,704,Off Path-Straight:Right Off Cway Hit Obj,Off carriageway on straight hit object,N,0,0,0,0,0,1,0,0,0,0,0,0
3610,Property damage only,2002,July,Saturday,9,Rear-end,Multi-Vehicle,152.9527786,-26.47261727,Eumundi - Noosa Rd,,Eumundi - Noosa Road,Eumundi,Sunshine Coast Region,4562,Eumundi,Sunshine Coast,Central,SEQ North,North Coast and Wide Bay/Burnett,Eumundi - Yandina,Nambour,Sunshine Coast,Inner Regional,Ninderry,Fairfax,State-controlled,No Roadway Feature,No traffic control,0 - 50 km/h,Sealed - Dry,Clear,Daylight,Curved - view obscured,Crest,301,Veh'S Same Direction: Rear End,Rear-end,W,0,0,0,0,0,2,0,0,0,0,0,0
3611,Property damage only,2002,July,Saturday,17,Hit object,Single Vehicle,152.5852792,-25.71611728,Bruce Hwy,,Bruce Highway (Gympie - Maryborough),Tiaro,Fraser Coast Region,4650,Tiaro,Wide Bay Burnett,Central,Southern,North Coast and Wide Bay/Burnett,Maryborough Region - South,Maryborough,Wide Bay,Inner Regional,Maryborough,Wide Bay,State-controlled,No Roadway Feature,No traffic control,100 - 110 km/h,Sealed - Dry,Clear,Darkness - Not lighted,Straight,Level,704,Off Path-Straight:Right Off Cway Hit Obj,Off carriageway on straight hit object,S,0,0,0,0,0,1,0,0,0,0,0,0
3612,Medical treatment,2002,July,Saturday,1,Overturned,Single Vehicle,152.1184281,-28.15363719,Freestone Rd,,Freestone Road,Freestone,Southern Downs Region,4370,Warwick,Darling Downs,Southern,Southern,Downs South West,Southern Downs - East,Granite Belt,Darling Downs - Maranoa,Inner Regional,Southern Downs,Maranoa,State-controlled,No Roadway Feature,No traffic control,100 - 110 km/h,Sealed - Dry,Clear,Darkness - Not lighted,Straight,Grade,702,Off Path-Straight: Right Off Cway,Off carriageway on straight,N,0,0,1,0,1,1,0,0,0,0,0,0
3613,Hospitalisation,2002,July,Sunday,18,Hit pedestrian,Hit pedestrian,153.0658734,-27.56187717,Mains Rd,,,Macgregor,Brisbane City,4109,Upper Mount Gravatt,South Brisbane,Brisbane,SEQ South,Metropolitan,Robertson,Nathan,Brisbane - South,Major Cities,Toohey,Moreton,Locally-controlled,No Roadway Feature,No traffic control,60 km/h,Sealed - Dry,Clear,Darkness - Lighted,Straight,Level,3,Ped'N: Far Side Vehicle Hit From Left,Pedestrian,N,0,1,0,0,1,1,0,0,0,0,1,0
3614,Property damage only,2002,July,Sunday,16,Angle,Multi-Vehicle,153.0022169,-27.42709325,Enoggera Rd,Lloyd St,,Alderley,Brisbane City,4051,Stafford,North Brisbane,Brisbane,SEQ North,Metropolitan,Alderley,Brisbane Inner - North,Brisbane Inner City,Major Cities,Ferny Grove,Brisbane,Locally-controlled,Intersection - Cross,No traffic control,60 km/h,Sealed - Dry,Clear,Daylight,Straight,Level,202,Veh'S Opposite Approach: Thru-Right,Opposing vehicles turning,S,0,0,0,0,0,2,0,0,0,0,0,0
3615,Medical treatment,2002,July,Sunday,9,Hit pedestrian,Hit pedestrian,152.2851829,-27.56884012,Mckay St,,,Gatton,Lockyer Valley Region,4343,Gatton,Darling Downs,Southern,SEQ South,Downs South West,Gatton,Toowoomba,Toowoomba,Inner Regional,Lockyer,Wright,Locally-controlled,No Roadway Feature,No traffic control,60 km/h,Sealed - Dry,Clear,Daylight,Straight,Grade,3,Ped'N: Far Side Vehicle Hit From Left,Pedestrian,W,0,0,2,0,2,1,0,0,0,0,2,0