Crash_Ref_Number,Crash_Severity,Crash_Year,Crash_Month,Crash_Day_Of_Week,Crash_Hour,Crash_Nature,Crash_Type,Crash_Longitude_GDA94,Crash_Latitude_GDA94,Crash_Street,Crash_Street_Intersecting,State_Road_Name,Loc_Suburb,Loc_Local_Government_Area,Loc_Post_Code,Loc_Police_Division,Loc_Police_District,Loc_Police_Region,Loc_Queensland_Transport_Region,Loc_Main_Roads_Region,Loc_ABS_Statistical_Area_2,Loc_ABS_Statistical_Area_3,Loc_ABS_Statistical_Area_4,Loc_ABS_Remoteness,Loc_State_Electorate,Loc_Federal_Electorate,Crash_Controlling_Authority,Crash_Roadway_Feature,Crash_Traffic_Control,Crash_Speed_Limit,Crash_Road_Surface_Condition,Crash_Atmospheric_Condition,Crash_Lighting_Condition,Crash_Road_Horiz_Align,Crash_Road_Vert_Align,Crash_DCA_Code,Crash_DCA_Description,Crash_DCA_Group_Description,DCA_Key_Approach_Dir,Count_Casualty_Fatality,Count_Casualty_Hospitalised,Count_Casualty_MedicallyTreated,Count_Casualty_MinorInjury,Count_Casualty_Total,Count_Unit_Car,Count_Unit_Motorcycle_Moped,Count_Unit_Truck,Count_Unit_Bus,Count_Unit_Bicycle,Count_Unit_Pedestrian,Count_Unit_Other
4047,Minor injury,2002,September,Friday,18,Angle,Multi-Vehicle,153.0791017,-27.56061012,Griffith Arterial Rd,Macgregor St,Griffith Arterial Road,Upper Mount Gravatt,Brisbane City,4122,Upper Mount Gravatt,South Brisbane,Brisbane,SEQ South,Metropolitan,Upper Mount Gravatt,Mt Gravatt,Brisbane - South,Major Cities,Mansfield,Bonner,State-controlled,Intersection - T-Junction,Operating traffic lights,60 km/h,Sealed - Dry,Clear,Darkness - Lighted,Straight,Level,104,Veh'S Adjacent Approach: Thru-Right,Intersection from adjacent approaches,W,0,0,0,1,1,2,0,0,0,0,0,0
4048,Hospitalisation,2002,September,Friday,9,Head-on,Multi-Vehicle,153.2543618,-27.54345883,Wellington St,,,Cleveland,Redland City,4163,Cleveland,South Brisbane,Brisbane,SEQ South,Metropolitan,Cleveland,Cleveland - Stradbroke,Brisbane - East,Major Cities,Oodgeroo,Bowman,Locally-controlled,No Roadway Feature,No traffic control,80 - 90 km/h,Sealed - Dry,Clear,Daylight,Straight,Grade,501,Veh'S Overtaking: Head On,Head-on,S,0,3,0,0,3,3,0,0,0,0,0,0
4049,Property damage only,2002,September,Friday,20,Angle,Multi-Vehicle,153.1222837,-27.61038435,Rochedale Rd,Springwood Rd,,Rochedale South,Logan City,4123,Springwood,Logan,South Eastern,SEQ South,South Coast,Springwood,Springwood - Kingston,Logan - Beaudesert,Major Cities,Springwood,Rankin,Locally-controlled,Intersection - Cross,Operating traffic lights,60 km/h,Sealed - Dry,Clear,Darkness - Not lighted,Straight,Level,202,Veh'S Opposite Approach: Thru-Right,Opposing vehicles turning,S,0,0,0,0,0,2,0,0,0,0,0,0
4050,Fatal,2002,September,Friday,19,Hit pedestrian,Hit pedestrian,153.0324179,-27.67011257,Mt Lindesay Hwy,,Mount Lindesay Highway (Brisbane-Beaudesert),Hillcrest,Logan City,4118,Browns Plains,Logan,South Eastern,SEQ South,South Coast,Hillcrest,Browns Plains,Logan - Beaudesert,Major Cities,Algester,Rankin,State-controlled,No Roadway Feature,No traffic control,80 - 90 km/h,Sealed - Dry,Clear,Darkness - Not lighted,Curved - view open,Grade,1,Ped'N: Near Side Vehicle Hit From Right,Pedestrian,S,1,0,0,0,1,1,0,0,0,0,1,0
4051,Medical treatment,2002,September,Friday,14,Angle,Multi-Vehicle,153.1855698,-27.51896443,Cleveland Sub-Arterial Rd,Mt Gravatt - Capalaba Rd,Cleveland Sub-Arterial Road,Chandler,Brisbane City,4155,Capalaba,South Brisbane,Brisbane,SEQ South,Metropolitan,Belmont - Gumdale,Capalaba,Brisbane - East,Major Cities,Chatsworth,Bonner,State-controlled,Intersection - Cross,Operating traffic lights,60 km/h,Sealed - Dry,Clear,Daylight,Straight,Grade,202,Veh'S Opposite Approach: Thru-Right,Opposing vehicles turning,E,0,0,1,0,1,2,0,0,0,0,0,0
4052,Minor injury,2002,September,Friday,17,Rear-end,Multi-Vehicle,153.0334521,-27.41108887,Gympie Rd,,,Kedron,Brisbane City,4031,Stafford,North Brisbane,Brisbane,SEQ North,Metropolitan,Kedron - Gordon Park,Chermside,Brisbane - North,Major Cities,Stafford,Lilley,Not coded,No Roadway Feature,No traffic control,60 km/h,Sealed - Dry,Clear,Daylight,Straight,Grade,301,Veh'S Same Direction: Rear End,Rear-end,,0,0,0,1,1,2,0,0,0,0,0,0
4053,Property damage only,2002,September,Friday,10,Angle,Multi-Vehicle,152.9870429,-27.39760548,Dargie St,Old Northern Rd,Everton Park - Albany Creek Road,Everton Park,Brisbane City,4053,Ferny Grove,North Brisbane,Brisbane,SEQ North,Metropolitan,Everton Park,Bald Hills - Everton Park,Brisbane - North,Major Cities,Everton,Lilley,State-controlled,Intersection - T-Junction,Operating traffic lights,60 km/h,Sealed - Dry,Clear,Daylight,Curved - view open,Grade,202,Veh'S Opposite Approach: Thru-Right,Opposing vehicles turning,N,0,0,0,0,0,2,0,0,0,0,0,0
4054,Medical treatment,2002,September,Friday,16,Hit object,Single Vehicle,153.1135785,-27.75701147,Waterford - Tamborine Rd,,Waterford - Tamborine Road,Logan Village,Logan City,4207,Jimboomba,Logan,South Eastern,SEQ South,South Coast,Logan Village,Jimboomba,Logan - Beaudesert,Major Cities,Logan,Wright,State-controlled,No Roadway Feature,No traffic control,100 - 110 km/h,Sealed - Dry,Clear,Daylight,Curved - view obscured,Level,803,Off Path-Curve: Off Cway Rt Bend Hit Obj,Off carriageway on curve hit object,E,0,0,2,0,2,1,0,0,0,0,0,0
4055,Property damage only,2002,September,Friday,15,Angle,Multi-Vehicle,151.9417452,-27.56899024,O'Quinn St,West St,,Harristown,Toowoomba Region,4350,Toowoomba,Darling Downs,Southern,Southern,Downs South West,Drayton - Harristown,Toowoomba,Toowoomba,Inner Regional,Toowoomba South,Groom,Locally-controlled,Intersection - T-Junction,No traffic control,60 km/h,Sealed - Dry,Clear,Daylight,Straight,Grade,104,Veh'S Adjacent Approach: Thru-Right,Intersection from adjacent approaches,N,0,0,0,0,0,2,0,0,0,0,0,0
4056,Medical treatment,2002,September,Friday,8,Angle,Multi-Vehicle,150.3065164,-28.5412053,Herbert St,Winton St,,Goondiwindi,Goondiwindi Region,4390,Goondiwindi,Darling Downs,Southern,Southern,Downs South West,Goondiwindi,Darling Downs (west) - Maranoa,Darling Downs - Maranoa,Outer Regional,Southern Downs,Maranoa,Locally-controlled,Intersection - Cross,Give way sign,60 km/h,Sealed - Dry,Clear,Daylight,Straight,Level,101,Veh'S Adjacent Approach: Thru-Thru,Intersection from adjacent approaches,S,0,0,1,0,1,2,0,0,0,0,0,0
4057,Minor injury,2002,September,Friday,17,Overturned,Single Vehicle,151.2686553,-27.38371587,Dalby - Cecil Plains Rd,,Dalby - Cecil Plains Road,St Ruth,Western Downs Region,4405,Dalby,South West,Southern,Southern,Downs South West,Wambo,Darling Downs - East,Darling Downs - Maranoa,Inner Regional,Warrego,Maranoa,State-controlled,No Roadway Feature,No traffic control,100 - 110 km/h,Sealed - Dry,Clear,Dawn/Dusk,Straight,Level,705,Off Path-Straight:Out Of Control On Cway,Out of control on straight,N,0,0,0,1,1,1,0,0,0,0,0,0
4058,Property damage only,2002,September,Friday,11,Sideswipe,Multi-Vehicle,149.4974395,-22.18762604,Bruce Hwy,,Bruce Highway (St. Lawrence - Mackay),St Lawrence,Isaac Region,4707,Saint Lawrence,Mackay,Central,Central,Central Queensland,Broadsound - Nebo,Bowen Basin - North,Mackay - Isaac - Whitsunday,Remote,Mirani,Capricornia,State-controlled,Bridge/Causeway,No traffic control,100 - 110 km/h,Sealed - Dry,Clear,Daylight,Straight,Level,503,Veh'S Overtaking: Pulling Out,Overtaking same direction,S,0,0,0,0,0,2,0,0,0,0,0,0
4059,Property damage only,2002,September,Saturday,21,Hit parked vehicle,Single Vehicle,153.2591431,-27.52958829,Russell St,,,Cleveland,Redland City,4163,Cleveland,South Brisbane,Brisbane,SEQ South,Metropolitan,Cleveland,Cleveland - Stradbroke,Brisbane - East,Major Cities,Oodgeroo,Bowman,Locally-controlled,No Roadway Feature,No traffic control,60 km/h,Sealed - Dry,Clear,Darkness - Not lighted,Straight,Level,601,Veh'S On Path: Parked,Hit parked vehicle,E,0,0,0,0,0,1,0,1,0,0,0,0
4060,Medical treatment,2002,September,Saturday,0,Hit object,Single Vehicle,153.3026617,-27.61821969,Salisbury St,,,Redland Bay,Redland City,4165,Redland Bay,South Brisbane,Brisbane,SEQ South,Metropolitan,Redland Bay,Cleveland - Stradbroke,Brisbane - East,Major Cities,Redlands,Bowman,Locally-controlled,No Roadway Feature,No traffic control,60 km/h,Sealed - Dry,Clear,Darkness - Lighted,Straight,Level,704,Off Path-Straight:Right Off Cway Hit Obj,Off carriageway on straight hit object,W,0,0,1,0,1,1,0,0,0,0,0,0
4061,Property damage only,2002,September,Saturday,9,Sideswipe,Multi-Vehicle,153.1262552,-27.61953329,Pacific Hwy,,Pacific Highway (Pacific Motorway),Slacks Creek,Logan City,4127,Springwood,Logan,South Eastern,SEQ South,South Coast,Springwood,Springwood - Kingston,Logan - Beaudesert,Major Cities,Springwood,Rankin,State-controlled,No Roadway Feature,No traffic control,100 - 110 km/h,Sealed - Dry,Clear,Daylight,Straight,Level,307,Veh'S Same Direction: Lane Change Left,Lane changes,S,0,0,0,0,0,1,0,2,0,0,0,0
4062,Hospitalisation,2002,September,Saturday,19,Angle,Multi-Vehicle,153.2204199,-27.52278814,Cambridge Dr,Elizabeth Dr,Capalaba - Cleveland Road,Alexandra Hills,Redland City,4161,Capalaba,South Brisbane,Brisbane,SEQ South,Metropolitan,Alexandra Hills,Capalaba,Brisbane - East,Major Cities,Capalaba,Bowman,State-controlled,Intersection - Cross,Operating traffic lights,60 km/h,Sealed - Dry,Clear,Darkness - Lighted,Straight,Level,202,Veh'S Opposite Approach: Thru-Right,Opposing vehicles turning,S,0,1,0,0,1,2,0,0,0,0,0,0
4063,Minor injury,2002,September,Saturday,4,Hit object,Single Vehicle,153.0886424,-26.64928514,Baden Powell St,Maroochydore - Noosa Rd,Maroochydore - Noosa Road,Maroochydore,Sunshine Coast Region,4558,Maroochydore,Sunshine Coast,Central,SEQ North,North Coast and Wide Bay/Burnett,Maroochydore - Kuluin,Maroochy,Sunshine Coast,Major Cities,Maroochydore,Fairfax,State-controlled,Intersection - Cross,No traffic control,60 km/h,Sealed - Dry,Clear,Darkness - Lighted,Straight,Level,706,Off Path-Straight: Left Turn,Off carriageway on straight,N,0,0,0,1,1,1,0,0,0,0,0,0
4064,Medical treatment,2002,September,Saturday,8,Rear-end,Multi-Vehicle,152.3465959,-24.88875892,Maynard St,,,Norville,Bundaberg Region,4670,Bundaberg,Wide Bay Burnett,Central,Southern,North Coast and Wide Bay/Burnett,Svensson Heights - Norville,Bundaberg,Wide Bay,Inner Regional,Bundaberg,Hinkler,Locally-controlled,No Roadway Feature,No traffic control,60 km/h,Sealed - Dry,Clear,Daylight,Straight,Level,303,Veh'S Same Direction: Right Rear,Rear-end,E,0,0,2,0,2,1,0,0,0,0,0,2
4065,Property damage only,2002,September,Saturday,10,Rear-end,Multi-Vehicle,148.9722556,-21.26518331,Peak Downs Hwy,Victoria St,Peak Downs Highway (Nebo - Mackay),Eton,Mackay Region,4741,Eton,Mackay,Central,Central,Central Queensland,Walkerston - Eton,Mackay,Mackay - Isaac - Whitsunday,Outer Regional,Mirani,Capricornia,State-controlled,Intersection - T-Junction,No traffic control,60 km/h,Sealed - Dry,Clear,Daylight,Straight,Grade,303,Veh'S Same Direction: Right Rear,Rear-end,W,0,0,0,0,0,2,0,0,0,0,0,0
4066,Medical treatment,2002,September,Sunday,10,Rear-end,Multi-Vehicle,153.0962676,-27.48926962,Adelaide St,Stanley Rd,,Carina,Brisbane City,4152,Carina,South Brisbane,Brisbane,SEQ South,Metropolitan,Carina,Carindale,Brisbane - South,Major Cities,Chatsworth,Griffith,Locally-controlled,Intersection - Cross,No traffic control,60 km/h,Sealed - Dry,Clear,Daylight,Straight,Level,303,Veh'S Same Direction: Right Rear,Rear-end,E,0,0,1,0,1,2,0,0,0,0,0,0
4067,Property damage only,2002,September,Sunday,17,Hit object,Single Vehicle,153.1412508,-27.69326415,Brisbane - Beenleigh Rd,Waterford - Tamborine Rd,Brisbane - Beenleigh Road,Waterford,Logan City,4133,Beenleigh,Logan,South Eastern,SEQ South,South Coast,Bethania - Waterford,Loganlea - Carbrook,Logan - Beaudesert,Major Cities,Waterford,Forde,State-controlled,Intersection - T-Junction,Operating traffic lights,70 km/h,Sealed - Dry,Clear,Daylight,Straight,Level,705,Off Path-Straight:Out Of Control On Cway,Out of control on straight,E,0,0,0,0,0,1,0,0,0,0,0,0
4068,Hospitalisation,2002,September,Sunday,12,Fall from vehicle,Single Vehicle,152.7793834,-27.07916198,Brisbane - Woodford Rd,,Brisbane - Woodford Road,Mount Mee,Moreton Bay Region,4521,Woodford,Moreton,Southern,SEQ North,North Coast and Wide Bay/Burnett,Woodford - Daguilar,Caboolture Hinterland,Moreton Bay - North,Inner Regional,Glass House,Longman,State-controlled,No Roadway Feature,No traffic control,80 - 90 km/h,Sealed - Dry,Clear,Daylight,Curved - view open,Level,801,Off Path-Curve: Off Cway Right Bend,Off carriageway on curve,S,0,1,0,0,1,0,1,0,0,0,0,0
4069,Medical treatment,2002,September,Sunday,19,Hit animal,Other,152.183841,-25.64040694,Boompa Rd,,Boompa Road,Boompa,Fraser Coast Region,4621,Biggenden,Wide Bay Burnett,Central,Southern,North Coast and Wide Bay/Burnett,Maryborough Region - South,Maryborough,Wide Bay,Outer Regional,Maryborough,Wide Bay,State-controlled,No Roadway Feature,No traffic control,100 - 110 km/h,Sealed - Dry,Clear,Darkness - Not lighted,Straight,Level,609,Pass & Misc: Hit Animal,Hit animal,W,0,0,1,0,1,1,0,0,0,0,0,1
4070,Property damage only,2002,September,Sunday,18,Angle,Multi-Vehicle,148.1561421,-23.51393183,Gregory Hwy,Harris St,Gregory Highway (Emerald - Clermont),Emerald,Central Highlands Region,4720,Emerald,Capricornia,Central,Central,Central Queensland,Emerald,Central Highlands (qld),Central Queensland,Outer Regional,Gregory,Flynn,State-controlled,Intersection - Cross,Give way sign,60 km/h,Sealed - Dry,Clear,Darkness - Lighted,Straight,Level,101,Veh'S Adjacent Approach: Thru-Thru,Intersection from adjacent approaches,N,0,0,0,0,0,2,0,0,0,0,0,0
4071,Property damage only,2002,September,Sunday,17,Angle,Multi-Vehicle,150.5063291,-23.34136903,Alexandra St,Farm St,,Kawana,Rockhampton Region,4701,North Rockhampton,Capricornia,Central,Central,Central Queensland,Parkhurst - Kawana,Rockhampton,Central Queensland,Inner Regional,Rockhampton,Capricornia,Locally-controlled,Intersection - Cross,Operating traffic lights,60 km/h,Sealed - Dry,Clear,Daylight,Straight,Level,202,Veh'S Opposite Approach: Thru-Right,Opposing vehicles turning,W,0,0,0,0,0,2,0,0,0,0,0,0
4072,Property damage only,2002,September,Monday,17,Angle,Multi-Vehicle,153.0253982,-27.19194039,Maine Tce,Spring St,,Deception Bay,Moreton Bay Region,4508,Deception Bay,Moreton,Southern,SEQ North,North Coast and Wide Bay/Burnett,Deception Bay,Narangba - Burpengary,Moreton Bay - North,Major Cities,Bancroft,Petrie,Locally-controlled,Intersection - T-Junction,Give way sign,60 km/h,Sealed - Dry,Clear,Daylight,Straight,Level,105,Veh'S Adjacent Approach: Right-Right,Intersection from adjacent approaches,S,0,0,0,0,0,2,0,0,0,0,0,0
4073,Property damage only,2002,September,Monday,13,Hit parked vehicle,Single Vehicle,153.0868254,-26.67146695,Kayleigh Dr,,,Buderim,Sunshine Coast Region,4556,Maroochydore,Sunshine Coast,Central,SEQ North,North Coast and Wide Bay/Burnett,Buderim - North,Buderim,Sunshine Coast,Major Cities,Buderim,Fairfax,Locally-controlled,No Roadway Feature,No traffic control,60 km/h,Sealed - Dry,Clear,Daylight,Straight,Level,200,Veh'S Opposite Approach: Other,Other,W,0,0,0,0,0,1,0,1,0,0,0,0
4074,Property damage only,2002,September,Monday,20,Angle,Multi-Vehicle,153.4090234,-27.95485553,Marine Pde,,Gold Coast Highway (Helensvale - Southport),Labrador,Gold Coast City,4215,Southport,Gold Coast,South Eastern,SEQ South,South Coast,Labrador,Gold Coast - North,Gold Coast,Major Cities,Bonney,Fadden,State-controlled,No Roadway Feature,No traffic control,0 - 50 km/h,Sealed - Dry,Clear,Darkness - Lighted,Straight,Level,406,Veh'S Manoeuvring: Leaving Driveway,Vehicle leaving driveway,S,0,0,0,0,0,2,0,0,0,0,0,0
4075,Medical treatment,2002,September,Monday,19,Overturned,Single Vehicle,152.7558266,-25.42428639,Maryborough - Hervey Bay Rd,,Maryborough - Hervey Bay Road,Susan River,Fraser Coast Region,4655,Hervey Bay,Wide Bay Burnett,Central,Southern,North Coast and Wide Bay/Burnett,Burrum - Fraser,Maryborough,Wide Bay,Inner Regional,Maryborough,Hinkler,State-controlled,No Roadway Feature,No traffic control,100 - 110 km/h,Sealed - Dry,Clear,Darkness - Not lighted,Curved - view open,Level,800,Off Path-Curve: Other,Other,S,0,0,1,0,1,1,0,0,0,0,0,0
4076,Property damage only,2002,September,Monday,15,Angle,Multi-Vehicle,150.5171352,-23.3834182,East St,Stanley St,,Rockhampton City,Rockhampton Region,4700,Rockhampton,Capricornia,Central,Central,Central Queensland,Rockhampton City,Rockhampton,Central Queensland,Inner Regional,Rockhampton,Capricornia,Locally-controlled,Intersection - Cross,Give way sign,60 km/h,Sealed - Dry,Clear,Daylight,Straight,Level,101,Veh'S Adjacent Approach: Thru-Thru,Intersection from adjacent approaches,N,0,0,0,0,0,2,0,0,0,0,0,0
4077,Property damage only,2002,September,Monday,9,Hit object,Single Vehicle,0,0,Qaa Line,,,Unknown,Unknown,Unknown,Unknown,Unknown,Unknown,Unknown,Unknown,Unknown,Unknown,Unknown,Unknown,Unknown,Unknown,Locally-controlled,No Roadway Feature,No traffic control,100 - 110 km/h,Unsealed - Dry,Smoke/Dust,Daylight,Straight,Grade,607,Veh'S On Path: Temporary Object On C'Way,Other,W,0,0,0,0,0,1,0,0,0,0,0,0
4078,Property damage only,2002,September,Tuesday,18,Rear-end,Multi-Vehicle,153.0109873,-27.45177405,Kelvin Grove Rd,,,Kelvin Grove,Brisbane City,4059,Brisbane City,North Brisbane,Brisbane,SEQ North,Metropolitan,Kelvin Grove - Herston,Brisbane Inner - North,Brisbane Inner City,Major Cities,Mcconnel,Brisbane,Locally-controlled,No Roadway Feature,No traffic control,60 km/h,Sealed - Wet,Raining,Darkness - Lighted,Straight,Grade,301,Veh'S Same Direction: Rear End,Rear-end,N,0,0,0,0,0,3,0,0,0,0,0,0
4079,Medical treatment,2002,September,Tuesday,13,Hit pedestrian,Hit pedestrian,152.9769533,-27.5032688,Clarence Rd,,,Indooroopilly,Brisbane City,4068,Indooroopilly,North Brisbane,Brisbane,SEQ North,Metropolitan,Indooroopilly,Sherwood - Indooroopilly,Brisbane - West,Major Cities,Maiwar,Ryan,Locally-controlled,No Roadway Feature,No traffic control,0 - 50 km/h,Sealed - Dry,Clear,Daylight,Straight,Level,0,Ped'N: Hit Other,Other,S,0,0,1,0,1,1,0,0,0,0,1,0
4080,Medical treatment,2002,September,Tuesday,14,Rear-end,Multi-Vehicle,152.8737101,-26.76958376,Landsborough - Maleny Rd,Obi La Sth,Landsborough - Maleny Road,Maleny,Sunshine Coast Region,4552,Maleny,Sunshine Coast,Central,SEQ North,North Coast and Wide Bay/Burnett,Caloundra Hinterland,Sunshine Coast Hinterland,Sunshine Coast,Inner Regional,Glass House,Fisher,State-controlled,Intersection - T-Junction,No traffic control,80 - 90 km/h,Sealed - Dry,Clear,Daylight,Curved - view open,Level,303,Veh'S Same Direction: Right Rear,Rear-end,W,0,0,1,0,1,2,0,0,0,0,0,0
4081,Hospitalisation,2002,September,Tuesday,11,Angle,Multi-Vehicle,153.0692553,-26.39769896,Cooroy - Noosa Rd,Noosa Pde,,Noosaville,Noosa Shire,4566,Noosa Heads,Sunshine Coast,Central,SEQ North,North Coast and Wide Bay/Burnett,Noosaville,Noosa,Sunshine Coast,Major Cities,Noosa,Wide Bay,Locally-controlled,Intersection - Roundabout,Give way sign,60 km/h,Sealed - Dry,Clear,Daylight,Straight,Level,202,Veh'S Opposite Approach: Thru-Right,Opposing vehicles turning,S,0,1,0,0,1,1,0,0,0,1,0,0
4082,Property damage only,2002,September,Wednesday,0,Angle,Multi-Vehicle,153.022048,-27.46948064,Ann St,George St,,Brisbane City,Brisbane City,4000,Brisbane City,North Brisbane,Brisbane,SEQ North,Metropolitan,Brisbane City,Brisbane Inner,Brisbane Inner City,Major Cities,Mcconnel,Brisbane,Locally-controlled,Intersection - Cross,Operating traffic lights,0 - 50 km/h,Sealed - Dry,Clear,Darkness - Lighted,Straight,Level,101,Veh'S Adjacent Approach: Thru-Thru,Intersection from adjacent approaches,W,0,0,0,0,0,2,0,0,0,0,0,0
4083,Hospitalisation,2002,September,Wednesday,12,Fall from vehicle,Single Vehicle,153.1143065,-27.22526729,Humpybong Esp,,,Redcliffe,Moreton Bay Region,4020,Redcliffe,Moreton,Southern,SEQ North,North Coast and Wide Bay/Burnett,Redcliffe,Redcliffe,Moreton Bay - North,Major Cities,Redcliffe,Petrie,Locally-controlled,No Roadway Feature,No traffic control,0 - 50 km/h,Sealed - Dry,Clear,Daylight,Straight,Level,406,Veh'S Manoeuvring: Leaving Driveway,Vehicle leaving driveway,W,0,1,0,0,1,1,1,0,0,0,0,0
4084,Property damage only,2002,September,Wednesday,15,Rear-end,Multi-Vehicle,152.7774441,-27.61281351,Ipswich - Cunningham Hwy Connection Rd,,Ipswich - Cunningham Hwy Connection Road,Newtown,Ipswich City,4305,Ipswich,Ipswich,Southern,SEQ South,Metropolitan,Ipswich - East,Ipswich Inner,Ipswich,Major Cities,Ipswich,Blair,State-controlled,No Roadway Feature,No traffic control,80 - 90 km/h,Sealed - Dry,Clear,Daylight,Straight,Level,301,Veh'S Same Direction: Rear End,Rear-end,W,0,0,0,0,0,3,0,0,0,0,0,0
4085,Property damage only,2002,September,Wednesday,22,Hit object,Single Vehicle,152.8185498,-25.28564952,Maryborough - Hervey Bay Rd,Old Maryborough Rd,Maryborough - Hervey Bay Road,Eli Waters,Fraser Coast Region,4655,Hervey Bay,Wide Bay Burnett,Central,Southern,North Coast and Wide Bay/Burnett,Pialba - Eli Waters,Hervey Bay,Wide Bay,Inner Regional,Hervey Bay,Hinkler,State-controlled,Intersection - Roundabout,Give way sign,60 km/h,Sealed - Dry,Clear,Darkness - Lighted,Straight,Level,708,Off Path-Straight: Mounts Traffic Island,Off carriageway on straight hit object,S,0,0,0,0,0,1,0,0,0,0,0,0
4086,Minor injury,2002,September,Wednesday,17,Angle,Multi-Vehicle,151.9537682,-27.55822048,Ruthven St,,,Toowoomba City,Toowoomba Region,4350,Toowoomba,Darling Downs,Southern,Southern,Downs South West,Toowoomba - Central,Toowoomba,Toowoomba,Inner Regional,Toowoomba North,Groom,Locally-controlled,No Roadway Feature,No traffic control,60 km/h,Sealed - Dry,Clear,Dawn/Dusk,Straight,Grade,308,Veh'S Same Direction: Right Turn S/Swipe,Parallel lanes turning,N,0,0,0,1,1,2,0,0,0,0,0,0
4087,Property damage only,2002,September,Wednesday,17,Angle,Multi-Vehicle,151.9637709,-27.5802592,South St,,,Centenary Heights,Toowoomba Region,4350,Toowoomba,Darling Downs,Southern,Southern,Downs South West,Toowoomba - Central,Toowoomba,Toowoomba,Inner Regional,Toowoomba South,Groom,Locally-controlled,No Roadway Feature,No traffic control,60 km/h,Sealed - Dry,Clear,Dawn/Dusk,Straight,Level,401,Veh'S Manoeuvring: Leaving Parking,Vehicle leaving driveway,N,0,0,0,0,0,2,0,0,0,0,0,0
4088,Minor injury,2002,September,Wednesday,9,Hit object,Single Vehicle,152.0765061,-28.12101725,Cunningham Hwy,,Cunningham Highway (Ipswich - Warwick),Glengallan,Southern Downs Region,4370,Warwick,Darling Downs,Southern,Southern,Downs South West,Southern Downs - East,Granite Belt,Darling Downs - Maranoa,Inner Regional,Southern Downs,Maranoa,State-controlled,No Roadway Feature,No traffic control,100 - 110 km/h,Sealed - Dry,Clear,Daylight,Straight,Level,703,Off Path-Straight: Left Off Cway Hit Obj,Off carriageway on straight hit object,E,0,0,0,1,1,1,0,0,0,0,0,0
4089,Hospitalisation,2002,September,Wednesday,15,Rear-end,Multi-Vehicle,151.2319514,-23.85205624,Blain Dr,,,West Gladstone,Gladstone Region,4680,Gladstone,Capricornia,Central,Central,Central Queensland,West Gladstone,Gladstone,Central Queensland,Inner Regional,Gladstone,Flynn,Locally-controlled,No Roadway Feature,No traffic control,60 km/h,Sealed - Dry,Clear,Daylight,Straight,Level,506,Veh'S Overtaking: Overtake-Right Turn,Overtaking same direction,S,0,1,0,0,1,1,1,0,0,0,0,0
4090,Property damage only,2002,September,Wednesday,0,Hit object,Single Vehicle,149.1787282,-21.12362178,Rockleigh - North Mackay Rd,,,North Mackay,Mackay Region,4740,Mackay,Mackay,Central,Central,Central Queensland,North Mackay,Mackay,Mackay - Isaac - Whitsunday,Inner Regional,Mackay,Dawson,State-controlled,No Roadway Feature,No traffic control,60 km/h,Sealed - Dry,Clear,Darkness - Lighted,Straight,Level,703,Off Path-Straight: Left Off Cway Hit Obj,Off carriageway on straight hit object,N,0,0,0,0,0,1,0,0,0,0,0,0
4091,Property damage only,2002,September,Thursday,8,Angle,Multi-Vehicle,153.0610073,-27.51888767,Logan Rd,,,Holland Park West,Brisbane City,4121,Holland Park,South Brisbane,Brisbane,SEQ South,Metropolitan,Holland Park,Holland Park - Yeronga,Brisbane - South,Major Cities,Greenslopes,Griffith,Locally-controlled,No Roadway Feature,No traffic control,60 km/h,Sealed - Dry,Clear,Daylight,Straight,Level,308,Veh'S Same Direction: Right Turn S/Swipe,Parallel lanes turning,S,0,0,0,0,0,2,0,0,0,0,0,0
4092,Property damage only,2002,September,Thursday,13,Rear-end,Multi-Vehicle,152.9842003,-27.48207435,Miskin St,Terrace St,,Toowong,Brisbane City,4066,Indooroopilly,North Brisbane,Brisbane,SEQ North,Metropolitan,Toowong,Brisbane Inner - West,Brisbane Inner City,Major Cities,Maiwar,Ryan,Locally-controlled,Intersection - T-Junction,No traffic control,60 km/h,Sealed - Dry,Clear,Daylight,Straight,Crest,303,Veh'S Same Direction: Right Rear,Rear-end,S,0,0,0,0,0,2,0,0,0,0,0,0
4093,Property damage only,2002,September,Thursday,7,Rear-end,Multi-Vehicle,152.9653208,-27.34504235,Albany Creek Rd,,South Pine Road,Albany Creek,Moreton Bay Region,4035,Albany Creek,North Brisbane,Brisbane,SEQ North,North Coast and Wide Bay/Burnett,Albany Creek,The Hills District,Moreton Bay - South,Major Cities,Everton,Dickson,State-controlled,No Roadway Feature,No traffic control,60 km/h,Sealed - Dry,Clear,Daylight,Curved - view open,Grade,301,Veh'S Same Direction: Rear End,Rear-end,E,0,0,0,0,0,2,0,0,0,0,0,0
4094,Medical treatment,2002,September,Thursday,15,Angle,Multi-Vehicle,153.2741992,-27.52947503,Island St,,,Cleveland,Redland City,4163,Cleveland,South Brisbane,Brisbane,SEQ South,Metropolitan,Cleveland,Cleveland - Stradbroke,Brisbane - East,Major Cities,Oodgeroo,Bowman,Locally-controlled,No Roadway Feature,No traffic control,60 km/h,Sealed - Dry,Clear,Daylight,Straight,Level,202,Veh'S Opposite Approach: Thru-Right,Opposing vehicles turning,S,0,0,1,0,1,2,0,0,0,0,0,0