Crash_Ref_Number,Crash_Severity,Crash_Year,Crash_Month,Crash_Day_Of_Week,Crash_Hour,Crash_Nature,Crash_Type,Crash_Longitude_GDA94,Crash_Latitude_GDA94,Crash_Street,Crash_Street_Intersecting,State_Road_Name,Loc_Suburb,Loc_Local_Government_Area,Loc_Post_Code,Loc_Police_Division,Loc_Police_District,Loc_Police_Region,Loc_Queensland_Transport_Region,Loc_Main_Roads_Region,Loc_ABS_Statistical_Area_2,Loc_ABS_Statistical_Area_3,Loc_ABS_Statistical_Area_4,Loc_ABS_Remoteness,Loc_State_Electorate,Loc_Federal_Electorate,Crash_Controlling_Authority,Crash_Roadway_Feature,Crash_Traffic_Control,Crash_Speed_Limit,Crash_Road_Surface_Condition,Crash_Atmospheric_Condition,Crash_Lighting_Condition,Crash_Road_Horiz_Align,Crash_Road_Vert_Align,Crash_DCA_Code,Crash_DCA_Description,Crash_DCA_Group_Description,DCA_Key_Approach_Dir,Count_Casualty_Fatality,Count_Casualty_Hospitalised,Count_Casualty_MedicallyTreated,Count_Casualty_MinorInjury,Count_Casualty_Total,Count_Unit_Car,Count_Unit_Motorcycle_Moped,Count_Unit_Truck,Count_Unit_Bus,Count_Unit_Bicycle,Count_Unit_Pedestrian,Count_Unit_Other
4190,Property damage only,2002,October,Friday,19,Hit object,Single Vehicle,153.0743769,-27.48199131,Claudia Rd,Oateson Skyline Dr,,Seven Hills,Brisbane City,4170,Morningside,South Brisbane,Brisbane,SEQ South,Metropolitan,Morningside - Seven Hills,Brisbane Inner - East,Brisbane Inner City,Major Cities,Bulimba,Griffith,Locally-controlled,Intersection - T-Junction,No traffic control,0 - 50 km/h,Sealed - Dry,Clear,Darkness - Not lighted,Straight,Level,400,Veh'S Manoeuvring: Other,Other,W,0,0,0,0,0,1,0,0,0,0,0,0
4191,Property damage only,2002,October,Friday,16,Rear-end,Multi-Vehicle,153.0819162,-27.47288525,Blackwood Ave,Richmond Rd,,Morningside,Brisbane City,4170,Morningside,South Brisbane,Brisbane,SEQ South,Metropolitan,Cannon Hill,Carindale,Brisbane - South,Major Cities,Bulimba,Griffith,Locally-controlled,Intersection - Cross,No traffic control,60 km/h,Sealed - Dry,Clear,Daylight,Straight,Level,303,Veh'S Same Direction: Right Rear,Rear-end,E,0,0,0,0,0,2,0,0,0,0,0,0
4192,Property damage only,2002,October,Friday,12,Angle,Multi-Vehicle,153.0426376,-27.44074274,Allison St,Argyle St,,Albion,Brisbane City,4010,Hendra,North Brisbane,Brisbane,SEQ North,Metropolitan,Albion,Brisbane Inner - North,Brisbane Inner City,Major Cities,Clayfield,Brisbane,Locally-controlled,Intersection - Roundabout,Give way sign,0 - 50 km/h,Sealed - Dry,Clear,Daylight,Straight,Level,101,Veh'S Adjacent Approach: Thru-Thru,Intersection from adjacent approaches,N,0,0,0,0,0,1,0,1,0,0,0,0
4193,Property damage only,2002,October,Friday,16,Hit object,Single Vehicle,151.7581551,-24.49267907,Gorge Rd,,,Lowmead,Gladstone Region,4676,Rosedale,Capricornia,Central,Central,Central Queensland,Agnes Water - Miriam Vale,Gladstone,Central Queensland,Outer Regional,Burnett,Flynn,Locally-controlled,No Roadway Feature,No traffic control,100 - 110 km/h,Unsealed - Dry,Clear,Daylight,Curved - view open,Level,800,Off Path-Curve: Other,Other,S,0,0,0,0,0,1,0,0,0,0,0,0
4194,Hospitalisation,2002,October,Friday,9,Head-on,Multi-Vehicle,151.8682356,-27.38757908,Muniganeen Rd,,,Muniganeen,Toowoomba Region,4352,Goombungee,Darling Downs,Southern,Southern,Downs South West,Crows Nest - Rosalie,Darling Downs - East,Darling Downs - Maranoa,Inner Regional,Condamine,Groom,Locally-controlled,No Roadway Feature,No traffic control,100 - 110 km/h,Unsealed - Dry,Clear,Daylight,Straight,Crest,201,Veh'S Opposite Approach: Head On,Head-on,S,0,2,0,0,2,2,0,0,0,0,0,0
4195,Hospitalisation,2002,October,Friday,23,Hit object,Single Vehicle,150.5126345,-27.60922037,Moonie Hwy,,Moonie Highway (Dalby - St. George),Moonie,Western Downs Region,4406,Tara,South West,Southern,Southern,Downs South West,Tara,Darling Downs (west) - Maranoa,Darling Downs - Maranoa,Outer Regional,Warrego,Maranoa,State-controlled,No Roadway Feature,No traffic control,100 - 110 km/h,Sealed - Dry,Clear,Darkness - Not lighted,Straight,Level,704,Off Path-Straight:Right Off Cway Hit Obj,Off carriageway on straight hit object,W,0,1,0,0,1,1,0,0,0,0,0,0
4196,Medical treatment,2002,October,Friday,17,Angle,Multi-Vehicle,150.5137114,-23.38316878,Alma St,Derby St,,Rockhampton City,Rockhampton Region,4700,Rockhampton,Capricornia,Central,Central,Central Queensland,Rockhampton City,Rockhampton,Central Queensland,Inner Regional,Rockhampton,Capricornia,Locally-controlled,Intersection - Roundabout,Give way sign,60 km/h,Sealed - Dry,Clear,Daylight,Straight,Level,101,Veh'S Adjacent Approach: Thru-Thru,Intersection from adjacent approaches,N,0,0,1,0,1,1,1,0,0,0,0,0
4197,Property damage only,2002,October,Saturday,3,Hit object,Single Vehicle,153.0677068,-27.35681758,College Way,Northholm Cres,,Boondall,Brisbane City,4034,Boondall,North Brisbane,Brisbane,SEQ North,Metropolitan,Boondall,Nundah,Brisbane - North,Major Cities,Nudgee,Lilley,Locally-controlled,Intersection - T-Junction,No traffic control,0 - 50 km/h,Sealed - Dry,Clear,Darkness - Lighted,Curved - view open,Level,804,Off Path-Curve: Off Cway Lt Bend Hit Obj,Off carriageway on curve hit object,W,0,0,0,0,0,1,0,0,0,0,0,0
4198,Hospitalisation,2002,October,Saturday,15,Rear-end,Multi-Vehicle,153.059473,-27.40976917,Sandgate Rd,,Sandgate Sub-Arterial Road,Nundah,Brisbane City,4012,Hendra,North Brisbane,Brisbane,SEQ North,Metropolitan,Nundah,Nundah,Brisbane - North,Major Cities,Nudgee,Lilley,State-controlled,No Roadway Feature,No traffic control,60 km/h,Sealed - Dry,Clear,Daylight,Straight,Level,301,Veh'S Same Direction: Rear End,Rear-end,S,0,2,0,0,2,1,0,1,0,0,0,0
4199,Hospitalisation,2002,October,Saturday,11,Angle,Multi-Vehicle,153.0747152,-27.41167021,East - West Arterial Rd,Nudgee Rd,East-West Arterial Road,Hendra,Brisbane City,4011,Hendra,North Brisbane,Brisbane,SEQ North,Metropolitan,Hendra,Brisbane Inner - North,Brisbane Inner City,Major Cities,Clayfield,Brisbane,State-controlled,Intersection - Cross,Operating traffic lights,60 km/h,Sealed - Dry,Clear,Daylight,Straight,Level,202,Veh'S Opposite Approach: Thru-Right,Opposing vehicles turning,E,0,1,0,0,1,2,0,0,0,0,0,0
4200,Hospitalisation,2002,October,Saturday,10,Overturned,Single Vehicle,153.0975883,-27.36477022,Gateway Arterial Rd,,Gateway Arterial Road (Gateway Motorway - North),Nudgee Beach,Brisbane City,4014,Hendra,North Brisbane,Brisbane,SEQ North,Metropolitan,Nudgee - Banyo,Nundah,Brisbane - North,Major Cities,Nudgee,Lilley,State-controlled,No Roadway Feature,No traffic control,100 - 110 km/h,Sealed - Dry,Clear,Daylight,Curved - view open,Level,801,Off Path-Curve: Off Cway Right Bend,Off carriageway on curve,S,0,1,0,0,1,1,0,0,0,0,0,0
4201,Hospitalisation,2002,October,Saturday,10,Hit object,Single Vehicle,152.9182682,-27.60546876,Ipswich Mwy,,Cunningham Arterial Road (Ipswich Motorway),Wacol,Brisbane City,4076,Goodna,Ipswich,Southern,SEQ South,Metropolitan,Wacol,Forest Lake - Oxley,Ipswich,Major Cities,Inala,Oxley,State-controlled,No Roadway Feature,No traffic control,100 - 110 km/h,Sealed - Dry,Clear,Daylight,Straight,Level,704,Off Path-Straight:Right Off Cway Hit Obj,Off carriageway on straight hit object,W,0,1,0,0,1,1,0,0,0,0,0,0
4202,Hospitalisation,2002,October,Saturday,15,Rear-end,Multi-Vehicle,153.4257226,-28.08599838,Christine Ave,Southport - Burleigh Rd,Southport - Burleigh Road,Burleigh Waters,Gold Coast City,4220,Robina,Gold Coast,South Eastern,SEQ South,South Coast,Burleigh Waters,Broadbeach - Burleigh,Gold Coast,Major Cities,Burleigh,Mcpherson,State-controlled,Intersection - Cross,Operating traffic lights,60 km/h,Sealed - Dry,Clear,Daylight,Straight,Level,301,Veh'S Same Direction: Rear End,Rear-end,N,0,1,0,0,1,2,0,0,0,0,0,0
4203,Medical treatment,2002,October,Sunday,10,Fall from vehicle,Single Vehicle,152.7253494,-27.3096842,Mount Glorious Rd,,Mount Glorious Road,Dundas,Somerset Region,4306,Lowood,Ipswich,Southern,SEQ North,North Coast and Wide Bay/Burnett,Esk,Ipswich Hinterland,Ipswich,Inner Regional,Nanango,Blair,State-controlled,No Roadway Feature,No traffic control,80 - 90 km/h,Sealed - Dry,Clear,Daylight,Curved - view obscured,Level,805,Off Path-Curve: Out Of Control On Cway,Out of control on curve,S,0,0,1,0,1,0,1,0,0,0,0,0
4204,Property damage only,2002,October,Sunday,19,Hit object,Single Vehicle,153.3884938,-28.04401004,Boowaggan Rd,Robina Parkway,,Merrimac,Gold Coast City,4226,Broadbeach,Gold Coast,South Eastern,SEQ South,South Coast,Merrimac,Robina,Gold Coast,Major Cities,Surfers Paradise,Mcpherson,Locally-controlled,Intersection - T-Junction,Give way sign,80 - 90 km/h,Sealed - Dry,Clear,Darkness - Lighted,Straight,Level,700,Off Path-Straight: Other,Other,E,0,0,0,0,0,1,0,0,0,0,0,0
4205,Medical treatment,2002,October,Sunday,16,Rear-end,Multi-Vehicle,151.9509329,-24.98434419,Bruce Hwy,,Bruce Highway (Gin Gin - Benaraby),Gin Gin,Bundaberg Region,4671,Gin Gin,Wide Bay Burnett,Central,Southern,North Coast and Wide Bay/Burnett,Gin Gin,Burnett,Wide Bay,Outer Regional,Callide,Flynn,State-controlled,No Roadway Feature,No traffic control,60 km/h,Sealed - Dry,Clear,Daylight,Straight,Level,301,Veh'S Same Direction: Rear End,Rear-end,N,0,0,1,0,1,3,0,0,0,0,0,0
4206,Hospitalisation,2002,October,Sunday,5,Hit object,Single Vehicle,152.0679826,-26.19936422,Bunya Hwy,,Bunya Highway (Kingaroy - Goomeri),Goomeri,Gympie Region,4601,Goomeri,Wide Bay Burnett,Central,Southern,North Coast and Wide Bay/Burnett,Kilkivan,Gympie - Cooloola,Wide Bay,Outer Regional,Nanango,Wide Bay,State-controlled,No Roadway Feature,No traffic control,100 - 110 km/h,Sealed - Dry,Clear,Daylight,Curved - view open,Grade,804,Off Path-Curve: Off Cway Lt Bend Hit Obj,Off carriageway on curve hit object,E,0,1,0,0,1,1,0,0,0,0,0,0
4207,Hospitalisation,2002,October,Sunday,10,Sideswipe,Multi-Vehicle,150.5054632,-23.40038756,Bruce Hwy,,Bruce Highway (Benaraby - Rockhampton),Allenstown,Rockhampton Region,4700,Rockhampton,Capricornia,Central,Central,Central Queensland,The Range - Allenstown,Rockhampton,Central Queensland,Inner Regional,Rockhampton,Capricornia,State-controlled,No Roadway Feature,No traffic control,60 km/h,Sealed - Dry,Clear,Daylight,Straight,Level,305,Veh'S Same Direction: Lane Side Swipe,Lane changes,S,0,1,0,0,1,1,0,0,0,1,0,0
4208,Medical treatment,2002,October,Monday,16,Rear-end,Multi-Vehicle,153.036091,-27.48451194,Vulture St,,,Kangaroo Point,Brisbane City,4169,Dutton Park,South Brisbane,Brisbane,SEQ South,Metropolitan,Kangaroo Point,Brisbane Inner,Brisbane Inner City,Major Cities,South Brisbane,Griffith,Locally-controlled,No Roadway Feature,No traffic control,60 km/h,Sealed - Dry,Clear,Daylight,Straight,Level,301,Veh'S Same Direction: Rear End,Rear-end,E,0,0,1,0,1,2,0,0,0,0,0,0
4209,Property damage only,2002,October,Monday,18,Angle,Multi-Vehicle,153.0467312,-26.75216699,Frizzo Rd,Pignata Rd,,Palmview,Sunshine Coast Region,4553,Sippy Downs,Sunshine Coast,Central,SEQ North,North Coast and Wide Bay/Burnett,Landsborough,Sunshine Coast Hinterland,Sunshine Coast,Inner Regional,Caloundra,Fisher,Locally-controlled,Intersection - Cross,No traffic control,60 km/h,Sealed - Dry,Clear,Dawn/Dusk,Straight,Level,506,Veh'S Overtaking: Overtake-Right Turn,Overtaking same direction,N,0,0,0,0,0,1,0,1,0,0,0,0
4210,Medical treatment,2002,October,Monday,16,Angle,Multi-Vehicle,153.3982399,-27.94785924,Central St,Government Rd,,Labrador,Gold Coast City,4215,Southport,Gold Coast,South Eastern,SEQ South,South Coast,Labrador,Gold Coast - North,Gold Coast,Major Cities,Bonney,Fadden,Locally-controlled,Intersection - Cross,Operating traffic lights,0 - 50 km/h,Sealed - Dry,Clear,Daylight,Straight,Level,101,Veh'S Adjacent Approach: Thru-Thru,Intersection from adjacent approaches,E,0,0,3,0,3,2,0,0,0,0,0,0
4211,Medical treatment,2002,October,Monday,6,Angle,Multi-Vehicle,153.36256,-27.87720694,Oxenford - Southport Rd,Sickle Ave,Hope Island Road,Hope Island,Gold Coast City,4212,Coomera,Gold Coast,South Eastern,SEQ South,South Coast,Hope Island,Ormeau - Oxenford,Gold Coast,Major Cities,Broadwater,Fadden,State-controlled,Intersection - Roundabout,Give way sign,60 km/h,Sealed - Dry,Clear,Daylight,Straight,Level,101,Veh'S Adjacent Approach: Thru-Thru,Intersection from adjacent approaches,E,0,0,1,0,1,1,0,0,0,1,0,0
4212,Property damage only,2002,October,Monday,15,Angle,Multi-Vehicle,149.1877022,-21.14558904,Alfred St,Brisbane St,,Mackay,Mackay Region,4740,Mackay,Mackay,Central,Central,Central Queensland,Mackay,Mackay,Mackay - Isaac - Whitsunday,Inner Regional,Mackay,Dawson,Locally-controlled,Intersection - Cross,Give way sign,60 km/h,Sealed - Dry,Clear,Daylight,Straight,Level,101,Veh'S Adjacent Approach: Thru-Thru,Intersection from adjacent approaches,N,0,0,0,0,0,2,0,0,0,0,0,0
4213,Medical treatment,2002,October,Tuesday,18,Rear-end,Multi-Vehicle,152.7493902,-27.61864154,Brisbane St,Tiger St,,West Ipswich,Ipswich City,4305,Ipswich,Ipswich,Southern,SEQ South,Metropolitan,Ipswich - Central,Ipswich Inner,Ipswich,Major Cities,Ipswich,Blair,Locally-controlled,Intersection - Cross,No traffic control,60 km/h,Sealed - Dry,Clear,Dawn/Dusk,Curved - view open,Level,303,Veh'S Same Direction: Right Rear,Rear-end,N,0,0,2,0,2,2,0,0,0,0,0,0
4214,Medical treatment,2002,October,Tuesday,16,Rear-end,Multi-Vehicle,153.4132268,-28.03607638,Manapouri St,Nerang - Broadbeach Rd,Nerang - Broadbeach Road,Broadbeach Waters,Gold Coast City,4218,Broadbeach,Gold Coast,South Eastern,SEQ South,South Coast,Broadbeach Waters,Broadbeach - Burleigh,Gold Coast,Major Cities,Surfers Paradise,Moncrieff,State-controlled,Intersection - Cross,Operating traffic lights,70 km/h,Sealed - Dry,Clear,Daylight,Straight,Level,301,Veh'S Same Direction: Rear End,Rear-end,E,0,0,1,0,1,2,0,0,0,0,0,0
4215,Property damage only,2002,October,Tuesday,16,Hit object,Single Vehicle,152.1333469,-25.02185322,Haylock Rd,,,Pine Creek,Bundaberg Region,4670,South Kolan,Wide Bay Burnett,Central,Southern,North Coast and Wide Bay/Burnett,Bundaberg Region - South,Bundaberg,Wide Bay,Inner Regional,Burnett,Hinkler,Locally-controlled,No Roadway Feature,No traffic control,100 - 110 km/h,Unsealed - Dry,Clear,Daylight,Curved - view obscured,Level,607,Veh'S On Path: Temporary Object On C'Way,Other,E,0,0,0,0,0,1,0,0,0,0,0,0
4216,Property damage only,2002,October,Tuesday,9,Hit object,Single Vehicle,151.3364247,-25.56979705,Burnett Hwy,,Burnett Highway (Gayndah - Monto),Mundubbera,North Burnett Region,4626,Mundubbera,Wide Bay Burnett,Central,Southern,North Coast and Wide Bay/Burnett,Gayndah - Mundubbera,Burnett,Wide Bay,Outer Regional,Callide,Flynn,State-controlled,No Roadway Feature,No traffic control,100 - 110 km/h,Sealed - Dry,Clear,Daylight,Straight,Grade,704,Off Path-Straight:Right Off Cway Hit Obj,Off carriageway on straight hit object,W,0,0,0,0,0,1,0,0,0,0,0,0
4217,Property damage only,2002,October,Tuesday,8,Hit object,Single Vehicle,148.2698701,-24.02526507,Arcturus Rd,,Arcturus Road,Arcturus,Central Highlands Region,4722,Springsure,Capricornia,Central,Central,Central Queensland,Central Highlands - West,Central Highlands (qld),Central Queensland,Remote,Gregory,Flynn,State-controlled,No Roadway Feature,No traffic control,60 km/h,Unsealed - Dry,Clear,Daylight,Curved - view open,Level,607,Veh'S On Path: Temporary Object On C'Way,Other,E,0,0,0,0,0,1,0,0,0,0,0,0
4218,Hospitalisation,2002,October,Tuesday,8,Hit object,Single Vehicle,147.3993407,-19.57144854,Young St,,,Ayr,Burdekin Shire,4807,Ayr,Townsville,Northern,Northern,North Queensland,Ayr,Charters Towers - Ayr - Ingham,Townsville,Outer Regional,Burdekin,Dawson,Locally-controlled,No Roadway Feature,No traffic control,60 km/h,Sealed - Dry,Clear,Daylight,Straight,Level,703,Off Path-Straight: Left Off Cway Hit Obj,Off carriageway on straight hit object,N,0,1,0,0,1,1,0,0,0,0,0,0
4219,Medical treatment,2002,October,Wednesday,9,Rear-end,Multi-Vehicle,152.996814,-27.4456216,Waterworks Rd,,,Ashgrove,Brisbane City,4060,The Gap,North Brisbane,Brisbane,SEQ North,Metropolitan,Ashgrove,Brisbane Inner - West,Brisbane Inner City,Major Cities,Cooper,Brisbane,Locally-controlled,No Roadway Feature,No traffic control,60 km/h,Sealed - Dry,Clear,Daylight,Straight,Level,301,Veh'S Same Direction: Rear End,Rear-end,E,0,0,1,1,2,2,0,0,0,0,0,0
4220,Hospitalisation,2002,October,Wednesday,17,Angle,Multi-Vehicle,153.1309868,-27.63185429,Carlyle St,Pacific Hwy Service Rd,,Slacks Creek,Logan City,4127,Springwood,Logan,South Eastern,SEQ South,South Coast,Slacks Creek,Springwood - Kingston,Logan - Beaudesert,Major Cities,Waterford,Rankin,Locally-controlled,Intersection - T-Junction,Give way sign,60 km/h,Sealed - Dry,Clear,Dawn/Dusk,Straight,Crest,104,Veh'S Adjacent Approach: Thru-Right,Intersection from adjacent approaches,N,0,1,1,0,2,2,0,0,0,0,0,0
4221,Property damage only,2002,October,Wednesday,6,Angle,Multi-Vehicle,153.0784934,-27.68064341,Magnesium Dr,,,Crestmead,Logan City,4132,Crestmead,Logan,South Eastern,SEQ South,South Coast,Crestmead,Browns Plains,Logan - Beaudesert,Major Cities,Woodridge,Rankin,Locally-controlled,No Roadway Feature,No traffic control,60 km/h,Sealed - Dry,Clear,Daylight,Straight,Level,309,Veh'S Same Direction: Left Turn S/Swipe,Parallel lanes turning,S,0,0,0,0,0,1,0,1,0,0,0,0
4222,Medical treatment,2002,October,Wednesday,15,Rear-end,Multi-Vehicle,153.179001,-27.55834703,Redland Sub-Arterial Rd,,Redland Sub-Arterial Road,Burbank,Brisbane City,4156,Capalaba,South Brisbane,Brisbane,SEQ South,Metropolitan,Rochedale - Burbank,Mt Gravatt,Brisbane - South,Major Cities,Mansfield,Bonner,State-controlled,No Roadway Feature,No traffic control,80 - 90 km/h,Sealed - Dry,Clear,Daylight,Straight,Level,301,Veh'S Same Direction: Rear End,Rear-end,E,0,0,1,0,1,2,0,0,0,0,0,0
4223,Property damage only,2002,October,Wednesday,12,Angle,Multi-Vehicle,151.9518116,-27.5686291,Warrego Hwy,,Warrego Highway (Toowoomba - Dalby),Toowoomba City,Toowoomba Region,4350,Toowoomba,Darling Downs,Southern,Southern,Downs South West,Toowoomba - Central,Toowoomba,Toowoomba,Inner Regional,Toowoomba North,Groom,State-controlled,No Roadway Feature,No traffic control,60 km/h,Sealed - Dry,Clear,Daylight,Straight,Level,406,Veh'S Manoeuvring: Leaving Driveway,Vehicle leaving driveway,S,0,0,0,0,0,2,0,0,0,0,0,0
4224,Property damage only,2002,October,Wednesday,7,Angle,Multi-Vehicle,148.9592513,-20.94622365,Yakapari - Seaforth Rd,,Yakapari - Seaforth Road,Mount Jukes,Mackay Region,4740,Marian,Mackay,Central,Central,Central Queensland,Seaforth - Calen,Mackay,Mackay - Isaac - Whitsunday,Outer Regional,Whitsunday,Dawson,State-controlled,Railway Crossing,Railway - lights only,100 - 110 km/h,Sealed - Dry,Clear,Daylight,Straight,Level,903,Pass & Misc: Hit Train,Train,E,0,0,0,0,0,1,0,0,0,0,0,1
4225,Property damage only,2002,October,Thursday,8,Rear-end,Multi-Vehicle,152.9635398,-27.50299682,Western Fwy,Western Art Rd Ramp Mc,Centenary Motorway (Ellen Grove - Toowong),Indooroopilly,Brisbane City,4068,Indooroopilly,North Brisbane,Brisbane,SEQ North,Metropolitan,Indooroopilly,Sherwood - Indooroopilly,Brisbane - West,Major Cities,Maiwar,Ryan,State-controlled,Intersection - Interchange,No traffic control,80 - 90 km/h,Sealed - Dry,Clear,Daylight,Curved - view obscured,Level,301,Veh'S Same Direction: Rear End,Rear-end,S,0,0,0,0,0,3,0,0,0,0,0,0
4226,Property damage only,2002,October,Thursday,15,Hit parked vehicle,Single Vehicle,153.0895489,-27.46438948,Barrack Rd,,,Cannon Hill,Brisbane City,4170,Morningside,South Brisbane,Brisbane,SEQ South,Metropolitan,Cannon Hill,Carindale,Brisbane - South,Major Cities,Bulimba,Griffith,Locally-controlled,No Roadway Feature,No traffic control,0 - 50 km/h,Sealed - Dry,Clear,Daylight,Straight,Level,601,Veh'S On Path: Parked,Hit parked vehicle,N,0,0,0,0,0,2,0,0,0,0,0,0
4227,Property damage only,2002,October,Thursday,8,Rear-end,Multi-Vehicle,153.0969499,-26.55356287,Maroochydore - Noosa Rd,Warran Rd,Maroochydore - Noosa Road,Yaroomba,Sunshine Coast Region,4573,Coolum,Sunshine Coast,Central,SEQ North,North Coast and Wide Bay/Burnett,Coolum Beach,Maroochy,Sunshine Coast,Major Cities,Maroochydore,Fairfax,State-controlled,Intersection - T-Junction,No traffic control,60 km/h,Sealed - Dry,Clear,Daylight,Straight,Level,303,Veh'S Same Direction: Right Rear,Rear-end,S,0,0,0,0,0,2,0,0,0,0,0,0
4228,Property damage only,2002,October,Thursday,2,Hit parked vehicle,Single Vehicle,153.4308455,-28.00419597,Trickett St,,,Surfers Paradise,Gold Coast City,4217,Surfers Paradise,Gold Coast,South Eastern,SEQ South,South Coast,Surfers Paradise,Surfers Paradise,Gold Coast,Major Cities,Surfers Paradise,Moncrieff,Locally-controlled,No Roadway Feature,No traffic control,0 - 50 km/h,Sealed - Dry,Clear,Darkness - Lighted,Straight,Level,200,Veh'S Opposite Approach: Other,Other,W,0,0,0,0,0,2,0,0,0,0,0,0
4229,Property damage only,2002,October,Thursday,9,Rear-end,Multi-Vehicle,153.1292812,-26.72556984,Nicklin Wy,,Nicklin Way,Warana,Sunshine Coast Region,4575,Kawana Waters,Sunshine Coast,Central,SEQ North,North Coast and Wide Bay/Burnett,Parrearra - Warana,Caloundra,Sunshine Coast,Major Cities,Kawana,Fisher,State-controlled,No Roadway Feature,No traffic control,70 km/h,Sealed - Wet,Clear,Daylight,Straight,Level,301,Veh'S Same Direction: Rear End,Rear-end,S,0,0,0,0,0,2,0,0,0,0,0,0
4230,Property damage only,2002,October,Thursday,11,Angle,Multi-Vehicle,151.9497686,-27.55480635,Campbell St,Mort St,,Toowoomba City,Toowoomba Region,4350,Toowoomba,Darling Downs,Southern,Southern,Downs South West,Toowoomba - Central,Toowoomba,Toowoomba,Inner Regional,Toowoomba North,Groom,Locally-controlled,Intersection - Cross,Stop sign,60 km/h,Sealed - Dry,Clear,Daylight,Straight,Grade,202,Veh'S Opposite Approach: Thru-Right,Opposing vehicles turning,N,0,0,0,0,0,2,0,0,0,0,0,0
4231,Property damage only,2002,October,Thursday,18,Sideswipe,Multi-Vehicle,151.9521655,-27.56875601,Ruthven St,Warrego Hwy,New England Highway (Toowoomba-Warwick),South Toowoomba,Toowoomba Region,4350,Toowoomba,Darling Downs,Southern,Southern,Downs South West,Toowoomba - Central,Toowoomba,Toowoomba,Inner Regional,Toowoomba South,Groom,State-controlled,Intersection - Cross,Operating traffic lights,60 km/h,Sealed - Wet,Raining,Dawn/Dusk,Straight,Level,106,Veh'S Adjacent Approach: Left-Right,Intersection from adjacent approaches,S,0,0,0,0,0,3,0,0,0,0,0,0
4232,Minor injury,2002,October,Friday,17,Sideswipe,Multi-Vehicle,153.0217183,-27.4710458,South East Arterial Rd,,South-East Arterial Road (Pacific Motorway),Brisbane City,Brisbane City,4000,Brisbane City,North Brisbane,Brisbane,SEQ North,Metropolitan,Brisbane City,Brisbane Inner,Brisbane Inner City,Major Cities,Mcconnel,Brisbane,State-controlled,No Roadway Feature,No traffic control,70 km/h,Sealed - Dry,Clear,Daylight,Straight,Level,306,Veh'S Same Direction: Lane Change Right,Lane changes,W,0,0,0,1,1,4,0,0,0,0,0,0
4233,Property damage only,2002,October,Friday,6,Hit object,Single Vehicle,152.9766888,-27.05340866,Bruce Hwy,,Bruce Highway (Brisbane - Gympie),Caboolture,Moreton Bay Region,4510,Caboolture,Moreton,Southern,SEQ North,North Coast and Wide Bay/Burnett,Caboolture,Caboolture,Moreton Bay - North,Major Cities,Pumicestone,Longman,State-controlled,No Roadway Feature,No traffic control,100 - 110 km/h,Sealed - Wet,Raining,Daylight,Straight,Level,607,Veh'S On Path: Temporary Object On C'Way,Other,N,0,0,0,0,0,1,0,0,0,0,0,0
4234,Minor injury,2002,October,Friday,11,Sideswipe,Multi-Vehicle,152.9084304,-27.60896713,Braggan St,Ipswich Mwy,Cunningham Highway (Ipswich Motorway),Gailes,Ipswich City,4300,Goodna,Ipswich,Southern,SEQ South,Metropolitan,Camira - Gailes,Springfield - Redbank,Ipswich,Major Cities,Jordan,Oxley,State-controlled,Intersection - T-Junction,No traffic control,100 - 110 km/h,Sealed - Dry,Clear,Daylight,Straight,Dip,307,Veh'S Same Direction: Lane Change Left,Lane changes,E,0,0,0,1,1,1,0,1,0,0,0,0
4235,Medical treatment,2002,October,Friday,23,Sideswipe,Multi-Vehicle,153.1075861,-26.67098486,Pacific Tce,,,Alexandra Headland,Sunshine Coast Region,4572,Maroochydore,Sunshine Coast,Central,SEQ North,North Coast and Wide Bay/Burnett,Mooloolaba - Alexandra Headland,Maroochy,Sunshine Coast,Major Cities,Maroochydore,Fisher,Locally-controlled,No Roadway Feature,No traffic control,60 km/h,Sealed - Dry,Clear,Unknown,Straight,Level,309,Veh'S Same Direction: Left Turn S/Swipe,Parallel lanes turning,W,0,0,1,0,1,2,0,0,0,0,0,0
4236,Hospitalisation,2002,October,Friday,2,Hit object,Single Vehicle,149.1954868,-21.12003266,Mackay - Slade Point Rd,,Mackay - Slade Point Road,North Mackay,Mackay Region,4740,Mackay,Mackay,Central,Central,Central Queensland,North Mackay,Mackay,Mackay - Isaac - Whitsunday,Inner Regional,Mackay,Dawson,State-controlled,No Roadway Feature,No traffic control,60 km/h,Sealed - Dry,Clear,Darkness - Lighted,Curved - view open,Level,800,Off Path-Curve: Other,Other,N,0,1,0,0,1,1,0,0,0,0,0,0
4237,Medical treatment,2002,October,Saturday,19,Hit object,Single Vehicle,153.0058829,-28.00235874,Kerry Rd,,,Beaudesert,Scenic Rim Region,4285,Beaudesert,Logan,South Eastern,SEQ South,South Coast,Beaudesert,Beaudesert,Logan - Beaudesert,Inner Regional,Scenic Rim,Wright,Locally-controlled,No Roadway Feature,No traffic control,60 km/h,Sealed - Dry,Clear,Darkness - Not lighted,Straight,Level,700,Off Path-Straight: Other,Other,S,0,0,1,0,1,1,0,0,0,0,0,0
4238,Medical treatment,2002,October,Saturday,11,Angle,Multi-Vehicle,152.7518952,-27.61818769,Clay St,Omar St,,Ipswich,Ipswich City,4305,Ipswich,Ipswich,Southern,SEQ South,Metropolitan,Ipswich - Central,Ipswich Inner,Ipswich,Major Cities,Ipswich,Blair,Locally-controlled,Intersection - Cross,Stop sign,0 - 50 km/h,Sealed - Dry,Clear,Daylight,Straight,Level,101,Veh'S Adjacent Approach: Thru-Thru,Intersection from adjacent approaches,E,0,0,1,0,1,2,0,0,0,0,0,0