Crash_Ref_Number,Crash_Severity,Crash_Year,Crash_Month,Crash_Day_Of_Week,Crash_Hour,Crash_Nature,Crash_Type,Crash_Longitude_GDA94,Crash_Latitude_GDA94,Crash_Street,Crash_Street_Intersecting,State_Road_Name,Loc_Suburb,Loc_Local_Government_Area,Loc_Post_Code,Loc_Police_Division,Loc_Police_District,Loc_Police_Region,Loc_Queensland_Transport_Region,Loc_Main_Roads_Region,Loc_ABS_Statistical_Area_2,Loc_ABS_Statistical_Area_3,Loc_ABS_Statistical_Area_4,Loc_ABS_Remoteness,Loc_State_Electorate,Loc_Federal_Electorate,Crash_Controlling_Authority,Crash_Roadway_Feature,Crash_Traffic_Control,Crash_Speed_Limit,Crash_Road_Surface_Condition,Crash_Atmospheric_Condition,Crash_Lighting_Condition,Crash_Road_Horiz_Align,Crash_Road_Vert_Align,Crash_DCA_Code,Crash_DCA_Description,Crash_DCA_Group_Description,DCA_Key_Approach_Dir,Count_Casualty_Fatality,Count_Casualty_Hospitalised,Count_Casualty_MedicallyTreated,Count_Casualty_MinorInjury,Count_Casualty_Total,Count_Unit_Car,Count_Unit_Motorcycle_Moped,Count_Unit_Truck,Count_Unit_Bus,Count_Unit_Bicycle,Count_Unit_Pedestrian,Count_Unit_Other
4287,Medical treatment,2002,October,Wednesday,15,Rear-end,Multi-Vehicle,153.0939217,-26.67313052,Glen Kyle Dr,Sugar Rd,,Buderim,Sunshine Coast Region,4556,Maroochydore,Sunshine Coast,Central,SEQ North,North Coast and Wide Bay/Burnett,Buderim - North,Buderim,Sunshine Coast,Major Cities,Buderim,Fairfax,Locally-controlled,Intersection - T-Junction,No traffic control,60 km/h,Sealed - Dry,Clear,Daylight,Straight,Level,302,Veh'S Same Direction: Left Rear,Rear-end,E,0,0,1,0,1,2,0,0,0,0,0,0
4288,Property damage only,2002,October,Thursday,17,Hit object,Single Vehicle,152.9789726,-27.55358517,Cook St,Oxley Rd,,Oxley,Brisbane City,4075,Sherwood,South Brisbane,Brisbane,SEQ South,Metropolitan,Oxley (qld),Forest Lake - Oxley,Ipswich,Major Cities,Mount Ommaney,Moreton,Locally-controlled,Intersection - T-Junction,No traffic control,60 km/h,Sealed - Dry,Clear,Daylight,Straight,Level,703,Off Path-Straight: Left Off Cway Hit Obj,Off carriageway on straight hit object,S,0,0,0,0,0,1,0,0,0,0,0,0
4289,Medical treatment,2002,October,Thursday,8,Angle,Multi-Vehicle,153.2036237,-27.72124199,Killinure St,Tansey St,,Beenleigh,Logan City,4207,Beenleigh,Logan,South Eastern,SEQ South,South Coast,Beenleigh,Beenleigh,Logan - Beaudesert,Major Cities,Macalister,Forde,Locally-controlled,Intersection - T-Junction,No traffic control,0 - 50 km/h,Sealed - Dry,Clear,Daylight,Straight,Grade,104,Veh'S Adjacent Approach: Thru-Right,Intersection from adjacent approaches,S,0,0,1,0,1,2,0,0,0,0,0,0
4290,Medical treatment,2002,October,Thursday,10,Hit object,Single Vehicle,152.9487579,-27.42350171,Settlement Rd,,,Keperra,Brisbane City,4054,Ferny Grove,North Brisbane,Brisbane,SEQ North,Metropolitan,Keperra,The Gap - Enoggera,Brisbane - West,Major Cities,Ferny Grove,Ryan,Locally-controlled,No Roadway Feature,No traffic control,60 km/h,Sealed - Dry,Clear,Daylight,Curved - view open,Grade,803,Off Path-Curve: Off Cway Rt Bend Hit Obj,Off carriageway on curve hit object,S,0,0,1,0,1,1,1,0,0,0,0,0
4291,Property damage only,2002,October,Thursday,11,Angle,Multi-Vehicle,153.4088235,-28.03523419,Nerang - Broadbeach Rd,Southport - Burleigh Rd,Southport - Burleigh Road,Broadbeach Waters,Gold Coast City,4218,Broadbeach,Gold Coast,South Eastern,SEQ South,South Coast,Mermaid Waters,Broadbeach - Burleigh,Gold Coast,Major Cities,Surfers Paradise,Moncrieff,State-controlled,Intersection - Cross,Operating traffic lights,70 km/h,Sealed - Dry,Clear,Daylight,Straight,Level,308,Veh'S Same Direction: Right Turn S/Swipe,Parallel lanes turning,S,0,0,0,0,0,1,0,1,0,0,0,0
4292,Property damage only,2002,October,Thursday,17,Sideswipe,Multi-Vehicle,153.3698122,-28.08027227,Pacific Hwy,,Pacific Highway (Pacific Motorway),Mudgeeraba,Gold Coast City,4213,Mudgeeraba,Gold Coast,South Eastern,SEQ South,South Coast,Mudgeeraba - Bonogin,Mudgeeraba - Tallebudgera,Gold Coast,Major Cities,Mudgeeraba,Mcpherson,State-controlled,No Roadway Feature,No traffic control,100 - 110 km/h,Sealed - Dry,Clear,Daylight,Straight,Level,307,Veh'S Same Direction: Lane Change Left,Lane changes,N,0,0,0,0,0,1,0,1,0,0,0,0
4293,Minor injury,2002,October,Friday,13,Angle,Multi-Vehicle,153.0352219,-27.4864727,Gibbon St,Stanley St,,Woolloongabba,Brisbane City,4102,Dutton Park,South Brisbane,Brisbane,SEQ South,Metropolitan,Woolloongabba,Holland Park - Yeronga,Brisbane - South,Major Cities,South Brisbane,Griffith,Locally-controlled,Intersection - T-Junction,No traffic control,60 km/h,Sealed - Dry,Clear,Daylight,Straight,Level,408,Veh'S Manoeuvring: Entering From Footway,Vehicle leaving driveway,W,0,0,0,1,1,1,0,0,0,1,0,0
4294,Property damage only,2002,October,Friday,11,Sideswipe,Multi-Vehicle,153.25903,-27.7861468,Arthur Wy,Eggersdorf Rd,,Ormeau,Gold Coast City,4208,Coomera,Gold Coast,South Eastern,SEQ South,South Coast,Ormeau - Yatala,Ormeau - Oxenford,Gold Coast,Major Cities,Coomera,Fadden,Locally-controlled,Intersection - T-Junction,No traffic control,60 km/h,Sealed - Dry,Clear,Daylight,Curved - view obscured,Level,408,Veh'S Manoeuvring: Entering From Footway,Vehicle leaving driveway,E,0,0,0,0,0,2,0,0,0,0,0,0
4295,Property damage only,2002,October,Friday,2,Hit object,Single Vehicle,153.0161397,-27.24538757,Bruce Hwy,Bruce Hwy Ramp Ae,Bruce Highway (Brisbane - Gympie),North Lakes,Moreton Bay Region,4509,Mango Hill North Lakes,North Brisbane,Brisbane,SEQ North,North Coast and Wide Bay/Burnett,North Lakes - Mango Hill,North Lakes,Moreton Bay - South,Major Cities,Bancroft,Petrie,State-controlled,Intersection - Interchange,No traffic control,60 km/h,Sealed - Dry,Clear,Darkness - Lighted,Straight,Grade,700,Off Path-Straight: Other,Other,S,0,0,0,0,0,1,0,0,0,0,0,0
4296,Minor injury,2002,October,Friday,1,Sideswipe,Multi-Vehicle,153.4290912,-28.02496824,Australia Ave,Gold Coast Hwy,,Broadbeach,Gold Coast City,4218,Broadbeach,Gold Coast,South Eastern,SEQ South,South Coast,Mermaid Beach - Broadbeach,Broadbeach - Burleigh,Gold Coast,Major Cities,Surfers Paradise,Moncrieff,Locally-controlled,Intersection - T-Junction,Operating traffic lights,70 km/h,Sealed - Dry,Clear,Darkness - Lighted,Straight,Level,306,Veh'S Same Direction: Lane Change Right,Lane changes,S,0,0,0,1,1,2,0,0,0,0,0,0
4297,Hospitalisation,2002,October,Friday,10,Hit object,Single Vehicle,152.5618051,-27.38137725,Brisbane Valley Hwy,,Brisbane Valley Highway (Ipswich-Harlin),Wivenhoe Hill,Somerset Region,4311,Lowood,Ipswich,Southern,SEQ North,North Coast and Wide Bay/Burnett,Lowood,Ipswich Hinterland,Ipswich,Inner Regional,Nanango,Blair,State-controlled,No Roadway Feature,No traffic control,100 - 110 km/h,Sealed - Dry,Clear,Daylight,Straight,Level,703,Off Path-Straight: Left Off Cway Hit Obj,Off carriageway on straight hit object,N,0,1,0,0,1,1,0,0,0,0,0,0
4298,Medical treatment,2002,October,Friday,16,Angle,Multi-Vehicle,150.8233791,-23.26892752,Pacific St,Singleton St,,Zilzie,Livingstone Shire,4710,Emu Park,Capricornia,Central,Central,Central Queensland,Emu Park,Rockhampton,Central Queensland,Inner Regional,Keppel,Capricornia,Locally-controlled,Intersection - Cross,No traffic control,60 km/h,Sealed - Dry,Clear,Daylight,Straight,Grade,101,Veh'S Adjacent Approach: Thru-Thru,Intersection from adjacent approaches,E,0,0,1,0,1,2,0,0,0,0,0,0
4299,Property damage only,2002,October,Friday,12,Angle,Multi-Vehicle,149.1868072,-21.14368389,Sydney St,,,Mackay,Mackay Region,4740,Mackay,Mackay,Central,Central,Central Queensland,Mackay,Mackay,Mackay - Isaac - Whitsunday,Inner Regional,Mackay,Dawson,Locally-controlled,No Roadway Feature,No traffic control,60 km/h,Sealed - Dry,Clear,Daylight,Straight,Level,308,Veh'S Same Direction: Right Turn S/Swipe,Parallel lanes turning,S,0,0,0,0,0,2,0,0,0,0,0,0
4300,Minor injury,2002,October,Friday,13,Angle,Multi-Vehicle,149.1587487,-21.12143659,Grandview Dr,,,Mount Pleasant,Mackay Region,4740,Mackay,Mackay,Central,Central,Central Queensland,Mount Pleasant - Glenella,Mackay,Mackay - Isaac - Whitsunday,Inner Regional,Mackay,Dawson,Locally-controlled,No Roadway Feature,No traffic control,60 km/h,Sealed - Dry,Clear,Daylight,Straight,Level,202,Veh'S Opposite Approach: Thru-Right,Opposing vehicles turning,W,0,0,0,1,1,1,1,0,0,0,0,0
4301,Property damage only,2002,October,Saturday,15,Hit object,Single Vehicle,153.0122683,-27.53019509,Fairfield Rd,Palomar Rd,,Yeerongpilly,Brisbane City,4105,Sherwood,South Brisbane,Brisbane,SEQ South,Metropolitan,Yeronga,Holland Park - Yeronga,Brisbane - South,Major Cities,Miller,Moreton,Locally-controlled,Intersection - Cross,Operating traffic lights,70 km/h,Sealed - Dry,Clear,Daylight,Straight,Level,703,Off Path-Straight: Left Off Cway Hit Obj,Off carriageway on straight hit object,N,0,0,0,0,0,0,0,1,0,0,0,0
4302,Medical treatment,2002,October,Saturday,14,Angle,Multi-Vehicle,152.9485589,-27.09963328,Burpengary - Caboolture Rd,William Berry Dr,,Caboolture South,Moreton Bay Region,4510,Caboolture,Moreton,Southern,SEQ North,North Coast and Wide Bay/Burnett,Caboolture - South,Caboolture,Moreton Bay - North,Major Cities,Morayfield,Longman,Locally-controlled,Intersection - T-Junction,Operating traffic lights,60 km/h,Sealed - Dry,Clear,Daylight,Straight,Level,400,Veh'S Manoeuvring: Other,Other,,0,0,1,0,1,1,0,0,0,1,0,0
4303,Minor injury,2002,October,Saturday,19,Angle,Multi-Vehicle,153.1204721,-27.61547778,Compton Rd,Pacific Hwy Service Rd,,Underwood,Logan City,4119,Logan Central,Logan,South Eastern,SEQ South,South Coast,Underwood,Springwood - Kingston,Logan - Beaudesert,Major Cities,Waterford,Rankin,Locally-controlled,Intersection - Cross,Operating traffic lights,60 km/h,Sealed - Dry,Clear,Darkness - Lighted,Curved - view open,Level,101,Veh'S Adjacent Approach: Thru-Thru,Intersection from adjacent approaches,E,0,0,0,1,1,2,0,0,0,0,0,0
4304,Property damage only,2002,October,Saturday,16,Angle,Multi-Vehicle,153.0620417,-27.43065,Kitchener Rd,Lancaster Rd,,Ascot,Brisbane City,4007,Hendra,North Brisbane,Brisbane,SEQ North,Metropolitan,Ascot,Brisbane Inner - North,Brisbane Inner City,Major Cities,Clayfield,Brisbane,Locally-controlled,Intersection - Cross,Operating traffic lights,0 - 50 km/h,Sealed - Dry,Clear,Daylight,Straight,Level,202,Veh'S Opposite Approach: Thru-Right,Opposing vehicles turning,W,0,0,0,0,0,2,0,0,0,0,0,0
4305,Medical treatment,2002,October,Saturday,13,Sideswipe,Multi-Vehicle,153.3494587,-28.0156817,Nielsens Rd,Spencer Rd,,Carrara,Gold Coast City,4211,Nerang,Gold Coast,South Eastern,SEQ South,South Coast,Carrara,Nerang,Gold Coast,Major Cities,Gaven,Moncrieff,Locally-controlled,Intersection - Roundabout,No traffic control,60 km/h,Sealed - Dry,Clear,Daylight,Curved - view open,Level,308,Veh'S Same Direction: Right Turn S/Swipe,Parallel lanes turning,E,0,0,1,0,1,1,1,0,0,0,0,0
4306,Property damage only,2002,October,Saturday,23,Hit object,Single Vehicle,148.3378797,-23.57303138,Capricorn Hwy,,Capricorn Highway (Duaringa - Emerald),Comet,Central Highlands Region,4702,Emerald,Capricornia,Central,Central,Central Queensland,Central Highlands - West,Central Highlands (qld),Central Queensland,Outer Regional,Gregory,Flynn,State-controlled,No Roadway Feature,No traffic control,100 - 110 km/h,Sealed - Dry,Clear,Darkness - Not lighted,Straight,Level,703,Off Path-Straight: Left Off Cway Hit Obj,Off carriageway on straight hit object,W,0,0,0,0,0,1,0,0,0,0,0,0
4307,Hospitalisation,2002,October,Saturday,13,Hit object,Single Vehicle,150.6017496,-23.41090723,Rockhampton - Emu Park Rd,,Rockhampton - Emu Park Road,Nerimbera,Livingstone Shire,4701,Lakes Creek,Capricornia,Central,Central,Central Queensland,Rockhampton Region - East,Rockhampton,Central Queensland,Inner Regional,Keppel,Capricornia,State-controlled,No Roadway Feature,No traffic control,100 - 110 km/h,Sealed - Dry,Clear,Daylight,Curved - view obscured,Level,803,Off Path-Curve: Off Cway Rt Bend Hit Obj,Off carriageway on curve hit object,W,0,1,0,0,1,0,1,0,0,0,0,0
4308,Property damage only,2002,October,Sunday,16,Hit object,Single Vehicle,153.0167594,-27.41051782,Stafford Rd,Webster Rd,East-West Arterial Road,Stafford,Brisbane City,4053,Stafford,North Brisbane,Brisbane,SEQ North,Metropolitan,Stafford,Chermside,Brisbane - North,Major Cities,Stafford,Brisbane,State-controlled,Intersection - T-Junction,No traffic control,60 km/h,Sealed - Wet,Raining,Daylight,Curved - view open,Level,703,Off Path-Straight: Left Off Cway Hit Obj,Off carriageway on straight hit object,N,0,0,0,0,0,1,0,0,0,0,0,0
4309,Medical treatment,2002,October,Sunday,18,Rear-end,Multi-Vehicle,153.032067,-27.38604985,Hamilton Rd,Thomas St,,Chermside,Brisbane City,4032,Boondall,North Brisbane,Brisbane,SEQ North,Metropolitan,Chermside,Chermside,Brisbane - North,Major Cities,Stafford,Lilley,Locally-controlled,Intersection - T-Junction,Operating traffic lights,60 km/h,Sealed - Wet,Raining,Darkness - Lighted,Straight,Level,301,Veh'S Same Direction: Rear End,Rear-end,E,0,0,1,0,1,2,0,0,0,0,0,0
4310,Property damage only,2002,October,Sunday,23,Hit object,Single Vehicle,153.1185245,-27.6499882,Queens Rd,,Brisbane - Beenleigh Road,Slacks Creek,Logan City,4127,Logan Central,Logan,South Eastern,SEQ South,South Coast,Slacks Creek,Springwood - Kingston,Logan - Beaudesert,Major Cities,Waterford,Rankin,State-controlled,No Roadway Feature,No traffic control,60 km/h,Sealed - Wet,Clear,Darkness - Lighted,Straight,Level,703,Off Path-Straight: Left Off Cway Hit Obj,Off carriageway on straight hit object,E,0,0,0,0,0,1,0,0,0,0,0,0
4311,Property damage only,2002,October,Sunday,12,Rear-end,Multi-Vehicle,152.6884104,-26.1821808,Tin Can Bay Rd,,Tin Can Bay Road,Victory Heights,Gympie Region,4570,Gympie,Wide Bay Burnett,Central,Southern,North Coast and Wide Bay/Burnett,Gympie - North,Gympie - Cooloola,Wide Bay,Inner Regional,Gympie,Wide Bay,State-controlled,No Roadway Feature,No traffic control,80 - 90 km/h,Sealed - Dry,Clear,Daylight,Straight,Grade,301,Veh'S Same Direction: Rear End,Rear-end,S,0,0,0,0,0,2,0,0,0,0,0,0
4312,Hospitalisation,2002,October,Monday,12,Hit pedestrian,Hit pedestrian,153.0186814,-27.47369813,Melbourne St,,South East Busway (Brisbane Cbd - Woolloongabba),South Brisbane,Brisbane City,4101,West End,South Brisbane,Brisbane,SEQ South,Metropolitan,South Brisbane,Brisbane Inner,Brisbane Inner City,Major Cities,South Brisbane,Griffith,State-controlled,No Roadway Feature,Pedestrian operated lights,60 km/h,Sealed - Dry,Clear,Daylight,Straight,Level,3,Ped'N: Far Side Vehicle Hit From Left,Pedestrian,E,0,1,0,0,1,1,0,0,0,0,1,0
4313,Property damage only,2002,October,Monday,9,Rear-end,Multi-Vehicle,153.0324246,-27.35859938,Zillmere Rd,,,Zillmere,Brisbane City,4034,Boondall,North Brisbane,Brisbane,SEQ North,Metropolitan,Zillmere,Sandgate,Brisbane - North,Major Cities,Aspley,Lilley,Locally-controlled,No Roadway Feature,No traffic control,0 - 50 km/h,Sealed - Dry,Clear,Daylight,Straight,Level,301,Veh'S Same Direction: Rear End,Rear-end,W,0,0,0,0,0,3,0,0,0,0,0,0
4314,Hospitalisation,2002,October,Monday,10,Hit pedestrian,Hit pedestrian,153.222864,-27.73086573,Old Pacific Hwy,,,Yatala,Gold Coast City,4207,Coomera,Gold Coast,South Eastern,SEQ South,South Coast,Ormeau - Yatala,Ormeau - Oxenford,Gold Coast,Major Cities,Coomera,Forde,Locally-controlled,No Roadway Feature,No traffic control,60 km/h,Sealed - Dry,Clear,Daylight,Straight,Level,1,Ped'N: Near Side Vehicle Hit From Right,Pedestrian,S,0,1,0,0,1,1,0,0,0,0,1,0
4315,Medical treatment,2002,October,Monday,8,Fall from vehicle,Single Vehicle,152.5476964,-27.01639324,Esk - Kilcoy Rd,,Esk - Kilcoy Road,Hazeldean,Somerset Region,4515,Kilcoy,Moreton,Southern,SEQ North,North Coast and Wide Bay/Burnett,Kilcoy,Caboolture Hinterland,Moreton Bay - North,Inner Regional,Nanango,Blair,State-controlled,No Roadway Feature,No traffic control,100 - 110 km/h,Sealed - Wet,Clear,Daylight,Straight,Level,901,Pass & Misc: Fell In/From Vehicle,Other,S,0,0,1,0,1,0,1,0,0,0,0,0
4316,Property damage only,2002,October,Monday,20,Angle,Multi-Vehicle,153.4289595,-27.98009186,Main Beach Pde,Woodroffe Ave,,Main Beach,Gold Coast City,4217,Surfers Paradise,Gold Coast,South Eastern,SEQ South,South Coast,Main Beach,Surfers Paradise,Gold Coast,Major Cities,Surfers Paradise,Moncrieff,Locally-controlled,Intersection - Cross,No traffic control,60 km/h,Sealed - Dry,Clear,Darkness - Lighted,Straight,Level,202,Veh'S Opposite Approach: Thru-Right,Opposing vehicles turning,S,0,0,0,0,0,2,0,0,0,0,0,0
4317,Medical treatment,2002,October,Monday,18,Hit parked vehicle,Single Vehicle,153.4241435,-28.00296576,Watson Esp,,,Surfers Paradise,Gold Coast City,4217,Surfers Paradise,Gold Coast,South Eastern,SEQ South,South Coast,Surfers Paradise,Surfers Paradise,Gold Coast,Major Cities,Surfers Paradise,Moncrieff,Locally-controlled,No Roadway Feature,No traffic control,60 km/h,Sealed - Dry,Clear,Darkness - Lighted,Curved - view open,Level,200,Veh'S Opposite Approach: Other,Other,W,0,0,3,0,3,2,0,0,0,0,1,0
4318,Medical treatment,2002,October,Monday,15,Overturned,Single Vehicle,151.9250124,-25.15863361,Old Gayndah Rd,,,St Agnes,Bundaberg Region,4671,Gin Gin,Wide Bay Burnett,Central,Southern,North Coast and Wide Bay/Burnett,Gin Gin,Burnett,Wide Bay,Outer Regional,Callide,Flynn,Locally-controlled,No Roadway Feature,No traffic control,100 - 110 km/h,Unsealed - Wet,Clear,Daylight,Curved - view open,Grade,805,Off Path-Curve: Out Of Control On Cway,Out of control on curve,E,0,0,3,0,3,1,0,0,0,0,0,0
4319,Fatal,2002,October,Tuesday,15,Sideswipe,Multi-Vehicle,153.059162,-27.59598381,Pinelands Rd,,,Sunnybank Hills,Brisbane City,4109,Acacia Ridge,South Brisbane,Brisbane,SEQ South,Metropolitan,Sunnybank Hills,Sunnybank,Brisbane - South,Major Cities,Stretton,Moreton,Locally-controlled,No Roadway Feature,No traffic control,70 km/h,Sealed - Dry,Clear,Daylight,Straight,Crest,305,Veh'S Same Direction: Lane Side Swipe,Lane changes,S,2,0,0,0,2,2,0,0,0,0,0,0
4320,Fatal,2002,October,Tuesday,14,Hit pedestrian,Hit pedestrian,153.0521746,-27.51984329,Esher St,Mananda St,,Holland Park West,Brisbane City,4121,Holland Park,South Brisbane,Brisbane,SEQ South,Metropolitan,Holland Park West,Holland Park - Yeronga,Brisbane - South,Major Cities,Greenslopes,Griffith,Locally-controlled,Intersection - T-Junction,No traffic control,60 km/h,Sealed - Dry,Clear,Daylight,Straight,Crest,1,Ped'N: Near Side Vehicle Hit From Right,Pedestrian,E,1,0,0,0,1,1,0,0,0,0,1,0
4321,Minor injury,2002,October,Tuesday,16,Angle,Multi-Vehicle,153.1135204,-27.47286711,Murarrie Rd,Wynnum Rd,,Tingalpa,Brisbane City,4173,Morningside,South Brisbane,Brisbane,SEQ South,Metropolitan,Tingalpa,Wynnum - Manly,Brisbane - East,Major Cities,Lytton,Bonner,Locally-controlled,Intersection - T-Junction,No traffic control,70 km/h,Sealed - Dry,Clear,Daylight,Straight,Level,202,Veh'S Opposite Approach: Thru-Right,Opposing vehicles turning,W,0,0,0,1,1,1,1,0,0,0,0,0
4322,Medical treatment,2002,October,Tuesday,14,Angle,Multi-Vehicle,152.7712253,-27.61511751,Chermside Rd,Ipswich - Cunningham Hwy Connection Rd,Ipswich - Cunningham Hwy Connection Road,Newtown,Ipswich City,4305,Ipswich,Ipswich,Southern,SEQ South,Metropolitan,Ipswich - East,Ipswich Inner,Ipswich,Major Cities,Ipswich,Blair,State-controlled,Intersection - Multiple Road,Operating traffic lights,60 km/h,Sealed - Dry,Clear,Daylight,Straight,Grade,101,Veh'S Adjacent Approach: Thru-Thru,Intersection from adjacent approaches,E,0,0,1,0,1,2,0,0,0,0,0,0
4323,Medical treatment,2002,October,Tuesday,16,Rear-end,Multi-Vehicle,153.3805184,-28.06997907,Cheltenham Dr,,,Robina,Gold Coast City,4226,Robina,Gold Coast,South Eastern,SEQ South,South Coast,Robina,Robina,Gold Coast,Major Cities,Mudgeeraba,Mcpherson,Locally-controlled,No Roadway Feature,No traffic control,0 - 50 km/h,Sealed - Dry,Clear,Daylight,Straight,Level,301,Veh'S Same Direction: Rear End,Rear-end,E,0,0,1,0,1,2,0,0,0,0,0,0
4324,Property damage only,2002,October,Tuesday,18,Sideswipe,Multi-Vehicle,149.078697,-21.14028356,Mallia Rd,,,Dumbleton,Mackay Region,4740,Farleigh,Mackay,Central,Central,Central Queensland,Seaforth - Calen,Mackay,Mackay - Isaac - Whitsunday,Outer Regional,Whitsunday,Dawson,Locally-controlled,No Roadway Feature,No traffic control,100 - 110 km/h,Sealed - Dry,Clear,Dawn/Dusk,Straight,Level,201,Veh'S Opposite Approach: Head On,Head-on,E,0,0,0,0,0,2,0,0,0,0,0,0
4325,Property damage only,2002,October,Wednesday,15,Angle,Multi-Vehicle,153.0590989,-27.53453297,Gaza Rd,South East Art Rd Ramp Xe,,Holland Park West,Brisbane City,4121,Holland Park,South Brisbane,Brisbane,SEQ South,Metropolitan,Holland Park West,Holland Park - Yeronga,Brisbane - South,Major Cities,Greenslopes,Bonner,Locally-controlled,Intersection - Interchange,Operating traffic lights,60 km/h,Sealed - Dry,Clear,Daylight,Straight,Level,202,Veh'S Opposite Approach: Thru-Right,Opposing vehicles turning,E,0,0,0,0,0,2,0,0,0,0,0,0
4326,Hospitalisation,2002,October,Wednesday,1,Hit object,Single Vehicle,153.040015,-27.3128239,Gateway Arterial Rd,,Gateway Arterial Road (Gateway Motorway - North),Bracken Ridge,Brisbane City,4017,Sandgate,North Brisbane,Brisbane,SEQ North,Metropolitan,Bracken Ridge,Sandgate,Brisbane - North,Major Cities,Sandgate,Petrie,State-controlled,Bridge/Causeway,No traffic control,100 - 110 km/h,Sealed - Dry,Clear,Darkness - Lighted,Curved - view open,Grade,805,Off Path-Curve: Out Of Control On Cway,Out of control on curve,E,0,1,0,0,1,1,0,0,0,0,0,0
4327,Hospitalisation,2002,October,Wednesday,6,Angle,Multi-Vehicle,153.0906311,-27.6047322,Beenleigh Rd,,,Kuraby,Brisbane City,4112,Upper Mount Gravatt,South Brisbane,Brisbane,SEQ South,Metropolitan,Kuraby,Sunnybank,Brisbane - South,Major Cities,Stretton,Moreton,Locally-controlled,No Roadway Feature,No traffic control,60 km/h,Sealed - Dry,Clear,Dawn/Dusk,Straight,Level,308,Veh'S Same Direction: Right Turn S/Swipe,Parallel lanes turning,W,0,1,0,0,1,1,1,0,0,0,0,0
4328,Minor injury,2002,October,Wednesday,13,Angle,Multi-Vehicle,153.0662858,-27.57228802,Mccullough St,,,Sunnybank,Brisbane City,4109,Upper Mount Gravatt,South Brisbane,Brisbane,SEQ South,Metropolitan,Sunnybank,Sunnybank,Brisbane - South,Major Cities,Toohey,Moreton,Locally-controlled,No Roadway Feature,Operating traffic lights,60 km/h,Sealed - Dry,Clear,Daylight,Straight,Level,406,Veh'S Manoeuvring: Leaving Driveway,Vehicle leaving driveway,W,0,0,0,2,2,2,0,0,0,0,0,0
4329,Medical treatment,2002,October,Wednesday,19,Angle,Multi-Vehicle,153.092135,-27.57584681,Logan Sub-Arterial Rd,Padstow Rd,Logan Sub-Arterial Road,Eight Mile Plains,Brisbane City,4113,Upper Mount Gravatt,South Brisbane,Brisbane,SEQ South,Metropolitan,Eight Mile Plains,Mt Gravatt,Brisbane - South,Major Cities,Toohey,Moreton,State-controlled,Intersection - Cross,Operating traffic lights,70 km/h,Sealed - Dry,Clear,Darkness - Lighted,Straight,Level,101,Veh'S Adjacent Approach: Thru-Thru,Intersection from adjacent approaches,N,0,0,1,0,1,3,0,0,0,0,0,0
4330,Minor injury,2002,October,Wednesday,16,Sideswipe,Multi-Vehicle,153.0973048,-27.57409071,South East Arterial Rd,,South-East Arterial Road (Pacific Motorway),Eight Mile Plains,Brisbane City,4113,Upper Mount Gravatt,South Brisbane,Brisbane,SEQ South,Metropolitan,Eight Mile Plains,Mt Gravatt,Brisbane - South,Major Cities,Toohey,Bonner,State-controlled,No Roadway Feature,No traffic control,100 - 110 km/h,Sealed - Dry,Clear,Daylight,Straight,Level,308,Veh'S Same Direction: Right Turn S/Swipe,Parallel lanes turning,N,0,0,0,1,1,1,0,0,0,0,0,1
4331,Hospitalisation,2002,October,Wednesday,15,Rear-end,Multi-Vehicle,153.1160094,-27.60104779,Pacific Hwy,,Pacific Highway (Pacific Motorway),Rochedale South,Logan City,4123,Springwood,Logan,South Eastern,SEQ South,South Coast,Rochedale South - Priestdale,Springwood - Kingston,Logan - Beaudesert,Major Cities,Springwood,Rankin,State-controlled,No Roadway Feature,No traffic control,100 - 110 km/h,Sealed - Dry,Clear,Daylight,Straight,Level,301,Veh'S Same Direction: Rear End,Rear-end,S,0,1,0,0,1,2,0,1,0,0,0,0
4332,Minor injury,2002,October,Wednesday,8,Rear-end,Multi-Vehicle,153.1264654,-27.6206077,Pacific Hwy,,Pacific Highway (Pacific Motorway),Slacks Creek,Logan City,4127,Springwood,Logan,South Eastern,SEQ South,South Coast,Slacks Creek,Springwood - Kingston,Logan - Beaudesert,Major Cities,Waterford,Rankin,State-controlled,No Roadway Feature,No traffic control,100 - 110 km/h,Sealed - Dry,Clear,Daylight,Straight,Level,301,Veh'S Same Direction: Rear End,Rear-end,N,0,0,0,1,1,4,0,0,0,0,0,0
4333,Medical treatment,2002,October,Wednesday,8,Rear-end,Multi-Vehicle,152.7470755,-27.58823955,Hunter St,,Ipswich - Warrego Hwy Connection Road,Brassall,Ipswich City,4305,Karana Downs,Ipswich,Southern,SEQ South,Metropolitan,Brassall,Ipswich Inner,Ipswich,Major Cities,Ipswich West,Blair,State-controlled,No Roadway Feature,No traffic control,0 - 50 km/h,Sealed - Dry,Clear,Daylight,Straight,Level,302,Veh'S Same Direction: Left Rear,Rear-end,N,0,0,1,0,1,2,0,0,0,0,0,0
4334,Property damage only,2002,October,Wednesday,16,Hit object,Single Vehicle,152.8511454,-27.62247354,Eagle St,Gibbs Ave,,Collingwood Park,Ipswich City,4301,Goodna,Ipswich,Southern,SEQ South,Metropolitan,Collingwood Park - Redbank,Springfield - Redbank,Ipswich,Major Cities,Bundamba,Blair,Locally-controlled,Intersection - T-Junction,No traffic control,60 km/h,Sealed - Dry,Clear,Daylight,Straight,Level,708,Off Path-Straight: Mounts Traffic Island,Off carriageway on straight hit object,W,0,0,0,0,0,1,0,0,0,0,0,0