Crash_Ref_Number,Crash_Severity,Crash_Year,Crash_Month,Crash_Day_Of_Week,Crash_Hour,Crash_Nature,Crash_Type,Crash_Longitude_GDA94,Crash_Latitude_GDA94,Crash_Street,Crash_Street_Intersecting,State_Road_Name,Loc_Suburb,Loc_Local_Government_Area,Loc_Post_Code,Loc_Police_Division,Loc_Police_District,Loc_Police_Region,Loc_Queensland_Transport_Region,Loc_Main_Roads_Region,Loc_ABS_Statistical_Area_2,Loc_ABS_Statistical_Area_3,Loc_ABS_Statistical_Area_4,Loc_ABS_Remoteness,Loc_State_Electorate,Loc_Federal_Electorate,Crash_Controlling_Authority,Crash_Roadway_Feature,Crash_Traffic_Control,Crash_Speed_Limit,Crash_Road_Surface_Condition,Crash_Atmospheric_Condition,Crash_Lighting_Condition,Crash_Road_Horiz_Align,Crash_Road_Vert_Align,Crash_DCA_Code,Crash_DCA_Description,Crash_DCA_Group_Description,DCA_Key_Approach_Dir,Count_Casualty_Fatality,Count_Casualty_Hospitalised,Count_Casualty_MedicallyTreated,Count_Casualty_MinorInjury,Count_Casualty_Total,Count_Unit_Car,Count_Unit_Motorcycle_Moped,Count_Unit_Truck,Count_Unit_Bus,Count_Unit_Bicycle,Count_Unit_Pedestrian,Count_Unit_Other
4479,Property damage only,2002,November,Monday,16,Angle,Multi-Vehicle,152.9602352,-27.73530331,Pub La,Sentinel Dr,,New Beith,Logan City,4124,Jimboomba,Logan,South Eastern,SEQ South,South Coast,Greenbank,Jimboomba,Logan - Beaudesert,Major Cities,Jordan,Wright,Locally-controlled,Intersection - Roundabout,Give way sign,80 - 90 km/h,Sealed - Dry,Clear,Daylight,Straight,Level,101,Veh'S Adjacent Approach: Thru-Thru,Intersection from adjacent approaches,S,0,0,0,0,0,1,0,1,0,0,0,0
4480,Medical treatment,2002,November,Monday,16,Hit object,Single Vehicle,151.1807886,-25.14636012,Burnett Hwy,,Burnett Highway (Gayndah - Monto),Abercorn,North Burnett Region,4627,Eidsvold,Wide Bay Burnett,Central,Southern,North Coast and Wide Bay/Burnett,Monto - Eidsvold,Burnett,Wide Bay,Outer Regional,Callide,Flynn,State-controlled,No Roadway Feature,No traffic control,100 - 110 km/h,Sealed - Dry,Clear,Daylight,Curved - view open,Grade,803,Off Path-Curve: Off Cway Rt Bend Hit Obj,Off carriageway on curve hit object,S,0,0,1,0,1,0,1,0,0,0,0,0
4481,Property damage only,2002,November,Monday,6,Angle,Multi-Vehicle,152.2053315,-24.81211773,Bundaberg - Lowmead Rd,Quinns Rd,Bundaberg - Miriam Vale Road,Moorland,Bundaberg Region,4670,Bundaberg,Wide Bay Burnett,Central,Southern,North Coast and Wide Bay/Burnett,Bundaberg Region - North,Bundaberg,Wide Bay,Inner Regional,Burnett,Flynn,State-controlled,Intersection - Cross,No traffic control,100 - 110 km/h,Sealed - Dry,Clear,Daylight,Straight,Level,506,Veh'S Overtaking: Overtake-Right Turn,Overtaking same direction,W,0,0,0,0,0,2,0,0,0,0,0,0
4482,Hospitalisation,2002,November,Monday,15,Overturned,Single Vehicle,149.3077209,-23.56320777,Fitzroy Developmental Rd,,Fitzroy Dev Road (Dingo - Mt. Flora),Dingo,Central Highlands Region,4702,Duaringa,Capricornia,Central,Central,Central Queensland,Central Highlands - East,Central Highlands (qld),Central Queensland,Remote,Gregory,Flynn,State-controlled,No Roadway Feature,No traffic control,100 - 110 km/h,Sealed - Dry,Clear,Daylight,Curved - view open,Level,800,Off Path-Curve: Other,Other,S,0,3,0,0,3,1,0,0,0,0,0,0
4483,Property damage only,2002,November,Tuesday,21,Head-on,Multi-Vehicle,153.0226013,-27.65801685,Johnson Rd,,,Hillcrest,Logan City,4118,Browns Plains,Logan,South Eastern,SEQ South,South Coast,Hillcrest,Browns Plains,Logan - Beaudesert,Major Cities,Algester,Rankin,Locally-controlled,No Roadway Feature,No traffic control,60 km/h,Sealed - Dry,Clear,Darkness - Lighted,Straight,Level,201,Veh'S Opposite Approach: Head On,Head-on,E,0,0,0,0,0,2,0,0,0,0,0,0
4484,Medical treatment,2002,November,Tuesday,8,Rear-end,Multi-Vehicle,153.2285022,-27.48940835,Birkdale Rd,,Birkdale Road,Birkdale,Redland City,4159,Capalaba,South Brisbane,Brisbane,SEQ South,Metropolitan,Birkdale,Capalaba,Brisbane - East,Major Cities,Oodgeroo,Bowman,State-controlled,No Roadway Feature,School crossing - flags,60 km/h,Sealed - Dry,Clear,Daylight,Straight,Level,301,Veh'S Same Direction: Rear End,Rear-end,E,0,0,1,0,1,2,0,0,0,0,0,0
4485,Minor injury,2002,November,Tuesday,11,Rear-end,Multi-Vehicle,153.0584984,-27.41479749,Gellibrand St,Sandgate Rd,,Clayfield,Brisbane City,4011,Hendra,North Brisbane,Brisbane,SEQ North,Metropolitan,Clayfield,Brisbane Inner - North,Brisbane Inner City,Major Cities,Clayfield,Brisbane,Locally-controlled,Intersection - T-Junction,Give way sign,60 km/h,Sealed - Dry,Clear,Daylight,Straight,Level,406,Veh'S Manoeuvring: Leaving Driveway,Vehicle leaving driveway,E,0,0,0,1,1,2,0,0,0,0,0,0
4486,Property damage only,2002,November,Tuesday,8,Rear-end,Multi-Vehicle,153.1516598,-27.06994829,Charlotte Ave,Welsby Pde,,Bongaree,Moreton Bay Region,4507,Bribie Island,Moreton,Southern,SEQ North,North Coast and Wide Bay/Burnett,Bribie Island,Bribie - Beachmere,Moreton Bay - North,Inner Regional,Pumicestone,Longman,Locally-controlled,Intersection - T-Junction,No traffic control,60 km/h,Sealed - Dry,Clear,Daylight,Straight,Level,303,Veh'S Same Direction: Right Rear,Rear-end,N,0,0,0,0,0,2,0,0,0,0,0,0
4487,Medical treatment,2002,November,Tuesday,12,Rear-end,Multi-Vehicle,153.0631119,-26.64223669,Maroochydore - Noosa Rd,,Maroochydore - Noosa Road,Maroochydore,Sunshine Coast Region,4558,Maroochydore,Sunshine Coast,Central,SEQ North,North Coast and Wide Bay/Burnett,Maroochydore - Kuluin,Maroochy,Sunshine Coast,Major Cities,Ninderry,Fairfax,State-controlled,No Roadway Feature,No traffic control,60 km/h,Sealed - Dry,Clear,Daylight,Straight,Level,303,Veh'S Same Direction: Right Rear,Rear-end,E,0,0,2,0,2,1,0,1,0,0,0,0
4488,Property damage only,2002,November,Tuesday,15,Rear-end,Multi-Vehicle,153.4700776,-28.13580766,Guineas Creek Rd,,,Elanora,Gold Coast City,4221,Palm Beach,Gold Coast,South Eastern,SEQ South,South Coast,Elanora,Coolangatta,Gold Coast,Major Cities,Currumbin,Mcpherson,Locally-controlled,No Roadway Feature,No traffic control,60 km/h,Sealed - Dry,Clear,Daylight,Straight,Level,301,Veh'S Same Direction: Rear End,Rear-end,E,0,0,0,0,0,3,0,0,0,0,0,0
4489,Property damage only,2002,November,Tuesday,2,Overturned,Single Vehicle,149.9104407,-25.9142745,Leichhardt Hwy,,Leichhardt Highway (Taroom - Miles),Grosmont,Western Downs Region,4419,Wandoan,South West,Southern,Southern,Downs South West,Miles - Wandoan,Darling Downs (west) - Maranoa,Darling Downs - Maranoa,Remote,Callide,Maranoa,State-controlled,No Roadway Feature,No traffic control,100 - 110 km/h,Sealed - Dry,Clear,Darkness - Not lighted,Straight,Grade,700,Off Path-Straight: Other,Other,N,0,0,0,0,0,0,0,1,0,0,0,0
4490,Property damage only,2002,November,Tuesday,13,Hit object,Single Vehicle,144.2481925,-23.44534413,Galah St,Pelican St,,Longreach,Longreach Region,4730,Longreach,South West,Southern,Central,Central Queensland,Longreach,Outback - South,Queensland - Outback,Very Remote,Gregory,Maranoa,Locally-controlled,Intersection - Cross,No traffic control,60 km/h,Sealed - Dry,Clear,Daylight,Straight,Level,708,Off Path-Straight: Mounts Traffic Island,Off carriageway on straight hit object,S,0,0,0,0,0,1,0,0,0,0,0,0
4491,Hospitalisation,2002,November,Tuesday,16,Angle,Multi-Vehicle,149.1880802,-21.12508175,Evans Ave,,,North Mackay,Mackay Region,4740,Mackay,Mackay,Central,Central,Central Queensland,North Mackay,Mackay,Mackay - Isaac - Whitsunday,Inner Regional,Mackay,Dawson,Locally-controlled,Median Opening,No traffic control,60 km/h,Sealed - Dry,Clear,Daylight,Straight,Level,202,Veh'S Opposite Approach: Thru-Right,Opposing vehicles turning,S,0,1,0,0,1,1,0,0,0,0,0,1
4492,Property damage only,2002,November,Tuesday,20,Hit object,Single Vehicle,149.1775588,-21.14616632,Milton St,,,Mackay,Mackay Region,4740,Mackay,Mackay,Central,Central,Central Queensland,Mackay,Mackay,Mackay - Isaac - Whitsunday,Inner Regional,Mackay,Dawson,Locally-controlled,No Roadway Feature,No traffic control,60 km/h,Sealed - Dry,Clear,Darkness - Lighted,Curved - view open,Level,803,Off Path-Curve: Off Cway Rt Bend Hit Obj,Off carriageway on curve hit object,N,0,0,0,0,0,1,0,0,0,0,0,0
4493,Medical treatment,2002,November,Wednesday,20,Sideswipe,Multi-Vehicle,153.0184082,-27.27634809,Bruce Hwy,,Bruce Highway (Brisbane - Gympie),Griffin,Moreton Bay Region,4503,Mango Hill North Lakes,North Brisbane,Brisbane,SEQ North,North Coast and Wide Bay/Burnett,Murrumba Downs - Griffin,North Lakes,Moreton Bay - South,Major Cities,Murrumba,Petrie,State-controlled,No Roadway Feature,No traffic control,100 - 110 km/h,Sealed - Dry,Clear,Darkness - Lighted,Straight,Level,305,Veh'S Same Direction: Lane Side Swipe,Lane changes,S,0,0,1,0,1,2,0,0,0,0,0,0
4494,Property damage only,2002,November,Wednesday,1,Hit object,Single Vehicle,153.0431076,-27.43303223,Collingwood St,Sandgate Rd,,Albion,Brisbane City,4010,Hendra,North Brisbane,Brisbane,SEQ North,Metropolitan,Albion,Brisbane Inner - North,Brisbane Inner City,Major Cities,Clayfield,Brisbane,Locally-controlled,Intersection - T-Junction,No traffic control,60 km/h,Sealed - Dry,Clear,Darkness - Lighted,Curved - view open,Level,803,Off Path-Curve: Off Cway Rt Bend Hit Obj,Off carriageway on curve hit object,S,0,0,0,0,0,1,0,0,0,0,0,0
4495,Property damage only,2002,November,Wednesday,8,Rear-end,Multi-Vehicle,152.860086,-26.39178557,Bruce Hwy,,Cooroy - Gympie Road,Pomona,Noosa Shire,4568,Pomona,Sunshine Coast,Central,SEQ North,North Coast and Wide Bay/Burnett,Noosa Hinterland,Noosa Hinterland,Sunshine Coast,Inner Regional,Noosa,Wide Bay,State-controlled,No Roadway Feature,No traffic control,100 - 110 km/h,Sealed - Dry,Clear,Daylight,Straight,Grade,301,Veh'S Same Direction: Rear End,Rear-end,N,0,0,0,0,0,2,0,0,0,0,0,0
4496,Hospitalisation,2002,November,Wednesday,15,Angle,Multi-Vehicle,152.7014994,-25.53194352,Fort St,Maryborough - Hervey Bay Rd,Maryborough - Hervey Bay Road,Maryborough,Fraser Coast Region,4650,Maryborough,Wide Bay Burnett,Central,Southern,North Coast and Wide Bay/Burnett,Maryborough (qld),Maryborough,Wide Bay,Inner Regional,Maryborough,Wide Bay,State-controlled,Intersection - Cross,No traffic control,60 km/h,Sealed - Dry,Clear,Daylight,Straight,Level,202,Veh'S Opposite Approach: Thru-Right,Opposing vehicles turning,W,0,1,0,0,1,2,0,0,0,0,0,0
4497,Minor injury,2002,November,Wednesday,16,Rear-end,Multi-Vehicle,149.2135889,-21.0807776,Mackay - Slade Point Rd,,Mackay - Slade Point Road,Slade Point,Mackay Region,4740,Mackay,Mackay,Central,Central,Central Queensland,Slade Point,Mackay,Mackay - Isaac - Whitsunday,Inner Regional,Mackay,Dawson,State-controlled,No Roadway Feature,No traffic control,60 km/h,Sealed - Dry,Clear,Daylight,Straight,Level,301,Veh'S Same Direction: Rear End,Rear-end,N,0,0,0,2,2,3,0,0,0,0,0,0
4498,Medical treatment,2002,November,Thursday,9,Angle,Multi-Vehicle,152.959189,-27.50634945,Moggill Rd,Quentin St,Moggill Sub-Arterial Road,Chapel Hill,Brisbane City,4069,Indooroopilly,North Brisbane,Brisbane,SEQ North,Metropolitan,Chapel Hill,Kenmore - Brookfield - Moggill,Brisbane - West,Major Cities,Moggill,Ryan,State-controlled,Intersection - T-Junction,No traffic control,60 km/h,Sealed - Dry,Clear,Daylight,Straight,Level,202,Veh'S Opposite Approach: Thru-Right,Opposing vehicles turning,S,0,0,1,0,1,2,0,0,0,0,0,0
4499,Minor injury,2002,November,Thursday,16,Sideswipe,Multi-Vehicle,153.0620836,-27.45180563,Oxford St,,,Bulimba,Brisbane City,4171,Morningside,South Brisbane,Brisbane,SEQ South,Metropolitan,Bulimba,Brisbane Inner - East,Brisbane Inner City,Major Cities,Bulimba,Griffith,Locally-controlled,No Roadway Feature,No traffic control,0 - 50 km/h,Sealed - Dry,Clear,Daylight,Straight,Level,401,Veh'S Manoeuvring: Leaving Parking,Vehicle leaving driveway,W,0,0,0,1,1,1,1,0,0,0,0,0
4500,Medical treatment,2002,November,Thursday,8,Sideswipe,Multi-Vehicle,152.9398678,-27.5594061,Centenary Hwy,,Centenary Motorway (Ellen Grove - Toowong),Sumner,Brisbane City,4074,Mount Ommaney,South Brisbane,Brisbane,SEQ South,Metropolitan,Darra - Sumner,Forest Lake - Oxley,Ipswich,Major Cities,Mount Ommaney,Oxley,State-controlled,No Roadway Feature,No traffic control,100 - 110 km/h,Sealed - Dry,Clear,Daylight,Straight,Level,305,Veh'S Same Direction: Lane Side Swipe,Lane changes,N,0,0,1,0,1,2,0,0,0,0,0,0
4501,Minor injury,2002,November,Thursday,21,Rear-end,Multi-Vehicle,153.0646759,-27.56876837,Leadenhall St,Mains Rd,,Macgregor,Brisbane City,4109,Upper Mount Gravatt,South Brisbane,Brisbane,SEQ South,Metropolitan,Robertson,Nathan,Brisbane - South,Major Cities,Toohey,Moreton,Locally-controlled,Intersection - Cross,Operating traffic lights,60 km/h,Sealed - Wet,Raining,Darkness - Lighted,Straight,Level,301,Veh'S Same Direction: Rear End,Rear-end,S,0,0,0,1,1,1,1,0,0,0,0,0
4502,Hospitalisation,2002,November,Thursday,19,Fall from vehicle,Single Vehicle,153.1408113,-27.47580019,Manly Rd,New Cleveland Rd,,Tingalpa,Brisbane City,4173,Wynnum,South Brisbane,Brisbane,SEQ South,Metropolitan,Tingalpa,Wynnum - Manly,Brisbane - East,Major Cities,Lytton,Bonner,Locally-controlled,Intersection - T-Junction,Operating traffic lights,70 km/h,Sealed - Wet,Raining,Darkness - Lighted,Straight,Level,901,Pass & Misc: Fell In/From Vehicle,Other,E,0,1,0,0,1,0,1,0,0,0,0,0
4503,Property damage only,2002,November,Thursday,20,Hit object,Single Vehicle,153.1346219,-27.63494972,Pacific Hwy,,Pacific Highway (Pacific Motorway),Daisy Hill,Logan City,4127,Springwood,Logan,South Eastern,SEQ South,South Coast,Slacks Creek,Springwood - Kingston,Logan - Beaudesert,Major Cities,Waterford,Rankin,State-controlled,No Roadway Feature,No traffic control,100 - 110 km/h,Sealed - Wet,Raining,Darkness - Lighted,Straight,Level,607,Veh'S On Path: Temporary Object On C'Way,Other,N,0,0,0,0,0,1,0,0,0,0,0,0
4504,Property damage only,2002,November,Thursday,14,Angle,Multi-Vehicle,153.1091215,-27.63122333,Ewing Rd,,,Woodridge,Logan City,4114,Logan Central,Logan,South Eastern,SEQ South,South Coast,Woodridge,Springwood - Kingston,Logan - Beaudesert,Major Cities,Woodridge,Rankin,Locally-controlled,No Roadway Feature,No traffic control,60 km/h,Sealed - Dry,Clear,Daylight,Straight,Level,500,Veh'S Overtaking: Other,Other,,0,0,0,0,0,2,0,0,0,0,0,0
4505,Hospitalisation,2002,November,Thursday,11,Hit object,Single Vehicle,152.737206,-27.57964823,Warrego Hwy,,Warrego Highway (Ipswich - Toowoomba),Muirlea,Ipswich City,4306,Karana Downs,Ipswich,Southern,SEQ South,Metropolitan,Ipswich - North,Ipswich Inner,Ipswich,Major Cities,Ipswich West,Blair,State-controlled,No Roadway Feature,No traffic control,100 - 110 km/h,Sealed - Dry,Clear,Daylight,Straight,Level,704,Off Path-Straight:Right Off Cway Hit Obj,Off carriageway on straight hit object,E,0,1,0,0,1,1,0,0,0,0,0,0
4506,Property damage only,2002,November,Thursday,15,Angle,Multi-Vehicle,153.1312023,-26.79426637,Queen St,,,Caloundra,Sunshine Coast Region,4551,Caloundra,Sunshine Coast,Central,SEQ North,North Coast and Wide Bay/Burnett,Caloundra - Kings Beach,Caloundra,Sunshine Coast,Major Cities,Caloundra,Fisher,Locally-controlled,No Roadway Feature,No traffic control,60 km/h,Sealed - Dry,Clear,Daylight,Curved - view obscured,Level,308,Veh'S Same Direction: Right Turn S/Swipe,Parallel lanes turning,W,0,0,0,0,0,2,0,0,0,0,0,0
4507,Medical treatment,2002,November,Thursday,17,Rear-end,Multi-Vehicle,153.022653,-27.84319044,Millstream Rd,Mt Lindesay Hwy,Mount Lindesay Highway (Brisbane-Beaudesert),Jimboomba,Logan City,4280,Jimboomba,Logan,South Eastern,SEQ South,South Coast,Jimboomba,Jimboomba,Logan - Beaudesert,Inner Regional,Logan,Wright,State-controlled,Intersection - Y-Junction,No traffic control,100 - 110 km/h,Sealed - Wet,Raining,Daylight,Curved - view open,Level,303,Veh'S Same Direction: Right Rear,Rear-end,N,0,0,1,0,1,2,0,0,0,0,0,0
4508,Hospitalisation,2002,November,Thursday,8,Hit object,Single Vehicle,151.9833994,-28.72167875,Eukey Rd,,,Storm King,Southern Downs Region,4380,Stanthorpe,Darling Downs,Southern,Southern,Downs South West,Stanthorpe Region,Granite Belt,Darling Downs - Maranoa,Outer Regional,Southern Downs,Maranoa,Locally-controlled,No Roadway Feature,No traffic control,100 - 110 km/h,Sealed - Wet,Raining,Daylight,Straight,Level,703,Off Path-Straight: Left Off Cway Hit Obj,Off carriageway on straight hit object,N,0,1,0,0,1,1,0,0,0,0,0,0
4509,Property damage only,2002,November,Friday,12,Angle,Multi-Vehicle,153.0281731,-27.47270357,Albert St,Margaret St,,Brisbane City,Brisbane City,4000,Brisbane City,North Brisbane,Brisbane,SEQ North,Metropolitan,Brisbane City,Brisbane Inner,Brisbane Inner City,Major Cities,Mcconnel,Brisbane,Locally-controlled,Intersection - Cross,Operating traffic lights,0 - 50 km/h,Sealed - Dry,Clear,Daylight,Straight,Level,101,Veh'S Adjacent Approach: Thru-Thru,Intersection from adjacent approaches,N,0,0,0,0,0,2,0,0,0,0,0,0
4510,Property damage only,2002,November,Friday,23,Hit object,Single Vehicle,153.2354813,-27.56562848,Redland Bay Rd,,Redland Bay Road,Sheldon,Redland City,4157,Cleveland,South Brisbane,Brisbane,SEQ South,Metropolitan,Sheldon - Mount Cotton,Cleveland - Stradbroke,Brisbane - East,Major Cities,Redlands,Bowman,State-controlled,No Roadway Feature,No traffic control,60 km/h,Sealed - Dry,Clear,Darkness - Lighted,Curved - view open,Grade,803,Off Path-Curve: Off Cway Rt Bend Hit Obj,Off carriageway on curve hit object,W,0,0,0,0,0,1,0,0,0,0,0,0
4511,Property damage only,2002,November,Friday,19,Angle,Multi-Vehicle,153.1328014,-27.60835503,Elysium Rd,Springwood Rd,,Rochedale South,Logan City,4123,Springwood,Logan,South Eastern,SEQ South,South Coast,Rochedale South - Priestdale,Springwood - Kingston,Logan - Beaudesert,Major Cities,Springwood,Rankin,Locally-controlled,Intersection - T-Junction,Give way sign,60 km/h,Sealed - Wet,Raining,Darkness - Lighted,Curved - view open,Level,104,Veh'S Adjacent Approach: Thru-Right,Intersection from adjacent approaches,S,0,0,0,0,0,2,0,0,0,0,0,0
4512,Hospitalisation,2002,November,Friday,16,Rear-end,Multi-Vehicle,152.8891505,-27.37610076,Camp Mountain Rd,Samford Rd,Samford Road,Samford Village,Moreton Bay Region,4520,Ferny Grove,North Brisbane,Brisbane,SEQ North,North Coast and Wide Bay/Burnett,Samford Valley,The Hills District,Moreton Bay - South,Major Cities,Pine Rivers,Dickson,State-controlled,Intersection - T-Junction,No traffic control,60 km/h,Sealed - Dry,Clear,Daylight,Straight,Grade,303,Veh'S Same Direction: Right Rear,Rear-end,S,0,1,0,0,1,2,0,0,0,0,0,0
4513,Medical treatment,2002,November,Friday,15,Angle,Multi-Vehicle,153.4364568,-28.06674304,Bardon Ave,Clayfield Ave,,Miami,Gold Coast City,4220,Broadbeach,Gold Coast,South Eastern,SEQ South,South Coast,Miami,Broadbeach - Burleigh,Gold Coast,Major Cities,Mermaid Beach,Moncrieff,Locally-controlled,Intersection - T-Junction,Stop sign,0 - 50 km/h,Sealed - Wet,Raining,Daylight,Straight,Dip,107,Veh'S Adjacent Approach: Thru-Left,Intersection from adjacent approaches,N,0,0,1,0,1,1,0,0,0,1,0,0
4514,Minor injury,2002,November,Friday,13,Angle,Multi-Vehicle,153.060878,-26.40108997,The Cockleshell,,,Noosaville,Noosa Shire,4566,Noosa Heads,Sunshine Coast,Central,SEQ North,North Coast and Wide Bay/Burnett,Noosaville,Noosa,Sunshine Coast,Major Cities,Noosa,Wide Bay,Locally-controlled,No Roadway Feature,No traffic control,0 - 50 km/h,Sealed - Dry,Clear,Daylight,Straight,Level,406,Veh'S Manoeuvring: Leaving Driveway,Vehicle leaving driveway,S,0,0,0,1,1,1,0,0,0,1,0,0
4515,Property damage only,2002,November,Friday,15,Angle,Multi-Vehicle,152.8653559,-25.28673898,Tavistock St,Torquay Rd,,Torquay,Fraser Coast Region,4655,Hervey Bay,Wide Bay Burnett,Central,Southern,North Coast and Wide Bay/Burnett,Torquay - Scarness - Kawungan,Hervey Bay,Wide Bay,Inner Regional,Hervey Bay,Hinkler,Locally-controlled,Intersection - Cross,Give way sign,60 km/h,Sealed - Dry,Clear,Daylight,Straight,Level,102,Veh'S Adjacent Approach: Right-Thru,Intersection from adjacent approaches,S,0,0,0,0,0,2,0,0,0,0,0,0
4516,Fatal,2002,November,Friday,15,Overturned,Single Vehicle,152.8943167,-25.37256646,River Heads Rd,,,Booral,Fraser Coast Region,4655,Hervey Bay,Wide Bay Burnett,Central,Southern,North Coast and Wide Bay/Burnett,Booral - River Heads,Hervey Bay,Wide Bay,Inner Regional,Hervey Bay,Hinkler,Locally-controlled,No Roadway Feature,No traffic control,100 - 110 km/h,Sealed - Dry,Clear,Daylight,Straight,Level,502,Veh'S Overtaking: Out Of Control,Off carriageway on straight,N,2,2,0,1,5,1,0,0,0,0,0,0
4517,Fatal,2002,November,Friday,7,Head-on,Multi-Vehicle,151.7779097,-24.29546667,Round Hill Rd,,,Captain Creek,Gladstone Region,4677,Agnes Water,Capricornia,Central,Central,Central Queensland,Agnes Water - Miriam Vale,Gladstone,Central Queensland,Outer Regional,Burnett,Flynn,Locally-controlled,No Roadway Feature,No traffic control,100 - 110 km/h,Sealed - Dry,Clear,Daylight,Curved - view open,Level,201,Veh'S Opposite Approach: Head On,Head-on,S,2,0,1,0,3,0,0,1,0,0,0,1
4518,Medical treatment,2002,November,Friday,11,Angle,Multi-Vehicle,151.2551611,-23.84653695,Bramston St,Dawson Hwy,Dawson Highway (Gladstone - Biloela),Gladstone Central,Gladstone Region,4680,Gladstone,Capricornia,Central,Central,Central Queensland,Gladstone,Gladstone,Central Queensland,Inner Regional,Gladstone,Flynn,State-controlled,Intersection - Cross,Operating traffic lights,60 km/h,Sealed - Dry,Clear,Daylight,Straight,Level,202,Veh'S Opposite Approach: Thru-Right,Opposing vehicles turning,W,0,0,1,0,1,2,0,0,0,0,0,0
4519,Hospitalisation,2002,November,Friday,9,Overturned,Single Vehicle,149.4798838,-22.29430727,Bruce Hwy,,Bruce Highway (St. Lawrence - Mackay),St Lawrence,Isaac Region,4707,Saint Lawrence,Mackay,Central,Central,Central Queensland,Broadsound - Nebo,Bowen Basin - North,Mackay - Isaac - Whitsunday,Remote,Mirani,Capricornia,State-controlled,No Roadway Feature,No traffic control,100 - 110 km/h,Sealed - Dry,Clear,Daylight,Straight,Level,702,Off Path-Straight: Right Off Cway,Off carriageway on straight,N,0,1,0,0,1,1,0,0,0,0,0,0
4520,Property damage only,2002,November,Friday,16,Angle,Multi-Vehicle,149.1716694,-21.1484529,Bruce Hwy,George St,Bruce Highway (St. Lawrence - Mackay),West Mackay,Mackay Region,4740,Mackay,Mackay,Central,Central,Central Queensland,West Mackay,Mackay,Mackay - Isaac - Whitsunday,Inner Regional,Mackay,Dawson,State-controlled,Intersection - T-Junction,Give way sign,60 km/h,Sealed - Dry,Clear,Daylight,Straight,Level,104,Veh'S Adjacent Approach: Thru-Right,Intersection from adjacent approaches,W,0,0,0,0,0,2,0,0,0,0,0,0
4521,Minor injury,2002,November,Saturday,18,Hit parked vehicle,Single Vehicle,153.0590166,-27.4727676,Wynnum Rd,,,Norman Park,Brisbane City,4170,Morningside,South Brisbane,Brisbane,SEQ South,Metropolitan,Norman Park,Brisbane Inner - East,Brisbane Inner City,Major Cities,Bulimba,Griffith,Locally-controlled,No Roadway Feature,No traffic control,60 km/h,Sealed - Dry,Clear,Darkness - Lighted,Straight,Dip,601,Veh'S On Path: Parked,Hit parked vehicle,W,0,0,0,1,1,2,0,0,0,0,0,0
4522,Medical treatment,2002,November,Saturday,20,Angle,Multi-Vehicle,153.0381875,-27.57034386,Boundary Rd,Orange Grove Rd,,Coopers Plains,Brisbane City,4108,Upper Mount Gravatt,South Brisbane,Brisbane,SEQ South,Metropolitan,Coopers Plains,Nathan,Brisbane - South,Major Cities,Toohey,Moreton,Locally-controlled,Intersection - Cross,Operating traffic lights,60 km/h,Sealed - Dry,Clear,Darkness - Lighted,Straight,Level,202,Veh'S Opposite Approach: Thru-Right,Opposing vehicles turning,W,0,0,3,0,3,2,0,0,0,0,0,0
4523,Hospitalisation,2002,November,Saturday,14,Angle,Multi-Vehicle,153.09292,-27.7140702,Chambers Flat Rd,,,Park Ridge,Logan City,4125,Crestmead,Logan,South Eastern,SEQ South,South Coast,Chambers Flat - Logan Reserve,Browns Plains,Logan - Beaudesert,Major Cities,Logan,Forde,Locally-controlled,No Roadway Feature,No traffic control,80 - 90 km/h,Sealed - Dry,Clear,Daylight,Straight,Level,201,Veh'S Opposite Approach: Head On,Head-on,S,0,1,1,0,2,2,0,0,0,0,0,0
4524,Hospitalisation,2002,November,Saturday,13,Rear-end,Multi-Vehicle,151.9385063,-27.56061599,Hill St,,,Newtown,Toowoomba Region,4350,Toowoomba,Darling Downs,Southern,Southern,Downs South West,Newtown (qld),Toowoomba,Toowoomba,Inner Regional,Toowoomba North,Groom,Locally-controlled,No Roadway Feature,No traffic control,60 km/h,Sealed - Dry,Clear,Daylight,Straight,Level,303,Veh'S Same Direction: Right Rear,Rear-end,E,0,1,0,0,1,2,0,0,0,0,0,0
4525,Property damage only,2002,December,Sunday,5,Hit object,Single Vehicle,152.9295796,-27.09108082,River Dr,,,Bellmere,Moreton Bay Region,4510,Caboolture,Moreton,Southern,SEQ North,North Coast and Wide Bay/Burnett,Caboolture - South,Caboolture,Moreton Bay - North,Major Cities,Morayfield,Longman,Locally-controlled,No Roadway Feature,No traffic control,60 km/h,Sealed - Dry,Clear,Daylight,Straight,Level,703,Off Path-Straight: Left Off Cway Hit Obj,Off carriageway on straight hit object,W,0,0,0,0,0,1,0,0,0,0,0,0
4526,Medical treatment,2002,December,Sunday,14,Angle,Multi-Vehicle,152.7563139,-27.58786481,Ipswich - Warrego Hwy Connection Rd,Waterworks Rd,Ipswich - Warrego Hwy Connection Road,North Ipswich,Ipswich City,4305,Karana Downs,Ipswich,Southern,SEQ South,Metropolitan,North Ipswich - Tivoli,Ipswich Inner,Ipswich,Major Cities,Ipswich West,Blair,State-controlled,Intersection - T-Junction,Give way sign,60 km/h,Sealed - Dry,Clear,Daylight,Curved - view open,Dip,202,Veh'S Opposite Approach: Thru-Right,Opposing vehicles turning,W,0,0,2,0,2,2,0,0,0,0,0,0