Crash_Ref_Number,Crash_Severity,Crash_Year,Crash_Month,Crash_Day_Of_Week,Crash_Hour,Crash_Nature,Crash_Type,Crash_Longitude_GDA94,Crash_Latitude_GDA94,Crash_Street,Crash_Street_Intersecting,State_Road_Name,Loc_Suburb,Loc_Local_Government_Area,Loc_Post_Code,Loc_Police_Division,Loc_Police_District,Loc_Police_Region,Loc_Queensland_Transport_Region,Loc_Main_Roads_Region,Loc_ABS_Statistical_Area_2,Loc_ABS_Statistical_Area_3,Loc_ABS_Statistical_Area_4,Loc_ABS_Remoteness,Loc_State_Electorate,Loc_Federal_Electorate,Crash_Controlling_Authority,Crash_Roadway_Feature,Crash_Traffic_Control,Crash_Speed_Limit,Crash_Road_Surface_Condition,Crash_Atmospheric_Condition,Crash_Lighting_Condition,Crash_Road_Horiz_Align,Crash_Road_Vert_Align,Crash_DCA_Code,Crash_DCA_Description,Crash_DCA_Group_Description,DCA_Key_Approach_Dir,Count_Casualty_Fatality,Count_Casualty_Hospitalised,Count_Casualty_MedicallyTreated,Count_Casualty_MinorInjury,Count_Casualty_Total,Count_Unit_Car,Count_Unit_Motorcycle_Moped,Count_Unit_Truck,Count_Unit_Bus,Count_Unit_Bicycle,Count_Unit_Pedestrian,Count_Unit_Other
4575,Property damage only,2002,December,Sunday,14,Sideswipe,Multi-Vehicle,153.0067641,-27.43661872,Enoggera Rd,,,Newmarket,Brisbane City,4051,Stafford,North Brisbane,Brisbane,SEQ North,Metropolitan,Newmarket,Brisbane Inner - North,Brisbane Inner City,Major Cities,Stafford,Brisbane,Locally-controlled,No Roadway Feature,No traffic control,60 km/h,Sealed - Dry,Clear,Daylight,Straight,Level,305,Veh'S Same Direction: Lane Side Swipe,Lane changes,S,0,0,0,0,0,2,0,0,0,0,0,0
4576,Property damage only,2002,December,Sunday,12,Hit parked vehicle,Single Vehicle,153.0054712,-26.61018884,Atkinson Rd,,,Bli Bli,Sunshine Coast Region,4560,Nambour,Sunshine Coast,Central,SEQ North,North Coast and Wide Bay/Burnett,Bli Bli,Nambour,Sunshine Coast,Major Cities,Ninderry,Fairfax,Locally-controlled,No Roadway Feature,No traffic control,60 km/h,Sealed - Dry,Clear,Daylight,Straight,Level,601,Veh'S On Path: Parked,Hit parked vehicle,S,0,0,0,0,0,2,0,0,0,0,0,0
4577,Minor injury,2002,December,Sunday,10,Head-on,Multi-Vehicle,152.8890375,-26.5442976,Buckby Rd,,,Cooloolabin,Sunshine Coast Region,4560,Eumundi,Sunshine Coast,Central,SEQ North,North Coast and Wide Bay/Burnett,Maroochy Hinterland,Sunshine Coast Hinterland,Sunshine Coast,Inner Regional,Nicklin,Fairfax,Locally-controlled,No Roadway Feature,No traffic control,60 km/h,Unsealed - Dry,Clear,Daylight,Curved - view obscured,Crest,201,Veh'S Opposite Approach: Head On,Head-on,N,0,0,0,1,1,1,1,0,0,0,0,0
4578,Medical treatment,2002,December,Sunday,11,Hit object,Single Vehicle,152.4709418,-27.14992851,Esk - Kilcoy Rd,,Esk - Kilcoy Road,Caboonbah,Somerset Region,4312,Esk,Ipswich,Southern,SEQ North,North Coast and Wide Bay/Burnett,Esk,Ipswich Hinterland,Ipswich,Inner Regional,Nanango,Blair,State-controlled,No Roadway Feature,No traffic control,100 - 110 km/h,Sealed - Dry,Clear,Daylight,Curved - view open,Level,804,Off Path-Curve: Off Cway Lt Bend Hit Obj,Off carriageway on curve hit object,S,0,0,1,0,1,1,0,0,0,0,0,0
4579,Minor injury,2002,December,Monday,11,Angle,Multi-Vehicle,152.9758373,-27.50193918,Coonan St,Westminster Rd,,Indooroopilly,Brisbane City,4068,Indooroopilly,North Brisbane,Brisbane,SEQ North,Metropolitan,Indooroopilly,Sherwood - Indooroopilly,Brisbane - West,Major Cities,Maiwar,Ryan,Locally-controlled,Intersection - Cross,Operating traffic lights,60 km/h,Sealed - Dry,Clear,Daylight,Curved - view open,Level,101,Veh'S Adjacent Approach: Thru-Thru,Intersection from adjacent approaches,N,0,0,0,1,1,2,0,0,0,0,0,0
4580,Hospitalisation,2002,December,Monday,7,Angle,Multi-Vehicle,152.9737714,-26.67253762,Taintons Rd,Woombye - Montville Rd,Woombye - Montville Road,Woombye,Sunshine Coast Region,4559,Nambour,Sunshine Coast,Central,SEQ North,North Coast and Wide Bay/Burnett,Nambour,Nambour,Sunshine Coast,Major Cities,Nicklin,Fairfax,State-controlled,Intersection - T-Junction,No traffic control,80 - 90 km/h,Sealed - Dry,Clear,Daylight,Straight,Crest,104,Veh'S Adjacent Approach: Thru-Right,Intersection from adjacent approaches,N,0,1,1,0,2,2,0,0,0,0,0,0
4581,Property damage only,2002,December,Monday,10,Angle,Multi-Vehicle,152.8387695,-25.28382603,Main St,,,Pialba,Fraser Coast Region,4655,Hervey Bay,Wide Bay Burnett,Central,Southern,North Coast and Wide Bay/Burnett,Pialba - Eli Waters,Hervey Bay,Wide Bay,Inner Regional,Hervey Bay,Hinkler,Locally-controlled,No Roadway Feature,No traffic control,60 km/h,Sealed - Dry,Clear,Daylight,Straight,Level,703,Off Path-Straight: Left Off Cway Hit Obj,Off carriageway on straight hit object,N,0,0,0,0,0,2,0,0,0,0,0,0
4582,Property damage only,2002,December,Tuesday,5,Hit object,Single Vehicle,153.0009104,-27.45869677,Latrobe Tce,,,Paddington,Brisbane City,4064,Brisbane City,North Brisbane,Brisbane,SEQ North,Metropolitan,Paddington - Milton,Brisbane Inner - West,Brisbane Inner City,Major Cities,Cooper,Brisbane,Locally-controlled,No Roadway Feature,No traffic control,0 - 50 km/h,Sealed - Wet,Raining,Daylight,Curved - view open,Grade,803,Off Path-Curve: Off Cway Rt Bend Hit Obj,Off carriageway on curve hit object,E,0,0,0,0,0,2,0,0,0,0,0,0
4583,Property damage only,2002,December,Tuesday,12,Angle,Multi-Vehicle,153.034509,-27.45901338,Ann St,,,Fortitude Valley,Brisbane City,4006,Fortitude Valley,North Brisbane,Brisbane,SEQ North,Metropolitan,Fortitude Valley,Brisbane Inner,Brisbane Inner City,Major Cities,Mcconnel,Brisbane,Locally-controlled,No Roadway Feature,No traffic control,60 km/h,Sealed - Dry,Clear,Daylight,Straight,Grade,307,Veh'S Same Direction: Lane Change Left,Lane changes,S,0,0,0,0,0,2,0,1,0,0,0,0
4584,Property damage only,2002,December,Tuesday,17,Hit object,Single Vehicle,153.024959,-27.30523041,Gateway Arterial Rd,,Gateway Arterial Road (Gateway Motorway - North),Bald Hills,Brisbane City,4036,Sandgate,North Brisbane,Brisbane,SEQ North,Metropolitan,Bald Hills,Bald Hills - Everton Park,Brisbane - North,Major Cities,Sandgate,Petrie,State-controlled,No Roadway Feature,No traffic control,100 - 110 km/h,Sealed - Wet,Raining,Daylight,Curved - view obscured,Level,607,Veh'S On Path: Temporary Object On C'Way,Other,S,0,0,0,0,0,1,0,0,0,0,0,0
4585,Medical treatment,2002,December,Tuesday,17,Rear-end,Multi-Vehicle,153.0334891,-27.41259486,Gympie Rd,Stafford Rd,,Gordon Park,Brisbane City,4031,Stafford,North Brisbane,Brisbane,SEQ North,Metropolitan,Kedron - Gordon Park,Chermside,Brisbane - North,Major Cities,Stafford,Lilley,Not coded,Intersection - T-Junction,Operating traffic lights,60 km/h,Sealed - Wet,Raining,Daylight,Straight,Level,301,Veh'S Same Direction: Rear End,Rear-end,,0,0,1,0,1,2,0,0,0,0,0,0
4586,Medical treatment,2002,December,Tuesday,10,Rear-end,Multi-Vehicle,153.0328903,-27.48153221,Leopard St,River Tce,,Kangaroo Point,Brisbane City,4169,Dutton Park,South Brisbane,Brisbane,SEQ South,Metropolitan,Kangaroo Point,Brisbane Inner,Brisbane Inner City,Major Cities,South Brisbane,Griffith,Locally-controlled,Intersection - T-Junction,No traffic control,0 - 50 km/h,Sealed - Dry,Clear,Daylight,Straight,Level,303,Veh'S Same Direction: Right Rear,Rear-end,,0,0,1,0,1,3,0,0,0,0,0,0
4587,Property damage only,2002,December,Tuesday,22,Hit object,Single Vehicle,153.176208,-27.45947753,Manly Rd,,,Manly West,Brisbane City,4179,Wynnum,South Brisbane,Brisbane,SEQ South,Metropolitan,Manly West,Wynnum - Manly,Brisbane - East,Major Cities,Lytton,Bonner,Locally-controlled,No Roadway Feature,No traffic control,60 km/h,Sealed - Wet,Raining,Darkness - Lighted,Straight,Level,704,Off Path-Straight:Right Off Cway Hit Obj,Off carriageway on straight hit object,S,0,0,0,0,0,1,0,0,0,0,0,0
4588,Hospitalisation,2002,December,Tuesday,16,Hit object,Single Vehicle,153.1125585,-27.66746678,Logan Mwy,,Logan Motorway (Gailes - Loganholme),Kingston,Logan City,4114,Logan Central,Logan,South Eastern,SEQ South,South Coast,Kingston (qld.),Springwood - Kingston,Logan - Beaudesert,Major Cities,Woodridge,Rankin,State-controlled,No Roadway Feature,No traffic control,100 - 110 km/h,Sealed - Wet,Raining,Daylight,Straight,Level,607,Veh'S On Path: Temporary Object On C'Way,Other,E,0,1,0,0,1,1,0,0,0,0,0,0
4589,Hospitalisation,2002,December,Tuesday,18,Angle,Multi-Vehicle,153.0560886,-27.39736351,Rode Rd,Windsor St,,Wavell Heights,Brisbane City,4012,Hendra,North Brisbane,Brisbane,SEQ North,Metropolitan,Wavell Heights,Chermside,Brisbane - North,Major Cities,Nudgee,Lilley,Locally-controlled,Intersection - Cross,Give way sign,60 km/h,Sealed - Wet,Raining,Darkness - Lighted,Straight,Grade,103,Veh'S Adjacent Approach: Left-Thru,Intersection from adjacent approaches,N,0,1,0,0,1,3,0,0,0,0,0,0
4590,Hospitalisation,2002,December,Tuesday,13,Hit object,Single Vehicle,153.0473173,-26.39679082,Cooroy - Noosa Rd,,,Tewantin,Noosa Shire,4565,Noosa Heads,Sunshine Coast,Central,SEQ North,North Coast and Wide Bay/Burnett,Noosaville,Noosa,Sunshine Coast,Major Cities,Noosa,Wide Bay,Locally-controlled,No Roadway Feature,No traffic control,60 km/h,Sealed - Dry,Clear,Daylight,Straight,Level,703,Off Path-Straight: Left Off Cway Hit Obj,Off carriageway on straight hit object,W,0,1,0,0,1,1,0,0,0,0,0,0
4591,Property damage only,2002,December,Tuesday,6,Angle,Multi-Vehicle,152.6847799,-27.64054998,Ipswich - Rosewood Rd,Rosewood Rd,Ipswich - Rosewood Road,Amberley,Ipswich City,4306,Yamanto,Ipswich,Southern,SEQ South,Metropolitan,Rosewood,Ipswich Hinterland,Ipswich,Inner Regional,Scenic Rim,Blair,State-controlled,Intersection - T-Junction,Give way sign,80 - 90 km/h,Sealed - Wet,Clear,Daylight,Curved - view open,Level,202,Veh'S Opposite Approach: Thru-Right,Opposing vehicles turning,W,0,0,0,0,0,2,0,0,0,0,0,0
4592,Property damage only,2002,December,Tuesday,18,Hit object,Single Vehicle,152.704575,-26.25767959,Bruce Hwy,,Cooroy - Gympie Road,Kybong,Gympie Region,4570,Gympie,Wide Bay Burnett,Central,Southern,North Coast and Wide Bay/Burnett,Gympie Region,Gympie - Cooloola,Wide Bay,Inner Regional,Gympie,Wide Bay,State-controlled,No Roadway Feature,No traffic control,100 - 110 km/h,Sealed - Wet,Raining,Darkness - Not lighted,Curved - view open,Level,607,Veh'S On Path: Temporary Object On C'Way,Other,N,0,0,0,0,0,1,0,0,0,0,0,0
4593,Minor injury,2002,December,Wednesday,13,Sideswipe,Multi-Vehicle,153.202559,-27.70538279,Pacific Hwy,Pacific Hwy On Ramp,Pacific Highway (Pacific Motorway),Beenleigh,Logan City,4207,Beenleigh,Logan,South Eastern,SEQ South,South Coast,Beenleigh,Beenleigh,Logan - Beaudesert,Major Cities,Macalister,Forde,State-controlled,Intersection - Interchange,No traffic control,100 - 110 km/h,Sealed - Dry,Clear,Daylight,Straight,Level,307,Veh'S Same Direction: Lane Change Left,Lane changes,N,0,0,0,3,3,3,0,0,0,0,0,0
4594,Property damage only,2002,December,Wednesday,15,Angle,Multi-Vehicle,153.1082888,-27.24404043,Baynes St,,,Margate,Moreton Bay Region,4019,Redcliffe,Moreton,Southern,SEQ North,North Coast and Wide Bay/Burnett,Margate - Woody Point,Redcliffe,Moreton Bay - North,Major Cities,Redcliffe,Petrie,Locally-controlled,No Roadway Feature,No traffic control,0 - 50 km/h,Sealed - Dry,Clear,Daylight,Straight,Level,202,Veh'S Opposite Approach: Thru-Right,Opposing vehicles turning,E,0,0,0,0,0,2,0,0,0,0,0,0
4595,Property damage only,2002,December,Wednesday,14,Overturned,Single Vehicle,152.9048279,-26.63444667,Dulong Rd,,,Dulong,Sunshine Coast Region,4560,Nambour,Sunshine Coast,Central,SEQ North,North Coast and Wide Bay/Burnett,Maroochy Hinterland,Sunshine Coast Hinterland,Sunshine Coast,Inner Regional,Nicklin,Fairfax,Locally-controlled,No Roadway Feature,No traffic control,60 km/h,Sealed - Dry,Clear,Daylight,Straight,Grade,400,Veh'S Manoeuvring: Other,Other,N,0,0,0,0,0,1,0,0,0,0,0,0
4596,Medical treatment,2002,December,Wednesday,13,Rear-end,Multi-Vehicle,153.0491563,-26.39790629,Cooroy - Noosa Rd,Hilton Esp,,Tewantin,Noosa Shire,4565,Noosa Heads,Sunshine Coast,Central,SEQ North,North Coast and Wide Bay/Burnett,Noosaville,Noosa,Sunshine Coast,Major Cities,Noosa,Wide Bay,Locally-controlled,Intersection - T-Junction,No traffic control,60 km/h,Sealed - Dry,Clear,Daylight,Straight,Level,303,Veh'S Same Direction: Right Rear,Rear-end,E,0,0,1,0,1,2,0,0,0,0,0,0
4597,Hospitalisation,2002,December,Wednesday,11,Angle,Multi-Vehicle,153.3951275,-27.99328797,Benowa Rd,Slatyer Ave,,Southport,Gold Coast City,4215,Southport,Gold Coast,South Eastern,SEQ South,South Coast,Southport - South,Southport,Gold Coast,Major Cities,Southport,Moncrieff,Locally-controlled,Intersection - Cross,Operating traffic lights,60 km/h,Sealed - Dry,Clear,Daylight,Straight,Crest,202,Veh'S Opposite Approach: Thru-Right,Opposing vehicles turning,N,0,2,0,0,2,2,0,0,0,0,0,0
4598,Property damage only,2002,December,Wednesday,10,Hit object,Single Vehicle,152.6987699,-25.5325456,Sussex St,,,Maryborough,Fraser Coast Region,4650,Maryborough,Wide Bay Burnett,Central,Southern,North Coast and Wide Bay/Burnett,Maryborough (qld),Maryborough,Wide Bay,Inner Regional,Maryborough,Wide Bay,Locally-controlled,No Roadway Feature,No traffic control,60 km/h,Sealed - Dry,Clear,Daylight,Straight,Level,700,Off Path-Straight: Other,Other,E,0,0,0,0,0,1,0,0,0,0,0,0
4599,Medical treatment,2002,December,Wednesday,8,Rear-end,Multi-Vehicle,149.1565942,-21.0698181,George Fordyce Dr,Mackay - Bucasia Rd,Mackay - Bucasia Road,Rural View,Mackay Region,4740,Mackay Northern Beaches,Mackay,Central,Central,Central Queensland,Eimeo - Rural View,Mackay,Mackay - Isaac - Whitsunday,Inner Regional,Whitsunday,Dawson,State-controlled,Intersection - T-Junction,No traffic control,60 km/h,Sealed - Dry,Clear,Daylight,Straight,Level,303,Veh'S Same Direction: Right Rear,Rear-end,S,0,0,1,0,1,2,0,0,0,0,0,0
4600,Medical treatment,2002,December,Thursday,10,Rear-end,Multi-Vehicle,153.0940212,-27.53446003,Newnham Rd,,,Mount Gravatt East,Brisbane City,4122,Holland Park,South Brisbane,Brisbane,SEQ South,Metropolitan,Mount Gravatt,Mt Gravatt,Brisbane - South,Major Cities,Mansfield,Bonner,Locally-controlled,No Roadway Feature,No traffic control,60 km/h,Sealed - Dry,Clear,Daylight,Straight,Crest,303,Veh'S Same Direction: Right Rear,Rear-end,N,0,0,1,0,1,2,0,0,0,0,0,0
4601,Hospitalisation,2002,December,Thursday,11,Rear-end,Multi-Vehicle,153.2715253,-27.62962687,German Church Rd,,,Redland Bay,Redland City,4165,Redland Bay,South Brisbane,Brisbane,SEQ South,Metropolitan,Redland Bay,Cleveland - Stradbroke,Brisbane - East,Major Cities,Redlands,Bowman,Locally-controlled,No Roadway Feature,No traffic control,80 - 90 km/h,Sealed - Dry,Clear,Daylight,Straight,Level,301,Veh'S Same Direction: Rear End,Rear-end,E,0,1,0,0,1,1,0,2,0,0,0,0
4602,Property damage only,2002,December,Thursday,15,Hit object,Single Vehicle,153.1292345,-27.69116799,Brisbane - Beenleigh Rd,,Brisbane - Beenleigh Road,Waterford West,Logan City,4133,Logan Central,Logan,South Eastern,SEQ South,South Coast,Waterford West,Loganlea - Carbrook,Logan - Beaudesert,Major Cities,Waterford,Forde,State-controlled,No Roadway Feature,No traffic control,60 km/h,Sealed - Dry,Clear,Daylight,Straight,Level,703,Off Path-Straight: Left Off Cway Hit Obj,Off carriageway on straight hit object,E,0,0,0,0,0,1,0,0,0,0,0,0
4603,Property damage only,2002,December,Thursday,5,Angle,Multi-Vehicle,153.1218151,-27.67425717,Brisbane - Beenleigh Rd,Brisbane - Beenleigh Rd Service Rd,Brisbane - Beenleigh Road,Loganlea,Logan City,4131,Logan Central,Logan,South Eastern,SEQ South,South Coast,Loganlea,Loganlea - Carbrook,Logan - Beaudesert,Major Cities,Waterford,Rankin,State-controlled,Intersection - Cross,Operating traffic lights,70 km/h,Sealed - Dry,Clear,Daylight,Straight,Level,101,Veh'S Adjacent Approach: Thru-Thru,Intersection from adjacent approaches,N,0,0,0,0,0,2,0,0,0,0,0,0
4604,Minor injury,2002,December,Friday,16,Rear-end,Multi-Vehicle,153.0261442,-27.46764321,Adelaide St,Edward St,,Brisbane City,Brisbane City,4000,Brisbane City,North Brisbane,Brisbane,SEQ North,Metropolitan,Brisbane City,Brisbane Inner,Brisbane Inner City,Major Cities,Mcconnel,Brisbane,Locally-controlled,Intersection - Cross,Operating traffic lights,60 km/h,Sealed - Dry,Clear,Daylight,Straight,Level,400,Veh'S Manoeuvring: Other,Other,,0,0,0,1,1,0,0,1,0,1,0,0
4605,Minor injury,2002,December,Friday,17,Rear-end,Multi-Vehicle,152.9848114,-27.47864837,Milton Rd,Miskin St,Western Arterial Road (Toowong - Everton Park),Toowong,Brisbane City,4066,Indooroopilly,North Brisbane,Brisbane,SEQ North,Metropolitan,Toowong,Brisbane Inner - West,Brisbane Inner City,Major Cities,Maiwar,Ryan,State-controlled,Intersection - Roundabout,Give way sign,60 km/h,Sealed - Dry,Clear,Dawn/Dusk,Straight,Grade,301,Veh'S Same Direction: Rear End,Rear-end,N,0,0,0,1,1,2,0,0,0,0,0,0
4606,Minor injury,2002,December,Friday,20,Hit parked vehicle,Single Vehicle,153.0158966,-27.54730257,Elmes Rd,,,Rocklea,Brisbane City,4106,Moorooka,South Brisbane,Brisbane,SEQ South,Metropolitan,Rocklea - Acacia Ridge,Rocklea - Acacia Ridge,Brisbane - South,Major Cities,Toohey,Moreton,Locally-controlled,No Roadway Feature,No traffic control,0 - 50 km/h,Sealed - Dry,Clear,Darkness - Not lighted,Straight,Level,200,Veh'S Opposite Approach: Other,Other,W,0,0,0,1,1,1,1,0,0,0,0,0
4607,Minor injury,2002,December,Friday,8,Angle,Multi-Vehicle,152.9805249,-27.32069469,Leitchs Rd,Strathwyn St,,Brendale,Moreton Bay Region,4500,Albany Creek,North Brisbane,Brisbane,SEQ North,North Coast and Wide Bay/Burnett,Strathpine - Brendale,Strathpine,Moreton Bay - South,Major Cities,Pine Rivers,Dickson,Locally-controlled,Intersection - T-Junction,No traffic control,60 km/h,Sealed - Dry,Clear,Daylight,Straight,Level,104,Veh'S Adjacent Approach: Thru-Right,Intersection from adjacent approaches,N,0,0,0,1,1,1,1,0,0,0,0,0
4608,Property damage only,2002,December,Friday,21,Hit object,Single Vehicle,153.3051041,-27.7720324,Norwell Rd,,,Norwell,Gold Coast City,4208,Coomera,Gold Coast,South Eastern,SEQ South,South Coast,Jacobs Well - Alberton,Ormeau - Oxenford,Gold Coast,Major Cities,Coomera,Fadden,Locally-controlled,No Roadway Feature,No traffic control,100 - 110 km/h,Sealed - Dry,Clear,Darkness - Not lighted,Curved - view open,Level,607,Veh'S On Path: Temporary Object On C'Way,Other,E,0,0,0,0,0,1,0,0,0,0,0,0
4609,Medical treatment,2002,December,Friday,6,Angle,Multi-Vehicle,152.991406,-27.31195124,Brisbane - Woodford Rd,South Pine Rd,Brisbane - Woodford Road,Strathpine,Moreton Bay Region,4500,Petrie,North Brisbane,Brisbane,SEQ North,North Coast and Wide Bay/Burnett,Strathpine - Brendale,Strathpine,Moreton Bay - South,Major Cities,Pine Rivers,Dickson,State-controlled,Intersection - T-Junction,Operating traffic lights,60 km/h,Sealed - Dry,Clear,Daylight,Curved - view open,Level,202,Veh'S Opposite Approach: Thru-Right,Opposing vehicles turning,S,0,0,2,0,2,2,0,0,0,0,0,0
4610,Medical treatment,2002,December,Friday,16,Rear-end,Multi-Vehicle,152.9842087,-27.17848176,Bruce Hwy On Ramp,Deception Bay Rd,Deception Bay Road,Deception Bay,Moreton Bay Region,4508,Deception Bay,Moreton,Southern,SEQ North,North Coast and Wide Bay/Burnett,Deception Bay,Narangba - Burpengary,Moreton Bay - North,Major Cities,Bancroft,Petrie,State-controlled,Intersection - Interchange,No traffic control,60 km/h,Sealed - Dry,Clear,Daylight,Straight,Level,303,Veh'S Same Direction: Right Rear,Rear-end,E,0,0,1,0,1,2,0,0,0,0,0,0
4611,Medical treatment,2002,December,Friday,14,Angle,Multi-Vehicle,153.3040679,-27.99715868,Beaudesert - Nerang Rd,Mclaren Rd,Beaudesert - Nerang Road,Nerang,Gold Coast City,4211,Nerang,Gold Coast,South Eastern,SEQ South,South Coast,Nerang - Mount Nathan,Nerang,Gold Coast,Major Cities,Gaven,Wright,State-controlled,Intersection - Cross,Operating traffic lights,70 km/h,Sealed - Dry,Clear,Daylight,Straight,Level,202,Veh'S Opposite Approach: Thru-Right,Opposing vehicles turning,E,0,0,1,0,1,3,0,0,0,0,0,0
4612,Hospitalisation,2002,December,Friday,19,Angle,Multi-Vehicle,153.3877316,-27.92226763,Oxenford - Southport Rd,,Hope Island Road,Runaway Bay,Gold Coast City,4216,Runaway Bay,Gold Coast,South Eastern,SEQ South,South Coast,Runaway Bay,Gold Coast - North,Gold Coast,Major Cities,Broadwater,Fadden,State-controlled,No Roadway Feature,Pedestrian operated lights,70 km/h,Sealed - Dry,Clear,Darkness - Not lighted,Straight,Level,408,Veh'S Manoeuvring: Entering From Footway,Vehicle leaving driveway,S,0,1,0,0,1,1,0,0,0,1,0,0
4613,Hospitalisation,2002,December,Friday,6,Overturned,Single Vehicle,152.9755696,-27.70631794,Goodna - Oxley Creek Rd,,,Greenbank,Logan City,4124,Jimboomba,Logan,South Eastern,SEQ South,South Coast,Greenbank,Jimboomba,Logan - Beaudesert,Major Cities,Jordan,Wright,Locally-controlled,No Roadway Feature,No traffic control,80 - 90 km/h,Unsealed - Dry,Clear,Daylight,Curved - view open,Level,800,Off Path-Curve: Other,Other,S,0,1,0,0,1,1,0,0,0,0,0,0
4614,Property damage only,2002,December,Friday,1,Hit animal,Other,152.6571779,-27.57423251,Warrego Hwy,,Warrego Highway (Ipswich - Toowoomba),Haigslea,Ipswich City,4306,Marburg,Ipswich,Southern,SEQ South,Metropolitan,Rosewood,Ipswich Hinterland,Ipswich,Inner Regional,Ipswich West,Blair,State-controlled,No Roadway Feature,No traffic control,100 - 110 km/h,Sealed - Dry,Clear,Darkness - Not lighted,Straight,Level,609,Pass & Misc: Hit Animal,Hit animal,W,0,0,0,0,0,1,0,0,0,0,0,1
4615,Hospitalisation,2002,December,Friday,9,Hit object,Single Vehicle,152.8909501,-25.31275141,Barron Ct,Booral Rd,Booral Road,Urangan,Fraser Coast Region,4655,Hervey Bay,Wide Bay Burnett,Central,Southern,North Coast and Wide Bay/Burnett,Urangan - Wondunna,Hervey Bay,Wide Bay,Inner Regional,Hervey Bay,Hinkler,State-controlled,Intersection - T-Junction,No traffic control,80 - 90 km/h,Sealed - Dry,Clear,Daylight,Straight,Level,704,Off Path-Straight:Right Off Cway Hit Obj,Off carriageway on straight hit object,N,0,2,0,0,2,1,0,0,0,0,0,0
4616,Property damage only,2002,December,Friday,21,Hit animal,Other,150.016967,-26.20445591,Leichhardt Hwy,,Leichhardt Highway (Taroom - Miles),Wandoan,Western Downs Region,4419,Wandoan,South West,Southern,Southern,Downs South West,Miles - Wandoan,Darling Downs (west) - Maranoa,Darling Downs - Maranoa,Remote,Callide,Maranoa,State-controlled,No Roadway Feature,No traffic control,100 - 110 km/h,Sealed - Dry,Clear,Darkness - Not lighted,Straight,Level,609,Pass & Misc: Hit Animal,Hit animal,S,0,0,0,0,0,1,0,0,0,0,0,1
4617,Medical treatment,2002,December,Friday,16,Angle,Multi-Vehicle,151.2470631,-23.84274288,Chapple St,,,Gladstone Central,Gladstone Region,4680,Gladstone,Capricornia,Central,Central,Central Queensland,Gladstone,Gladstone,Central Queensland,Inner Regional,Gladstone,Flynn,Locally-controlled,No Roadway Feature,No traffic control,60 km/h,Sealed - Dry,Clear,Daylight,Straight,Level,308,Veh'S Same Direction: Right Turn S/Swipe,Parallel lanes turning,W,0,0,2,0,2,2,0,0,0,0,0,0
4618,Minor injury,2002,December,Friday,7,Hit object,Single Vehicle,151.2770016,-23.88819051,Gladstone - Benaraby Rd,,Gladstone - Benaraby Road,South Trees,Gladstone Region,4680,Gladstone,Capricornia,Central,Central,Central Queensland,South Trees,Gladstone,Central Queensland,Inner Regional,Gladstone,Flynn,State-controlled,No Roadway Feature,No traffic control,80 - 90 km/h,Sealed - Dry,Clear,Daylight,Straight,Level,703,Off Path-Straight: Left Off Cway Hit Obj,Off carriageway on straight hit object,N,0,0,0,1,1,1,0,0,0,0,0,0
4619,Property damage only,2002,December,Friday,23,Overturned,Single Vehicle,150.0270939,-25.14792246,Leichhardt Hwy,,Leichhardt Highway (Westwood - Taroom),Isla,Banana Shire,4719,Theodore,Capricornia,Central,Central,Central Queensland,Banana,Biloela,Central Queensland,Remote,Callide,Flynn,State-controlled,Bridge/Causeway,No traffic control,100 - 110 km/h,Sealed - Dry,Clear,Darkness - Not lighted,Straight,Dip,701,Off Path-Straight: Left Off Cway,Off carriageway on straight,S,0,0,0,0,0,0,0,1,0,0,0,0
4620,Hospitalisation,2002,December,Saturday,2,Hit pedestrian,Hit pedestrian,153.0291137,-27.47070467,Edward St,Mary St,,Brisbane City,Brisbane City,4000,Brisbane City,North Brisbane,Brisbane,SEQ North,Metropolitan,Brisbane City,Brisbane Inner,Brisbane Inner City,Major Cities,Mcconnel,Brisbane,Locally-controlled,Intersection - Cross,Operating traffic lights,0 - 50 km/h,Sealed - Dry,Clear,Darkness - Lighted,Straight,Level,3,Ped'N: Far Side Vehicle Hit From Left,Pedestrian,S,0,1,0,0,1,1,0,0,0,0,1,0
4621,Medical treatment,2002,December,Saturday,12,Rear-end,Multi-Vehicle,153.0211089,-27.462081,Wickham Tce,Wickham Tce,,Spring Hill,Brisbane City,4000,Brisbane City,North Brisbane,Brisbane,SEQ North,Metropolitan,Brisbane City,Brisbane Inner,Brisbane Inner City,Major Cities,Mcconnel,Brisbane,Locally-controlled,Intersection - T-Junction,Give way sign,60 km/h,Sealed - Dry,Clear,Daylight,Curved - view open,Grade,302,Veh'S Same Direction: Left Rear,Rear-end,N,0,0,1,0,1,2,0,0,0,0,0,0
4622,Medical treatment,2002,December,Saturday,17,Rear-end,Multi-Vehicle,153.2085413,-27.50497077,Birkdale Rd,Old Cleveland Rd East,Birkdale Road,Birkdale,Redland City,4159,Capalaba,South Brisbane,Brisbane,SEQ South,Metropolitan,Birkdale,Capalaba,Brisbane - East,Major Cities,Capalaba,Bowman,State-controlled,Intersection - T-Junction,Operating traffic lights,80 - 90 km/h,Sealed - Dry,Clear,Daylight,Straight,Level,301,Veh'S Same Direction: Rear End,Rear-end,S,0,0,1,0,1,2,0,0,0,0,0,0