Crash_Ref_Number,Crash_Severity,Crash_Year,Crash_Month,Crash_Day_Of_Week,Crash_Hour,Crash_Nature,Crash_Type,Crash_Longitude_GDA94,Crash_Latitude_GDA94,Crash_Street,Crash_Street_Intersecting,State_Road_Name,Loc_Suburb,Loc_Local_Government_Area,Loc_Post_Code,Loc_Police_Division,Loc_Police_District,Loc_Police_Region,Loc_Queensland_Transport_Region,Loc_Main_Roads_Region,Loc_ABS_Statistical_Area_2,Loc_ABS_Statistical_Area_3,Loc_ABS_Statistical_Area_4,Loc_ABS_Remoteness,Loc_State_Electorate,Loc_Federal_Electorate,Crash_Controlling_Authority,Crash_Roadway_Feature,Crash_Traffic_Control,Crash_Speed_Limit,Crash_Road_Surface_Condition,Crash_Atmospheric_Condition,Crash_Lighting_Condition,Crash_Road_Horiz_Align,Crash_Road_Vert_Align,Crash_DCA_Code,Crash_DCA_Description,Crash_DCA_Group_Description,DCA_Key_Approach_Dir,Count_Casualty_Fatality,Count_Casualty_Hospitalised,Count_Casualty_MedicallyTreated,Count_Casualty_MinorInjury,Count_Casualty_Total,Count_Unit_Car,Count_Unit_Motorcycle_Moped,Count_Unit_Truck,Count_Unit_Bus,Count_Unit_Bicycle,Count_Unit_Pedestrian,Count_Unit_Other
4623,Hospitalisation,2002,December,Saturday,11,Hit object,Single Vehicle,153.2465985,-27.52360203,Capalaba - Cleveland Rd,,Capalaba - Cleveland Road,Alexandra Hills,Redland City,4161,Cleveland,South Brisbane,Brisbane,SEQ South,Metropolitan,Alexandra Hills,Capalaba,Brisbane - East,Major Cities,Capalaba,Bowman,State-controlled,Bridge/Causeway,No traffic control,80 - 90 km/h,Sealed - Dry,Clear,Daylight,Straight,Level,400,Veh'S Manoeuvring: Other,Other,W,0,1,0,0,1,0,0,0,0,0,0,1
4624,Medical treatment,2002,December,Saturday,12,Angle,Multi-Vehicle,153.1395948,-27.50733485,Cleveland Sub-Arterial Rd,,Cleveland Sub-Arterial Road,Belmont,Brisbane City,4153,Capalaba,South Brisbane,Brisbane,SEQ South,Metropolitan,Belmont - Gumdale,Capalaba,Brisbane - East,Major Cities,Chatsworth,Bonner,State-controlled,No Roadway Feature,Stop sign,80 - 90 km/h,Sealed - Dry,Clear,Daylight,Straight,Level,200,Veh'S Opposite Approach: Other,Other,N,0,0,1,0,1,2,0,0,0,0,0,0
4625,Property damage only,2002,December,Saturday,12,Hit object,Single Vehicle,152.7853891,-27.63858784,Kingston Way,,,Raceview,Ipswich City,4305,Yamanto,Ipswich,Southern,SEQ South,Metropolitan,Raceview,Ipswich Inner,Ipswich,Major Cities,Ipswich,Blair,Locally-controlled,No Roadway Feature,No traffic control,0 - 50 km/h,Sealed - Dry,Clear,Daylight,Straight,Level,700,Off Path-Straight: Other,Other,W,0,0,0,0,0,1,0,0,0,0,0,0
4626,Medical treatment,2002,December,Saturday,9,Hit object,Single Vehicle,153.1397658,-27.79363466,Quinzeh Ck Rd,,,Logan Village,Logan City,4207,Jimboomba,Logan,South Eastern,SEQ South,South Coast,Logan Village,Jimboomba,Logan - Beaudesert,Major Cities,Logan,Wright,Locally-controlled,No Roadway Feature,No traffic control,80 - 90 km/h,Unsealed - Dry,Clear,Daylight,Curved - view open,Level,803,Off Path-Curve: Off Cway Rt Bend Hit Obj,Off carriageway on curve hit object,S,0,0,1,0,1,1,0,0,0,0,0,0
4627,Hospitalisation,2002,December,Saturday,17,Angle,Multi-Vehicle,149.1768906,-21.15023239,George St,Milton St,,South Mackay,Mackay Region,4740,Mackay,Mackay,Central,Central,Central Queensland,South Mackay,Mackay,Mackay - Isaac - Whitsunday,Inner Regional,Mackay,Dawson,Locally-controlled,Intersection - Roundabout,Give way sign,60 km/h,Sealed - Dry,Clear,Daylight,Straight,Level,104,Veh'S Adjacent Approach: Thru-Right,Intersection from adjacent approaches,W,0,1,0,0,1,2,0,0,0,0,0,0
4628,Medical treatment,2002,December,Sunday,9,Rear-end,Multi-Vehicle,153.3416431,-27.98440357,Pacific Hwy,,Pacific Highway (Pacific Motorway),Molendinar,Gold Coast City,4214,Nerang,Gold Coast,South Eastern,SEQ South,South Coast,Molendinar,Southport,Gold Coast,Major Cities,Southport,Moncrieff,State-controlled,No Roadway Feature,No traffic control,100 - 110 km/h,Sealed - Dry,Clear,Daylight,Straight,Level,301,Veh'S Same Direction: Rear End,Rear-end,S,0,0,2,0,2,2,0,0,0,0,0,0
4629,Hospitalisation,2002,December,Sunday,2,Hit object,Single Vehicle,152.7834572,-25.34280358,Maryborough - Hervey Bay Rd,,Maryborough - Hervey Bay Road,Sunshine Acres,Fraser Coast Region,4655,Hervey Bay,Wide Bay Burnett,Central,Southern,North Coast and Wide Bay/Burnett,Booral - River Heads,Hervey Bay,Wide Bay,Inner Regional,Maryborough,Hinkler,State-controlled,No Roadway Feature,No traffic control,100 - 110 km/h,Sealed - Dry,Clear,Darkness - Not lighted,Straight,Level,703,Off Path-Straight: Left Off Cway Hit Obj,Off carriageway on straight hit object,S,0,1,0,0,1,1,0,0,0,0,0,0
4630,Fatal,2002,December,Sunday,22,Head-on,Multi-Vehicle,152.5775102,-26.04953021,Bruce Hwy,,Bruce Highway (Gympie - Maryborough),Curra,Gympie Region,4570,Tiaro,Wide Bay Burnett,Central,Southern,North Coast and Wide Bay/Burnett,Gympie Region,Gympie - Cooloola,Wide Bay,Inner Regional,Gympie,Wide Bay,State-controlled,No Roadway Feature,No traffic control,100 - 110 km/h,Sealed - Dry,Clear,Darkness - Not lighted,Straight,Level,201,Veh'S Opposite Approach: Head On,Head-on,N,1,0,0,0,1,1,0,1,0,0,0,0
4631,Property damage only,2002,December,Monday,15,Sideswipe,Multi-Vehicle,152.9830226,-27.5323633,Oxley Rd,Sherwood Rd,,Sherwood,Brisbane City,4075,Sherwood,South Brisbane,Brisbane,SEQ South,Metropolitan,Sherwood,Sherwood - Indooroopilly,Brisbane - West,Major Cities,Miller,Moreton,Locally-controlled,Intersection - Cross,Operating traffic lights,60 km/h,Sealed - Dry,Clear,Daylight,Straight,Level,305,Veh'S Same Direction: Lane Side Swipe,Lane changes,S,0,0,0,0,0,2,0,0,0,0,0,0
4632,Medical treatment,2002,December,Monday,12,Angle,Multi-Vehicle,153.093373,-27.22958626,Dorall St,George St,,Kippa-ring,Moreton Bay Region,4021,Redcliffe,Moreton,Southern,SEQ North,North Coast and Wide Bay/Burnett,Rothwell - Kippa-ring,Redcliffe,Moreton Bay - North,Major Cities,Redcliffe,Petrie,Locally-controlled,Intersection - T-Junction,No traffic control,0 - 50 km/h,Sealed - Dry,Clear,Daylight,Straight,Grade,406,Veh'S Manoeuvring: Leaving Driveway,Vehicle leaving driveway,N,0,0,1,1,2,2,0,0,0,0,0,0
4633,Hospitalisation,2002,December,Monday,11,Sideswipe,Multi-Vehicle,152.7640065,-27.6162578,Ipswich - Cunningham Hwy Connection Rd,,Ipswich - Cunningham Hwy Connection Road,Ipswich,Ipswich City,4305,Ipswich,Ipswich,Southern,SEQ South,Metropolitan,Ipswich - Central,Ipswich Inner,Ipswich,Major Cities,Ipswich,Blair,State-controlled,No Roadway Feature,No traffic control,60 km/h,Sealed - Dry,Clear,Daylight,Straight,Level,306,Veh'S Same Direction: Lane Change Right,Lane changes,W,0,1,0,0,1,2,0,0,0,0,0,0
4634,Medical treatment,2002,December,Monday,15,Angle,Multi-Vehicle,152.8355926,-26.77902783,Maleny - Stanley River Rd,Mountain View Rd,Maleny - Stanley River Road,Maleny,Sunshine Coast Region,4552,Maleny,Sunshine Coast,Central,SEQ North,North Coast and Wide Bay/Burnett,Caloundra Hinterland,Sunshine Coast Hinterland,Sunshine Coast,Inner Regional,Glass House,Fisher,State-controlled,Intersection - T-Junction,Stop sign,80 - 90 km/h,Sealed - Dry,Clear,Daylight,Curved - view open,Grade,104,Veh'S Adjacent Approach: Thru-Right,Intersection from adjacent approaches,S,0,0,2,0,2,2,0,0,0,0,0,0
4635,Medical treatment,2002,December,Monday,14,Angle,Multi-Vehicle,153.4006682,-27.93764367,Government Rd,,,Labrador,Gold Coast City,4215,Southport,Gold Coast,South Eastern,SEQ South,South Coast,Labrador,Gold Coast - North,Gold Coast,Major Cities,Bonney,Fadden,Locally-controlled,No Roadway Feature,No traffic control,60 km/h,Sealed - Dry,Clear,Daylight,Straight,Level,207,Veh'S Opposite Approach: U-Turn,U-turn,N,0,0,1,0,1,2,0,0,0,0,0,0
4636,Property damage only,2002,December,Monday,5,Overturned,Single Vehicle,149.0737892,-21.09498834,Bruce Hwy,,Bruce Highway (Mackay - Proserpine),Farleigh,Mackay Region,4741,Farleigh,Mackay,Central,Central,Central Queensland,Seaforth - Calen,Mackay,Mackay - Isaac - Whitsunday,Outer Regional,Whitsunday,Dawson,State-controlled,No Roadway Feature,No traffic control,100 - 110 km/h,Sealed - Dry,Clear,Daylight,Straight,Level,705,Off Path-Straight:Out Of Control On Cway,Out of control on straight,N,0,0,0,0,0,0,0,0,0,0,0,1
4637,Hospitalisation,2002,December,Tuesday,12,Hit object,Single Vehicle,152.7619875,-27.49679236,Lake Manchester Rd,,,Kholo,Brisbane City,4306,Karana Downs,Ipswich,Southern,SEQ North,Metropolitan,Karana Downs,Ipswich Inner,Ipswich,Inner Regional,Moggill,Blair,Locally-controlled,No Roadway Feature,No traffic control,80 - 90 km/h,Unsealed - Dry,Clear,Daylight,Curved - view open,Grade,703,Off Path-Straight: Left Off Cway Hit Obj,Off carriageway on straight hit object,W,0,1,0,0,1,1,0,0,0,0,0,0
4638,Medical treatment,2002,December,Tuesday,13,Rear-end,Multi-Vehicle,153.0331908,-27.42622252,Ada St,Truro St,,Windsor,Brisbane City,4030,Stafford,North Brisbane,Brisbane,SEQ North,Metropolitan,Windsor,Brisbane Inner - North,Brisbane Inner City,Major Cities,Clayfield,Brisbane,Locally-controlled,Intersection - T-Junction,No traffic control,60 km/h,Sealed - Dry,Clear,Daylight,Straight,Crest,301,Veh'S Same Direction: Rear End,Rear-end,S,0,0,1,1,2,4,0,0,0,0,0,0
4639,Property damage only,2002,December,Tuesday,13,Angle,Multi-Vehicle,153.0508857,-26.71980023,Lakehead Dr,University Way,,Sippy Downs,Sunshine Coast Region,4556,Sippy Downs,Sunshine Coast,Central,SEQ North,North Coast and Wide Bay/Burnett,Sippy Downs,Buderim,Sunshine Coast,Major Cities,Buderim,Fisher,Locally-controlled,Intersection - T-Junction,No traffic control,60 km/h,Sealed - Dry,Clear,Daylight,Straight,Level,202,Veh'S Opposite Approach: Thru-Right,Opposing vehicles turning,S,0,0,0,0,0,2,0,0,0,0,0,0
4640,Fatal,2002,December,Tuesday,5,Sideswipe,Multi-Vehicle,153.077926,-27.75046092,Chambers Flat Rd,,,Chambers Flat,Logan City,4133,Jimboomba,Logan,South Eastern,SEQ South,South Coast,Chambers Flat - Logan Reserve,Browns Plains,Logan - Beaudesert,Major Cities,Logan,Forde,Locally-controlled,No Roadway Feature,No traffic control,80 - 90 km/h,Sealed - Dry,Clear,Daylight,Straight,Level,503,Veh'S Overtaking: Pulling Out,Overtaking same direction,,1,0,0,0,1,2,0,0,0,0,0,0
4641,Property damage only,2002,December,Tuesday,5,Angle,Multi-Vehicle,152.3583595,-24.87417303,Curtis St,Hunter St,,Bundaberg South,Bundaberg Region,4670,Bundaberg,Wide Bay Burnett,Central,Southern,North Coast and Wide Bay/Burnett,Bundaberg,Bundaberg,Wide Bay,Inner Regional,Bundaberg,Hinkler,Locally-controlled,Intersection - Cross,Stop sign,60 km/h,Sealed - Dry,Clear,Dawn/Dusk,Straight,Level,101,Veh'S Adjacent Approach: Thru-Thru,Intersection from adjacent approaches,W,0,0,0,0,0,2,0,0,0,0,0,0
4642,Property damage only,2002,December,Tuesday,19,Hit object,Single Vehicle,152.0534125,-27.27684223,New England Hwy,,New England Highway (Yarraman-Toowoomba),Crows Nest,Toowoomba Region,4355,Crows Nest,Darling Downs,Southern,Southern,Downs South West,Crows Nest - Rosalie,Darling Downs - East,Darling Downs - Maranoa,Inner Regional,Condamine,Maranoa,State-controlled,No Roadway Feature,No traffic control,100 - 110 km/h,Sealed - Dry,Clear,Dawn/Dusk,Straight,Level,703,Off Path-Straight: Left Off Cway Hit Obj,Off carriageway on straight hit object,N,0,0,0,0,0,1,0,0,0,0,0,0
4643,Hospitalisation,2002,December,Tuesday,17,Angle,Multi-Vehicle,148.1580337,-23.52408194,Egerton St,Gregory Hwy,Gregory Highway (Emerald - Clermont),Emerald,Central Highlands Region,4720,Emerald,Capricornia,Central,Central,Central Queensland,Emerald,Central Highlands (qld),Central Queensland,Outer Regional,Gregory,Flynn,State-controlled,Intersection - Cross,Give way sign,60 km/h,Sealed - Dry,Clear,Daylight,Curved - view open,Level,104,Veh'S Adjacent Approach: Thru-Right,Intersection from adjacent approaches,S,0,2,0,0,2,2,0,0,0,0,0,0
4644,Property damage only,2002,December,Tuesday,7,Collision - miscellaneous,Other,148.5873814,-20.39714898,Bruce Hwy,,Bruce Highway (Proserpine - Bowen),Proserpine,Whitsunday Region,4800,Proserpine,Mackay,Central,Central,Central Queensland,Proserpine,Whitsunday,Mackay - Isaac - Whitsunday,Outer Regional,Whitsunday,Dawson,State-controlled,No Roadway Feature,No traffic control,60 km/h,Sealed - Wet,Raining,Daylight,Straight,Level,703,Off Path-Straight: Left Off Cway Hit Obj,Off carriageway on straight hit object,S,0,0,0,0,0,1,0,0,0,0,0,0
4645,Property damage only,2002,December,Wednesday,5,Angle,Multi-Vehicle,153.035723,-27.45900902,Brunswick St,Mclachlan St,,Fortitude Valley,Brisbane City,4006,Fortitude Valley,North Brisbane,Brisbane,SEQ North,Metropolitan,Fortitude Valley,Brisbane Inner,Brisbane Inner City,Major Cities,Mcconnel,Brisbane,Locally-controlled,Intersection - Cross,Operating traffic lights,60 km/h,Sealed - Dry,Clear,Dawn/Dusk,Straight,Level,101,Veh'S Adjacent Approach: Thru-Thru,Intersection from adjacent approaches,E,0,0,0,0,0,2,0,0,0,0,0,0
4646,Medical treatment,2002,December,Wednesday,12,Angle,Multi-Vehicle,153.0594452,-27.38884399,Flower St,Sandgate Rd,Sandgate Sub-Arterial Road,Virginia,Brisbane City,4014,Hendra,North Brisbane,Brisbane,SEQ North,Metropolitan,Northgate - Virginia,Nundah,Brisbane - North,Major Cities,Nudgee,Lilley,State-controlled,Intersection - T-Junction,No traffic control,60 km/h,Sealed - Dry,Clear,Daylight,Straight,Level,202,Veh'S Opposite Approach: Thru-Right,Opposing vehicles turning,N,0,0,1,0,1,2,0,0,0,0,0,0
4647,Medical treatment,2002,December,Wednesday,12,Sideswipe,Multi-Vehicle,153.0705937,-26.62416978,Sunshine Mwy,,Sunshine Motorway (Mooloolaba - Peregian),Pacific Paradise,Sunshine Coast Region,4564,Coolum,Sunshine Coast,Central,SEQ North,North Coast and Wide Bay/Burnett,Marcoola - Mudjimba,Maroochy,Sunshine Coast,Major Cities,Maroochydore,Fairfax,State-controlled,No Roadway Feature,No traffic control,100 - 110 km/h,Sealed - Dry,Clear,Daylight,Straight,Level,308,Veh'S Same Direction: Right Turn S/Swipe,Parallel lanes turning,S,0,0,1,0,1,1,0,1,0,0,0,0
4648,Hospitalisation,2002,December,Wednesday,22,Hit object,Single Vehicle,153.1916,-27.92654816,Tamborine Mountain Rd,,Tamborine Mountain Road,Tamborine Mountain,Scenic Rim Region,4271,North Tamborine,Logan,South Eastern,SEQ South,South Coast,Tamborine - Canungra,Gold Coast Hinterland,Gold Coast,Major Cities,Scenic Rim,Wright,State-controlled,No Roadway Feature,No traffic control,60 km/h,Sealed - Dry,Clear,Darkness - Not lighted,Straight,Grade,703,Off Path-Straight: Left Off Cway Hit Obj,Off carriageway on straight hit object,S,0,1,0,0,1,1,0,0,0,0,0,0
4649,Medical treatment,2002,December,Thursday,15,Rear-end,Multi-Vehicle,152.9908381,-27.47750223,Milton Rd,,,Toowong,Brisbane City,4066,Indooroopilly,North Brisbane,Brisbane,SEQ North,Metropolitan,Toowong,Brisbane Inner - West,Brisbane Inner City,Major Cities,Maiwar,Ryan,Locally-controlled,No Roadway Feature,No traffic control,60 km/h,Sealed - Dry,Clear,Daylight,Straight,Crest,301,Veh'S Same Direction: Rear End,Rear-end,S,0,0,2,0,2,3,0,0,0,0,0,0
4650,Property damage only,2002,December,Thursday,14,Angle,Multi-Vehicle,153.0719598,-27.55579577,Meckiff St,Tora St,,Upper Mount Gravatt,Brisbane City,4122,Upper Mount Gravatt,South Brisbane,Brisbane,SEQ South,Metropolitan,Upper Mount Gravatt,Mt Gravatt,Brisbane - South,Major Cities,Mansfield,Bonner,Locally-controlled,Intersection - T-Junction,Stop sign,0 - 50 km/h,Sealed - Dry,Clear,Daylight,Straight,Level,106,Veh'S Adjacent Approach: Left-Right,Intersection from adjacent approaches,N,0,0,0,0,0,2,0,0,0,0,0,0
4651,Medical treatment,2002,December,Thursday,11,Rear-end,Multi-Vehicle,152.9372945,-26.62117662,Nambour - Mapleton Rd,Patterson St,Nambour - Mapleton Road,Nambour,Sunshine Coast Region,4560,Nambour,Sunshine Coast,Central,SEQ North,North Coast and Wide Bay/Burnett,Nambour,Nambour,Sunshine Coast,Major Cities,Nicklin,Fairfax,State-controlled,Intersection - Y-Junction,No traffic control,0 - 50 km/h,Sealed - Dry,Clear,Daylight,Curved - view obscured,Grade,303,Veh'S Same Direction: Right Rear,Rear-end,W,0,0,1,0,1,2,0,0,0,0,0,0
4652,Hospitalisation,2002,December,Thursday,19,Angle,Multi-Vehicle,150.3246727,-28.54658349,Cunningham Hwy,,Cunningham Highway (Inglewood-Goondiwindi),Goondiwindi,Goondiwindi Region,4390,Goondiwindi,Darling Downs,Southern,Southern,Downs South West,Goondiwindi,Darling Downs (west) - Maranoa,Darling Downs - Maranoa,Outer Regional,Southern Downs,Maranoa,State-controlled,No Roadway Feature,Stop sign,80 - 90 km/h,Sealed - Dry,Clear,Darkness - Lighted,Straight,Level,406,Veh'S Manoeuvring: Leaving Driveway,Vehicle leaving driveway,N,0,1,0,0,1,1,0,1,0,0,0,0
4653,Minor injury,2002,December,Thursday,16,Overturned,Single Vehicle,148.9718409,-21.27224319,Eton - Homebush Rd,Eton Dump Rd,Eton - Homebush Road,Eton,Mackay Region,4741,Eton,Mackay,Central,Central,Central Queensland,Walkerston - Eton,Mackay,Mackay - Isaac - Whitsunday,Outer Regional,Mirani,Capricornia,State-controlled,Intersection - T-Junction,No traffic control,80 - 90 km/h,Sealed - Dry,Clear,Daylight,Straight,Level,502,Veh'S Overtaking: Out Of Control,Off carriageway on straight,E,0,0,0,1,1,1,0,0,0,0,0,0
4654,Medical treatment,2002,December,Friday,13,Sideswipe,Multi-Vehicle,153.0017631,-27.45128845,Waterworks Rd,,,Red Hill,Brisbane City,4059,Brisbane City,North Brisbane,Brisbane,SEQ North,Metropolitan,Red Hill (qld),Brisbane Inner - West,Brisbane Inner City,Major Cities,Cooper,Brisbane,Locally-controlled,No Roadway Feature,No traffic control,60 km/h,Sealed - Dry,Clear,Daylight,Curved - view open,Crest,305,Veh'S Same Direction: Lane Side Swipe,Lane changes,S,0,0,1,0,1,0,1,1,0,0,0,0
4655,Medical treatment,2002,December,Friday,12,Hit object,Single Vehicle,152.9098712,-27.06289675,D'Aguilar Hwy,,D'Aguilar Highway (Caboolture - Kilcoy),Moodlu,Moreton Bay Region,4510,Caboolture,Moreton,Southern,SEQ North,North Coast and Wide Bay/Burnett,Caboolture,Caboolture,Moreton Bay - North,Major Cities,Morayfield,Longman,State-controlled,No Roadway Feature,No traffic control,100 - 110 km/h,Sealed - Dry,Clear,Daylight,Straight,Level,700,Off Path-Straight: Other,Other,E,0,0,1,0,1,1,0,0,0,0,0,0
4656,Medical treatment,2002,December,Friday,16,Angle,Multi-Vehicle,153.1069975,-27.2438289,Baynes St,Oxley Ave,Brighton - Redcliffe Road,Margate,Moreton Bay Region,4019,Redcliffe,Moreton,Southern,SEQ North,North Coast and Wide Bay/Burnett,Margate - Woody Point,Redcliffe,Moreton Bay - North,Major Cities,Redcliffe,Petrie,State-controlled,Intersection - T-Junction,Give way sign,60 km/h,Sealed - Dry,Clear,Daylight,Straight,Level,104,Veh'S Adjacent Approach: Thru-Right,Intersection from adjacent approaches,S,0,0,1,0,1,1,1,0,0,0,0,0
4657,Property damage only,2002,December,Friday,12,Sideswipe,Multi-Vehicle,152.8359448,-27.59138727,Warrego Hwy,,Warrego Highway (Ipswich - Toowoomba),Dinmore,Ipswich City,4303,Goodna,Ipswich,Southern,SEQ South,Metropolitan,Riverview,Ipswich Inner,Ipswich,Major Cities,Bundamba,Blair,State-controlled,No Roadway Feature,No traffic control,100 - 110 km/h,Sealed - Dry,Clear,Daylight,Straight,Level,306,Veh'S Same Direction: Lane Change Right,Lane changes,W,0,0,0,0,0,1,0,1,0,0,0,0
4658,Medical treatment,2002,December,Friday,23,Hit pedestrian,Hit pedestrian,153.4350604,-28.04562856,Gold Coast Hwy,,Gold Coast Highway (Broadbeach - Coolangatta),Mermaid Beach,Gold Coast City,4218,Broadbeach,Gold Coast,South Eastern,SEQ South,South Coast,Mermaid Beach - Broadbeach,Broadbeach - Burleigh,Gold Coast,Major Cities,Mermaid Beach,Moncrieff,State-controlled,No Roadway Feature,Pedestrian operated lights,70 km/h,Sealed - Dry,Clear,Darkness - Lighted,Straight,Level,1,Ped'N: Near Side Vehicle Hit From Right,Pedestrian,E,0,0,1,0,1,1,0,0,0,0,1,0
4659,Property damage only,2002,December,Friday,8,Angle,Multi-Vehicle,153.1365053,-26.79361974,Gemson Cres,William St,,Moffat Beach,Sunshine Coast Region,4551,Caloundra,Sunshine Coast,Central,SEQ North,North Coast and Wide Bay/Burnett,Moffat Beach - Battery Hill,Caloundra,Sunshine Coast,Major Cities,Caloundra,Fisher,Locally-controlled,Intersection - T-Junction,No traffic control,0 - 50 km/h,Sealed - Dry,Clear,Daylight,Straight,Grade,104,Veh'S Adjacent Approach: Thru-Right,Intersection from adjacent approaches,W,0,0,0,0,0,3,0,0,0,0,0,0
4660,Property damage only,2002,December,Friday,15,Rear-end,Multi-Vehicle,153.4293163,-27.99222884,Gold Coast Hwy,Main Beach Pde,,Surfers Paradise,Gold Coast City,4217,Surfers Paradise,Gold Coast,South Eastern,SEQ South,South Coast,Surfers Paradise,Surfers Paradise,Gold Coast,Major Cities,Surfers Paradise,Moncrieff,Locally-controlled,Intersection - T-Junction,No traffic control,60 km/h,Sealed - Dry,Clear,Daylight,Straight,Dip,301,Veh'S Same Direction: Rear End,Rear-end,S,0,0,0,0,0,3,0,0,0,0,0,0
4661,Medical treatment,2002,December,Friday,21,Angle,Multi-Vehicle,153.1283816,-26.75239617,Moondara Dr,Nicklin Wy,Nicklin Way,Wurtulla,Sunshine Coast Region,4575,Kawana Waters,Sunshine Coast,Central,SEQ North,North Coast and Wide Bay/Burnett,Wurtulla - Birtinya,Caloundra,Sunshine Coast,Major Cities,Kawana,Fisher,State-controlled,Intersection - T-Junction,Operating traffic lights,70 km/h,Sealed - Wet,Raining,Darkness - Lighted,Straight,Level,202,Veh'S Opposite Approach: Thru-Right,Opposing vehicles turning,N,0,0,1,0,1,2,0,0,0,0,0,0
4662,Medical treatment,2002,December,Saturday,8,Hit pedestrian,Hit pedestrian,152.9797196,-27.52164095,Graceville Ave,Oxley Rd,,Graceville,Brisbane City,4075,Sherwood,South Brisbane,Brisbane,SEQ South,Metropolitan,Chelmer - Graceville,Sherwood - Indooroopilly,Brisbane - West,Major Cities,Miller,Moreton,Locally-controlled,Intersection - T-Junction,Operating traffic lights,60 km/h,Sealed - Wet,Clear,Daylight,Straight,Level,3,Ped'N: Far Side Vehicle Hit From Left,Pedestrian,S,0,0,1,0,1,1,0,0,0,0,1,0
4663,Property damage only,2002,December,Saturday,13,Hit object,Single Vehicle,152.7021333,-27.56728354,Velvet St,,,Pine Mountain,Ipswich City,4306,Karana Downs,Ipswich,Southern,SEQ South,Metropolitan,Ipswich - North,Ipswich Inner,Ipswich,Major Cities,Ipswich West,Blair,Locally-controlled,No Roadway Feature,No traffic control,60 km/h,Sealed - Dry,Clear,Daylight,Straight,Grade,700,Off Path-Straight: Other,Other,N,0,0,0,0,0,1,0,0,0,0,0,0
4664,Hospitalisation,2002,December,Saturday,8,Hit pedestrian,Hit pedestrian,153.0226982,-27.43692801,Newmarket Rd,Silvester St,,Wilston,Brisbane City,4051,Stafford,North Brisbane,Brisbane,SEQ North,Metropolitan,Wilston,Brisbane Inner - North,Brisbane Inner City,Major Cities,Stafford,Brisbane,Locally-controlled,Intersection - Cross,Operating traffic lights,60 km/h,Sealed - Wet,Raining,Daylight,Straight,Level,1,Ped'N: Near Side Vehicle Hit From Right,Pedestrian,S,0,1,0,0,1,1,0,0,0,0,1,0
4665,Fatal,2002,December,Saturday,4,Head-on,Multi-Vehicle,148.6176367,-20.58115522,Bruce Hwy,,Bruce Highway (Mackay - Proserpine),Bloomsbury,Mackay Region,4799,Proserpine,Mackay,Central,Central,Central Queensland,Seaforth - Calen,Mackay,Mackay - Isaac - Whitsunday,Outer Regional,Whitsunday,Dawson,State-controlled,No Roadway Feature,No traffic control,100 - 110 km/h,Sealed - Dry,Clear,Dawn/Dusk,Straight,Level,201,Veh'S Opposite Approach: Head On,Head-on,N,5,2,0,0,7,2,0,0,0,0,0,0
4666,Hospitalisation,2002,December,Sunday,14,Angle,Multi-Vehicle,153.0298927,-27.47131164,Edward St,Margaret St,,Brisbane City,Brisbane City,4000,Brisbane City,North Brisbane,Brisbane,SEQ North,Metropolitan,Brisbane City,Brisbane Inner,Brisbane Inner City,Major Cities,Mcconnel,Brisbane,Locally-controlled,Intersection - Cross,Operating traffic lights,0 - 50 km/h,Sealed - Dry,Clear,Daylight,Straight,Level,101,Veh'S Adjacent Approach: Thru-Thru,Intersection from adjacent approaches,N,0,1,0,0,1,1,0,0,1,0,0,0
4667,Minor injury,2002,December,Sunday,11,Rear-end,Multi-Vehicle,153.1652747,-27.48188179,Greencamp Rd,Tilley Rd,,Wakerley,Brisbane City,4154,Wynnum,South Brisbane,Brisbane,SEQ South,Metropolitan,Wakerley,Wynnum - Manly,Brisbane - East,Major Cities,Chatsworth,Bonner,Locally-controlled,Intersection - T-Junction,Stop sign,60 km/h,Sealed - Dry,Clear,Daylight,Straight,Level,302,Veh'S Same Direction: Left Rear,Rear-end,E,0,0,0,1,1,2,0,0,0,0,0,0
4668,Property damage only,2002,December,Sunday,14,Hit object,Single Vehicle,153.0063719,-27.23791498,Bruce Hwy,,Bruce Highway (Brisbane - Gympie),Kallangur,Moreton Bay Region,4503,Mango Hill North Lakes,North Brisbane,Brisbane,SEQ North,North Coast and Wide Bay/Burnett,Dakabin - Kallangur,North Lakes,Moreton Bay - South,Major Cities,Murrumba,Longman,State-controlled,No Roadway Feature,No traffic control,100 - 110 km/h,Sealed - Dry,Clear,Daylight,Straight,Level,703,Off Path-Straight: Left Off Cway Hit Obj,Off carriageway on straight hit object,N,0,0,0,0,0,1,0,0,0,0,0,0
4669,Property damage only,2002,December,Sunday,3,Hit parked vehicle,Single Vehicle,153.4603876,-28.10205456,Tarni Ave,,,Palm Beach,Gold Coast City,4221,Palm Beach,Gold Coast,South Eastern,SEQ South,South Coast,Palm Beach,Coolangatta,Gold Coast,Major Cities,Burleigh,Mcpherson,Locally-controlled,No Roadway Feature,No traffic control,0 - 50 km/h,Sealed - Dry,Clear,Darkness - Lighted,Straight,Level,601,Veh'S On Path: Parked,Hit parked vehicle,N,0,0,0,0,0,3,0,0,0,0,0,0