Crash_Ref_Number,Crash_Severity,Crash_Year,Crash_Month,Crash_Day_Of_Week,Crash_Hour,Crash_Nature,Crash_Type,Crash_Longitude_GDA94,Crash_Latitude_GDA94,Crash_Street,Crash_Street_Intersecting,State_Road_Name,Loc_Suburb,Loc_Local_Government_Area,Loc_Post_Code,Loc_Police_Division,Loc_Police_District,Loc_Police_Region,Loc_Queensland_Transport_Region,Loc_Main_Roads_Region,Loc_ABS_Statistical_Area_2,Loc_ABS_Statistical_Area_3,Loc_ABS_Statistical_Area_4,Loc_ABS_Remoteness,Loc_State_Electorate,Loc_Federal_Electorate,Crash_Controlling_Authority,Crash_Roadway_Feature,Crash_Traffic_Control,Crash_Speed_Limit,Crash_Road_Surface_Condition,Crash_Atmospheric_Condition,Crash_Lighting_Condition,Crash_Road_Horiz_Align,Crash_Road_Vert_Align,Crash_DCA_Code,Crash_DCA_Description,Crash_DCA_Group_Description,DCA_Key_Approach_Dir,Count_Casualty_Fatality,Count_Casualty_Hospitalised,Count_Casualty_MedicallyTreated,Count_Casualty_MinorInjury,Count_Casualty_Total,Count_Unit_Car,Count_Unit_Motorcycle_Moped,Count_Unit_Truck,Count_Unit_Bus,Count_Unit_Bicycle,Count_Unit_Pedestrian,Count_Unit_Other
4670,Medical treatment,2002,December,Sunday,13,Rear-end,Multi-Vehicle,151.9411377,-27.54019197,North St,Vanity St,,Rockville,Toowoomba Region,4350,Toowoomba,Darling Downs,Southern,Southern,Downs South West,Wilsonton,Toowoomba,Toowoomba,Inner Regional,Toowoomba North,Groom,Locally-controlled,Intersection - T-Junction,No traffic control,60 km/h,Sealed - Dry,Clear,Daylight,Straight,Grade,303,Veh'S Same Direction: Right Rear,Rear-end,W,0,0,1,0,1,2,0,0,0,0,0,0
4671,Property damage only,2002,December,Monday,5,Angle,Multi-Vehicle,153.0595068,-27.3245532,Adams St,Board St,,Deagon,Brisbane City,4017,Sandgate,North Brisbane,Brisbane,SEQ North,Metropolitan,Deagon,Sandgate,Brisbane - North,Major Cities,Sandgate,Lilley,Locally-controlled,Intersection - T-Junction,Operating traffic lights,60 km/h,Sealed - Dry,Clear,Daylight,Straight,Level,202,Veh'S Opposite Approach: Thru-Right,Opposing vehicles turning,E,0,0,0,0,0,2,0,0,0,0,0,0
4672,Property damage only,2002,December,Monday,19,Angle,Multi-Vehicle,153.4413981,-28.11070986,Tallebudgera Creek Rd,Tsipura Dr,Tallebudgera Creek Road,Burleigh Heads,Gold Coast City,4219,Palm Beach,Gold Coast,South Eastern,SEQ South,South Coast,Burleigh Heads,Broadbeach - Burleigh,Gold Coast,Major Cities,Burleigh,Mcpherson,State-controlled,Intersection - T-Junction,Operating traffic lights,60 km/h,Sealed - Dry,Clear,Unknown,Straight,Level,202,Veh'S Opposite Approach: Thru-Right,Opposing vehicles turning,S,0,0,0,0,0,2,0,0,0,0,0,0
4673,Property damage only,2002,December,Monday,13,Angle,Multi-Vehicle,149.1833372,-21.14081068,Macalister St,Victoria St,,Mackay,Mackay Region,4740,Mackay,Mackay,Central,Central,Central Queensland,Mackay,Mackay,Mackay - Isaac - Whitsunday,Inner Regional,Mackay,Dawson,Locally-controlled,Intersection - Cross,Give way sign,60 km/h,Sealed - Dry,Clear,Daylight,Straight,Level,101,Veh'S Adjacent Approach: Thru-Thru,Intersection from adjacent approaches,N,0,0,0,0,0,2,0,0,0,0,0,0
4674,Hospitalisation,2002,December,Monday,17,Hit object,Single Vehicle,148.6398082,-20.37816957,Conway Rd,,,Preston,Whitsunday Region,4800,Proserpine,Mackay,Central,Central,Central Queensland,Proserpine,Whitsunday,Mackay - Isaac - Whitsunday,Outer Regional,Whitsunday,Dawson,Locally-controlled,No Roadway Feature,No traffic control,100 - 110 km/h,Sealed - Dry,Clear,Daylight,Straight,Level,400,Veh'S Manoeuvring: Other,Other,N,0,1,0,0,1,0,1,0,0,0,0,0
4675,Property damage only,2002,December,Tuesday,20,Hit object,Single Vehicle,152.9715658,-27.6045921,Partridge St,Sunbird St,,Inala,Brisbane City,4077,Inala,South Brisbane,Brisbane,SEQ South,Metropolitan,Inala - Richlands,Forest Lake - Oxley,Ipswich,Major Cities,Inala,Oxley,Locally-controlled,Intersection - T-Junction,No traffic control,60 km/h,Sealed - Wet,Raining,Darkness - Not lighted,Curved - view open,Level,800,Off Path-Curve: Other,Other,N,0,0,0,0,0,1,0,0,0,0,0,0
4676,Property damage only,2002,December,Tuesday,19,Hit object,Single Vehicle,152.961931,-27.50821926,Western Fwy,,Centenary Motorway (Ellen Grove - Toowong),Indooroopilly,Brisbane City,4068,Indooroopilly,North Brisbane,Brisbane,SEQ North,Metropolitan,Indooroopilly,Sherwood - Indooroopilly,Brisbane - West,Major Cities,Maiwar,Ryan,State-controlled,No Roadway Feature,No traffic control,80 - 90 km/h,Sealed - Wet,Raining,Darkness - Lighted,Curved - view open,Level,301,Veh'S Same Direction: Rear End,Rear-end,S,0,0,0,0,0,3,0,0,0,0,0,0
4677,Property damage only,2002,December,Tuesday,19,Angle,Multi-Vehicle,153.1080651,-27.23756988,Macdonnell Rd,Oxley Ave,Brighton - Redcliffe Road,Margate,Moreton Bay Region,4019,Redcliffe,Moreton,Southern,SEQ North,North Coast and Wide Bay/Burnett,Redcliffe,Redcliffe,Moreton Bay - North,Major Cities,Redcliffe,Petrie,State-controlled,Intersection - Cross,Operating traffic lights,60 km/h,Sealed - Dry,Clear,Darkness - Lighted,Straight,Level,202,Veh'S Opposite Approach: Thru-Right,Opposing vehicles turning,W,0,0,0,0,0,2,0,0,0,0,0,0
4678,Property damage only,2002,December,Tuesday,23,Hit object,Single Vehicle,0,0,Witta Rd,,,Unknown,Unknown,Unknown,Unknown,Unknown,Unknown,Unknown,Unknown,Unknown,Unknown,Unknown,Unknown,Unknown,Unknown,Locally-controlled,No Roadway Feature,No traffic control,60 km/h,Sealed - Wet,Raining,Darkness - Not lighted,Straight,Grade,800,Off Path-Curve: Other,Other,E,0,0,0,0,0,1,0,0,0,0,0,0
4679,Hospitalisation,2002,December,Wednesday,5,Angle,Multi-Vehicle,153.0160743,-27.46600259,Countess St,Roma St,,Brisbane City,Brisbane City,4000,Brisbane City,North Brisbane,Brisbane,SEQ North,Metropolitan,Brisbane City,Brisbane Inner,Brisbane Inner City,Major Cities,Mcconnel,Brisbane,Locally-controlled,Intersection - Multiple Road,Give way sign,0 - 50 km/h,Sealed - Dry,Clear,Daylight,Curved - view open,Level,100,Veh'S Adjacent Approach: Other,Intersection from adjacent approaches,S,0,1,0,0,1,2,0,0,0,0,0,0
4680,Hospitalisation,2002,December,Wednesday,19,Hit pedestrian,Hit pedestrian,152.7868934,-25.34050968,Maryborough - Hervey Bay Rd,,Maryborough - Hervey Bay Road,Walligan,Fraser Coast Region,4655,Hervey Bay,Wide Bay Burnett,Central,Southern,North Coast and Wide Bay/Burnett,Booral - River Heads,Hervey Bay,Wide Bay,Inner Regional,Maryborough,Hinkler,State-controlled,No Roadway Feature,No traffic control,100 - 110 km/h,Sealed - Wet,Raining,Darkness - Not lighted,Straight,Level,4,Ped'N: Play; Work; Stand; Lie On C'Way,Pedestrian,S,0,1,0,0,1,1,0,0,0,0,1,0
4681,Hospitalisation,2002,December,Thursday,0,Hit object,Single Vehicle,153.0490158,-27.51721759,South East Arterial Rd,,South-East Arterial Road (Pacific Motorway),Greenslopes,Brisbane City,4120,Holland Park,South Brisbane,Brisbane,SEQ South,Metropolitan,Holland Park West,Holland Park - Yeronga,Brisbane - South,Major Cities,Greenslopes,Griffith,State-controlled,No Roadway Feature,No traffic control,100 - 110 km/h,Sealed - Wet,Raining,Darkness - Lighted,Straight,Level,704,Off Path-Straight:Right Off Cway Hit Obj,Off carriageway on straight hit object,S,0,1,0,0,1,1,0,0,0,0,0,0
4682,Minor injury,2002,December,Thursday,12,Rear-end,Multi-Vehicle,153.0190879,-27.29113413,Pine River Bridge,,Bruce Highway (Brisbane - Gympie),Murrumba Downs,Moreton Bay Region,4036,Mango Hill North Lakes,North Brisbane,Brisbane,SEQ North,North Coast and Wide Bay/Burnett,Bald Hills,Bald Hills - Everton Park,Brisbane - North,Major Cities,Murrumba,Petrie,State-controlled,Bridge/Causeway,No traffic control,100 - 110 km/h,Sealed - Dry,Clear,Daylight,Straight,Level,301,Veh'S Same Direction: Rear End,Rear-end,N,0,0,0,2,2,2,0,0,0,0,0,0
4683,Property damage only,2002,December,Thursday,17,Hit object,Single Vehicle,152.870626,-27.37290589,Samford - Mt Glorious Rd,,Samford - Mt Glorious Road,Samford Valley,Moreton Bay Region,4520,Ferny Grove,North Brisbane,Brisbane,SEQ North,North Coast and Wide Bay/Burnett,Samford Valley,The Hills District,Moreton Bay - South,Major Cities,Pine Rivers,Dickson,State-controlled,No Roadway Feature,No traffic control,80 - 90 km/h,Sealed - Wet,Raining,Daylight,Curved - view open,Crest,804,Off Path-Curve: Off Cway Lt Bend Hit Obj,Off carriageway on curve hit object,W,0,0,0,0,0,1,0,0,0,0,0,0
4684,Property damage only,2002,December,Thursday,18,Sideswipe,Multi-Vehicle,152.9313491,-26.45751283,Bruce Hwy,Neeraway Rd,,Eerwah Vale,Sunshine Coast Region,4562,Eumundi,Sunshine Coast,Central,SEQ North,North Coast and Wide Bay/Burnett,Eumundi - Yandina,Nambour,Sunshine Coast,Inner Regional,Nicklin,Fairfax,Locally-controlled,Intersection - T-Junction,No traffic control,80 - 90 km/h,Sealed - Wet,Raining,Darkness - Not lighted,Straight,Level,201,Veh'S Opposite Approach: Head On,Head-on,N,0,0,0,0,0,2,0,0,0,0,0,0
4685,Hospitalisation,2002,December,Thursday,22,Head-on,Multi-Vehicle,153.2870347,-27.91747256,Yallaroi Rd,,,Oxenford,Gold Coast City,4210,Nerang,Gold Coast,South Eastern,SEQ South,South Coast,Oxenford - Maudsland,Ormeau - Oxenford,Gold Coast,Major Cities,Theodore,Wright,Locally-controlled,No Roadway Feature,No traffic control,60 km/h,Sealed - Dry,Clear,Darkness - Not lighted,Curved - view obscured,Crest,201,Veh'S Opposite Approach: Head On,Head-on,E,0,2,0,0,2,2,0,0,0,0,0,0
4686,Hospitalisation,2002,December,Thursday,5,Hit object,Single Vehicle,153.4316276,-28.01103168,Garfield Tce,,,Surfers Paradise,Gold Coast City,4217,Surfers Paradise,Gold Coast,South Eastern,SEQ South,South Coast,Surfers Paradise,Surfers Paradise,Gold Coast,Major Cities,Surfers Paradise,Moncrieff,Locally-controlled,No Roadway Feature,No traffic control,0 - 50 km/h,Sealed - Dry,Clear,Dawn/Dusk,Straight,Level,704,Off Path-Straight:Right Off Cway Hit Obj,Off carriageway on straight hit object,N,0,1,0,0,1,1,0,0,0,0,0,0
4687,Hospitalisation,2002,December,Thursday,16,Hit object,Single Vehicle,152.0828295,-25.54154573,Maryborough - Biggenden Rd,,Maryborough - Biggenden Road,Lakeside,North Burnett Region,4621,Biggenden,Wide Bay Burnett,Central,Southern,North Coast and Wide Bay/Burnett,Gayndah - Mundubbera,Burnett,Wide Bay,Outer Regional,Callide,Flynn,State-controlled,No Roadway Feature,No traffic control,100 - 110 km/h,Sealed - Wet,Raining,Daylight,Straight,Crest,607,Veh'S On Path: Temporary Object On C'Way,Other,E,0,1,0,0,1,0,1,0,0,0,0,0
4688,Medical treatment,2002,December,Thursday,13,Overturned,Single Vehicle,151.4468185,-24.12134343,Bruce Hwy,,Bruce Highway (Benaraby - Rockhampton),Iveragh,Gladstone Region,4680,Tannum Sands,Capricornia,Central,Central,Central Queensland,Gladstone Hinterland,Gladstone,Central Queensland,Inner Regional,Callide,Flynn,State-controlled,No Roadway Feature,No traffic control,100 - 110 km/h,Sealed - Wet,Raining,Daylight,Straight,Level,502,Veh'S Overtaking: Out Of Control,Off carriageway on straight,N,0,0,1,0,1,1,0,0,0,0,0,0
4689,Medical treatment,2002,December,Friday,17,Hit object,Single Vehicle,153.0468275,-27.31186522,Deagon Deviation,,Gateway Arterial Road (Gateway Motorway - North),Sandgate,Brisbane City,4017,Sandgate,North Brisbane,Brisbane,SEQ North,Metropolitan,Sandgate - Shorncliffe,Sandgate,Brisbane - North,Major Cities,Sandgate,Lilley,State-controlled,No Roadway Feature,No traffic control,80 - 90 km/h,Sealed - Wet,Raining,Daylight,Straight,Level,607,Veh'S On Path: Temporary Object On C'Way,Other,S,0,0,1,0,1,1,0,0,0,0,0,0
4690,Property damage only,2002,December,Friday,9,Rear-end,Multi-Vehicle,152.9768381,-27.41472452,Samford Rd,,Samford Sub-Arterial Road,Mitchelton,Brisbane City,4053,Ferny Grove,North Brisbane,Brisbane,SEQ North,Metropolitan,Mitchelton,The Gap - Enoggera,Brisbane - West,Major Cities,Ferny Grove,Ryan,State-controlled,No Roadway Feature,No traffic control,60 km/h,Sealed - Wet,Raining,Daylight,Straight,Level,303,Veh'S Same Direction: Right Rear,Rear-end,W,0,0,0,0,0,3,0,0,0,0,0,0
4691,Medical treatment,2002,December,Friday,13,Rear-end,Multi-Vehicle,153.4711613,-28.13444818,Pacific Hwy,,Pacific Highway (Pacific Motorway),Palm Beach,Gold Coast City,4221,Palm Beach,Gold Coast,South Eastern,SEQ South,South Coast,Palm Beach,Coolangatta,Gold Coast,Major Cities,Burleigh,Mcpherson,State-controlled,No Roadway Feature,No traffic control,100 - 110 km/h,Sealed - Wet,Raining,Daylight,Curved - view open,Grade,301,Veh'S Same Direction: Rear End,Rear-end,S,0,0,1,0,1,2,0,0,0,0,0,0
4692,Hospitalisation,2002,December,Saturday,18,Angle,Multi-Vehicle,153.1394748,-27.6678542,Edenlea Dr,Loganlea Rd,,Meadowbrook,Logan City,4131,Logan Central,Logan,South Eastern,SEQ South,South Coast,Loganlea,Loganlea - Carbrook,Logan - Beaudesert,Major Cities,Waterford,Forde,Locally-controlled,Intersection - Cross,Operating traffic lights,60 km/h,Sealed - Dry,Clear,Darkness - Lighted,Straight,Level,101,Veh'S Adjacent Approach: Thru-Thru,Intersection from adjacent approaches,W,0,2,0,0,2,2,0,0,0,0,0,0
4693,Medical treatment,2002,December,Saturday,15,Rear-end,Multi-Vehicle,153.2006496,-27.52182495,Birkdale Rd,Capalaba - Cleveland Rd,Birkdale Road,Capalaba,Redland City,4157,Capalaba,South Brisbane,Brisbane,SEQ South,Metropolitan,Capalaba,Capalaba,Brisbane - East,Major Cities,Capalaba,Bowman,State-controlled,Intersection - T-Junction,Give way sign,80 - 90 km/h,Sealed - Dry,Clear,Daylight,Curved - view open,Level,302,Veh'S Same Direction: Left Rear,Rear-end,S,0,0,1,0,1,2,0,0,0,0,0,0
4694,Hospitalisation,2002,December,Saturday,20,Angle,Multi-Vehicle,153.0309564,-27.43808402,Lutwyche Rd,Newmarket Rd,,Windsor,Brisbane City,4030,Stafford,North Brisbane,Brisbane,SEQ North,Metropolitan,Windsor,Brisbane Inner - North,Brisbane Inner City,Major Cities,Clayfield,Brisbane,Locally-controlled,Intersection - Cross,Operating traffic lights,60 km/h,Sealed - Dry,Clear,Darkness - Lighted,Straight,Grade,202,Veh'S Opposite Approach: Thru-Right,Opposing vehicles turning,S,0,2,0,0,2,2,0,0,0,0,0,0
4695,Hospitalisation,2002,December,Saturday,23,Hit object,Single Vehicle,152.7747756,-25.35381451,Booral Rd,Maryborough - Hervey Bay Rd,Booral Road,Walligan,Fraser Coast Region,4655,Hervey Bay,Wide Bay Burnett,Central,Southern,North Coast and Wide Bay/Burnett,Booral - River Heads,Hervey Bay,Wide Bay,Inner Regional,Maryborough,Hinkler,State-controlled,Intersection - T-Junction,No traffic control,100 - 110 km/h,Sealed - Wet,Clear,Darkness - Lighted,Straight,Grade,607,Veh'S On Path: Temporary Object On C'Way,Other,N,0,1,0,0,1,1,0,0,0,0,0,0
4696,Property damage only,2002,December,Saturday,15,Rear-end,Multi-Vehicle,151.9641786,-27.57026753,Kitchener St,Warrego Hwy,Warrego Highway (Ipswich - Toowoomba),East Toowoomba,Toowoomba Region,4350,Toowoomba,Darling Downs,Southern,Southern,Downs South West,Toowoomba - East,Toowoomba,Toowoomba,Inner Regional,Toowoomba North,Groom,State-controlled,Intersection - Cross,Operating traffic lights,60 km/h,Sealed - Dry,Clear,Daylight,Straight,Level,301,Veh'S Same Direction: Rear End,Rear-end,E,0,0,0,0,0,2,0,0,0,0,0,0
4697,Hospitalisation,2002,December,Sunday,17,Hit pedestrian,Hit pedestrian,152.9694414,-27.62272282,College Ave,Forest Lake Blvd,,Forest Lake,Brisbane City,4078,Inala,South Brisbane,Brisbane,SEQ South,Metropolitan,Forest Lake - Doolandella,Forest Lake - Oxley,Ipswich,Major Cities,Inala,Oxley,Locally-controlled,Intersection - Roundabout,Give way sign,0 - 50 km/h,Sealed - Dry,Clear,Daylight,Straight,Level,3,Ped'N: Far Side Vehicle Hit From Left,Pedestrian,,0,1,2,0,3,1,0,0,0,0,3,0
4698,Minor injury,2002,December,Sunday,0,Hit pedestrian,Hit pedestrian,152.9605645,-27.39427727,Minto Cres,,,Arana Hills,Moreton Bay Region,4054,Ferny Grove,North Brisbane,Brisbane,SEQ North,North Coast and Wide Bay/Burnett,The Hills District,The Hills District,Moreton Bay - South,Major Cities,Ferny Grove,Dickson,Locally-controlled,No Roadway Feature,No traffic control,60 km/h,Sealed - Dry,Clear,Darkness - Lighted,Straight,Level,4,Ped'N: Play; Work; Stand; Lie On C'Way,Pedestrian,N,0,0,0,1,1,1,0,0,0,0,1,0
4699,Minor injury,2002,December,Sunday,12,Rear-end,Multi-Vehicle,151.948236,-27.59078188,Hanna Ct,New England Hwy,New England Highway (Toowoomba-Warwick),Kearneys Spring,Toowoomba Region,4350,Toowoomba,Darling Downs,Southern,Southern,Downs South West,Darling Heights,Toowoomba,Toowoomba,Inner Regional,Toowoomba South,Groom,State-controlled,Intersection - T-Junction,No traffic control,60 km/h,Sealed - Dry,Clear,Daylight,Straight,Level,303,Veh'S Same Direction: Right Rear,Rear-end,S,0,0,0,1,1,2,0,0,0,0,0,0
4700,Hospitalisation,2002,December,Sunday,11,Overturned,Single Vehicle,148.2935878,-23.56344549,Capricorn Hwy,,Capricorn Highway (Duaringa - Emerald),Comet,Central Highlands Region,4702,Emerald,Capricornia,Central,Central,Central Queensland,Central Highlands - West,Central Highlands (qld),Central Queensland,Outer Regional,Gregory,Flynn,State-controlled,No Roadway Feature,No traffic control,100 - 110 km/h,Sealed - Dry,Clear,Daylight,Straight,Level,705,Off Path-Straight:Out Of Control On Cway,Out of control on straight,W,0,3,0,0,3,1,0,0,0,0,0,0
4701,Property damage only,2002,December,Monday,11,Overturned,Single Vehicle,152.9891384,-27.20324412,Bruce Hwy,,Bruce Highway (Brisbane - Gympie),Narangba,Moreton Bay Region,4504,Burpengary,Moreton,Southern,SEQ North,North Coast and Wide Bay/Burnett,Narangba,Narangba - Burpengary,Moreton Bay - North,Major Cities,Kurwongbah,Longman,State-controlled,No Roadway Feature,No traffic control,100 - 110 km/h,Sealed - Dry,Clear,Daylight,Straight,Level,705,Off Path-Straight:Out Of Control On Cway,Out of control on straight,N,0,0,0,0,0,1,0,0,0,0,0,0
4702,Property damage only,2002,December,Monday,22,Hit object,Single Vehicle,152.9886094,-26.28555252,Boreen Rd,Lake Flat Rd,Boreen Road,Boreen Point,Noosa Shire,4565,Noosa Heads,Sunshine Coast,Central,SEQ North,North Coast and Wide Bay/Burnett,Noosa Hinterland,Noosa Hinterland,Sunshine Coast,Inner Regional,Noosa,Wide Bay,State-controlled,Intersection - T-Junction,No traffic control,60 km/h,Sealed - Dry,Clear,Darkness - Not lighted,Curved - view open,Level,804,Off Path-Curve: Off Cway Lt Bend Hit Obj,Off carriageway on curve hit object,W,0,0,0,0,0,1,0,0,0,0,0,0
4703,Medical treatment,2002,December,Monday,7,Hit object,Single Vehicle,153.3864205,-27.95226652,Government Rd,,,Labrador,Gold Coast City,4215,Southport,Gold Coast,South Eastern,SEQ South,South Coast,Labrador,Gold Coast - North,Gold Coast,Major Cities,Bonney,Fadden,Locally-controlled,No Roadway Feature,No traffic control,0 - 50 km/h,Sealed - Dry,Clear,Daylight,Curved - view open,Level,803,Off Path-Curve: Off Cway Rt Bend Hit Obj,Off carriageway on curve hit object,S,0,0,1,0,1,2,0,0,0,0,0,0
4704,Medical treatment,2002,December,Monday,19,Rear-end,Multi-Vehicle,153.0273875,-27.73706566,Kooringal Rd,Mt Lindesay Hwy,Mount Lindesay Highway (Brisbane-Beaudesert),Munruben,Logan City,4125,Jimboomba,Logan,South Eastern,SEQ South,South Coast,Munruben - Park Ridge South,Browns Plains,Logan - Beaudesert,Major Cities,Logan,Forde,State-controlled,Intersection - T-Junction,No traffic control,80 - 90 km/h,Sealed - Dry,Clear,Darkness - Not lighted,Straight,Level,303,Veh'S Same Direction: Right Rear,Rear-end,S,0,0,3,0,3,2,0,0,0,0,0,0
4705,Minor injury,2002,December,Monday,23,Hit object,Single Vehicle,151.2705485,-27.17515222,Bunya Hwy,,Bunya Highway (Dalby - Kingaroy),Dalby,Western Downs Region,4405,Dalby,South West,Southern,Southern,Downs South West,Wambo,Darling Downs - East,Darling Downs - Maranoa,Inner Regional,Warrego,Maranoa,State-controlled,No Roadway Feature,No traffic control,60 km/h,Sealed - Dry,Clear,Darkness - Lighted,Straight,Level,700,Off Path-Straight: Other,Other,N,0,0,0,1,1,1,0,0,0,0,0,0
4706,Medical treatment,2002,December,Tuesday,0,Angle,Multi-Vehicle,153.0785272,-27.46677731,Junction Rd,Wynnum Rd,,Morningside,Brisbane City,4170,Morningside,South Brisbane,Brisbane,SEQ South,Metropolitan,Morningside - Seven Hills,Brisbane Inner - East,Brisbane Inner City,Major Cities,Bulimba,Griffith,Locally-controlled,Intersection - T-Junction,Operating traffic lights,60 km/h,Sealed - Dry,Clear,Darkness - Lighted,Straight,Level,104,Veh'S Adjacent Approach: Thru-Right,Intersection from adjacent approaches,E,0,0,1,0,1,2,0,0,0,0,0,0
4707,Minor injury,2002,December,Tuesday,14,Angle,Multi-Vehicle,153.0807173,-27.55914786,Logan Rd,,,Upper Mount Gravatt,Brisbane City,4122,Upper Mount Gravatt,South Brisbane,Brisbane,SEQ South,Metropolitan,Upper Mount Gravatt,Mt Gravatt,Brisbane - South,Major Cities,Mansfield,Bonner,Locally-controlled,Median Opening,No traffic control,60 km/h,Sealed - Dry,Clear,Daylight,Straight,Level,202,Veh'S Opposite Approach: Thru-Right,Opposing vehicles turning,S,0,0,0,1,1,2,0,0,0,0,0,0
4708,Property damage only,2002,December,Tuesday,11,Sideswipe,Multi-Vehicle,153.140651,-27.63397876,Pacific Hwy Service Rd,Springwood Connection Rd,Springwood Connection Road,Springwood,Logan City,4127,Springwood,Logan,South Eastern,SEQ South,South Coast,Springwood,Springwood - Kingston,Logan - Beaudesert,Major Cities,Springwood,Rankin,State-controlled,Intersection - Roundabout,No traffic control,60 km/h,Sealed - Dry,Clear,Daylight,Straight,Level,105,Veh'S Adjacent Approach: Right-Right,Intersection from adjacent approaches,E,0,0,0,0,0,1,1,0,0,0,0,0
4709,Property damage only,2002,December,Tuesday,14,Rear-end,Multi-Vehicle,152.9841103,-27.64867941,Johnson Rd,Stapylton Rd,,Heathwood,Brisbane City,4118,Inala,South Brisbane,Brisbane,SEQ South,Metropolitan,Hillcrest,Browns Plains,Logan - Beaudesert,Major Cities,Algester,Oxley,Locally-controlled,Intersection - Cross,Stop sign,70 km/h,Sealed - Dry,Clear,Daylight,Straight,Grade,302,Veh'S Same Direction: Left Rear,Rear-end,S,0,0,0,0,0,1,1,0,0,0,0,0
4710,Medical treatment,2002,December,Tuesday,15,Hit pedestrian,Hit pedestrian,153.5266134,-28.16717648,Haig St,Musgrave St,,Coolangatta,Gold Coast City,4225,Coolangatta,Gold Coast,South Eastern,SEQ South,South Coast,Coolangatta,Coolangatta,Gold Coast,Major Cities,Currumbin,Mcpherson,Locally-controlled,Intersection - T-Junction,No traffic control,60 km/h,Sealed - Dry,Clear,Daylight,Straight,Level,3,Ped'N: Far Side Vehicle Hit From Left,Pedestrian,E,0,0,1,0,1,1,0,0,0,0,1,0
4711,Hospitalisation,2002,December,Tuesday,15,Overturned,Single Vehicle,152.354208,-27.3779637,Gatton - Esk Rd,,Gatton-Esk Road,Buaraba,Somerset Region,4311,Esk,Ipswich,Southern,SEQ North,North Coast and Wide Bay/Burnett,Esk,Ipswich Hinterland,Ipswich,Inner Regional,Nanango,Blair,State-controlled,No Roadway Feature,No traffic control,100 - 110 km/h,Sealed - Dry,Clear,Daylight,Curved - view obscured,Grade,802,Off Path-Curve: Off Cway Left Bend,Off carriageway on curve,S,0,1,2,1,4,1,0,0,0,0,0,0
4712,Hospitalisation,2002,December,Tuesday,22,Hit pedestrian,Hit pedestrian,153.1203714,-26.69937146,Nicklin Wy,,Nicklin Way,Minyama,Sunshine Coast Region,4575,Kawana Waters,Sunshine Coast,Central,SEQ North,North Coast and Wide Bay/Burnett,Buddina - Minyama,Caloundra,Sunshine Coast,Major Cities,Kawana,Fisher,State-controlled,No Roadway Feature,No traffic control,70 km/h,Sealed - Dry,Clear,Darkness - Lighted,Straight,Level,1,Ped'N: Near Side Vehicle Hit From Right,Pedestrian,W,0,1,0,0,1,1,0,0,0,0,1,0
4713,Hospitalisation,2003,January,Thursday,11,Angle,Multi-Vehicle,153.0265358,-27.45807129,Rogers St,Water St,,Spring Hill,Brisbane City,4000,Brisbane City,North Brisbane,Brisbane,SEQ North,Metropolitan,Spring Hill,Brisbane Inner,Brisbane Inner City,Major Cities,Mcconnel,Brisbane,Locally-controlled,Intersection - Cross,No traffic control,0 - 50 km/h,Sealed - Dry,Clear,Daylight,Straight,Level,308,Veh'S Same Direction: Right Turn S/Swipe,Parallel lanes turning,N,0,1,0,0,1,1,1,0,0,0,0,0
4714,Property damage only,2003,January,Thursday,23,Hit parked vehicle,Single Vehicle,153.0143918,-27.46336149,Cricket St,Petrie Tce,,Petrie Terrace,Brisbane City,4000,Brisbane City,North Brisbane,Brisbane,SEQ North,Metropolitan,Brisbane City,Brisbane Inner,Brisbane Inner City,Major Cities,Mcconnel,Brisbane,Locally-controlled,Intersection - T-Junction,No traffic control,60 km/h,Sealed - Wet,Clear,Darkness - Lighted,Straight,Level,601,Veh'S On Path: Parked,Hit parked vehicle,N,0,0,0,0,0,2,0,0,0,0,0,0
4715,Property damage only,2003,January,Thursday,21,Hit object,Single Vehicle,153.1993313,-27.72248575,Beenleigh Connection Rd,,Beenleigh Connection Road,Mount Warren Park,Logan City,4207,Beenleigh,Logan,South Eastern,SEQ South,South Coast,Mount Warren Park,Beenleigh,Logan - Beaudesert,Major Cities,Macalister,Forde,State-controlled,No Roadway Feature,No traffic control,60 km/h,Sealed - Dry,Clear,Darkness - Lighted,Straight,Grade,704,Off Path-Straight:Right Off Cway Hit Obj,Off carriageway on straight hit object,E,0,0,0,0,0,1,0,0,0,0,0,0
4716,Medical treatment,2003,January,Thursday,10,Rear-end,Multi-Vehicle,152.9781471,-27.14564839,Bruce Hwy,,Bruce Highway (Brisbane - Gympie),Burpengary,Moreton Bay Region,4505,Burpengary,Moreton,Southern,SEQ North,North Coast and Wide Bay/Burnett,Burpengary,Narangba - Burpengary,Moreton Bay - North,Major Cities,Kurwongbah,Longman,State-controlled,No Roadway Feature,No traffic control,100 - 110 km/h,Sealed - Dry,Clear,Daylight,Straight,Level,301,Veh'S Same Direction: Rear End,Rear-end,N,0,0,1,0,1,2,0,0,0,0,0,0
4717,Medical treatment,2003,January,Thursday,7,Overturned,Single Vehicle,152.7940907,-27.57368745,Warrego Hwy,,Warrego Highway (Ipswich - Toowoomba),Karalee,Ipswich City,4306,Karana Downs,Ipswich,Southern,SEQ South,Metropolitan,North Ipswich - Tivoli,Ipswich Inner,Ipswich,Major Cities,Ipswich West,Blair,State-controlled,No Roadway Feature,No traffic control,100 - 110 km/h,Sealed - Dry,Clear,Daylight,Straight,Level,701,Off Path-Straight: Left Off Cway,Off carriageway on straight,E,0,0,1,0,1,1,0,0,0,0,0,0