Crash_Ref_Number,Crash_Severity,Crash_Year,Crash_Month,Crash_Day_Of_Week,Crash_Hour,Crash_Nature,Crash_Type,Crash_Longitude_GDA94,Crash_Latitude_GDA94,Crash_Street,Crash_Street_Intersecting,State_Road_Name,Loc_Suburb,Loc_Local_Government_Area,Loc_Post_Code,Loc_Police_Division,Loc_Police_District,Loc_Police_Region,Loc_Queensland_Transport_Region,Loc_Main_Roads_Region,Loc_ABS_Statistical_Area_2,Loc_ABS_Statistical_Area_3,Loc_ABS_Statistical_Area_4,Loc_ABS_Remoteness,Loc_State_Electorate,Loc_Federal_Electorate,Crash_Controlling_Authority,Crash_Roadway_Feature,Crash_Traffic_Control,Crash_Speed_Limit,Crash_Road_Surface_Condition,Crash_Atmospheric_Condition,Crash_Lighting_Condition,Crash_Road_Horiz_Align,Crash_Road_Vert_Align,Crash_DCA_Code,Crash_DCA_Description,Crash_DCA_Group_Description,DCA_Key_Approach_Dir,Count_Casualty_Fatality,Count_Casualty_Hospitalised,Count_Casualty_MedicallyTreated,Count_Casualty_MinorInjury,Count_Casualty_Total,Count_Unit_Car,Count_Unit_Motorcycle_Moped,Count_Unit_Truck,Count_Unit_Bus,Count_Unit_Bicycle,Count_Unit_Pedestrian,Count_Unit_Other
4718,Medical treatment,2003,January,Thursday,14,Rear-end,Multi-Vehicle,153.0280309,-27.19237108,Maine Tce,,,Deception Bay,Moreton Bay Region,4508,Deception Bay,Moreton,Southern,SEQ North,North Coast and Wide Bay/Burnett,Deception Bay,Narangba - Burpengary,Moreton Bay - North,Major Cities,Bancroft,Petrie,Locally-controlled,No Roadway Feature,No traffic control,0 - 50 km/h,Sealed - Dry,Clear,Daylight,Straight,Level,303,Veh'S Same Direction: Right Rear,Rear-end,E,0,0,1,0,1,2,0,0,0,0,0,0
4719,Minor injury,2003,January,Thursday,16,Sideswipe,Multi-Vehicle,152.8337022,-27.59070275,Whelband Ct,,,Riverview,Ipswich City,4303,Goodna,Ipswich,Southern,SEQ South,Metropolitan,Riverview,Ipswich Inner,Ipswich,Major Cities,Bundamba,Blair,Locally-controlled,No Roadway Feature,No traffic control,0 - 50 km/h,Sealed - Dry,Clear,Daylight,Straight,Level,300,Veh'S Same Direction: Other,Other,W,0,0,0,1,1,2,0,0,0,0,0,0
4720,Medical treatment,2003,January,Thursday,12,Rear-end,Multi-Vehicle,153.0339383,-27.42181526,Lutwyche Rd,,,Lutwyche,Brisbane City,4030,Stafford,North Brisbane,Brisbane,SEQ North,Metropolitan,Wooloowin - Lutwyche,Brisbane Inner - North,Brisbane Inner City,Major Cities,Clayfield,Brisbane,Locally-controlled,No Roadway Feature,No traffic control,60 km/h,Sealed - Dry,Clear,Daylight,Straight,Level,301,Veh'S Same Direction: Rear End,Rear-end,S,0,0,1,0,1,1,1,0,0,0,0,0
4721,Property damage only,2003,January,Thursday,15,Hit object,Single Vehicle,146.1360663,-23.60371255,Capricorn Hwy,,Capricorn Highway (Alpha - Barcaldine),Jericho,Barcaldine Region,4728,Jericho,South West,Southern,Central,Central Queensland,Barcaldine - Blackall,Outback - South,Queensland - Outback,Very Remote,Gregory,Maranoa,State-controlled,No Roadway Feature,No traffic control,100 - 110 km/h,Sealed - Dry,Clear,Daylight,Curved - view open,Level,803,Off Path-Curve: Off Cway Rt Bend Hit Obj,Off carriageway on curve hit object,W,0,0,0,0,0,1,0,0,0,0,0,0
4722,Medical treatment,2003,January,Friday,14,Rear-end,Multi-Vehicle,153.0348569,-27.50098481,Cornwall St,,,Woolloongabba,Brisbane City,4102,Dutton Park,South Brisbane,Brisbane,SEQ South,Metropolitan,Woolloongabba,Holland Park - Yeronga,Brisbane - South,Major Cities,South Brisbane,Griffith,Locally-controlled,No Roadway Feature,No traffic control,60 km/h,Sealed - Dry,Clear,Daylight,Straight,Grade,303,Veh'S Same Direction: Right Rear,Rear-end,E,0,0,1,0,1,2,0,0,0,0,0,0
4723,Property damage only,2003,January,Friday,6,Angle,Multi-Vehicle,153.1607592,-27.70913212,Brisbane - Beenleigh Rd,Gardiner Rd,Brisbane - Beenleigh Road,Waterford,Logan City,4133,Beenleigh,Logan,South Eastern,SEQ South,South Coast,Bethania - Waterford,Loganlea - Carbrook,Logan - Beaudesert,Major Cities,Macalister,Forde,State-controlled,Intersection - T-Junction,Give way sign,80 - 90 km/h,Sealed - Dry,Clear,Daylight,Straight,Grade,104,Veh'S Adjacent Approach: Thru-Right,Intersection from adjacent approaches,E,0,0,0,0,0,2,0,0,0,0,0,0
4724,Medical treatment,2003,January,Friday,17,Angle,Multi-Vehicle,153.1557229,-27.64917516,Pacific Hwy On Ramp,Pacific Hwy Service Rd,Pacific Highway (Pacific Motorway),Slacks Creek,Logan City,4127,Springwood,Logan,South Eastern,SEQ South,South Coast,Slacks Creek,Springwood - Kingston,Logan - Beaudesert,Major Cities,Waterford,Rankin,State-controlled,Intersection - Interchange,No traffic control,60 km/h,Sealed - Dry,Clear,Daylight,Curved - view open,Level,202,Veh'S Opposite Approach: Thru-Right,Opposing vehicles turning,N,0,0,2,0,2,2,0,0,0,0,0,0
4725,Medical treatment,2003,January,Friday,13,Rear-end,Multi-Vehicle,153.0886814,-26.64915056,Baden Powell St,Maroochydore - Noosa Rd,Maroochydore - Noosa Road,Maroochydore,Sunshine Coast Region,4558,Maroochydore,Sunshine Coast,Central,SEQ North,North Coast and Wide Bay/Burnett,Maroochydore - Kuluin,Maroochy,Sunshine Coast,Major Cities,Maroochydore,Fairfax,State-controlled,Intersection - Cross,Stop sign,60 km/h,Sealed - Dry,Clear,Daylight,Straight,Level,102,Veh'S Adjacent Approach: Right-Thru,Intersection from adjacent approaches,S,0,0,1,0,1,2,0,0,0,0,0,0
4726,Property damage only,2003,January,Friday,12,Angle,Multi-Vehicle,150.5222015,-23.36558958,Charles,Rockhampton - Yeppoon Rd,Rockhampton - Yeppoon Road,Berserker,Rockhampton Region,4701,North Rockhampton,Capricornia,Central,Central,Central Queensland,Berserker,Rockhampton,Central Queensland,Inner Regional,Rockhampton,Capricornia,State-controlled,Intersection - Cross,Stop sign,60 km/h,Sealed - Dry,Clear,Daylight,Straight,Level,102,Veh'S Adjacent Approach: Right-Thru,Intersection from adjacent approaches,E,0,0,0,0,0,2,0,0,0,0,0,0
4727,Medical treatment,2003,January,Saturday,4,Hit object,Single Vehicle,153.0754287,-27.4667547,Wynnum Rd,,,Morningside,Brisbane City,4170,Morningside,South Brisbane,Brisbane,SEQ South,Metropolitan,Morningside - Seven Hills,Brisbane Inner - East,Brisbane Inner City,Major Cities,Bulimba,Griffith,Locally-controlled,No Roadway Feature,No traffic control,60 km/h,Sealed - Wet,Raining,Dawn/Dusk,Curved - view obscured,Grade,800,Off Path-Curve: Other,Other,E,0,0,2,0,2,1,0,0,0,0,0,0
4728,Medical treatment,2003,January,Saturday,21,Rear-end,Multi-Vehicle,153.0463865,-27.33045897,Depot Rd,,,Bracken Ridge,Brisbane City,4017,Sandgate,North Brisbane,Brisbane,SEQ North,Metropolitan,Bracken Ridge,Sandgate,Brisbane - North,Major Cities,Sandgate,Petrie,Locally-controlled,No Roadway Feature,No traffic control,60 km/h,Sealed - Dry,Clear,Darkness - Lighted,Straight,Level,302,Veh'S Same Direction: Left Rear,Rear-end,E,0,0,1,0,1,2,0,0,0,0,0,0
4729,Minor injury,2003,January,Saturday,2,Hit parked vehicle,Single Vehicle,153.0790486,-26.39166247,Noosa Pde,,,Noosa Heads,Noosa Shire,4567,Noosa Heads,Sunshine Coast,Central,SEQ North,North Coast and Wide Bay/Burnett,Noosa Heads,Noosa,Sunshine Coast,Major Cities,Noosa,Wide Bay,Locally-controlled,No Roadway Feature,No traffic control,0 - 50 km/h,Sealed - Dry,Clear,Darkness - Lighted,Curved - view open,Level,601,Veh'S On Path: Parked,Hit parked vehicle,W,0,0,0,1,1,2,0,0,0,0,0,0
4730,Hospitalisation,2003,January,Saturday,15,Angle,Multi-Vehicle,153.4068032,-27.9591956,Walton St,,,Southport,Gold Coast City,4215,Southport,Gold Coast,South Eastern,SEQ South,South Coast,Southport - North,Southport,Gold Coast,Major Cities,Bonney,Moncrieff,Locally-controlled,No Roadway Feature,No traffic control,60 km/h,Sealed - Dry,Clear,Daylight,Straight,Level,406,Veh'S Manoeuvring: Leaving Driveway,Vehicle leaving driveway,W,0,1,0,0,1,2,0,0,0,0,0,0
4731,Medical treatment,2003,January,Saturday,10,Rear-end,Multi-Vehicle,149.1921585,-21.32186305,Bruce Hwy,Hay Point Rd,Bruce Highway (St. Lawrence - Mackay),Alligator Creek,Mackay Region,4740,Sarina,Mackay,Central,Central,Central Queensland,Sarina,Mackay,Mackay - Isaac - Whitsunday,Outer Regional,Mirani,Capricornia,State-controlled,Intersection - T-Junction,Stop sign,80 - 90 km/h,Sealed - Wet,Raining,Daylight,Straight,Level,102,Veh'S Adjacent Approach: Right-Thru,Intersection from adjacent approaches,W,0,0,1,0,1,1,0,1,0,0,0,0
4732,Property damage only,2003,January,Sunday,14,Angle,Multi-Vehicle,152.9884513,-27.4526433,Coronation St,Jubilee Tce,Western Arterial Road (Toowong - Everton Park),Bardon,Brisbane City,4065,The Gap,North Brisbane,Brisbane,SEQ North,Metropolitan,Bardon,Brisbane Inner - West,Brisbane Inner City,Major Cities,Cooper,Brisbane,State-controlled,Intersection - T-Junction,No traffic control,60 km/h,Sealed - Dry,Clear,Daylight,Straight,Grade,202,Veh'S Opposite Approach: Thru-Right,Opposing vehicles turning,S,0,0,0,0,0,1,0,1,0,0,0,0
4733,Property damage only,2003,January,Sunday,15,Sideswipe,Multi-Vehicle,153.0338285,-27.45989709,Kemp Pl,,,Fortitude Valley,Brisbane City,4006,Fortitude Valley,North Brisbane,Brisbane,SEQ North,Metropolitan,Fortitude Valley,Brisbane Inner,Brisbane Inner City,Major Cities,Mcconnel,Brisbane,Locally-controlled,No Roadway Feature,No traffic control,60 km/h,Sealed - Dry,Clear,Daylight,Straight,Level,307,Veh'S Same Direction: Lane Change Left,Lane changes,N,0,0,0,0,0,1,0,1,0,0,0,0
4734,Property damage only,2003,January,Sunday,18,Hit object,Single Vehicle,153.0166195,-27.35637228,Gympie Rd,,Gympie Arterial Road,Aspley,Brisbane City,4034,Carseldine,North Brisbane,Brisbane,SEQ North,Metropolitan,Aspley,Chermside,Brisbane - North,Major Cities,Aspley,Petrie,State-controlled,No Roadway Feature,No traffic control,70 km/h,Sealed - Dry,Clear,Darkness - Lighted,Curved - view open,Level,803,Off Path-Curve: Off Cway Rt Bend Hit Obj,Off carriageway on curve hit object,S,0,0,0,0,0,1,0,0,0,0,0,0
4735,Hospitalisation,2003,January,Sunday,15,Fall from vehicle,Single Vehicle,153.4336016,-28.04919255,Markeri St,Sovereign Dr,,Mermaid Waters,Gold Coast City,4218,Broadbeach,Gold Coast,South Eastern,SEQ South,South Coast,Mermaid Waters,Broadbeach - Burleigh,Gold Coast,Major Cities,Mermaid Beach,Moncrieff,Locally-controlled,Intersection - T-Junction,No traffic control,60 km/h,Sealed - Dry,Clear,Daylight,Straight,Level,706,Off Path-Straight: Left Turn,Off carriageway on straight,W,0,1,0,0,1,0,1,0,0,0,0,0
4736,Property damage only,2003,January,Sunday,18,Hit object,Single Vehicle,153.112728,-26.83829756,Theresa St,Tina St,,Golden Beach,Sunshine Coast Region,4551,Caloundra,Sunshine Coast,Central,SEQ North,North Coast and Wide Bay/Burnett,Golden Beach - Pelican Waters,Caloundra,Sunshine Coast,Major Cities,Caloundra,Fisher,Locally-controlled,Intersection - T-Junction,No traffic control,0 - 50 km/h,Sealed - Wet,Raining,Dawn/Dusk,Straight,Level,703,Off Path-Straight: Left Off Cway Hit Obj,Off carriageway on straight hit object,E,0,0,0,0,0,1,0,0,0,0,0,0
4737,Minor injury,2003,January,Sunday,16,Hit object,Single Vehicle,153.0350755,-26.82384793,Bruce Hwy,,Bruce Highway (Brisbane - Gympie),Bells Creek,Sunshine Coast Region,4551,Beerwah,Sunshine Coast,Central,SEQ North,North Coast and Wide Bay/Burnett,Landsborough,Sunshine Coast Hinterland,Sunshine Coast,Inner Regional,Caloundra,Fisher,State-controlled,No Roadway Feature,No traffic control,100 - 110 km/h,Sealed - Wet,Raining,Daylight,Straight,Level,703,Off Path-Straight: Left Off Cway Hit Obj,Off carriageway on straight hit object,N,0,0,0,1,1,1,0,0,0,0,0,0
4738,Medical treatment,2003,January,Sunday,7,Non-collision - miscellaneous,Other,152.6634899,-25.56472145,Bruce Hwy,Maryborough - Hervey Bay Rd,Bruce Highway (Gympie - Maryborough),Tinana,Fraser Coast Region,4650,Maryborough,Wide Bay Burnett,Central,Southern,North Coast and Wide Bay/Burnett,Tinana,Maryborough,Wide Bay,Inner Regional,Maryborough,Wide Bay,State-controlled,Intersection - T-Junction,No traffic control,80 - 90 km/h,Sealed - Dry,Clear,Daylight,Straight,Level,701,Off Path-Straight: Left Off Cway,Off carriageway on straight,W,0,0,2,0,2,1,0,0,0,0,0,0
4739,Minor injury,2003,January,Sunday,16,Rear-end,Multi-Vehicle,150.5490602,-23.35766661,Bloxsom St,,,Koongal,Rockhampton Region,4701,North Rockhampton,Capricornia,Central,Central,Central Queensland,Lakes Creek,Rockhampton,Central Queensland,Inner Regional,Keppel,Capricornia,Locally-controlled,No Roadway Feature,No traffic control,60 km/h,Sealed - Dry,Clear,Daylight,Curved - view open,Level,301,Veh'S Same Direction: Rear End,Rear-end,W,0,0,0,1,1,3,0,0,0,0,0,0
4740,Medical treatment,2003,January,Monday,12,Rear-end,Multi-Vehicle,153.088619,-27.49568432,Jones Rd,Old Cleveland Rd,,Carina,Brisbane City,4152,Carina,South Brisbane,Brisbane,SEQ South,Metropolitan,Carina,Carindale,Brisbane - South,Major Cities,Chatsworth,Griffith,Locally-controlled,Intersection - T-Junction,Pedestrian crossing sign,60 km/h,Sealed - Dry,Clear,Daylight,Straight,Level,301,Veh'S Same Direction: Rear End,Rear-end,E,0,0,1,0,1,2,0,0,0,0,0,0
4741,Medical treatment,2003,January,Monday,11,Angle,Multi-Vehicle,153.0208583,-27.48943312,Gertrude St,Louisa St,,Highgate Hill,Brisbane City,4101,West End,South Brisbane,Brisbane,SEQ South,Metropolitan,Highgate Hill,Brisbane Inner,Brisbane Inner City,Major Cities,South Brisbane,Griffith,Locally-controlled,Intersection - Cross,Give way sign,0 - 50 km/h,Sealed - Dry,Clear,Daylight,Straight,Grade,101,Veh'S Adjacent Approach: Thru-Thru,Intersection from adjacent approaches,E,0,0,1,0,1,2,0,0,0,0,0,0
4742,Medical treatment,2003,January,Monday,18,Rear-end,Multi-Vehicle,152.8163669,-27.6061901,Ipswich - Cunningham Hwy Connection Rd,,Ipswich - Cunningham Hwy Connection Road,Bundamba,Ipswich City,4304,Booval,Ipswich,Southern,SEQ South,Metropolitan,Bundamba,Ipswich Inner,Ipswich,Major Cities,Bundamba,Blair,State-controlled,No Roadway Feature,No traffic control,60 km/h,Sealed - Dry,Clear,Dawn/Dusk,Straight,Level,301,Veh'S Same Direction: Rear End,Rear-end,E,0,0,1,0,1,3,0,0,0,0,0,0
4743,Property damage only,2003,January,Monday,16,Sideswipe,Multi-Vehicle,152.6943609,-25.53693456,Maryborough - Biggenden Rd,Maryborough - Hervey Bay Rd,Maryborough - Biggenden Road,Maryborough,Fraser Coast Region,4650,Maryborough,Wide Bay Burnett,Central,Southern,North Coast and Wide Bay/Burnett,Maryborough (qld),Maryborough,Wide Bay,Inner Regional,Maryborough,Wide Bay,State-controlled,Intersection - Cross,Operating traffic lights,60 km/h,Sealed - Dry,Clear,Daylight,Straight,Level,307,Veh'S Same Direction: Lane Change Left,Lane changes,W,0,0,0,0,0,1,0,1,0,0,0,0
4744,Medical treatment,2003,January,Monday,9,Hit parked vehicle,Single Vehicle,150.5253461,-23.35834944,High St,,,Berserker,Rockhampton Region,4701,North Rockhampton,Capricornia,Central,Central,Central Queensland,Berserker,Rockhampton,Central Queensland,Inner Regional,Rockhampton,Capricornia,Locally-controlled,No Roadway Feature,No traffic control,60 km/h,Sealed - Dry,Clear,Daylight,Straight,Level,604,Veh'S On Path: Car Door,Hit parked vehicle,E,0,0,2,0,2,1,0,1,0,0,0,0
4745,Medical treatment,2003,January,Tuesday,16,Sideswipe,Multi-Vehicle,153.0418965,-27.69872421,Park Ridge Rd,,,Park Ridge,Logan City,4125,Browns Plains,Logan,South Eastern,SEQ South,South Coast,Boronia Heights - Park Ridge,Browns Plains,Logan - Beaudesert,Major Cities,Logan,Forde,Locally-controlled,No Roadway Feature,No traffic control,80 - 90 km/h,Sealed - Dry,Clear,Daylight,Straight,Level,201,Veh'S Opposite Approach: Head On,Head-on,E,0,0,1,0,1,2,0,0,0,0,0,0
4746,Medical treatment,2003,January,Tuesday,15,Angle,Multi-Vehicle,152.9816232,-27.17794023,Deception Bay Rd,Old Gympie Rd,Burpengary Service Road (Lhs Bruce Highw,Burpengary,Moreton Bay Region,4505,Burpengary,Moreton,Southern,SEQ North,North Coast and Wide Bay/Burnett,Burpengary,Narangba - Burpengary,Moreton Bay - North,Major Cities,Kurwongbah,Longman,State-controlled,Intersection - T-Junction,Give way sign,60 km/h,Sealed - Dry,Clear,Daylight,Curved - view open,Level,104,Veh'S Adjacent Approach: Thru-Right,Intersection from adjacent approaches,S,0,0,5,0,5,2,0,0,0,0,0,0
4747,Property damage only,2003,January,Wednesday,19,Angle,Multi-Vehicle,152.9965964,-27.48246884,Coronation Dr,Sylvan Rd,,Toowong,Brisbane City,4066,Indooroopilly,North Brisbane,Brisbane,SEQ North,Metropolitan,Toowong,Brisbane Inner - West,Brisbane Inner City,Major Cities,Maiwar,Ryan,Locally-controlled,Intersection - T-Junction,Operating traffic lights,60 km/h,Sealed - Dry,Clear,Darkness - Lighted,Straight,Level,202,Veh'S Opposite Approach: Thru-Right,Opposing vehicles turning,S,0,0,0,0,0,2,0,0,0,0,0,0
4748,Minor injury,2003,January,Wednesday,10,Angle,Multi-Vehicle,153.0998479,-26.6612271,Parker St,Wrigley St,,Maroochydore,Sunshine Coast Region,4558,Maroochydore,Sunshine Coast,Central,SEQ North,North Coast and Wide Bay/Burnett,Maroochydore - Kuluin,Maroochy,Sunshine Coast,Major Cities,Maroochydore,Fairfax,Locally-controlled,Intersection - Cross,Give way sign,60 km/h,Sealed - Dry,Clear,Daylight,Straight,Level,101,Veh'S Adjacent Approach: Thru-Thru,Intersection from adjacent approaches,N,0,0,0,1,1,2,0,0,0,0,0,0
4749,Property damage only,2003,January,Wednesday,16,Overturned,Single Vehicle,152.0721359,-28.15384036,Cunningham Hwy,,Cunningham Highway (Ipswich - Warwick),Sladevale,Southern Downs Region,4370,Warwick,Darling Downs,Southern,Southern,Downs South West,Southern Downs - East,Granite Belt,Darling Downs - Maranoa,Inner Regional,Southern Downs,Maranoa,State-controlled,No Roadway Feature,No traffic control,100 - 110 km/h,Sealed - Dry,Clear,Daylight,Curved - view open,Grade,802,Off Path-Curve: Off Cway Left Bend,Off carriageway on curve,N,0,0,0,0,0,0,0,1,0,0,0,0
4750,Property damage only,2003,January,Wednesday,3,Hit object,Single Vehicle,149.1891624,-21.09967019,Andergrove Rd,,,Andergrove,Mackay Region,4740,Mackay Northern Beaches,Mackay,Central,Central,Central Queensland,Andergrove - Beaconsfield,Mackay,Mackay - Isaac - Whitsunday,Inner Regional,Mackay,Dawson,Locally-controlled,No Roadway Feature,No traffic control,60 km/h,Sealed - Dry,Clear,Darkness - Not lighted,Curved - view obscured,Level,803,Off Path-Curve: Off Cway Rt Bend Hit Obj,Off carriageway on curve hit object,S,0,0,0,0,0,1,0,0,0,0,0,0
4751,Minor injury,2003,January,Thursday,21,Rear-end,Multi-Vehicle,153.0365292,-27.41641281,Colton Ave,Lutwyche Rd,,Lutwyche,Brisbane City,4030,Stafford,North Brisbane,Brisbane,SEQ North,Metropolitan,Wooloowin - Lutwyche,Brisbane Inner - North,Brisbane Inner City,Major Cities,Clayfield,Brisbane,Locally-controlled,Intersection - T-Junction,No traffic control,60 km/h,Sealed - Dry,Clear,Darkness - Lighted,Straight,Grade,304,Veh'S Same Direction: U-Turn,U-turn,N,0,0,0,2,2,2,0,0,0,0,0,0
4752,Hospitalisation,2003,January,Thursday,22,Hit object,Single Vehicle,152.0143749,-25.15888704,Bruce Hwy,,Bruce Highway (Maryborough - Gin Gin),Booyal,Bundaberg Region,4671,Childers,Wide Bay Burnett,Central,Southern,North Coast and Wide Bay/Burnett,Bundaberg Region - South,Bundaberg,Wide Bay,Inner Regional,Burnett,Hinkler,State-controlled,No Roadway Feature,No traffic control,100 - 110 km/h,Sealed - Dry,Clear,Darkness - Not lighted,Straight,Grade,703,Off Path-Straight: Left Off Cway Hit Obj,Off carriageway on straight hit object,S,0,1,0,0,1,0,0,1,0,0,0,0
4753,Minor injury,2003,January,Friday,15,Hit object,Single Vehicle,153.0466411,-27.46213842,Browne St,James St,,New Farm,Brisbane City,4005,Fortitude Valley,North Brisbane,Brisbane,SEQ North,Metropolitan,New Farm,Brisbane Inner,Brisbane Inner City,Major Cities,Mcconnel,Brisbane,Locally-controlled,Intersection - Roundabout,Give way sign,0 - 50 km/h,Sealed - Dry,Clear,Daylight,Straight,Level,708,Off Path-Straight: Mounts Traffic Island,Off carriageway on straight hit object,N,0,0,0,1,1,2,0,0,0,0,0,0
4754,Hospitalisation,2003,January,Friday,9,Collision - miscellaneous,Other,152.7535784,-27.58103673,Warrego Hwy,,Warrego Highway (Ipswich - Toowoomba),North Ipswich,Ipswich City,4305,Karana Downs,Ipswich,Southern,SEQ South,Metropolitan,North Ipswich - Tivoli,Ipswich Inner,Ipswich,Major Cities,Ipswich West,Blair,State-controlled,No Roadway Feature,No traffic control,100 - 110 km/h,Sealed - Dry,Clear,Daylight,Straight,Level,704,Off Path-Straight:Right Off Cway Hit Obj,Off carriageway on straight hit object,E,0,1,0,0,1,1,0,0,0,0,0,0
4755,Medical treatment,2003,January,Friday,15,Angle,Multi-Vehicle,153.4286233,-28.05602682,Oceanic Dr,Sunshine Blvd,,Mermaid Waters,Gold Coast City,4218,Broadbeach,Gold Coast,South Eastern,SEQ South,South Coast,Mermaid Waters,Broadbeach - Burleigh,Gold Coast,Major Cities,Mermaid Beach,Moncrieff,Locally-controlled,Intersection - T-Junction,Give way sign,60 km/h,Sealed - Dry,Clear,Daylight,Straight,Level,107,Veh'S Adjacent Approach: Thru-Left,Intersection from adjacent approaches,N,0,0,1,0,1,1,0,0,0,1,0,0
4756,Hospitalisation,2003,January,Friday,16,Rear-end,Multi-Vehicle,153.1186875,-26.8266693,Landsborough Pde,,,Golden Beach,Sunshine Coast Region,4551,Caloundra,Sunshine Coast,Central,SEQ North,North Coast and Wide Bay/Burnett,Golden Beach - Pelican Waters,Caloundra,Sunshine Coast,Major Cities,Caloundra,Fisher,Locally-controlled,No Roadway Feature,No traffic control,60 km/h,Sealed - Dry,Clear,Daylight,Straight,Level,303,Veh'S Same Direction: Right Rear,Rear-end,S,0,3,0,0,3,2,0,0,0,0,0,0
4757,Medical treatment,2003,January,Friday,15,Angle,Multi-Vehicle,151.949045,-27.45812749,Highfields Rd,Kuhls Rd,,Highfields,Toowoomba Region,4352,Toowoomba,Darling Downs,Southern,Southern,Downs South West,Highfields,Toowoomba,Toowoomba,Inner Regional,Toowoomba North,Groom,Locally-controlled,Intersection - Cross,Give way sign,60 km/h,Sealed - Dry,Clear,Daylight,Straight,Level,101,Veh'S Adjacent Approach: Thru-Thru,Intersection from adjacent approaches,W,0,0,1,0,1,2,0,0,0,0,0,0
4758,Hospitalisation,2003,January,Friday,2,Hit object,Single Vehicle,150.9826751,-23.81336257,Bruce Hwy,Gladstone - Mt Larcom Rd,Gladstone - Mt Larcom Road,Mount Larcom,Gladstone Region,4695,Mount Larcom,Capricornia,Central,Central,Central Queensland,Gladstone Hinterland,Gladstone,Central Queensland,Outer Regional,Gladstone,Flynn,State-controlled,Intersection - T-Junction,Give way sign,80 - 90 km/h,Sealed - Dry,Clear,Darkness - Lighted,Straight,Level,700,Off Path-Straight: Other,Other,W,0,1,0,0,1,1,0,0,0,0,0,0
4759,Minor injury,2003,January,Saturday,8,Rear-end,Multi-Vehicle,153.0089212,-27.46274102,Castlemaine St,,,Milton,Brisbane City,4064,Brisbane City,North Brisbane,Brisbane,SEQ North,Metropolitan,Paddington - Milton,Brisbane Inner - West,Brisbane Inner City,Major Cities,Cooper,Brisbane,Locally-controlled,No Roadway Feature,No traffic control,0 - 50 km/h,Sealed - Dry,Clear,Daylight,Straight,Level,302,Veh'S Same Direction: Left Rear,Rear-end,S,0,0,0,1,1,2,0,0,0,0,0,0
4760,Property damage only,2003,January,Saturday,11,Angle,Multi-Vehicle,152.8849734,-27.62794606,Eagle St,Redbank Plains Rd,,Bellbird Park,Ipswich City,4300,Goodna,Ipswich,Southern,SEQ South,Metropolitan,Bellbird Park - Brookwater,Springfield - Redbank,Ipswich,Major Cities,Bundamba,Oxley,Locally-controlled,Intersection - T-Junction,No traffic control,60 km/h,Sealed - Dry,Clear,Daylight,Straight,Grade,202,Veh'S Opposite Approach: Thru-Right,Opposing vehicles turning,W,0,0,0,0,0,2,0,0,0,0,0,0
4761,Medical treatment,2003,January,Saturday,21,Rear-end,Multi-Vehicle,153.4198917,-27.97274289,Gold Coast Hwy,,,Southport,Gold Coast City,4215,Southport,Gold Coast,South Eastern,SEQ South,South Coast,Southport - North,Southport,Gold Coast,Major Cities,Southport,Moncrieff,Locally-controlled,No Roadway Feature,No traffic control,60 km/h,Sealed - Dry,Clear,Darkness - Lighted,Straight,Level,301,Veh'S Same Direction: Rear End,Rear-end,N,0,0,1,0,1,3,0,0,0,0,0,0
4762,Property damage only,2003,January,Saturday,13,Rear-end,Multi-Vehicle,152.9586333,-26.90717137,Bowen Rd,Glasshouse Mountains Rd,Glasshouse Mountains Road,Glass House Mountains,Sunshine Coast Region,4518,Beerwah,Sunshine Coast,Central,SEQ North,North Coast and Wide Bay/Burnett,Glass House Mountains,Sunshine Coast Hinterland,Sunshine Coast,Inner Regional,Glass House,Fisher,State-controlled,Intersection - T-Junction,No traffic control,100 - 110 km/h,Sealed - Dry,Clear,Daylight,Straight,Level,303,Veh'S Same Direction: Right Rear,Rear-end,N,0,0,0,0,0,2,0,0,0,0,0,0
4763,Property damage only,2003,January,Sunday,19,Angle,Multi-Vehicle,153.0915906,-26.5304485,Maroochydore - Noosa Rd,,Maroochydore - Noosa Road,Coolum Beach,Sunshine Coast Region,4573,Coolum,Sunshine Coast,Central,SEQ North,North Coast and Wide Bay/Burnett,Coolum Beach,Maroochy,Sunshine Coast,Major Cities,Ninderry,Fairfax,State-controlled,No Roadway Feature,No traffic control,60 km/h,Sealed - Dry,Clear,Darkness - Lighted,Straight,Level,202,Veh'S Opposite Approach: Thru-Right,Opposing vehicles turning,N,0,0,0,0,0,2,0,0,0,0,0,0
4764,Medical treatment,2003,January,Sunday,10,Collision - miscellaneous,Other,152.3034387,-26.89860138,D'Aguilar Hwy,,D'Aguilar Highway (Kilcoy - Yarraman),Moore,Somerset Region,4306,Moore,Moreton,Southern,SEQ North,North Coast and Wide Bay/Burnett,Kilcoy,Caboolture Hinterland,Moreton Bay - North,Outer Regional,Nanango,Blair,State-controlled,No Roadway Feature,No traffic control,100 - 110 km/h,Sealed - Dry,Clear,Daylight,Straight,Level,600,Veh'S On Path: Other,Other,E,0,0,1,0,1,1,0,0,0,0,0,0