Crash_Ref_Number,Crash_Severity,Crash_Year,Crash_Month,Crash_Day_Of_Week,Crash_Hour,Crash_Nature,Crash_Type,Crash_Longitude_GDA94,Crash_Latitude_GDA94,Crash_Street,Crash_Street_Intersecting,State_Road_Name,Loc_Suburb,Loc_Local_Government_Area,Loc_Post_Code,Loc_Police_Division,Loc_Police_District,Loc_Police_Region,Loc_Queensland_Transport_Region,Loc_Main_Roads_Region,Loc_ABS_Statistical_Area_2,Loc_ABS_Statistical_Area_3,Loc_ABS_Statistical_Area_4,Loc_ABS_Remoteness,Loc_State_Electorate,Loc_Federal_Electorate,Crash_Controlling_Authority,Crash_Roadway_Feature,Crash_Traffic_Control,Crash_Speed_Limit,Crash_Road_Surface_Condition,Crash_Atmospheric_Condition,Crash_Lighting_Condition,Crash_Road_Horiz_Align,Crash_Road_Vert_Align,Crash_DCA_Code,Crash_DCA_Description,Crash_DCA_Group_Description,DCA_Key_Approach_Dir,Count_Casualty_Fatality,Count_Casualty_Hospitalised,Count_Casualty_MedicallyTreated,Count_Casualty_MinorInjury,Count_Casualty_Total,Count_Unit_Car,Count_Unit_Motorcycle_Moped,Count_Unit_Truck,Count_Unit_Bus,Count_Unit_Bicycle,Count_Unit_Pedestrian,Count_Unit_Other
4765,Property damage only,2003,January,Sunday,1,Hit object,Single Vehicle,153.4619223,-28.10990548,Barracuda Ct,Townson Ave,,Palm Beach,Gold Coast City,4221,Palm Beach,Gold Coast,South Eastern,SEQ South,South Coast,Palm Beach,Coolangatta,Gold Coast,Major Cities,Burleigh,Mcpherson,Locally-controlled,Intersection - T-Junction,No traffic control,0 - 50 km/h,Sealed - Dry,Clear,Darkness - Lighted,Straight,Level,700,Off Path-Straight: Other,Other,S,0,0,0,0,0,1,0,0,0,0,0,0
4766,Hospitalisation,2003,January,Monday,12,Hit object,Single Vehicle,153.0439432,-27.30554673,Deagon Deviation,,Redcliffe Sub-Arterial Road,Brighton,Brisbane City,4017,Sandgate,North Brisbane,Brisbane,SEQ North,Metropolitan,Brighton (qld),Sandgate,Brisbane - North,Major Cities,Sandgate,Petrie,State-controlled,No Roadway Feature,No traffic control,80 - 90 km/h,Sealed - Dry,Clear,Daylight,Curved - view obscured,Level,804,Off Path-Curve: Off Cway Lt Bend Hit Obj,Off carriageway on curve hit object,S,0,1,0,0,1,1,0,0,0,0,0,0
4767,Hospitalisation,2003,January,Monday,8,Angle,Multi-Vehicle,153.3889137,-27.91545339,Oxenford - Southport Rd,,Hope Island Road,Runaway Bay,Gold Coast City,4216,Runaway Bay,Gold Coast,South Eastern,SEQ South,South Coast,Runaway Bay,Gold Coast - North,Gold Coast,Major Cities,Broadwater,Fadden,State-controlled,No Roadway Feature,No traffic control,70 km/h,Sealed - Dry,Clear,Daylight,Straight,Level,400,Veh'S Manoeuvring: Other,Other,N,0,1,0,0,1,1,0,0,0,1,0,0
4768,Minor injury,2003,January,Monday,14,Hit object,Single Vehicle,152.4040638,-24.85914023,Ashfield Rd,,,Ashfield,Bundaberg Region,4670,Bundaberg,Wide Bay Burnett,Central,Southern,North Coast and Wide Bay/Burnett,Bundaberg East - Kalkie,Bundaberg,Wide Bay,Inner Regional,Bundaberg,Hinkler,Locally-controlled,No Roadway Feature,No traffic control,100 - 110 km/h,Sealed - Dry,Clear,Daylight,Straight,Level,703,Off Path-Straight: Left Off Cway Hit Obj,Off carriageway on straight hit object,N,0,0,0,1,1,1,0,0,0,0,0,0
4769,Property damage only,2003,January,Monday,6,Rear-end,Multi-Vehicle,151.9338154,-27.52801426,Hogg St,Tor St,,Rockville,Toowoomba Region,4350,Toowoomba,Darling Downs,Southern,Southern,Downs South West,Wilsonton,Toowoomba,Toowoomba,Inner Regional,Toowoomba North,Groom,Locally-controlled,Intersection - Cross,No traffic control,60 km/h,Sealed - Dry,Clear,Daylight,Straight,Grade,505,Veh'S Overtaking: Pulling Out Rear End,Overtaking same direction,,0,0,0,0,0,1,0,1,0,0,0,0
4770,Property damage only,2003,January,Monday,2,Angle,Multi-Vehicle,148.1630122,-23.52811015,Capricorn Hwy,Opal St,Capricorn Highway (Duaringa - Emerald),Emerald,Central Highlands Region,4720,Emerald,Capricornia,Central,Central,Central Queensland,Emerald,Central Highlands (qld),Central Queensland,Outer Regional,Gregory,Flynn,State-controlled,Intersection - Cross,Give way sign,60 km/h,Sealed - Dry,Clear,Darkness - Lighted,Straight,Level,101,Veh'S Adjacent Approach: Thru-Thru,Intersection from adjacent approaches,E,0,0,0,0,0,2,0,0,0,0,0,0
4771,Medical treatment,2003,January,Tuesday,17,Angle,Multi-Vehicle,153.0356455,-27.45782092,Ann St,Warner St,,Fortitude Valley,Brisbane City,4006,Fortitude Valley,North Brisbane,Brisbane,SEQ North,Metropolitan,Fortitude Valley,Brisbane Inner,Brisbane Inner City,Major Cities,Mcconnel,Brisbane,Locally-controlled,Intersection - T-Junction,Operating traffic lights,60 km/h,Sealed - Dry,Clear,Daylight,Straight,Grade,308,Veh'S Same Direction: Right Turn S/Swipe,Parallel lanes turning,S,0,0,1,0,1,2,0,0,0,0,0,0
4772,Property damage only,2003,January,Tuesday,7,Hit object,Single Vehicle,153.3045613,-27.99784316,Mclaren Rd,Yarrimbah Dr,,Nerang,Gold Coast City,4211,Nerang,Gold Coast,South Eastern,SEQ South,South Coast,Nerang - Mount Nathan,Nerang,Gold Coast,Major Cities,Gaven,Moncrieff,Locally-controlled,Intersection - Roundabout,Give way sign,60 km/h,Sealed - Dry,Clear,Daylight,Straight,Level,708,Off Path-Straight: Mounts Traffic Island,Off carriageway on straight hit object,W,0,0,0,0,0,0,0,1,0,0,0,0
4773,Medical treatment,2003,January,Tuesday,14,Angle,Multi-Vehicle,153.1892325,-27.91721094,Tamborine Mountain Rd,,Tamborine Mountain Road,Tamborine Mountain,Scenic Rim Region,4272,North Tamborine,Logan,South Eastern,SEQ South,South Coast,Tamborine - Canungra,Gold Coast Hinterland,Gold Coast,Inner Regional,Scenic Rim,Wright,State-controlled,No Roadway Feature,No traffic control,60 km/h,Sealed - Dry,Clear,Daylight,Curved - view obscured,Grade,308,Veh'S Same Direction: Right Turn S/Swipe,Parallel lanes turning,N,0,0,1,0,1,1,1,0,0,0,0,0
4774,Medical treatment,2003,January,Tuesday,10,Sideswipe,Multi-Vehicle,151.9996758,-27.97358085,New England Hwy,,New England Highway (Toowoomba-Warwick),Allora,Southern Downs Region,4362,Allora,Darling Downs,Southern,Southern,Downs South West,Southern Downs - West,Granite Belt,Darling Downs - Maranoa,Inner Regional,Southern Downs,Maranoa,State-controlled,No Roadway Feature,No traffic control,100 - 110 km/h,Sealed - Dry,Clear,Daylight,Straight,Level,308,Veh'S Same Direction: Right Turn S/Swipe,Parallel lanes turning,N,0,0,3,0,3,1,0,1,0,0,0,0
4775,Minor injury,2003,January,Wednesday,0,Angle,Multi-Vehicle,153.0053989,-27.45947718,Charlotte St,Great George St,,Paddington,Brisbane City,4064,Brisbane City,North Brisbane,Brisbane,SEQ North,Metropolitan,Paddington - Milton,Brisbane Inner - West,Brisbane Inner City,Major Cities,Cooper,Brisbane,Locally-controlled,Intersection - Cross,Stop sign,60 km/h,Sealed - Dry,Clear,Darkness - Lighted,Straight,Crest,101,Veh'S Adjacent Approach: Thru-Thru,Intersection from adjacent approaches,W,0,0,0,1,1,2,0,0,0,0,0,0
4776,Medical treatment,2003,January,Wednesday,11,Angle,Multi-Vehicle,153.0188634,-27.48200553,Ernest St,Gladstone Rd,,South Brisbane,Brisbane City,4101,West End,South Brisbane,Brisbane,SEQ South,Metropolitan,South Brisbane,Brisbane Inner,Brisbane Inner City,Major Cities,South Brisbane,Griffith,Locally-controlled,Intersection - Cross,Operating traffic lights,60 km/h,Sealed - Dry,Clear,Daylight,Straight,Grade,202,Veh'S Opposite Approach: Thru-Right,Opposing vehicles turning,N,0,0,1,1,2,2,0,0,0,0,0,0
4777,Property damage only,2003,January,Wednesday,15,Hit parked vehicle,Single Vehicle,153.0206144,-27.47742281,Glenelg St,Grey St,,South Brisbane,Brisbane City,4101,West End,South Brisbane,Brisbane,SEQ South,Metropolitan,South Brisbane,Brisbane Inner,Brisbane Inner City,Major Cities,South Brisbane,Griffith,Locally-controlled,Intersection - Cross,No traffic control,60 km/h,Sealed - Dry,Clear,Daylight,Straight,Level,604,Veh'S On Path: Car Door,Hit parked vehicle,S,0,0,0,0,0,1,0,1,0,0,0,0
4778,Hospitalisation,2003,January,Wednesday,11,Hit pedestrian,Hit pedestrian,153.0598333,-27.40784615,Sandgate Rd,,Sandgate Sub-Arterial Road,Nundah,Brisbane City,4012,Hendra,North Brisbane,Brisbane,SEQ North,Metropolitan,Nundah,Nundah,Brisbane - North,Major Cities,Nudgee,Lilley,State-controlled,No Roadway Feature,No traffic control,60 km/h,Sealed - Dry,Clear,Daylight,Straight,Grade,1,Ped'N: Near Side Vehicle Hit From Right,Pedestrian,S,0,1,0,0,1,1,0,0,0,0,1,0
4779,Property damage only,2003,January,Wednesday,8,Rear-end,Multi-Vehicle,152.8911461,-27.60389254,Ipswich Mwy,,Cunningham Highway (Ipswich Motorway),Goodna,Ipswich City,4300,Goodna,Ipswich,Southern,SEQ South,Metropolitan,Goodna,Springfield - Redbank,Ipswich,Major Cities,Bundamba,Oxley,State-controlled,No Roadway Feature,No traffic control,100 - 110 km/h,Sealed - Dry,Clear,Daylight,Straight,Grade,307,Veh'S Same Direction: Lane Change Left,Lane changes,W,0,0,0,0,0,2,0,0,0,0,0,0
4780,Minor injury,2003,January,Wednesday,12,Angle,Multi-Vehicle,153.221951,-27.95526511,Guanaba Creek Rd,Tamborine - Nerang Rd,Tamborine - Nerang Road,Tamborine Mountain,Scenic Rim Region,4272,North Tamborine,Logan,South Eastern,SEQ South,South Coast,Tamborine - Canungra,Gold Coast Hinterland,Gold Coast,Major Cities,Scenic Rim,Wright,State-controlled,Intersection - T-Junction,No traffic control,60 km/h,Sealed - Dry,Clear,Daylight,Curved - view open,Grade,106,Veh'S Adjacent Approach: Left-Right,Intersection from adjacent approaches,W,0,0,0,1,1,2,0,0,0,0,0,0
4781,Property damage only,2003,January,Wednesday,3,Hit object,Single Vehicle,153.429069,-28.00585462,Clifford,Gold Coast Hwy,,Surfers Paradise,Gold Coast City,4217,Surfers Paradise,Gold Coast,South Eastern,SEQ South,South Coast,Surfers Paradise,Surfers Paradise,Gold Coast,Major Cities,Surfers Paradise,Moncrieff,Locally-controlled,Intersection - Cross,Operating traffic lights,0 - 50 km/h,Sealed - Dry,Clear,Darkness - Lighted,Straight,Level,700,Off Path-Straight: Other,Other,S,0,0,0,0,0,1,0,0,0,0,0,0
4782,Medical treatment,2003,January,Wednesday,8,Hit object,Single Vehicle,152.3193938,-27.54998843,Warrego Hwy,,Warrego Highway (Ipswich - Toowoomba),Gatton,Lockyer Valley Region,4343,Gatton,Darling Downs,Southern,SEQ South,Downs South West,Gatton,Toowoomba,Toowoomba,Inner Regional,Lockyer,Wright,State-controlled,No Roadway Feature,No traffic control,80 - 90 km/h,Sealed - Dry,Clear,Daylight,Straight,Level,703,Off Path-Straight: Left Off Cway Hit Obj,Off carriageway on straight hit object,W,0,0,1,0,1,1,0,0,0,0,0,0
4783,Minor injury,2003,January,Wednesday,10,Rear-end,Multi-Vehicle,153.4544295,-28.09665834,Gold Coast Hwy,Ikkina Rd,Gold Coast Highway (Broadbeach - Coolangatta),Burleigh Heads,Gold Coast City,4220,Palm Beach,Gold Coast,South Eastern,SEQ South,South Coast,Burleigh Heads,Broadbeach - Burleigh,Gold Coast,Major Cities,Burleigh,Mcpherson,State-controlled,Intersection - T-Junction,Operating traffic lights,60 km/h,Sealed - Dry,Clear,Daylight,Straight,Level,301,Veh'S Same Direction: Rear End,Rear-end,W,0,0,0,1,1,2,0,0,0,0,0,0
4784,Hospitalisation,2003,January,Wednesday,16,Rear-end,Multi-Vehicle,151.93879,-27.58558063,West St,,,Harristown,Toowoomba Region,4350,Toowoomba,Darling Downs,Southern,Southern,Downs South West,Drayton - Harristown,Toowoomba,Toowoomba,Inner Regional,Toowoomba South,Groom,Locally-controlled,No Roadway Feature,No traffic control,60 km/h,Sealed - Dry,Clear,Daylight,Straight,Level,301,Veh'S Same Direction: Rear End,Rear-end,N,0,1,2,0,3,3,0,0,0,0,0,0
4785,Medical treatment,2003,January,Thursday,16,Rear-end,Multi-Vehicle,153.024058,-27.30488707,Gateway Arterial Rd,,Gateway Arterial Road (Gateway Motorway - North),Bald Hills,Brisbane City,4036,Sandgate,North Brisbane,Brisbane,SEQ North,Metropolitan,Bald Hills,Bald Hills - Everton Park,Brisbane - North,Major Cities,Sandgate,Petrie,State-controlled,No Roadway Feature,No traffic control,100 - 110 km/h,Sealed - Dry,Clear,Daylight,Curved - view open,Level,301,Veh'S Same Direction: Rear End,Rear-end,S,0,0,1,0,1,2,0,0,0,0,0,0
4786,Property damage only,2003,January,Thursday,16,Rear-end,Multi-Vehicle,152.7790809,-27.61296077,Ipswich - Cunningham Hwy Connection Rd,,Ipswich - Cunningham Hwy Connection Road,East Ipswich,Ipswich City,4305,Ipswich,Ipswich,Southern,SEQ South,Metropolitan,Ipswich - East,Ipswich Inner,Ipswich,Major Cities,Ipswich,Blair,State-controlled,No Roadway Feature,No traffic control,60 km/h,Sealed - Dry,Clear,Daylight,Straight,Level,301,Veh'S Same Direction: Rear End,Rear-end,E,0,0,0,0,0,4,0,0,0,0,0,0
4787,Property damage only,2003,January,Thursday,11,Rear-end,Multi-Vehicle,152.7221205,-27.5802609,Warrego Hwy Ramp Dd,,Warrego Highway (Ipswich - Toowoomba),Brassall,Ipswich City,4305,Karana Downs,Ipswich,Southern,SEQ South,Metropolitan,Brassall,Ipswich Inner,Ipswich,Major Cities,Ipswich West,Blair,State-controlled,Intersection - Interchange,No traffic control,80 - 90 km/h,Sealed - Dry,Clear,Daylight,Curved - view open,Grade,301,Veh'S Same Direction: Rear End,Rear-end,W,0,0,0,0,0,3,0,0,0,0,0,0
4788,Property damage only,2003,January,Thursday,7,Hit parked vehicle,Single Vehicle,153.0670764,-27.39483209,Ryans Rd,,,Northgate,Brisbane City,4013,Hendra,North Brisbane,Brisbane,SEQ North,Metropolitan,Northgate - Virginia,Nundah,Brisbane - North,Major Cities,Nudgee,Lilley,Locally-controlled,No Roadway Feature,No traffic control,0 - 50 km/h,Sealed - Dry,Clear,Daylight,Straight,Grade,601,Veh'S On Path: Parked,Hit parked vehicle,N,0,0,0,0,0,2,0,0,0,0,0,0
4789,Medical treatment,2003,January,Thursday,17,Rear-end,Multi-Vehicle,153.3460513,-27.9513057,Napper Rd,Smith St Connection Rd,Smith Street Connection,Arundel,Gold Coast City,4214,Southport,Gold Coast,South Eastern,SEQ South,South Coast,Arundel,Gold Coast - North,Gold Coast,Major Cities,Bonney,Fadden,State-controlled,Intersection - T-Junction,Operating traffic lights,60 km/h,Sealed - Dry,Clear,Daylight,Straight,Level,301,Veh'S Same Direction: Rear End,Rear-end,N,0,0,2,0,2,2,0,0,0,0,0,0
4790,Property damage only,2003,January,Thursday,13,Angle,Multi-Vehicle,153.471654,-28.12233187,Cypress Tce,Fifth Ave,,Palm Beach,Gold Coast City,4221,Palm Beach,Gold Coast,South Eastern,SEQ South,South Coast,Palm Beach,Coolangatta,Gold Coast,Major Cities,Burleigh,Mcpherson,Locally-controlled,Intersection - Cross,Stop sign,0 - 50 km/h,Sealed - Dry,Clear,Daylight,Straight,Level,101,Veh'S Adjacent Approach: Thru-Thru,Intersection from adjacent approaches,E,0,0,0,0,0,2,0,0,0,0,0,0
4791,Property damage only,2003,January,Friday,7,Overturned,Single Vehicle,153.0178234,-27.27038043,Bruce Hwy,,Bruce Highway (Brisbane - Gympie),Murrumba Downs,Moreton Bay Region,4503,Mango Hill North Lakes,North Brisbane,Brisbane,SEQ North,North Coast and Wide Bay/Burnett,Murrumba Downs - Griffin,North Lakes,Moreton Bay - South,Major Cities,Murrumba,Petrie,State-controlled,No Roadway Feature,No traffic control,100 - 110 km/h,Sealed - Dry,Clear,Daylight,Straight,Dip,705,Off Path-Straight:Out Of Control On Cway,Out of control on straight,N,0,0,0,0,0,1,0,0,0,0,0,0
4792,Hospitalisation,2003,January,Friday,9,Hit object,Single Vehicle,153.2081831,-27.51537677,Daveson Rd,Willard Rd,,Capalaba,Redland City,4157,Capalaba,South Brisbane,Brisbane,SEQ South,Metropolitan,Capalaba,Capalaba,Brisbane - East,Major Cities,Capalaba,Bowman,Locally-controlled,Intersection - T-Junction,Stop sign,0 - 50 km/h,Sealed - Dry,Clear,Daylight,Straight,Level,0,Ped'N: Hit Other,Other,N,0,1,1,0,2,1,0,0,0,0,1,0
4793,Property damage only,2003,January,Friday,16,Overturned,Single Vehicle,152.7643835,-27.59784839,Pine St Service Rd,,,North Ipswich,Ipswich City,4305,Ipswich,Ipswich,Southern,SEQ South,Metropolitan,North Ipswich - Tivoli,Ipswich Inner,Ipswich,Major Cities,Ipswich West,Blair,Locally-controlled,No Roadway Feature,No traffic control,60 km/h,Sealed - Dry,Clear,Daylight,Straight,Level,705,Off Path-Straight:Out Of Control On Cway,Out of control on straight,S,0,0,0,0,0,1,0,0,0,0,0,0
4794,Medical treatment,2003,January,Friday,17,Rear-end,Multi-Vehicle,153.0586856,-27.41417974,East - West Arterial Rd,,East-West Arterial Road,Clayfield,Brisbane City,4011,Hendra,North Brisbane,Brisbane,SEQ North,Metropolitan,Clayfield,Brisbane Inner - North,Brisbane Inner City,Major Cities,Clayfield,Brisbane,State-controlled,No Roadway Feature,No traffic control,60 km/h,Sealed - Dry,Clear,Daylight,Straight,Level,301,Veh'S Same Direction: Rear End,Rear-end,S,0,0,2,0,2,2,0,0,0,0,0,0
4795,Minor injury,2003,January,Friday,15,Rear-end,Multi-Vehicle,152.3343754,-24.89202163,Enterprise St,,,Svensson Heights,Bundaberg Region,4670,Bundaberg,Wide Bay Burnett,Central,Southern,North Coast and Wide Bay/Burnett,Svensson Heights - Norville,Bundaberg,Wide Bay,Inner Regional,Bundaberg,Hinkler,Locally-controlled,No Roadway Feature,No traffic control,60 km/h,Sealed - Dry,Clear,Daylight,Curved - view open,Level,301,Veh'S Same Direction: Rear End,Rear-end,S,0,0,0,1,1,2,0,0,0,0,0,0
4796,Property damage only,2003,January,Friday,12,Angle,Multi-Vehicle,149.1570428,-21.06626286,Mackay - Bucasia Rd,Sologinkin Rd,Mackay - Bucasia Road,Rural View,Mackay Region,4740,Mackay Northern Beaches,Mackay,Central,Central,Central Queensland,Eimeo - Rural View,Mackay,Mackay - Isaac - Whitsunday,Inner Regional,Whitsunday,Dawson,State-controlled,Intersection - Roundabout,Give way sign,60 km/h,Sealed - Dry,Clear,Daylight,Straight,Level,101,Veh'S Adjacent Approach: Thru-Thru,Intersection from adjacent approaches,S,0,0,0,0,0,2,0,0,0,0,0,0
4797,Minor injury,2003,January,Saturday,5,Hit object,Single Vehicle,152.9734824,-27.51624721,Honour Ave,Jarrott St,,Chelmer,Brisbane City,4068,Sherwood,South Brisbane,Brisbane,SEQ South,Metropolitan,Chelmer - Graceville,Sherwood - Indooroopilly,Brisbane - West,Major Cities,Miller,Moreton,Locally-controlled,Intersection - T-Junction,No traffic control,60 km/h,Sealed - Dry,Clear,Daylight,Straight,Level,700,Off Path-Straight: Other,Other,N,0,0,0,1,1,1,0,0,0,0,0,0
4798,Medical treatment,2003,January,Saturday,12,Rear-end,Multi-Vehicle,153.1894354,-27.52036061,Cleveland Sub-Arterial Rd,Redland Bay Rd,Capalaba - Cleveland Road,Capalaba,Redland City,4157,Capalaba,South Brisbane,Brisbane,SEQ South,Metropolitan,Capalaba,Capalaba,Brisbane - East,Major Cities,Capalaba,Bowman,State-controlled,Intersection - T-Junction,Operating traffic lights,60 km/h,Sealed - Dry,Clear,Daylight,Straight,Level,301,Veh'S Same Direction: Rear End,Rear-end,N,0,0,2,1,3,2,0,0,0,0,0,0
4799,Medical treatment,2003,January,Saturday,3,Angle,Multi-Vehicle,152.902819,-27.61440045,Alice St,Bertha St,,Goodna,Ipswich City,4300,Goodna,Ipswich,Southern,SEQ South,Metropolitan,Goodna,Springfield - Redbank,Ipswich,Major Cities,Bundamba,Oxley,Locally-controlled,Intersection - Cross,Operating traffic lights,60 km/h,Sealed - Dry,Clear,Darkness - Lighted,Straight,Level,101,Veh'S Adjacent Approach: Thru-Thru,Intersection from adjacent approaches,N,0,0,2,0,2,2,0,0,0,0,0,0
4800,Property damage only,2003,January,Saturday,2,Hit object,Single Vehicle,153.0676582,-26.41064893,Eenie Ck Rd,,,Noosaville,Noosa Shire,4566,Noosa Heads,Sunshine Coast,Central,SEQ North,North Coast and Wide Bay/Burnett,Noosaville,Noosa,Sunshine Coast,Major Cities,Noosa,Wide Bay,Locally-controlled,No Roadway Feature,No traffic control,60 km/h,Sealed - Dry,Clear,Darkness - Lighted,Curved - view open,Level,808,Off Path-Curve: Mounts Traffic Island,Off carriageway on curve hit object,N,0,0,0,0,0,1,0,0,0,0,0,0
4801,Property damage only,2003,January,Saturday,22,Rear-end,Multi-Vehicle,153.0922271,-27.71704974,Chambers Flat Rd,,,Park Ridge,Logan City,4125,Crestmead,Logan,South Eastern,SEQ South,South Coast,Chambers Flat - Logan Reserve,Browns Plains,Logan - Beaudesert,Major Cities,Logan,Forde,Locally-controlled,No Roadway Feature,No traffic control,80 - 90 km/h,Sealed - Dry,Clear,Darkness - Lighted,Straight,Level,301,Veh'S Same Direction: Rear End,Rear-end,S,0,0,0,0,0,3,0,0,0,0,0,0
4802,Hospitalisation,2003,January,Saturday,18,Fall from vehicle,Single Vehicle,150.5741071,-24.48639972,Burnett Hwy,,Burnett Highway (Monto - Biloela),Thangool,Banana Shire,4716,Biloela,Capricornia,Central,Central,Central Queensland,Banana,Biloela,Central Queensland,Outer Regional,Callide,Flynn,State-controlled,No Roadway Feature,No traffic control,60 km/h,Sealed - Dry,Clear,Daylight,Straight,Level,901,Pass & Misc: Fell In/From Vehicle,Other,S,0,1,0,0,1,0,1,0,0,0,0,0
4803,Property damage only,2003,January,Saturday,2,Sideswipe,Multi-Vehicle,150.535358,-23.37245776,Water St,,,Berserker,Rockhampton Region,4701,North Rockhampton,Capricornia,Central,Central,Central Queensland,Berserker,Rockhampton,Central Queensland,Inner Regional,Rockhampton,Capricornia,Locally-controlled,No Roadway Feature,No traffic control,60 km/h,Sealed - Dry,Clear,Darkness - Not lighted,Straight,Level,305,Veh'S Same Direction: Lane Side Swipe,Lane changes,S,0,0,0,0,0,3,0,0,0,0,0,0
4804,Hospitalisation,2003,January,Saturday,4,Hit parked vehicle,Single Vehicle,149.1478879,-21.1737638,Boundary Rd,,,Ooralea,Mackay Region,4740,Mackay,Mackay,Central,Central,Central Queensland,Ooralea - Bakers Creek,Mackay,Mackay - Isaac - Whitsunday,Inner Regional,Mirani,Capricornia,Locally-controlled,No Roadway Feature,No traffic control,0 - 50 km/h,Sealed - Dry,Clear,Darkness - Lighted,Straight,Level,601,Veh'S On Path: Parked,Hit parked vehicle,W,0,1,0,0,1,2,0,0,0,0,0,0
4805,Medical treatment,2003,January,Sunday,11,Hit object,Single Vehicle,152.9845368,-27.4564461,Coopers Camp Rd,Lewin St,,Bardon,Brisbane City,4065,The Gap,North Brisbane,Brisbane,SEQ North,Metropolitan,Bardon,Brisbane Inner - West,Brisbane Inner City,Major Cities,Cooper,Ryan,Locally-controlled,Intersection - T-Junction,Give way sign,60 km/h,Sealed - Dry,Clear,Daylight,Straight,Grade,700,Off Path-Straight: Other,Other,S,0,0,1,0,1,0,1,0,0,0,0,0
4806,Hospitalisation,2003,January,Sunday,11,Sideswipe,Multi-Vehicle,152.8253719,-27.17023009,Brisbane - Woodford Rd,,Brisbane - Woodford Road,King Scrub,Moreton Bay Region,4521,Dayboro,North Brisbane,Brisbane,SEQ North,North Coast and Wide Bay/Burnett,Dayboro,The Hills District,Moreton Bay - South,Inner Regional,Pine Rivers,Dickson,State-controlled,No Roadway Feature,No traffic control,60 km/h,Sealed - Dry,Clear,Daylight,Curved - view open,Grade,201,Veh'S Opposite Approach: Head On,Head-on,N,0,1,0,0,1,1,2,0,0,0,0,0
4807,Hospitalisation,2003,January,Sunday,16,Hit pedestrian,Hit pedestrian,153.0504699,-27.42656663,Oriel Rd,Sandgate Rd,,Clayfield,Brisbane City,4011,Hendra,North Brisbane,Brisbane,SEQ North,Metropolitan,Clayfield,Brisbane Inner - North,Brisbane Inner City,Major Cities,Clayfield,Brisbane,Locally-controlled,Intersection - T-Junction,Operating traffic lights,60 km/h,Sealed - Dry,Clear,Daylight,Curved - view open,Level,3,Ped'N: Far Side Vehicle Hit From Left,Pedestrian,W,0,1,0,0,1,2,0,0,0,0,1,0
4808,Hospitalisation,2003,January,Sunday,18,Hit object,Single Vehicle,149.1667011,-21.1450856,Holland St,Shakespeare St,,West Mackay,Mackay Region,4740,Mackay,Mackay,Central,Central,Central Queensland,West Mackay,Mackay,Mackay - Isaac - Whitsunday,Inner Regional,Mackay,Dawson,Locally-controlled,Intersection - T-Junction,No traffic control,60 km/h,Sealed - Dry,Clear,Daylight,Curved - view obscured,Level,805,Off Path-Curve: Out Of Control On Cway,Out of control on curve,W,0,1,0,0,1,1,0,0,0,0,0,0
4809,Property damage only,2003,January,Monday,7,Hit parked vehicle,Single Vehicle,152.9428032,-27.44019978,Broadland St,,,The Gap,Brisbane City,4061,The Gap,North Brisbane,Brisbane,SEQ North,Metropolitan,The Gap,The Gap - Enoggera,Brisbane - West,Major Cities,Cooper,Ryan,Locally-controlled,No Roadway Feature,No traffic control,0 - 50 km/h,Sealed - Dry,Clear,Daylight,Straight,Level,601,Veh'S On Path: Parked,Hit parked vehicle,N,0,0,0,0,0,2,0,0,0,0,0,0
4810,Hospitalisation,2003,January,Monday,10,Rear-end,Multi-Vehicle,153.018115,-27.40420349,Moree St,Webster Rd,,Stafford Heights,Brisbane City,4053,Stafford,North Brisbane,Brisbane,SEQ North,Metropolitan,Stafford Heights,Chermside,Brisbane - North,Major Cities,Stafford,Lilley,Locally-controlled,Intersection - Cross,Operating traffic lights,60 km/h,Sealed - Dry,Clear,Daylight,Straight,Dip,301,Veh'S Same Direction: Rear End,Rear-end,S,0,1,0,0,1,2,0,0,0,0,0,0
4811,Property damage only,2003,January,Monday,15,Rear-end,Multi-Vehicle,153.0349978,-26.66233641,Maroochydore Rd,,Maroochydore Road,Kunda Park,Sunshine Coast Region,4556,Maroochydore,Sunshine Coast,Central,SEQ North,North Coast and Wide Bay/Burnett,Buderim - North,Buderim,Sunshine Coast,Major Cities,Ninderry,Fairfax,State-controlled,No Roadway Feature,No traffic control,60 km/h,Sealed - Dry,Clear,Daylight,Straight,Level,301,Veh'S Same Direction: Rear End,Rear-end,W,0,0,0,0,0,3,0,0,0,0,0,0
4812,Property damage only,2003,January,Monday,9,Angle,Multi-Vehicle,152.3848857,-24.88584726,Elliott Heads Rd,Mccarthy St,Elliott Heads Road,Avenell Heights,Bundaberg Region,4670,Bundaberg,Wide Bay Burnett,Central,Southern,North Coast and Wide Bay/Burnett,Walkervale - Avenell Heights,Bundaberg,Wide Bay,Inner Regional,Bundaberg,Hinkler,State-controlled,Intersection - T-Junction,No traffic control,60 km/h,Sealed - Dry,Clear,Daylight,Curved - view open,Level,104,Veh'S Adjacent Approach: Thru-Right,Intersection from adjacent approaches,N,0,0,0,0,0,2,0,0,0,0,0,0
4813,Property damage only,2003,January,Monday,12,Angle,Multi-Vehicle,152.6986932,-25.54019455,Lennox St,Maryborough - Cooloola Rd,Maryborough - Cooloola Road,Maryborough,Fraser Coast Region,4650,Maryborough,Wide Bay Burnett,Central,Southern,North Coast and Wide Bay/Burnett,Maryborough (qld),Maryborough,Wide Bay,Inner Regional,Maryborough,Wide Bay,State-controlled,Intersection - Cross,Operating traffic lights,60 km/h,Sealed - Dry,Clear,Daylight,Straight,Level,101,Veh'S Adjacent Approach: Thru-Thru,Intersection from adjacent approaches,W,0,0,0,0,0,2,0,0,0,0,0,0