Crash_Ref_Number,Crash_Severity,Crash_Year,Crash_Month,Crash_Day_Of_Week,Crash_Hour,Crash_Nature,Crash_Type,Crash_Longitude_GDA94,Crash_Latitude_GDA94,Crash_Street,Crash_Street_Intersecting,State_Road_Name,Loc_Suburb,Loc_Local_Government_Area,Loc_Post_Code,Loc_Police_Division,Loc_Police_District,Loc_Police_Region,Loc_Queensland_Transport_Region,Loc_Main_Roads_Region,Loc_ABS_Statistical_Area_2,Loc_ABS_Statistical_Area_3,Loc_ABS_Statistical_Area_4,Loc_ABS_Remoteness,Loc_State_Electorate,Loc_Federal_Electorate,Crash_Controlling_Authority,Crash_Roadway_Feature,Crash_Traffic_Control,Crash_Speed_Limit,Crash_Road_Surface_Condition,Crash_Atmospheric_Condition,Crash_Lighting_Condition,Crash_Road_Horiz_Align,Crash_Road_Vert_Align,Crash_DCA_Code,Crash_DCA_Description,Crash_DCA_Group_Description,DCA_Key_Approach_Dir,Count_Casualty_Fatality,Count_Casualty_Hospitalised,Count_Casualty_MedicallyTreated,Count_Casualty_MinorInjury,Count_Casualty_Total,Count_Unit_Car,Count_Unit_Motorcycle_Moped,Count_Unit_Truck,Count_Unit_Bus,Count_Unit_Bicycle,Count_Unit_Pedestrian,Count_Unit_Other
4861,Property damage only,2003,January,Wednesday,7,Sideswipe,Multi-Vehicle,153.0511859,-27.42279394,Bellevue Tce,Sandgate Rd,,Clayfield,Brisbane City,4011,Hendra,North Brisbane,Brisbane,SEQ North,Metropolitan,Clayfield,Brisbane Inner - North,Brisbane Inner City,Major Cities,Clayfield,Brisbane,Locally-controlled,Intersection - Cross,No traffic control,60 km/h,Sealed - Dry,Clear,Daylight,Straight,Grade,201,Veh'S Opposite Approach: Head On,Head-on,N,0,0,0,0,0,3,0,0,0,0,0,0
4862,Hospitalisation,2003,January,Wednesday,14,Angle,Multi-Vehicle,153.4154299,-28.03645245,Nerang - Broadbeach Rd,Rio Vista Blvd,Nerang - Broadbeach Road,Broadbeach Waters,Gold Coast City,4218,Broadbeach,Gold Coast,South Eastern,SEQ South,South Coast,Broadbeach Waters,Broadbeach - Burleigh,Gold Coast,Major Cities,Surfers Paradise,Moncrieff,State-controlled,Intersection - Cross,Operating traffic lights,70 km/h,Sealed - Dry,Clear,Daylight,Straight,Level,101,Veh'S Adjacent Approach: Thru-Thru,Intersection from adjacent approaches,E,0,1,0,0,1,2,0,0,0,0,0,0
4863,Property damage only,2003,January,Wednesday,6,Hit parked vehicle,Single Vehicle,152.3827275,-24.85230154,Bundaberg - Bargara Rd,,Bundaberg - Bargara Road,Bundaberg East,Bundaberg Region,4670,Bundaberg,Wide Bay Burnett,Central,Southern,North Coast and Wide Bay/Burnett,Bundaberg East - Kalkie,Bundaberg,Wide Bay,Inner Regional,Bundaberg,Hinkler,State-controlled,No Roadway Feature,No traffic control,60 km/h,Unsealed - Dry,Clear,Daylight,Straight,Level,704,Off Path-Straight:Right Off Cway Hit Obj,Off carriageway on straight hit object,W,0,0,0,0,0,2,0,0,0,0,0,0
4864,Property damage only,2003,January,Wednesday,18,Angle,Multi-Vehicle,151.9375045,-27.59347927,Luxford St,West St,,Kearneys Spring,Toowoomba Region,4350,Toowoomba,Darling Downs,Southern,Southern,Downs South West,Darling Heights,Toowoomba,Toowoomba,Inner Regional,Toowoomba South,Groom,Locally-controlled,Intersection - Cross,Give way sign,60 km/h,Sealed - Dry,Clear,Dawn/Dusk,Straight,Grade,104,Veh'S Adjacent Approach: Thru-Right,Intersection from adjacent approaches,S,0,0,0,0,0,2,0,0,0,0,0,0
4865,Property damage only,2003,January,Wednesday,13,Overturned,Single Vehicle,151.6746263,-27.72183296,Broxburn Rd,Pittsworth - Felton Rd,Pittsworth - Felton Road,Broxburn,Toowoomba Region,4356,Pittsworth,Darling Downs,Southern,Southern,Downs South West,Pittsworth,Darling Downs - East,Darling Downs - Maranoa,Inner Regional,Condamine,Groom,State-controlled,Intersection - T-Junction,No traffic control,100 - 110 km/h,Sealed - Dry,Clear,Daylight,Curved - view open,Grade,805,Off Path-Curve: Out Of Control On Cway,Out of control on curve,N,0,0,0,0,0,0,0,0,0,0,0,1
4866,Hospitalisation,2003,January,Wednesday,15,Overturned,Single Vehicle,144.7169843,-26.62300413,Diamantina Development Rd,,Diamantina Dev Road (Charleville-Quilpie),Adavale,Quilpie Shire,4474,Quilpie,South West,Southern,Southern,Downs South West,Far South West,Outback - South,Queensland - Outback,Very Remote,Warrego,Maranoa,State-controlled,No Roadway Feature,No traffic control,100 - 110 km/h,Sealed - Dry,Clear,Daylight,Straight,Level,701,Off Path-Straight: Left Off Cway,Off carriageway on straight,E,0,1,0,0,1,1,0,0,0,0,0,0
4867,Property damage only,2003,January,Thursday,21,Angle,Multi-Vehicle,152.9662875,-27.50063509,Moggill Rd,Russell Tce,,Indooroopilly,Brisbane City,4068,Indooroopilly,North Brisbane,Brisbane,SEQ North,Metropolitan,Indooroopilly,Sherwood - Indooroopilly,Brisbane - West,Major Cities,Maiwar,Ryan,Locally-controlled,Intersection - T-Junction,Operating traffic lights,60 km/h,Sealed - Dry,Clear,Darkness - Lighted,Curved - view open,Grade,202,Veh'S Opposite Approach: Thru-Right,Opposing vehicles turning,S,0,0,0,0,0,2,0,0,0,0,0,0
4868,Medical treatment,2003,January,Thursday,15,Rear-end,Multi-Vehicle,153.0124475,-27.34590092,Beams Rd,Gympie Rd,Gympie Arterial Road,Carseldine,Brisbane City,4034,Carseldine,North Brisbane,Brisbane,SEQ North,Metropolitan,Carseldine,Bald Hills - Everton Park,Brisbane - North,Major Cities,Aspley,Petrie,State-controlled,Intersection - Cross,Operating traffic lights,60 km/h,Sealed - Dry,Clear,Daylight,Straight,Grade,302,Veh'S Same Direction: Left Rear,Rear-end,E,0,0,1,0,1,1,0,1,0,0,0,0
4869,Property damage only,2003,January,Thursday,15,Hit object,Single Vehicle,152.7757658,-27.61979828,Blackstone Rd,Lusitania St,,Eastern Heights,Ipswich City,4305,Ipswich,Ipswich,Southern,SEQ South,Metropolitan,Ipswich - East,Ipswich Inner,Ipswich,Major Cities,Ipswich,Blair,Locally-controlled,Intersection - T-Junction,No traffic control,60 km/h,Sealed - Dry,Clear,Daylight,Straight,Level,703,Off Path-Straight: Left Off Cway Hit Obj,Off carriageway on straight hit object,W,0,0,0,0,0,1,0,0,0,0,0,0
4870,Property damage only,2003,January,Thursday,14,Rear-end,Multi-Vehicle,153.0773837,-27.41198045,Airport Dr,Southern Cross Wy Ramp Xe,East-West Arterial Road,Hendra,Brisbane City,4011,Hendra,North Brisbane,Brisbane,SEQ North,Metropolitan,Brisbane Airport,Nundah,Brisbane - North,Major Cities,Clayfield,Lilley,State-controlled,Intersection - Roundabout,Give way sign,60 km/h,Sealed - Dry,Clear,Daylight,Curved - view open,Level,301,Veh'S Same Direction: Rear End,Rear-end,W,0,0,0,0,0,2,0,0,0,0,0,0
4871,Hospitalisation,2003,January,Thursday,13,Rear-end,Multi-Vehicle,152.9444788,-26.40600586,Cooroy - Noosa Rd,,Cooroy - Noosa Road,Lake Macdonald,Noosa Shire,4563,Cooroy,Sunshine Coast,Central,SEQ North,North Coast and Wide Bay/Burnett,Noosa Hinterland,Noosa Hinterland,Sunshine Coast,Inner Regional,Noosa,Wide Bay,State-controlled,No Roadway Feature,No traffic control,100 - 110 km/h,Sealed - Dry,Clear,Daylight,Curved - view obscured,Level,301,Veh'S Same Direction: Rear End,Rear-end,W,0,2,0,0,2,3,0,0,0,0,0,0
4872,Hospitalisation,2003,January,Thursday,1,Hit object,Single Vehicle,153.4480032,-28.08338069,Gold Coast Hwy,,Gold Coast Highway (Broadbeach - Coolangatta),Burleigh Heads,Gold Coast City,4220,Palm Beach,Gold Coast,South Eastern,SEQ South,South Coast,Burleigh Heads,Broadbeach - Burleigh,Gold Coast,Major Cities,Burleigh,Mcpherson,State-controlled,No Roadway Feature,No traffic control,70 km/h,Sealed - Dry,Clear,Darkness - Lighted,Curved - view open,Level,800,Off Path-Curve: Other,Other,S,0,1,0,0,1,0,1,0,0,0,0,0
4873,Hospitalisation,2003,January,Thursday,22,Hit parked vehicle,Single Vehicle,152.3620818,-24.87638197,Franklin St,,,Bundaberg South,Bundaberg Region,4670,Bundaberg,Wide Bay Burnett,Central,Southern,North Coast and Wide Bay/Burnett,Bundaberg,Bundaberg,Wide Bay,Inner Regional,Bundaberg,Hinkler,Locally-controlled,No Roadway Feature,No traffic control,60 km/h,Sealed - Dry,Clear,Darkness - Lighted,Straight,Level,601,Veh'S On Path: Parked,Hit parked vehicle,N,0,2,0,0,2,2,0,0,0,0,0,0
4874,Property damage only,2003,January,Friday,7,Rear-end,Multi-Vehicle,152.9564675,-27.12171967,Burpengary - Caboolture Rd,Lindsay Rd,Burpengary - Caboolture Road,Morayfield,Moreton Bay Region,4506,Caboolture,Moreton,Southern,SEQ North,North Coast and Wide Bay/Burnett,Caboolture - South,Caboolture,Moreton Bay - North,Major Cities,Morayfield,Longman,State-controlled,Intersection - T-Junction,Give way sign,70 km/h,Sealed - Dry,Clear,Daylight,Straight,Level,302,Veh'S Same Direction: Left Rear,Rear-end,N,0,0,0,0,0,3,0,0,0,0,0,0
4875,Property damage only,2003,January,Friday,16,Angle,Multi-Vehicle,153.1009972,-27.61819428,Compton Rd,Nyanza St,,Woodridge,Logan City,4114,Logan Central,Logan,South Eastern,SEQ South,South Coast,Woodridge,Springwood - Kingston,Logan - Beaudesert,Major Cities,Woodridge,Moreton,Locally-controlled,Intersection - T-Junction,Stop sign,70 km/h,Sealed - Dry,Clear,Daylight,Straight,Level,107,Veh'S Adjacent Approach: Thru-Left,Intersection from adjacent approaches,W,0,0,0,0,0,2,0,0,0,0,0,0
4876,Minor injury,2003,January,Friday,20,Angle,Multi-Vehicle,152.7853834,-27.61384187,Green St,Ipswich - Cunningham Hwy Connection Rd,Ipswich - Cunningham Hwy Connection Road,Booval,Ipswich City,4304,Ipswich,Ipswich,Southern,SEQ South,Metropolitan,Ipswich - East,Ipswich Inner,Ipswich,Major Cities,Ipswich,Blair,State-controlled,Intersection - Cross,Give way sign,60 km/h,Sealed - Dry,Clear,Darkness - Lighted,Straight,Level,101,Veh'S Adjacent Approach: Thru-Thru,Intersection from adjacent approaches,E,0,0,0,1,1,2,0,0,0,0,0,0
4877,Property damage only,2003,January,Friday,21,Hit animal,Other,152.8864376,-27.62646462,Redbank Plains Rd,,,Goodna,Ipswich City,4300,Goodna,Ipswich,Southern,SEQ South,Metropolitan,Goodna,Springfield - Redbank,Ipswich,Major Cities,Bundamba,Oxley,Locally-controlled,No Roadway Feature,No traffic control,70 km/h,Sealed - Dry,Clear,Darkness - Lighted,Straight,Level,301,Veh'S Same Direction: Rear End,Rear-end,W,0,0,0,0,0,2,0,0,0,0,0,1
4878,Property damage only,2003,January,Friday,9,Angle,Multi-Vehicle,153.5261166,-28.16923127,Haig St,Winston St,,Coolangatta,Gold Coast City,4225,Coolangatta,Gold Coast,South Eastern,SEQ South,South Coast,Coolangatta,Coolangatta,Gold Coast,Major Cities,Currumbin,Mcpherson,Locally-controlled,Intersection - Cross,Give way sign,0 - 50 km/h,Sealed - Dry,Clear,Daylight,Straight,Level,101,Veh'S Adjacent Approach: Thru-Thru,Intersection from adjacent approaches,W,0,0,0,0,0,2,0,0,0,0,0,0
4879,Medical treatment,2003,January,Friday,3,Hit object,Single Vehicle,153.3267645,-27.92414779,Pacific Hwy,,Pacific Highway (Pacific Motorway),Oxenford,Gold Coast City,4210,Coomera,Gold Coast,South Eastern,SEQ South,South Coast,Oxenford - Maudsland,Ormeau - Oxenford,Gold Coast,Major Cities,Theodore,Fadden,State-controlled,No Roadway Feature,No traffic control,100 - 110 km/h,Sealed - Dry,Clear,Darkness - Lighted,Straight,Level,703,Off Path-Straight: Left Off Cway Hit Obj,Off carriageway on straight hit object,S,0,0,1,0,1,1,0,0,0,0,0,0
4880,Medical treatment,2003,January,Friday,10,Angle,Multi-Vehicle,153.1058593,-26.69541749,Karawatha Dr,Lady Musgrave Dr,,Mountain Creek,Sunshine Coast Region,4557,Maroochydore,Sunshine Coast,Central,SEQ North,North Coast and Wide Bay/Burnett,Mountain Creek,Buderim,Sunshine Coast,Major Cities,Buderim,Fairfax,Locally-controlled,Intersection - Cross,Operating traffic lights,60 km/h,Sealed - Dry,Clear,Daylight,Curved - view open,Level,202,Veh'S Opposite Approach: Thru-Right,Opposing vehicles turning,W,0,0,2,0,2,2,0,0,0,0,0,0
4881,Medical treatment,2003,January,Friday,22,Angle,Multi-Vehicle,153.1862137,-27.96626408,Tamborine Mountain Rd,,Tamborine Mountain Road,Tamborine Mountain,Scenic Rim Region,4272,North Tamborine,Logan,South Eastern,SEQ South,South Coast,Tamborine - Canungra,Gold Coast Hinterland,Gold Coast,Major Cities,Scenic Rim,Wright,State-controlled,No Roadway Feature,No traffic control,60 km/h,Sealed - Dry,Clear,Darkness - Not lighted,Curved - view open,Crest,308,Veh'S Same Direction: Right Turn S/Swipe,Parallel lanes turning,N,0,0,1,2,3,2,0,0,0,0,0,0
4882,Medical treatment,2003,January,Friday,16,Hit object,Single Vehicle,152.4071678,-27.56459303,Warrego Hwy,,Warrego Highway (Ipswich - Toowoomba),Plainland,Lockyer Valley Region,4341,Laidley,Darling Downs,Southern,SEQ South,Downs South West,Lockyer Valley - East,Ipswich Hinterland,Ipswich,Inner Regional,Lockyer,Wright,State-controlled,No Roadway Feature,No traffic control,100 - 110 km/h,Sealed - Dry,Clear,Daylight,Curved - view open,Level,803,Off Path-Curve: Off Cway Rt Bend Hit Obj,Off carriageway on curve hit object,W,0,0,1,0,1,1,0,0,0,0,0,0
4883,Minor injury,2003,January,Friday,16,Overturned,Single Vehicle,152.1961637,-25.28066772,North South Rd,,,Kullogum,Bundaberg Region,4660,Childers,Wide Bay Burnett,Central,Southern,North Coast and Wide Bay/Burnett,Bundaberg Region - South,Bundaberg,Wide Bay,Inner Regional,Burnett,Hinkler,Locally-controlled,No Roadway Feature,No traffic control,100 - 110 km/h,Unsealed - Dry,Clear,Daylight,Curved - view open,Grade,805,Off Path-Curve: Out Of Control On Cway,Out of control on curve,S,0,0,0,1,1,1,0,0,0,0,0,0
4884,Property damage only,2003,January,Friday,19,Hit object,Single Vehicle,151.8538925,-26.22816159,Kinne Rd,,,Wheatlands,South Burnett Region,4606,Wondai,South West,Southern,Southern,North Coast and Wide Bay/Burnett,Kingaroy Region - North,Burnett,Wide Bay,Outer Regional,Nanango,Flynn,Locally-controlled,No Roadway Feature,No traffic control,100 - 110 km/h,Unsealed - Wet,Clear,Darkness - Not lighted,Straight,Level,607,Veh'S On Path: Temporary Object On C'Way,Other,W,0,0,0,0,0,0,0,1,0,0,0,0
4885,Property damage only,2003,February,Saturday,10,Hit object,Single Vehicle,152.988006,-27.5962489,Inala Ave,,,Durack,Brisbane City,4077,Inala,South Brisbane,Brisbane,SEQ South,Metropolitan,Durack,Forest Lake - Oxley,Ipswich,Major Cities,Inala,Oxley,Locally-controlled,No Roadway Feature,No traffic control,60 km/h,Sealed - Wet,Raining,Daylight,Curved - view open,Level,808,Off Path-Curve: Mounts Traffic Island,Off carriageway on curve hit object,W,0,0,0,0,0,1,0,0,0,0,0,0
4886,Hospitalisation,2003,February,Saturday,17,Angle,Multi-Vehicle,153.0356781,-27.47859638,Main St,Paton St,,Kangaroo Point,Brisbane City,4169,Dutton Park,South Brisbane,Brisbane,SEQ South,Metropolitan,Kangaroo Point,Brisbane Inner,Brisbane Inner City,Major Cities,South Brisbane,Griffith,Locally-controlled,Intersection - Cross,No traffic control,60 km/h,Sealed - Dry,Clear,Daylight,Straight,Grade,202,Veh'S Opposite Approach: Thru-Right,Opposing vehicles turning,S,0,1,1,0,2,2,0,0,0,0,0,0
4887,Property damage only,2003,February,Saturday,15,Angle,Multi-Vehicle,153.0573739,-27.4158174,Alma Rd,Junction Rd,East-West Arterial Road,Clayfield,Brisbane City,4011,Hendra,North Brisbane,Brisbane,SEQ North,Metropolitan,Clayfield,Brisbane Inner - North,Brisbane Inner City,Major Cities,Clayfield,Brisbane,State-controlled,Intersection - T-Junction,Give way sign,0 - 50 km/h,Sealed - Wet,Raining,Daylight,Straight,Level,104,Veh'S Adjacent Approach: Thru-Right,Intersection from adjacent approaches,E,0,0,0,0,0,2,0,0,0,0,0,0
4888,Property damage only,2003,February,Saturday,4,Hit parked vehicle,Single Vehicle,153.4305702,-28.02815018,Main Pl,,,Broadbeach,Gold Coast City,4218,Broadbeach,Gold Coast,South Eastern,SEQ South,South Coast,Mermaid Beach - Broadbeach,Broadbeach - Burleigh,Gold Coast,Major Cities,Surfers Paradise,Moncrieff,Locally-controlled,No Roadway Feature,No traffic control,0 - 50 km/h,Sealed - Wet,Raining,Darkness - Lighted,Straight,Level,601,Veh'S On Path: Parked,Hit parked vehicle,S,0,0,0,0,0,3,0,0,0,0,0,0
4889,Minor injury,2003,February,Saturday,14,Rear-end,Multi-Vehicle,153.4289372,-28.0242359,Gold Coast Hwy,,,Broadbeach,Gold Coast City,4218,Broadbeach,Gold Coast,South Eastern,SEQ South,South Coast,Mermaid Beach - Broadbeach,Broadbeach - Burleigh,Gold Coast,Major Cities,Surfers Paradise,Moncrieff,Locally-controlled,No Roadway Feature,No traffic control,70 km/h,Sealed - Wet,Clear,Daylight,Straight,Level,301,Veh'S Same Direction: Rear End,Rear-end,S,0,0,0,1,1,2,0,0,0,0,0,0
4890,Property damage only,2003,February,Saturday,22,Overturned,Single Vehicle,152.9554199,-26.63567752,Murray Cres,,,Nambour,Sunshine Coast Region,4560,Nambour,Sunshine Coast,Central,SEQ North,North Coast and Wide Bay/Burnett,Nambour,Nambour,Sunshine Coast,Major Cities,Nicklin,Fairfax,Locally-controlled,No Roadway Feature,No traffic control,0 - 50 km/h,Sealed - Wet,Raining,Darkness - Not lighted,Curved - view open,Dip,804,Off Path-Curve: Off Cway Lt Bend Hit Obj,Off carriageway on curve hit object,W,0,0,0,0,0,1,0,0,0,0,0,0
4891,Property damage only,2003,February,Saturday,17,Angle,Multi-Vehicle,152.9685553,-26.66070004,Blackall St,Nambour Connection Rd,Nambour Connection Road,Woombye,Sunshine Coast Region,4559,Nambour,Sunshine Coast,Central,SEQ North,North Coast and Wide Bay/Burnett,Nambour,Nambour,Sunshine Coast,Major Cities,Nicklin,Fairfax,State-controlled,Intersection - T-Junction,Stop sign,80 - 90 km/h,Sealed - Wet,Raining,Daylight,Curved - view open,Grade,104,Veh'S Adjacent Approach: Thru-Right,Intersection from adjacent approaches,N,0,0,0,0,0,2,0,0,0,0,0,0
4892,Property damage only,2003,February,Saturday,19,Angle,Multi-Vehicle,152.7759603,-27.65279586,Reif St,Ripley Rd,,Flinders View,Ipswich City,4305,Yamanto,Ipswich,Southern,SEQ South,Metropolitan,Raceview,Ipswich Inner,Ipswich,Major Cities,Ipswich,Blair,Locally-controlled,Intersection - Cross,Stop sign,60 km/h,Sealed - Dry,Clear,Darkness - Lighted,Straight,Level,101,Veh'S Adjacent Approach: Thru-Thru,Intersection from adjacent approaches,E,0,0,0,0,0,2,0,0,0,0,0,0
4893,Property damage only,2003,February,Saturday,3,Sideswipe,Multi-Vehicle,153.4671389,-28.11144517,Gold Coast Hwy,,Gold Coast Highway (Broadbeach - Coolangatta),Palm Beach,Gold Coast City,4221,Palm Beach,Gold Coast,South Eastern,SEQ South,South Coast,Palm Beach,Coolangatta,Gold Coast,Major Cities,Burleigh,Mcpherson,State-controlled,No Roadway Feature,No traffic control,70 km/h,Sealed - Wet,Raining,Darkness - Lighted,Straight,Level,305,Veh'S Same Direction: Lane Side Swipe,Lane changes,S,0,0,0,0,0,3,0,0,0,0,0,0
4894,Property damage only,2003,February,Saturday,15,Rear-end,Multi-Vehicle,151.8735886,-27.64504879,Shepperd Rd,,,Wyreema,Toowoomba Region,4352,Cambooya,Darling Downs,Southern,Southern,Downs South West,Cambooya - Wyreema,Toowoomba,Toowoomba,Inner Regional,Condamine,Groom,Locally-controlled,No Roadway Feature,No traffic control,100 - 110 km/h,Sealed - Wet,Raining,Daylight,Straight,Level,302,Veh'S Same Direction: Left Rear,Rear-end,W,0,0,0,0,0,2,0,0,0,0,0,0
4895,Hospitalisation,2003,February,Saturday,10,Angle,Multi-Vehicle,150.5025089,-23.38843532,Allen St,Canning St,,Allenstown,Rockhampton Region,4700,Rockhampton,Capricornia,Central,Central,Central Queensland,The Range - Allenstown,Rockhampton,Central Queensland,Inner Regional,Rockhampton,Capricornia,Locally-controlled,Intersection - T-Junction,No traffic control,60 km/h,Sealed - Dry,Clear,Daylight,Straight,Level,401,Veh'S Manoeuvring: Leaving Parking,Vehicle leaving driveway,S,0,1,0,0,1,2,0,0,0,0,0,0
4896,Hospitalisation,2003,February,Sunday,6,Hit object,Single Vehicle,152.9580375,-27.29641793,Old North Rd,,,Warner,Moreton Bay Region,4500,Petrie,North Brisbane,Brisbane,SEQ North,North Coast and Wide Bay/Burnett,Cashmere,The Hills District,Moreton Bay - South,Major Cities,Pine Rivers,Dickson,Locally-controlled,No Roadway Feature,No traffic control,60 km/h,Sealed - Dry,Clear,Daylight,Curved - view open,Crest,804,Off Path-Curve: Off Cway Lt Bend Hit Obj,Off carriageway on curve hit object,N,0,1,0,0,1,1,0,0,0,0,0,0
4897,Hospitalisation,2003,February,Sunday,10,Sideswipe,Multi-Vehicle,153.3486953,-28.01576454,Pacific Hwy,,Pacific Highway (Pacific Motorway),Carrara,Gold Coast City,4211,Nerang,Gold Coast,South Eastern,SEQ South,South Coast,Carrara,Nerang,Gold Coast,Major Cities,Gaven,Moncrieff,State-controlled,No Roadway Feature,No traffic control,100 - 110 km/h,Sealed - Wet,Raining,Daylight,Straight,Level,305,Veh'S Same Direction: Lane Side Swipe,Lane changes,S,0,1,0,0,1,2,0,0,0,0,0,0
4898,Medical treatment,2003,February,Sunday,11,Angle,Multi-Vehicle,153.4273994,-27.98667415,Admiralty Dr,Gold Coast Hwy,,Surfers Paradise,Gold Coast City,4217,Surfers Paradise,Gold Coast,South Eastern,SEQ South,South Coast,Surfers Paradise,Surfers Paradise,Gold Coast,Major Cities,Surfers Paradise,Moncrieff,Locally-controlled,Intersection - Cross,Operating traffic lights,70 km/h,Sealed - Wet,Raining,Daylight,Straight,Level,104,Veh'S Adjacent Approach: Thru-Right,Intersection from adjacent approaches,N,0,0,1,0,1,2,0,0,0,0,0,0
4899,Property damage only,2003,February,Sunday,6,Hit object,Single Vehicle,153.4582827,-28.15090143,Armada Cres,,,Currumbin Waters,Gold Coast City,4223,Palm Beach,Gold Coast,South Eastern,SEQ South,South Coast,Currumbin Waters,Coolangatta,Gold Coast,Major Cities,Currumbin,Mcpherson,Locally-controlled,No Roadway Feature,No traffic control,0 - 50 km/h,Sealed - Wet,Raining,Dawn/Dusk,Curved - view open,Crest,800,Off Path-Curve: Other,Other,,0,0,0,0,0,2,0,0,0,0,0,0
4900,Minor injury,2003,February,Sunday,15,Angle,Multi-Vehicle,149.1784463,-21.14020628,Milton St,Victoria,,Mackay,Mackay Region,4740,Mackay,Mackay,Central,Central,Central Queensland,Mackay,Mackay,Mackay - Isaac - Whitsunday,Inner Regional,Mackay,Dawson,Locally-controlled,Intersection - Roundabout,Give way sign,60 km/h,Sealed - Dry,Clear,Daylight,Straight,Level,207,Veh'S Opposite Approach: U-Turn,U-turn,S,0,0,0,1,1,2,0,0,0,0,0,0
4901,Property damage only,2003,February,Monday,9,Hit object,Single Vehicle,153.0681152,-27.55033631,Mains Rd,South East Art Rd Ramp Yc,South-East Arterial Road (Pacific Motorway),Upper Mount Gravatt,Brisbane City,4122,Upper Mount Gravatt,South Brisbane,Brisbane,SEQ South,Metropolitan,Upper Mount Gravatt,Mt Gravatt,Brisbane - South,Major Cities,Mansfield,Bonner,State-controlled,Intersection - Interchange,No traffic control,60 km/h,Sealed - Wet,Raining,Daylight,Curved - view open,Grade,808,Off Path-Curve: Mounts Traffic Island,Off carriageway on curve hit object,S,0,0,0,0,0,1,0,0,0,0,0,0
4902,Property damage only,2003,February,Monday,23,Hit object,Single Vehicle,152.9933604,-27.35423508,Albany Creek Rd,,Albany Creek Sub-Arterial Road,Bridgeman Downs,Brisbane City,4035,Albany Creek,North Brisbane,Brisbane,SEQ North,Metropolitan,Bridgeman Downs,Bald Hills - Everton Park,Brisbane - North,Major Cities,Aspley,Dickson,State-controlled,No Roadway Feature,No traffic control,60 km/h,Sealed - Wet,Raining,Darkness - Lighted,Curved - view open,Grade,808,Off Path-Curve: Mounts Traffic Island,Off carriageway on curve hit object,N,0,0,0,0,0,1,0,0,0,0,0,0
4903,Minor injury,2003,February,Monday,14,Rear-end,Multi-Vehicle,152.9520554,-27.08491308,D'Aguilar Hwy,,Caboolture Connection Road,Caboolture,Moreton Bay Region,4510,Caboolture,Moreton,Southern,SEQ North,North Coast and Wide Bay/Burnett,Caboolture,Caboolture,Moreton Bay - North,Major Cities,Morayfield,Longman,State-controlled,No Roadway Feature,No traffic control,60 km/h,Sealed - Wet,Raining,Daylight,Straight,Grade,301,Veh'S Same Direction: Rear End,Rear-end,E,0,0,0,1,1,2,0,0,0,0,0,0
4904,Hospitalisation,2003,February,Monday,18,Angle,Multi-Vehicle,153.1205514,-27.68603243,Logan Reserve Rd,Muchow Rd,,Waterford West,Logan City,4133,Crestmead,Logan,South Eastern,SEQ South,South Coast,Waterford West,Loganlea - Carbrook,Logan - Beaudesert,Major Cities,Waterford,Forde,Locally-controlled,Intersection - Cross,Stop sign,60 km/h,Sealed - Wet,Raining,Dawn/Dusk,Straight,Grade,101,Veh'S Adjacent Approach: Thru-Thru,Intersection from adjacent approaches,E,0,1,0,0,1,1,1,0,0,0,0,0
4905,Medical treatment,2003,February,Monday,19,Rear-end,Multi-Vehicle,152.9621347,-27.40765581,Dawson Pde,,,Keperra,Brisbane City,4054,Ferny Grove,North Brisbane,Brisbane,SEQ North,Metropolitan,Keperra,The Gap - Enoggera,Brisbane - West,Major Cities,Ferny Grove,Ryan,Locally-controlled,No Roadway Feature,No traffic control,60 km/h,Sealed - Wet,Raining,Darkness - Lighted,Straight,Level,303,Veh'S Same Direction: Right Rear,Rear-end,N,0,0,1,0,1,2,0,0,0,0,0,0
4906,Property damage only,2003,February,Monday,8,Hit object,Single Vehicle,153.109234,-26.79596662,Caloundra Rd,,Caloundra Road,Caloundra West,Sunshine Coast Region,4551,Caloundra,Sunshine Coast,Central,SEQ North,North Coast and Wide Bay/Burnett,Caloundra - West,Caloundra,Sunshine Coast,Major Cities,Kawana,Fisher,State-controlled,No Roadway Feature,No traffic control,70 km/h,Sealed - Wet,Raining,Daylight,Straight,Level,703,Off Path-Straight: Left Off Cway Hit Obj,Off carriageway on straight hit object,E,0,0,0,0,0,1,0,0,0,0,0,0
4907,Property damage only,2003,February,Monday,8,Rear-end,Multi-Vehicle,153.0982352,-26.67743987,Sunshine Mwy,,Sunshine Motorway (Mooloolaba - Peregian),Buderim,Sunshine Coast Region,4556,Maroochydore,Sunshine Coast,Central,SEQ North,North Coast and Wide Bay/Burnett,Buderim - South,Buderim,Sunshine Coast,Major Cities,Buderim,Fairfax,State-controlled,No Roadway Feature,No traffic control,100 - 110 km/h,Sealed - Wet,Raining,Daylight,Straight,Level,301,Veh'S Same Direction: Rear End,Rear-end,N,0,0,0,0,0,2,0,0,0,0,0,0