Crash_Ref_Number,Crash_Severity,Crash_Year,Crash_Month,Crash_Day_Of_Week,Crash_Hour,Crash_Nature,Crash_Type,Crash_Longitude_GDA94,Crash_Latitude_GDA94,Crash_Street,Crash_Street_Intersecting,State_Road_Name,Loc_Suburb,Loc_Local_Government_Area,Loc_Post_Code,Loc_Police_Division,Loc_Police_District,Loc_Police_Region,Loc_Queensland_Transport_Region,Loc_Main_Roads_Region,Loc_ABS_Statistical_Area_2,Loc_ABS_Statistical_Area_3,Loc_ABS_Statistical_Area_4,Loc_ABS_Remoteness,Loc_State_Electorate,Loc_Federal_Electorate,Crash_Controlling_Authority,Crash_Roadway_Feature,Crash_Traffic_Control,Crash_Speed_Limit,Crash_Road_Surface_Condition,Crash_Atmospheric_Condition,Crash_Lighting_Condition,Crash_Road_Horiz_Align,Crash_Road_Vert_Align,Crash_DCA_Code,Crash_DCA_Description,Crash_DCA_Group_Description,DCA_Key_Approach_Dir,Count_Casualty_Fatality,Count_Casualty_Hospitalised,Count_Casualty_MedicallyTreated,Count_Casualty_MinorInjury,Count_Casualty_Total,Count_Unit_Car,Count_Unit_Motorcycle_Moped,Count_Unit_Truck,Count_Unit_Bus,Count_Unit_Bicycle,Count_Unit_Pedestrian,Count_Unit_Other
4908,Minor injury,2003,February,Tuesday,6,Angle,Multi-Vehicle,152.981825,-27.59750428,Inala Ave,Skylark St,,Inala,Brisbane City,4077,Inala,South Brisbane,Brisbane,SEQ South,Metropolitan,Durack,Forest Lake - Oxley,Ipswich,Major Cities,Inala,Oxley,Locally-controlled,Intersection - T-Junction,Operating traffic lights,60 km/h,Sealed - Wet,Raining,Daylight,Straight,Grade,207,Veh'S Opposite Approach: U-Turn,U-turn,W,0,0,0,2,2,2,0,0,0,0,0,0
4909,Medical treatment,2003,February,Tuesday,5,Hit parked vehicle,Single Vehicle,153.0643917,-27.48003365,Bennetts Rd,,,Norman Park,Brisbane City,4170,Morningside,South Brisbane,Brisbane,SEQ South,Metropolitan,Norman Park,Brisbane Inner - East,Brisbane Inner City,Major Cities,Bulimba,Griffith,Locally-controlled,No Roadway Feature,No traffic control,60 km/h,Sealed - Wet,Raining,Dawn/Dusk,Curved - view open,Level,601,Veh'S On Path: Parked,Hit parked vehicle,N,0,0,1,0,1,3,0,0,0,0,0,0
4910,Property damage only,2003,February,Tuesday,7,Rear-end,Multi-Vehicle,153.0229433,-27.43525438,Kedron Brook Rd,,,Wilston,Brisbane City,4051,Stafford,North Brisbane,Brisbane,SEQ North,Metropolitan,Wilston,Brisbane Inner - North,Brisbane Inner City,Major Cities,Stafford,Brisbane,Locally-controlled,No Roadway Feature,No traffic control,60 km/h,Sealed - Wet,Raining,Daylight,Straight,Grade,301,Veh'S Same Direction: Rear End,Rear-end,E,0,0,0,0,0,3,0,0,0,0,0,0
4911,Medical treatment,2003,February,Tuesday,9,Hit object,Single Vehicle,152.9012171,-26.77678912,Landsborough - Maleny Rd,,Landsborough - Maleny Road,Bald Knob,Sunshine Coast Region,4552,Landsborough,Sunshine Coast,Central,SEQ North,North Coast and Wide Bay/Burnett,Caloundra Hinterland,Sunshine Coast Hinterland,Sunshine Coast,Inner Regional,Glass House,Fisher,State-controlled,No Roadway Feature,No traffic control,80 - 90 km/h,Unsealed - Dry,Clear,Daylight,Curved - view obscured,Dip,804,Off Path-Curve: Off Cway Lt Bend Hit Obj,Off carriageway on curve hit object,E,0,0,1,0,1,1,0,0,0,0,0,0
4912,Property damage only,2003,February,Tuesday,10,Hit object,Single Vehicle,153.0336538,-26.6970081,Glenmount Rd,,,Mons,Sunshine Coast Region,4556,Maroochydore,Sunshine Coast,Central,SEQ North,North Coast and Wide Bay/Burnett,Buderim - South,Buderim,Sunshine Coast,Major Cities,Buderim,Fairfax,Locally-controlled,No Roadway Feature,No traffic control,60 km/h,Sealed - Wet,Clear,Daylight,Curved - view obscured,Grade,804,Off Path-Curve: Off Cway Lt Bend Hit Obj,Off carriageway on curve hit object,N,0,0,0,0,0,1,0,0,0,0,0,0
4913,Property damage only,2003,February,Tuesday,18,Hit object,Single Vehicle,152.7617043,-26.93573975,D'Aguilar Hwy,,D'Aguilar Highway (Caboolture - Kilcoy),Woodford,Moreton Bay Region,4514,Woodford,Moreton,Southern,SEQ North,North Coast and Wide Bay/Burnett,Woodford - Daguilar,Caboolture Hinterland,Moreton Bay - North,Inner Regional,Glass House,Longman,State-controlled,Bridge/Causeway,No traffic control,100 - 110 km/h,Sealed - Wet,Raining,Dawn/Dusk,Curved - view obscured,Grade,607,Veh'S On Path: Temporary Object On C'Way,Other,W,0,0,0,0,0,1,0,0,0,0,0,0
4914,Property damage only,2003,February,Tuesday,21,Overturned,Single Vehicle,151.805674,-26.7386189,Kingaroy - Cooyar Rd,Kumbia - Brooklands Rd,Kingaroy - Cooyar Road,Brooklands,South Burnett Region,4615,Nanango,South West,Southern,Southern,North Coast and Wide Bay/Burnett,Nanango,Burnett,Wide Bay,Outer Regional,Nanango,Maranoa,State-controlled,Intersection - T-Junction,No traffic control,100 - 110 km/h,Sealed - Wet,Raining,Darkness - Not lighted,Straight,Level,707,Off Path-Straight: Right Turn,Off carriageway on straight,W,0,0,0,0,0,1,0,0,0,0,0,0
4915,Property damage only,2003,February,Tuesday,17,Hit parked vehicle,Single Vehicle,152.052932,-27.26305769,Curnow St,Grace St,,Crows Nest,Toowoomba Region,4355,Crows Nest,Darling Downs,Southern,Southern,Downs South West,Crows Nest - Rosalie,Darling Downs - East,Darling Downs - Maranoa,Inner Regional,Condamine,Maranoa,Locally-controlled,Intersection - T-Junction,No traffic control,60 km/h,Sealed - Wet,Raining,Daylight,Straight,Level,601,Veh'S On Path: Parked,Hit parked vehicle,N,0,0,0,0,0,2,0,0,0,0,0,0
4916,Property damage only,2003,February,Wednesday,1,Hit object,Single Vehicle,152.9870804,-27.48973371,Moggill Rd,Whitmore St,,Taringa,Brisbane City,4068,Indooroopilly,North Brisbane,Brisbane,SEQ North,Metropolitan,Toowong,Brisbane Inner - West,Brisbane Inner City,Major Cities,Maiwar,Ryan,Locally-controlled,Intersection - T-Junction,Operating traffic lights,60 km/h,Sealed - Wet,Raining,Darkness - Lighted,Straight,Level,607,Veh'S On Path: Temporary Object On C'Way,Other,E,0,0,0,0,0,1,0,0,0,0,0,0
4917,Minor injury,2003,February,Wednesday,21,Angle,Multi-Vehicle,153.0161367,-27.48152667,Vulture St,,,South Brisbane,Brisbane City,4101,West End,South Brisbane,Brisbane,SEQ South,Metropolitan,South Brisbane,Brisbane Inner,Brisbane Inner City,Major Cities,South Brisbane,Griffith,Locally-controlled,No Roadway Feature,Operating traffic lights,60 km/h,Sealed - Dry,Clear,Darkness - Lighted,Curved - view open,Grade,202,Veh'S Opposite Approach: Thru-Right,Opposing vehicles turning,W,0,0,0,2,2,2,0,0,0,0,0,0
4918,Property damage only,2003,February,Wednesday,2,Hit object,Single Vehicle,152.8917169,-27.61185648,Thomas St,,,Goodna,Ipswich City,4300,Goodna,Ipswich,Southern,SEQ South,Metropolitan,Goodna,Springfield - Redbank,Ipswich,Major Cities,Bundamba,Oxley,Locally-controlled,No Roadway Feature,No traffic control,0 - 50 km/h,Sealed - Wet,Raining,Darkness - Not lighted,Curved - view obscured,Grade,803,Off Path-Curve: Off Cway Rt Bend Hit Obj,Off carriageway on curve hit object,N,0,0,0,0,0,1,0,0,0,0,0,0
4919,Property damage only,2003,February,Wednesday,15,Rear-end,Multi-Vehicle,153.3825712,-28.00007866,Ashmore Rd,,,Ashmore,Gold Coast City,4214,Broadbeach,Gold Coast,South Eastern,SEQ South,South Coast,Ashmore,Southport,Gold Coast,Major Cities,Southport,Moncrieff,Locally-controlled,No Roadway Feature,No traffic control,60 km/h,Sealed - Dry,Clear,Daylight,Curved - view open,Grade,301,Veh'S Same Direction: Rear End,Rear-end,S,0,0,0,0,0,3,0,0,0,0,0,0
4920,Property damage only,2003,February,Wednesday,23,Overturned,Single Vehicle,148.6640405,-27.98613715,Carnarvon Hwy,,Carnarvon Highway (St.George - Surat),St George,Balonne Shire,4487,Saint George,South West,Southern,Southern,Downs South West,Balonne,Darling Downs (west) - Maranoa,Darling Downs - Maranoa,Remote,Warrego,Maranoa,State-controlled,No Roadway Feature,No traffic control,100 - 110 km/h,Sealed - Dry,Clear,Darkness - Not lighted,Straight,Level,705,Off Path-Straight:Out Of Control On Cway,Out of control on straight,S,0,0,0,0,0,0,0,1,0,0,0,0
4921,Property damage only,2003,February,Wednesday,15,Rear-end,Multi-Vehicle,150.5281975,-23.34431777,Kerrigan St,Moores Creek Rd,,Norman Gardens,Rockhampton Region,4701,North Rockhampton,Capricornia,Central,Central,Central Queensland,Norman Gardens,Rockhampton,Central Queensland,Inner Regional,Rockhampton,Capricornia,Locally-controlled,Intersection - Roundabout,Give way sign,60 km/h,Sealed - Wet,Raining,Daylight,Straight,Level,303,Veh'S Same Direction: Right Rear,Rear-end,N,0,0,0,0,0,2,0,0,0,0,0,0
4922,Property damage only,2003,February,Thursday,19,Rear-end,Multi-Vehicle,153.1005387,-27.47018509,Wynnum Rd,,,Cannon Hill,Brisbane City,4170,Morningside,South Brisbane,Brisbane,SEQ South,Metropolitan,Murarrie,Wynnum - Manly,Brisbane - East,Major Cities,Bulimba,Bonner,Locally-controlled,No Roadway Feature,No traffic control,70 km/h,Sealed - Wet,Raining,Darkness - Lighted,Straight,Level,301,Veh'S Same Direction: Rear End,Rear-end,W,0,0,0,0,0,3,0,0,0,0,0,0
4923,Property damage only,2003,February,Thursday,16,Rear-end,Multi-Vehicle,153.2873074,-27.62545416,Cleveland - Redland Bay Rd,German Church Rd,Cleveland - Redland Bay Road,Redland Bay,Redland City,4165,Redland Bay,South Brisbane,Brisbane,SEQ South,Metropolitan,Redland Bay,Cleveland - Stradbroke,Brisbane - East,Major Cities,Redlands,Bowman,State-controlled,Intersection - Cross,Stop sign,80 - 90 km/h,Sealed - Wet,Raining,Daylight,Straight,Grade,303,Veh'S Same Direction: Right Rear,Rear-end,S,0,0,0,0,0,2,0,0,0,0,0,0
4924,Property damage only,2003,February,Thursday,23,Hit object,Single Vehicle,152.3517827,-24.86779689,Targo St,Woondooma St,,Bundaberg Central,Bundaberg Region,4670,Bundaberg,Wide Bay Burnett,Central,Southern,North Coast and Wide Bay/Burnett,Bundaberg,Bundaberg,Wide Bay,Inner Regional,Bundaberg,Hinkler,Locally-controlled,Intersection - Roundabout,Give way sign,60 km/h,Sealed - Wet,Raining,Darkness - Lighted,Straight,Grade,708,Off Path-Straight: Mounts Traffic Island,Off carriageway on straight hit object,S,0,0,0,0,0,1,0,0,0,0,0,0
4925,Hospitalisation,2003,February,Friday,16,Hit parked vehicle,Single Vehicle,153.0834157,-27.54598614,Wishart Rd,,,Upper Mount Gravatt,Brisbane City,4122,Upper Mount Gravatt,South Brisbane,Brisbane,SEQ South,Metropolitan,Upper Mount Gravatt,Mt Gravatt,Brisbane - South,Major Cities,Mansfield,Bonner,Locally-controlled,No Roadway Feature,No traffic control,60 km/h,Sealed - Dry,Clear,Daylight,Straight,Level,601,Veh'S On Path: Parked,Hit parked vehicle,W,0,1,0,0,1,2,0,0,0,0,0,0
4926,Hospitalisation,2003,February,Friday,6,Angle,Multi-Vehicle,153.1738121,-27.44828829,Pine St,Tingal Rd,,Wynnum,Brisbane City,4178,Wynnum,South Brisbane,Brisbane,SEQ South,Metropolitan,Wynnum,Wynnum - Manly,Brisbane - East,Major Cities,Lytton,Bonner,Locally-controlled,Intersection - Cross,Operating traffic lights,60 km/h,Sealed - Wet,Clear,Daylight,Straight,Level,101,Veh'S Adjacent Approach: Thru-Thru,Intersection from adjacent approaches,S,0,1,0,0,1,2,0,0,0,0,0,0
4927,Medical treatment,2003,February,Friday,5,Overturned,Single Vehicle,153.0034727,-27.09786326,Caboolture - Beachmere Rd,,Caboolture - Beachmere Road,Beachmere,Moreton Bay Region,4510,Caboolture,Moreton,Southern,SEQ North,North Coast and Wide Bay/Burnett,Caboolture,Caboolture,Moreton Bay - North,Major Cities,Pumicestone,Longman,State-controlled,No Roadway Feature,No traffic control,100 - 110 km/h,Sealed - Wet,Clear,Daylight,Curved - view obscured,Level,802,Off Path-Curve: Off Cway Left Bend,Off carriageway on curve,E,0,0,1,0,1,1,0,0,0,0,0,0
4928,Fatal,2003,February,Friday,15,Hit object,Single Vehicle,152.8581665,-27.32993703,Birralee Cl,Cedar Creek Rd,,Closeburn,Moreton Bay Region,4520,Dayboro,North Brisbane,Brisbane,SEQ North,North Coast and Wide Bay/Burnett,Samford Valley,The Hills District,Moreton Bay - South,Inner Regional,Pine Rivers,Dickson,Locally-controlled,Intersection - T-Junction,No traffic control,60 km/h,Sealed - Dry,Clear,Daylight,Curved - view open,Level,803,Off Path-Curve: Off Cway Rt Bend Hit Obj,Off carriageway on curve hit object,E,1,1,0,0,2,1,0,0,0,0,0,0
4929,Property damage only,2003,February,Friday,6,Angle,Multi-Vehicle,153.1322722,-27.54699337,Mt Gravatt - Capalaba Rd,Redland Sub-Arterial Rd,Redland Sub-Arterial Road,Burbank,Brisbane City,4156,Capalaba,South Brisbane,Brisbane,SEQ South,Metropolitan,Rochedale - Burbank,Mt Gravatt,Brisbane - South,Major Cities,Mansfield,Bonner,State-controlled,Intersection - Roundabout,Give way sign,80 - 90 km/h,Sealed - Dry,Clear,Daylight,Straight,Level,202,Veh'S Opposite Approach: Thru-Right,Opposing vehicles turning,E,0,0,0,0,0,2,0,0,0,0,0,0
4930,Property damage only,2003,February,Friday,8,Angle,Multi-Vehicle,152.994272,-27.16895819,Creek Rd,Randwick Dr,,Burpengary East,Moreton Bay Region,4505,Deception Bay,Moreton,Southern,SEQ North,North Coast and Wide Bay/Burnett,Deception Bay,Narangba - Burpengary,Moreton Bay - North,Major Cities,Bancroft,Petrie,Locally-controlled,Intersection - T-Junction,Give way sign,80 - 90 km/h,Sealed - Wet,Raining,Daylight,Curved - view open,Level,104,Veh'S Adjacent Approach: Thru-Right,Intersection from adjacent approaches,E,0,0,0,0,0,2,0,0,0,0,0,0
4931,Property damage only,2003,February,Friday,15,Hit object,Single Vehicle,152.9715438,-27.39466621,Grevillea St,,,Everton Hills,Moreton Bay Region,4053,Ferny Grove,North Brisbane,Brisbane,SEQ North,North Coast and Wide Bay/Burnett,The Hills District,The Hills District,Moreton Bay - South,Major Cities,Everton,Dickson,Locally-controlled,No Roadway Feature,No traffic control,0 - 50 km/h,Sealed - Dry,Clear,Daylight,Straight,Level,703,Off Path-Straight: Left Off Cway Hit Obj,Off carriageway on straight hit object,N,0,0,0,0,0,1,0,0,0,0,0,0
4932,Hospitalisation,2003,February,Friday,12,Angle,Multi-Vehicle,152.9305678,-27.61249117,Boundary Rd,Logan Mwy Ramp Bb,Logan Motorway (Gailes - Loganholme),Carole Park,Ipswich City,4300,Goodna,Ipswich,Southern,SEQ South,Metropolitan,Carole Park,Springfield - Redbank,Ipswich,Major Cities,Jordan,Oxley,State-controlled,Intersection - Interchange,Give way sign,60 km/h,Sealed - Dry,Clear,Daylight,Straight,Grade,104,Veh'S Adjacent Approach: Thru-Right,Intersection from adjacent approaches,S,0,1,0,0,1,1,0,1,0,0,0,0
4933,Property damage only,2003,February,Friday,12,Hit object,Single Vehicle,152.8544513,-27.59807914,Ipswich Mwy,,Cunningham Highway (Ipswich Motorway),Riverview,Ipswich City,4303,Goodna,Ipswich,Southern,SEQ South,Metropolitan,Riverview,Ipswich Inner,Ipswich,Major Cities,Bundamba,Blair,State-controlled,No Roadway Feature,No traffic control,100 - 110 km/h,Sealed - Dry,Clear,Daylight,Straight,Level,703,Off Path-Straight: Left Off Cway Hit Obj,Off carriageway on straight hit object,W,0,0,0,0,0,1,0,0,0,0,0,0
4934,Property damage only,2003,February,Friday,3,Overturned,Single Vehicle,153.0971834,-26.45244529,Mahogany Dr,Redwood Ave,,Marcus Beach,Noosa Shire,4573,Coolum,Sunshine Coast,Central,SEQ North,North Coast and Wide Bay/Burnett,Peregian Beach - Marcus Beach,Noosa,Sunshine Coast,Major Cities,Noosa,Wide Bay,Locally-controlled,Intersection - T-Junction,No traffic control,0 - 50 km/h,Sealed - Dry,Clear,Darkness - Lighted,Straight,Level,706,Off Path-Straight: Left Turn,Off carriageway on straight,S,0,0,0,0,0,1,0,0,0,0,0,0
4935,Property damage only,2003,February,Friday,14,Angle,Multi-Vehicle,152.6960239,-25.54072093,Albert St,John St,,Maryborough,Fraser Coast Region,4650,Maryborough,Wide Bay Burnett,Central,Southern,North Coast and Wide Bay/Burnett,Maryborough (qld),Maryborough,Wide Bay,Inner Regional,Maryborough,Wide Bay,Locally-controlled,Intersection - Cross,Give way sign,60 km/h,Sealed - Dry,Clear,Daylight,Straight,Level,101,Veh'S Adjacent Approach: Thru-Thru,Intersection from adjacent approaches,E,0,0,0,0,0,2,0,0,0,0,0,0
4936,Medical treatment,2003,February,Saturday,12,Hit pedestrian,Hit pedestrian,152.9786527,-27.26955067,Redcliffe Rd,Whites Rd,Redcliffe Road,Petrie,Moreton Bay Region,4502,Petrie,North Brisbane,Brisbane,SEQ North,North Coast and Wide Bay/Burnett,Petrie,Strathpine,Moreton Bay - South,Major Cities,Kurwongbah,Dickson,State-controlled,Intersection - T-Junction,Pedestrian crossing sign,60 km/h,Sealed - Dry,Clear,Daylight,Straight,Level,2,Ped'N: Hit Emerging Behind Vehicle,Pedestrian,N,0,0,1,0,1,1,0,0,0,0,1,0
4937,Property damage only,2003,February,Saturday,16,Angle,Multi-Vehicle,152.7312873,-27.62351553,Toongarra Rd,,,Leichhardt,Ipswich City,4305,Ipswich,Ipswich,Southern,SEQ South,Metropolitan,Leichhardt - One Mile,Ipswich Inner,Ipswich,Major Cities,Ipswich West,Blair,Locally-controlled,No Roadway Feature,No traffic control,60 km/h,Sealed - Dry,Clear,Daylight,Straight,Level,400,Veh'S Manoeuvring: Other,Other,,0,0,0,0,0,2,0,0,0,0,0,0
4938,Medical treatment,2003,February,Saturday,13,Rear-end,Multi-Vehicle,152.9822814,-26.40361274,Cooroy - Noosa Rd,,Cooroy - Noosa Road,Tinbeerwah,Noosa Shire,4563,Noosa Heads,Sunshine Coast,Central,SEQ North,North Coast and Wide Bay/Burnett,Noosa Hinterland,Noosa Hinterland,Sunshine Coast,Inner Regional,Noosa,Wide Bay,State-controlled,No Roadway Feature,No traffic control,100 - 110 km/h,Sealed - Dry,Clear,Daylight,Straight,Level,303,Veh'S Same Direction: Right Rear,Rear-end,E,0,0,1,1,2,3,0,0,0,0,0,0
4939,Hospitalisation,2003,February,Saturday,17,Angle,Multi-Vehicle,147.4056852,-19.57357281,Bruce Hwy,Graham St,Bruce Highway (Ayr - Townsville),Ayr,Burdekin Shire,4807,Ayr,Townsville,Northern,Northern,North Queensland,Ayr,Charters Towers - Ayr - Ingham,Townsville,Outer Regional,Burdekin,Dawson,State-controlled,Intersection - Cross,No traffic control,60 km/h,Sealed - Wet,Clear,Daylight,Straight,Level,202,Veh'S Opposite Approach: Thru-Right,Opposing vehicles turning,S,0,1,0,0,1,2,0,0,0,0,0,0
4940,Hospitalisation,2003,February,Sunday,9,Hit object,Single Vehicle,153.0241671,-27.59243653,Marnham St,,,Acacia Ridge,Brisbane City,4110,Acacia Ridge,South Brisbane,Brisbane,SEQ South,Metropolitan,Rocklea - Acacia Ridge,Rocklea - Acacia Ridge,Brisbane - South,Major Cities,Algester,Moreton,Locally-controlled,No Roadway Feature,No traffic control,0 - 50 km/h,Sealed - Dry,Clear,Daylight,Straight,Grade,700,Off Path-Straight: Other,Other,S,0,1,0,0,1,1,0,0,0,0,0,0
4941,Hospitalisation,2003,February,Sunday,17,Angle,Multi-Vehicle,152.9716949,-27.60678347,Lorikeet St,Partridge St,,Inala,Brisbane City,4077,Inala,South Brisbane,Brisbane,SEQ South,Metropolitan,Inala - Richlands,Forest Lake - Oxley,Ipswich,Major Cities,Inala,Oxley,Locally-controlled,Intersection - T-Junction,No traffic control,60 km/h,Sealed - Dry,Clear,Daylight,Straight,Level,506,Veh'S Overtaking: Overtake-Right Turn,Overtaking same direction,N,0,1,0,0,1,1,1,0,0,0,0,0
4942,Property damage only,2003,February,Sunday,11,Rear-end,Multi-Vehicle,153.0147221,-27.2447026,Bruce Hwy,,Bruce Highway (Brisbane - Gympie),Kallangur,Moreton Bay Region,4509,Mango Hill North Lakes,North Brisbane,Brisbane,SEQ North,North Coast and Wide Bay/Burnett,Dakabin - Kallangur,North Lakes,Moreton Bay - South,Major Cities,Murrumba,Longman,State-controlled,No Roadway Feature,No traffic control,100 - 110 km/h,Sealed - Dry,Clear,Daylight,Straight,Level,301,Veh'S Same Direction: Rear End,Rear-end,N,0,0,0,0,0,3,0,0,0,0,0,0
4943,Hospitalisation,2003,February,Sunday,7,Hit pedestrian,Hit pedestrian,153.0289121,-26.61649204,Nambour - Bli Bli Rd,,Nambour - Bli Bli Road,Bli Bli,Sunshine Coast Region,4560,Nambour,Sunshine Coast,Central,SEQ North,North Coast and Wide Bay/Burnett,Bli Bli,Nambour,Sunshine Coast,Major Cities,Ninderry,Fairfax,State-controlled,No Roadway Feature,No traffic control,80 - 90 km/h,Sealed - Dry,Clear,Daylight,Curved - view open,Level,1,Ped'N: Near Side Vehicle Hit From Right,Pedestrian,W,0,1,0,0,1,1,0,0,0,0,1,0
4944,Property damage only,2003,February,Sunday,13,Rear-end,Multi-Vehicle,153.4293073,-28.0175958,Gold Coast Hwy,Monaco St,,Surfers Paradise,Gold Coast City,4217,Surfers Paradise,Gold Coast,South Eastern,SEQ South,South Coast,Surfers Paradise,Surfers Paradise,Gold Coast,Major Cities,Surfers Paradise,Moncrieff,Locally-controlled,Intersection - T-Junction,Operating traffic lights,70 km/h,Sealed - Wet,Raining,Daylight,Straight,Level,301,Veh'S Same Direction: Rear End,Rear-end,S,0,0,0,0,0,2,0,0,0,0,0,0
4945,Medical treatment,2003,February,Sunday,14,Angle,Multi-Vehicle,152.7567203,-27.6551256,Ash St,Bladon St,,Yamanto,Ipswich City,4305,Yamanto,Ipswich,Southern,SEQ South,Metropolitan,Churchill - Yamanto,Ipswich Inner,Ipswich,Major Cities,Ipswich West,Blair,Locally-controlled,Intersection - T-Junction,No traffic control,60 km/h,Sealed - Dry,Clear,Daylight,Straight,Grade,308,Veh'S Same Direction: Right Turn S/Swipe,Parallel lanes turning,W,0,0,1,0,1,2,0,0,0,0,0,0
4946,Medical treatment,2003,February,Sunday,19,Overturned,Single Vehicle,152.7435661,-26.35902724,Bruce Hwy,,Cooroy - Gympie Road,Coles Creek,Gympie Region,4570,Imbil,Wide Bay Burnett,Central,Southern,North Coast and Wide Bay/Burnett,Gympie Region,Gympie - Cooloola,Wide Bay,Inner Regional,Gympie,Wide Bay,State-controlled,No Roadway Feature,No traffic control,100 - 110 km/h,Sealed - Dry,Clear,Darkness - Not lighted,Straight,Level,703,Off Path-Straight: Left Off Cway Hit Obj,Off carriageway on straight hit object,N,0,0,2,0,2,1,0,0,0,0,0,0
4947,Medical treatment,2003,February,Monday,15,Rear-end,Multi-Vehicle,153.061756,-27.49317503,Old Cleveland Rd,,,Coorparoo,Brisbane City,4151,Coorparoo,South Brisbane,Brisbane,SEQ South,Metropolitan,Coorparoo,Holland Park - Yeronga,Brisbane - South,Major Cities,Greenslopes,Griffith,Locally-controlled,No Roadway Feature,No traffic control,60 km/h,Sealed - Dry,Clear,Daylight,Straight,Level,301,Veh'S Same Direction: Rear End,Rear-end,W,0,0,1,0,1,2,0,0,0,0,0,0
4948,Minor injury,2003,February,Monday,15,Rear-end,Multi-Vehicle,153.0547335,-27.43300252,Massey St,,,Ascot,Brisbane City,4007,Hendra,North Brisbane,Brisbane,SEQ North,Metropolitan,Ascot,Brisbane Inner - North,Brisbane Inner City,Major Cities,Clayfield,Brisbane,Locally-controlled,No Roadway Feature,No traffic control,0 - 50 km/h,Sealed - Dry,Clear,Daylight,Straight,Level,403,Veh'S Manoeuvring: Parking Veh'S Only,Other,E,0,0,0,1,1,2,0,0,0,0,0,0
4949,Property damage only,2003,February,Monday,15,Angle,Multi-Vehicle,153.1000245,-26.66022561,Maroochydore - Mooloolaba Rd,Wrigley St,Maroochydore - Mooloolaba Road,Maroochydore,Sunshine Coast Region,4558,Maroochydore,Sunshine Coast,Central,SEQ North,North Coast and Wide Bay/Burnett,Maroochydore - Kuluin,Maroochy,Sunshine Coast,Major Cities,Maroochydore,Fairfax,State-controlled,Intersection - T-Junction,Give way sign,60 km/h,Sealed - Dry,Clear,Daylight,Straight,Level,107,Veh'S Adjacent Approach: Thru-Left,Intersection from adjacent approaches,W,0,0,0,0,0,2,0,0,0,0,0,0
4950,Medical treatment,2003,February,Monday,8,Angle,Multi-Vehicle,151.2498133,-23.85803872,Breslin St,Charles St,,West Gladstone,Gladstone Region,4680,Gladstone,Capricornia,Central,Central,Central Queensland,West Gladstone,Gladstone,Central Queensland,Inner Regional,Gladstone,Flynn,Locally-controlled,Intersection - T-Junction,Give way sign,60 km/h,Sealed - Dry,Clear,Daylight,Straight,Level,104,Veh'S Adjacent Approach: Thru-Right,Intersection from adjacent approaches,W,0,0,3,0,3,2,0,0,0,0,0,0
4951,Property damage only,2003,February,Monday,19,Overturned,Single Vehicle,149.1888646,-21.31284946,Bruce Hwy,,Bruce Highway (St. Lawrence - Mackay),Balberra,Mackay Region,4740,Sarina,Mackay,Central,Central,Central Queensland,Walkerston - Eton,Mackay,Mackay - Isaac - Whitsunday,Outer Regional,Mirani,Capricornia,State-controlled,No Roadway Feature,No traffic control,100 - 110 km/h,Sealed - Wet,Raining,Darkness - Not lighted,Curved - view open,Level,805,Off Path-Curve: Out Of Control On Cway,Out of control on curve,S,0,0,0,0,0,1,0,0,0,0,0,0
4952,Property damage only,2003,February,Monday,6,Head-on,Multi-Vehicle,149.0494894,-21.13977658,Balnagowan - Mandarana Rd,,,Pleystowe,Mackay Region,4741,Walkerston,Mackay,Central,Central,Central Queensland,Walkerston - Eton,Mackay,Mackay - Isaac - Whitsunday,Outer Regional,Mirani,Capricornia,Locally-controlled,Bridge/Causeway,Give way sign,100 - 110 km/h,Sealed - Wet,Raining,Daylight,Straight,Level,201,Veh'S Opposite Approach: Head On,Head-on,N,0,0,0,0,0,2,0,0,0,0,0,0
4953,Hospitalisation,2003,February,Tuesday,18,Angle,Multi-Vehicle,153.0658712,-27.52307462,Logan Rd,Sterculia Ave,,Holland Park West,Brisbane City,4121,Holland Park,South Brisbane,Brisbane,SEQ South,Metropolitan,Holland Park West,Holland Park - Yeronga,Brisbane - South,Major Cities,Greenslopes,Bonner,Locally-controlled,Intersection - T-Junction,Stop sign,60 km/h,Sealed - Wet,Raining,Darkness - Lighted,Straight,Level,104,Veh'S Adjacent Approach: Thru-Right,Intersection from adjacent approaches,N,0,1,0,0,1,2,0,0,0,0,0,0
4954,Medical treatment,2003,February,Tuesday,13,Angle,Multi-Vehicle,153.1000298,-26.66021934,Maroochydore - Mooloolaba Rd,Wrigley St,Maroochydore - Mooloolaba Road,Maroochydore,Sunshine Coast Region,4558,Maroochydore,Sunshine Coast,Central,SEQ North,North Coast and Wide Bay/Burnett,Maroochydore - Kuluin,Maroochy,Sunshine Coast,Major Cities,Maroochydore,Fairfax,State-controlled,Intersection - T-Junction,Give way sign,60 km/h,Sealed - Dry,Clear,Daylight,Straight,Level,104,Veh'S Adjacent Approach: Thru-Right,Intersection from adjacent approaches,W,0,0,1,0,1,2,0,0,0,0,0,0
4955,Hospitalisation,2003,February,Wednesday,20,Hit object,Single Vehicle,153.0467827,-27.49873166,Montague St,Old Cleveland Rd,,Stones Corner,Brisbane City,4120,Coorparoo,South Brisbane,Brisbane,SEQ South,Metropolitan,Greenslopes,Holland Park - Yeronga,Brisbane - South,Major Cities,Greenslopes,Griffith,Locally-controlled,Intersection - Cross,Operating traffic lights,60 km/h,Sealed - Dry,Clear,Darkness - Lighted,Straight,Level,708,Off Path-Straight: Mounts Traffic Island,Off carriageway on straight hit object,E,0,1,0,0,1,1,0,0,0,0,0,0