Crash_Ref_Number,Crash_Severity,Crash_Year,Crash_Month,Crash_Day_Of_Week,Crash_Hour,Crash_Nature,Crash_Type,Crash_Longitude_GDA94,Crash_Latitude_GDA94,Crash_Street,Crash_Street_Intersecting,State_Road_Name,Loc_Suburb,Loc_Local_Government_Area,Loc_Post_Code,Loc_Police_Division,Loc_Police_District,Loc_Police_Region,Loc_Queensland_Transport_Region,Loc_Main_Roads_Region,Loc_ABS_Statistical_Area_2,Loc_ABS_Statistical_Area_3,Loc_ABS_Statistical_Area_4,Loc_ABS_Remoteness,Loc_State_Electorate,Loc_Federal_Electorate,Crash_Controlling_Authority,Crash_Roadway_Feature,Crash_Traffic_Control,Crash_Speed_Limit,Crash_Road_Surface_Condition,Crash_Atmospheric_Condition,Crash_Lighting_Condition,Crash_Road_Horiz_Align,Crash_Road_Vert_Align,Crash_DCA_Code,Crash_DCA_Description,Crash_DCA_Group_Description,DCA_Key_Approach_Dir,Count_Casualty_Fatality,Count_Casualty_Hospitalised,Count_Casualty_MedicallyTreated,Count_Casualty_MinorInjury,Count_Casualty_Total,Count_Unit_Car,Count_Unit_Motorcycle_Moped,Count_Unit_Truck,Count_Unit_Bus,Count_Unit_Bicycle,Count_Unit_Pedestrian,Count_Unit_Other
4956,Hospitalisation,2003,February,Wednesday,11,Angle,Multi-Vehicle,153.0911453,-27.22734243,Norcott St,Redcliffe Rd,Redcliffe Road,Kippa-ring,Moreton Bay Region,4021,Redcliffe,Moreton,Southern,SEQ North,North Coast and Wide Bay/Burnett,Rothwell - Kippa-ring,Redcliffe,Moreton Bay - North,Major Cities,Redcliffe,Petrie,State-controlled,Intersection - T-Junction,No traffic control,60 km/h,Sealed - Dry,Clear,Daylight,Straight,Level,202,Veh'S Opposite Approach: Thru-Right,Opposing vehicles turning,W,0,1,0,0,1,2,0,0,0,0,0,0
4957,Medical treatment,2003,February,Wednesday,17,Angle,Multi-Vehicle,153.2303921,-27.52809702,Heffernan Rd,O'Gorman St,,Alexandra Hills,Redland City,4161,Capalaba,South Brisbane,Brisbane,SEQ South,Metropolitan,Alexandra Hills,Capalaba,Brisbane - East,Major Cities,Capalaba,Bowman,Locally-controlled,Intersection - T-Junction,No traffic control,0 - 50 km/h,Sealed - Dry,Clear,Daylight,Curved - view obscured,Level,104,Veh'S Adjacent Approach: Thru-Right,Intersection from adjacent approaches,W,0,0,1,0,1,2,0,0,0,0,0,0
4958,Medical treatment,2003,February,Wednesday,17,Rear-end,Multi-Vehicle,152.8757906,-27.60047703,Ipswich Mwy,,Cunningham Highway (Ipswich Motorway),Redbank,Ipswich City,4301,Goodna,Ipswich,Southern,SEQ South,Metropolitan,Collingwood Park - Redbank,Springfield - Redbank,Ipswich,Major Cities,Bundamba,Oxley,State-controlled,No Roadway Feature,No traffic control,100 - 110 km/h,Sealed - Dry,Clear,Daylight,Straight,Level,301,Veh'S Same Direction: Rear End,Rear-end,W,0,0,1,0,1,1,0,1,0,0,0,0
4959,Property damage only,2003,February,Thursday,15,Angle,Multi-Vehicle,153.2558784,-27.52398396,Capalaba - Cleveland Rd,Wellington St,Capalaba - Cleveland Road,Ormiston,Redland City,4160,Cleveland,South Brisbane,Brisbane,SEQ South,Metropolitan,Ormiston,Cleveland - Stradbroke,Brisbane - East,Major Cities,Oodgeroo,Bowman,State-controlled,Intersection - Roundabout,Give way sign,60 km/h,Sealed - Dry,Clear,Daylight,Straight,Grade,202,Veh'S Opposite Approach: Thru-Right,Opposing vehicles turning,N,0,0,0,0,0,2,0,0,0,0,0,0
4960,Hospitalisation,2003,February,Thursday,14,Hit object,Single Vehicle,153.0184751,-27.26164171,Bruce Hwy,,Bruce Highway (Brisbane - Gympie),Murrumba Downs,Moreton Bay Region,4503,Mango Hill North Lakes,North Brisbane,Brisbane,SEQ North,North Coast and Wide Bay/Burnett,Murrumba Downs - Griffin,North Lakes,Moreton Bay - South,Major Cities,Murrumba,Petrie,State-controlled,No Roadway Feature,No traffic control,100 - 110 km/h,Sealed - Dry,Clear,Daylight,Straight,Level,900,Pass & Misc: Other,Other,S,0,1,0,0,1,3,0,0,0,0,0,0
4961,Medical treatment,2003,February,Thursday,14,Rear-end,Multi-Vehicle,152.9772068,-27.41161297,Osborne Rd,,,Mitchelton,Brisbane City,4053,Ferny Grove,North Brisbane,Brisbane,SEQ North,Metropolitan,Mitchelton,The Gap - Enoggera,Brisbane - West,Major Cities,Everton,Ryan,Locally-controlled,No Roadway Feature,Pedestrian operated lights,60 km/h,Sealed - Dry,Clear,Daylight,Straight,Level,301,Veh'S Same Direction: Rear End,Rear-end,N,0,0,1,0,1,2,0,0,0,0,0,0
4962,Property damage only,2003,February,Thursday,12,Angle,Multi-Vehicle,153.0981482,-26.65607709,Memorial Ave,Third Ave,,Maroochydore,Sunshine Coast Region,4558,Maroochydore,Sunshine Coast,Central,SEQ North,North Coast and Wide Bay/Burnett,Maroochydore - Kuluin,Maroochy,Sunshine Coast,Major Cities,Maroochydore,Fairfax,Locally-controlled,Intersection - Cross,Stop sign,60 km/h,Sealed - Dry,Clear,Daylight,Straight,Level,202,Veh'S Opposite Approach: Thru-Right,Opposing vehicles turning,E,0,0,0,0,0,2,0,0,0,0,0,0
4963,Property damage only,2003,February,Thursday,9,Hit object,Single Vehicle,152.3686015,-27.18984657,Esk - Crows Nest Rd,,,Biarra,Somerset Region,4313,Esk,Ipswich,Southern,SEQ North,North Coast and Wide Bay/Burnett,Esk,Ipswich Hinterland,Ipswich,Inner Regional,Nanango,Blair,Locally-controlled,No Roadway Feature,No traffic control,100 - 110 km/h,Sealed - Dry,Clear,Daylight,Curved - view open,Grade,803,Off Path-Curve: Off Cway Rt Bend Hit Obj,Off carriageway on curve hit object,N,0,0,0,0,0,1,0,0,0,0,0,0
4964,Property damage only,2003,February,Thursday,15,Angle,Multi-Vehicle,152.2134119,-27.63383974,Mount Sylvia Rd,Tenthill Creek Rd,Mount Sylvia Road,Upper Tenthill,Lockyer Valley Region,4343,Gatton,Darling Downs,Southern,SEQ South,Downs South West,Lockyer Valley - West,Toowoomba,Toowoomba,Inner Regional,Lockyer,Wright,State-controlled,Intersection - T-Junction,No traffic control,60 km/h,Sealed - Dry,Clear,Daylight,Curved - view open,Grade,105,Veh'S Adjacent Approach: Right-Right,Intersection from adjacent approaches,W,0,0,0,0,0,2,0,0,0,0,0,0
4965,Property damage only,2003,February,Thursday,9,Hit object,Single Vehicle,152.3235734,-24.88477505,Enterprise St,Isis Hwy,Isis Highway (Bundaberg - Childers),Millbank,Bundaberg Region,4670,Bundaberg,Wide Bay Burnett,Central,Southern,North Coast and Wide Bay/Burnett,Millbank - Avoca,Bundaberg,Wide Bay,Inner Regional,Bundaberg,Hinkler,State-controlled,Intersection - T-Junction,Operating traffic lights,70 km/h,Sealed - Dry,Clear,Daylight,Straight,Level,708,Off Path-Straight: Mounts Traffic Island,Off carriageway on straight hit object,W,0,0,0,0,0,1,0,0,0,0,0,0
4966,Property damage only,2003,February,Thursday,0,Hit object,Single Vehicle,151.9529446,-27.56336121,Little St,Ruthven St,,Toowoomba City,Toowoomba Region,4350,Toowoomba,Darling Downs,Southern,Southern,Downs South West,Toowoomba - Central,Toowoomba,Toowoomba,Inner Regional,Toowoomba North,Groom,Locally-controlled,Intersection - T-Junction,No traffic control,60 km/h,Sealed - Dry,Clear,Darkness - Lighted,Straight,Level,405,Veh'S Manoeuvring: Rev Into Fixed Object,Other,N,0,0,0,0,0,1,0,0,0,0,0,0
4967,Hospitalisation,2003,February,Friday,8,Angle,Multi-Vehicle,153.0826552,-27.55940296,Palmdale La,Redland Sub-Arterial Rd,Redland Sub-Arterial Road,Upper Mount Gravatt,Brisbane City,4122,Upper Mount Gravatt,South Brisbane,Brisbane,SEQ South,Metropolitan,Upper Mount Gravatt,Mt Gravatt,Brisbane - South,Major Cities,Mansfield,Bonner,State-controlled,Intersection - Cross,No traffic control,60 km/h,Sealed - Dry,Clear,Daylight,Straight,Grade,202,Veh'S Opposite Approach: Thru-Right,Opposing vehicles turning,E,0,1,0,0,1,1,1,0,0,0,0,0
4968,Minor injury,2003,February,Friday,9,Angle,Multi-Vehicle,153.1104892,-27.22570016,Downs St,Oxley Ave,Brighton - Redcliffe Road,Redcliffe,Moreton Bay Region,4020,Redcliffe,Moreton,Southern,SEQ North,North Coast and Wide Bay/Burnett,Redcliffe,Redcliffe,Moreton Bay - North,Major Cities,Redcliffe,Petrie,State-controlled,Intersection - T-Junction,Give way sign,60 km/h,Sealed - Dry,Clear,Daylight,Straight,Level,104,Veh'S Adjacent Approach: Thru-Right,Intersection from adjacent approaches,S,0,0,0,1,1,2,0,0,0,0,0,0
4969,Property damage only,2003,February,Friday,16,Rear-end,Multi-Vehicle,153.1096621,-27.64123026,Springwood Connection Rd,,Springwood Connection Road,Logan Central,Logan City,4114,Logan Central,Logan,South Eastern,SEQ South,South Coast,Logan Central,Springwood - Kingston,Logan - Beaudesert,Major Cities,Woodridge,Rankin,State-controlled,No Roadway Feature,No traffic control,60 km/h,Sealed - Dry,Clear,Daylight,Straight,Level,301,Veh'S Same Direction: Rear End,Rear-end,W,0,0,0,0,0,3,0,0,0,0,0,0
4970,Minor injury,2003,February,Friday,18,Angle,Multi-Vehicle,153.0465352,-27.42483736,Bonney Ave,,,Clayfield,Brisbane City,4011,Hendra,North Brisbane,Brisbane,SEQ North,Metropolitan,Clayfield,Brisbane Inner - North,Brisbane Inner City,Major Cities,Clayfield,Brisbane,Locally-controlled,No Roadway Feature,No traffic control,60 km/h,Sealed - Dry,Clear,Dawn/Dusk,Straight,Level,202,Veh'S Opposite Approach: Thru-Right,Opposing vehicles turning,S,0,0,0,2,2,2,0,0,0,0,0,0
4971,Property damage only,2003,February,Friday,8,Angle,Multi-Vehicle,153.0662713,-26.66018824,Maroochydore Rd,Sunshine Mwy Ramp N,Maroochydore Road,Maroochydore,Sunshine Coast Region,4558,Maroochydore,Sunshine Coast,Central,SEQ North,North Coast and Wide Bay/Burnett,Maroochydore - Kuluin,Maroochy,Sunshine Coast,Major Cities,Maroochydore,Fairfax,State-controlled,Intersection - Interchange,Give way sign,60 km/h,Sealed - Dry,Clear,Daylight,Straight,Level,308,Veh'S Same Direction: Right Turn S/Swipe,Parallel lanes turning,E,0,0,0,0,0,2,0,0,0,0,0,0
4972,Medical treatment,2003,February,Friday,11,Angle,Multi-Vehicle,153.4074358,-27.93922676,Gold Coast Hwy,Parker St,Gold Coast Highway (Helensvale - Southport),Labrador,Gold Coast City,4215,Southport,Gold Coast,South Eastern,SEQ South,South Coast,Labrador,Gold Coast - North,Gold Coast,Major Cities,Bonney,Fadden,State-controlled,Intersection - T-Junction,No traffic control,60 km/h,Sealed - Dry,Clear,Daylight,Straight,Level,202,Veh'S Opposite Approach: Thru-Right,Opposing vehicles turning,S,0,0,2,1,3,2,0,0,0,0,0,0
4973,Property damage only,2003,February,Friday,12,Overturned,Single Vehicle,151.0889858,-26.83528037,Jandowae - Macalister Rd,,,Jimbour West,Western Downs Region,4406,Jandowae,South West,Southern,Southern,Downs South West,Wambo,Darling Downs - East,Darling Downs - Maranoa,Outer Regional,Callide,Maranoa,Locally-controlled,No Roadway Feature,No traffic control,100 - 110 km/h,Unsealed - Dry,Clear,Daylight,Straight,Level,705,Off Path-Straight:Out Of Control On Cway,Out of control on straight,S,0,0,0,0,0,1,0,0,0,0,0,0
4974,Property damage only,2003,February,Friday,12,Rear-end,Multi-Vehicle,150.5310305,-23.34438337,Kerrigan St,,,Frenchville,Rockhampton Region,4701,North Rockhampton,Capricornia,Central,Central,Central Queensland,Frenchville - Mount Archer,Rockhampton,Central Queensland,Inner Regional,Rockhampton,Capricornia,Locally-controlled,No Roadway Feature,No traffic control,60 km/h,Sealed - Dry,Clear,Daylight,Straight,Level,303,Veh'S Same Direction: Right Rear,Rear-end,E,0,0,0,0,0,2,0,0,0,0,0,0
4975,Property damage only,2003,February,Friday,17,Overturned,Single Vehicle,150.4162124,-23.5733537,Poison Ck Rd,,,Bouldercombe,Rockhampton Region,4702,Gracemere,Capricornia,Central,Central,Central Queensland,Bouldercombe,Rockhampton,Central Queensland,Inner Regional,Mirani,Flynn,Locally-controlled,No Roadway Feature,No traffic control,100 - 110 km/h,Unsealed - Dry,Clear,Daylight,Straight,Grade,705,Off Path-Straight:Out Of Control On Cway,Out of control on straight,W,0,0,0,0,0,1,0,0,0,0,0,0
4976,Property damage only,2003,February,Saturday,1,Angle,Multi-Vehicle,153.0391128,-27.50161837,Cornwall St,Duke St,South-East Arterial Road (Pacific Motorway),Woolloongabba,Brisbane City,4102,Dutton Park,South Brisbane,Brisbane,SEQ South,Metropolitan,Woolloongabba,Holland Park - Yeronga,Brisbane - South,Major Cities,South Brisbane,Griffith,State-controlled,Intersection - Interchange,No traffic control,60 km/h,Sealed - Dry,Clear,Darkness - Not lighted,Straight,Grade,101,Veh'S Adjacent Approach: Thru-Thru,Intersection from adjacent approaches,N,0,0,0,0,0,2,0,0,0,0,0,0
4977,Medical treatment,2003,February,Saturday,14,Rear-end,Multi-Vehicle,153.0102394,-27.18721407,Deception Bay Rd,Warroo Dr,Deception Bay Road,Deception Bay,Moreton Bay Region,4508,Deception Bay,Moreton,Southern,SEQ North,North Coast and Wide Bay/Burnett,Deception Bay,Narangba - Burpengary,Moreton Bay - North,Major Cities,Bancroft,Petrie,State-controlled,Intersection - T-Junction,No traffic control,80 - 90 km/h,Sealed - Dry,Clear,Daylight,Straight,Dip,303,Veh'S Same Direction: Right Rear,Rear-end,W,0,0,2,0,2,2,0,0,0,0,0,0
4978,Property damage only,2003,February,Saturday,14,Angle,Multi-Vehicle,153.4294202,-27.99415609,Gold Coast Hwy,Pandanus Ave,,Surfers Paradise,Gold Coast City,4217,Surfers Paradise,Gold Coast,South Eastern,SEQ South,South Coast,Surfers Paradise,Surfers Paradise,Gold Coast,Major Cities,Surfers Paradise,Moncrieff,Locally-controlled,Intersection - T-Junction,Give way sign,0 - 50 km/h,Sealed - Dry,Clear,Daylight,Straight,Level,103,Veh'S Adjacent Approach: Left-Thru,Intersection from adjacent approaches,E,0,0,0,0,0,2,0,0,0,0,0,0
4979,Fatal,2003,February,Saturday,9,Angle,Multi-Vehicle,152.7771725,-26.90516922,Kilcoy - Beerwah Rd,Wright Rd,Kilcoy - Beerwah Road,Stanmore,Moreton Bay Region,4514,Woodford,Moreton,Southern,SEQ North,North Coast and Wide Bay/Burnett,Woodford - Daguilar,Caboolture Hinterland,Moreton Bay - North,Inner Regional,Glass House,Longman,State-controlled,Intersection - T-Junction,No traffic control,100 - 110 km/h,Sealed - Dry,Clear,Daylight,Straight,Grade,104,Veh'S Adjacent Approach: Thru-Right,Intersection from adjacent approaches,N,2,3,0,0,5,1,2,0,0,0,0,0
4980,Property damage only,2003,February,Sunday,19,Hit object,Single Vehicle,152.7723998,-27.59750753,Blackall St,Bremer Pde,,Basin Pocket,Ipswich City,4305,Ipswich,Ipswich,Southern,SEQ South,Metropolitan,Ipswich - East,Ipswich Inner,Ipswich,Major Cities,Ipswich,Blair,Locally-controlled,Intersection - T-Junction,No traffic control,0 - 50 km/h,Sealed - Dry,Clear,Darkness - Lighted,Straight,Level,700,Off Path-Straight: Other,Other,W,0,0,0,0,0,1,0,0,0,0,0,0
4981,Minor injury,2003,February,Sunday,20,Hit animal,Other,152.3444745,-27.26709807,Esk - Hampton Rd,,Esk - Hampton Road,Redbank Creek,Somerset Region,4312,Esk,Ipswich,Southern,SEQ North,North Coast and Wide Bay/Burnett,Esk,Ipswich Hinterland,Ipswich,Inner Regional,Nanango,Blair,State-controlled,No Roadway Feature,No traffic control,100 - 110 km/h,Sealed - Dry,Clear,Darkness - Not lighted,Straight,Level,609,Pass & Misc: Hit Animal,Hit animal,E,0,0,0,2,2,1,0,0,0,0,0,1
4982,Property damage only,2003,February,Sunday,14,Rear-end,Multi-Vehicle,151.2510144,-23.88054119,Kin Kora Dr,Sunvalley Rd,,Kin Kora,Gladstone Region,4680,Gladstone,Capricornia,Central,Central,Central Queensland,Kin Kora - Sun Valley,Gladstone,Central Queensland,Inner Regional,Gladstone,Flynn,Locally-controlled,Intersection - T-Junction,No traffic control,60 km/h,Sealed - Dry,Clear,Daylight,Straight,Level,303,Veh'S Same Direction: Right Rear,Rear-end,W,0,0,0,0,0,2,0,0,0,0,0,0
4983,Medical treatment,2003,February,Monday,13,Rear-end,Multi-Vehicle,153.0411737,-27.50183502,Junction St,,,Woolloongabba,Brisbane City,4102,Coorparoo,South Brisbane,Brisbane,SEQ South,Metropolitan,Greenslopes,Holland Park - Yeronga,Brisbane - South,Major Cities,Greenslopes,Griffith,Locally-controlled,No Roadway Feature,No traffic control,60 km/h,Sealed - Dry,Clear,Daylight,Straight,Level,301,Veh'S Same Direction: Rear End,Rear-end,S,0,0,1,0,1,2,0,0,0,0,0,0
4984,Minor injury,2003,February,Monday,17,Angle,Multi-Vehicle,153.0356403,-27.45539031,Constance St,Wickham St,,Fortitude Valley,Brisbane City,4006,Fortitude Valley,North Brisbane,Brisbane,SEQ North,Metropolitan,Fortitude Valley,Brisbane Inner,Brisbane Inner City,Major Cities,Mcconnel,Brisbane,Locally-controlled,Intersection - Cross,Operating traffic lights,60 km/h,Sealed - Dry,Clear,Daylight,Straight,Level,101,Veh'S Adjacent Approach: Thru-Thru,Intersection from adjacent approaches,N,0,0,0,2,2,2,0,0,0,0,0,0
4985,Medical treatment,2003,February,Monday,9,Angle,Multi-Vehicle,153.1163683,-26.80013295,Caloundra Rd,Nicklin Wy,Caloundra Road,Caloundra West,Sunshine Coast Region,4551,Caloundra,Sunshine Coast,Central,SEQ North,North Coast and Wide Bay/Burnett,Caloundra - West,Caloundra,Sunshine Coast,Major Cities,Kawana,Fisher,State-controlled,Intersection - Roundabout,Give way sign,70 km/h,Sealed - Dry,Clear,Daylight,Straight,Level,202,Veh'S Opposite Approach: Thru-Right,Opposing vehicles turning,W,0,0,1,0,1,1,1,0,0,0,0,0
4986,Medical treatment,2003,February,Monday,18,Rear-end,Multi-Vehicle,153.092271,-26.53186704,Maroochydore - Noosa Rd,Yandina - Coolum Rd,Maroochydore - Noosa Road,Coolum Beach,Sunshine Coast Region,4573,Coolum,Sunshine Coast,Central,SEQ North,North Coast and Wide Bay/Burnett,Coolum Beach,Maroochy,Sunshine Coast,Major Cities,Ninderry,Fairfax,State-controlled,Intersection - T-Junction,Operating traffic lights,60 km/h,Sealed - Dry,Clear,Daylight,Straight,Level,301,Veh'S Same Direction: Rear End,Rear-end,N,0,0,1,0,1,2,0,0,0,0,0,0
4987,Property damage only,2003,February,Monday,0,Overturned,Single Vehicle,153.0926805,-26.38725475,Hastings St,Park Rd,,Noosa Heads,Noosa Shire,4567,Noosa Heads,Sunshine Coast,Central,SEQ North,North Coast and Wide Bay/Burnett,Noosa Heads,Noosa,Sunshine Coast,Major Cities,Noosa,Wide Bay,Locally-controlled,Intersection - Roundabout,Give way sign,0 - 50 km/h,Sealed - Dry,Clear,Darkness - Lighted,Straight,Level,707,Off Path-Straight: Right Turn,Off carriageway on straight,W,0,0,0,0,0,1,0,0,0,0,0,0
4988,Medical treatment,2003,February,Monday,11,Rear-end,Multi-Vehicle,152.959183,-26.90423041,Glasshouse Mountains Rd,,Glasshouse Mountains Road,Glass House Mountains,Sunshine Coast Region,4518,Beerwah,Sunshine Coast,Central,SEQ North,North Coast and Wide Bay/Burnett,Glass House Mountains,Sunshine Coast Hinterland,Sunshine Coast,Inner Regional,Glass House,Fisher,State-controlled,No Roadway Feature,No traffic control,100 - 110 km/h,Sealed - Dry,Clear,Daylight,Straight,Level,301,Veh'S Same Direction: Rear End,Rear-end,N,0,0,2,0,2,2,0,0,0,0,0,0
4989,Medical treatment,2003,February,Monday,13,Hit object,Single Vehicle,152.7227136,-25.45464307,Churchill Mine Rd,,,Walliebum,Fraser Coast Region,4655,Hervey Bay,Wide Bay Burnett,Central,Southern,North Coast and Wide Bay/Burnett,Burrum - Fraser,Maryborough,Wide Bay,Inner Regional,Maryborough,Hinkler,Locally-controlled,No Roadway Feature,No traffic control,100 - 110 km/h,Unsealed - Dry,Clear,Daylight,Straight,Level,703,Off Path-Straight: Left Off Cway Hit Obj,Off carriageway on straight hit object,N,0,0,1,0,1,1,0,0,0,0,0,0
4990,Hospitalisation,2003,February,Monday,15,Overturned,Single Vehicle,142.9501934,-26.96813665,Cooper Developmental Rd,,Cooper Dev Road (Quilpie - Bundeena),Eromanga,Quilpie Shire,4480,Eromanga,South West,Southern,Southern,Downs South West,Far South West,Outback - South,Queensland - Outback,Very Remote,Warrego,Maranoa,State-controlled,No Roadway Feature,No traffic control,100 - 110 km/h,Sealed - Dry,Clear,Daylight,Straight,Level,702,Off Path-Straight: Right Off Cway,Off carriageway on straight,S,0,1,0,0,1,1,0,0,0,0,0,0
4991,Medical treatment,2003,February,Tuesday,17,Rear-end,Multi-Vehicle,152.9870701,-27.4671949,Boundary Rd,,Western Arterial Road (Toowong - Everton Park),Bardon,Brisbane City,4065,The Gap,North Brisbane,Brisbane,SEQ North,Metropolitan,Bardon,Brisbane Inner - West,Brisbane Inner City,Major Cities,Maiwar,Ryan,State-controlled,No Roadway Feature,No traffic control,0 - 50 km/h,Sealed - Dry,Clear,Daylight,Curved - view open,Crest,301,Veh'S Same Direction: Rear End,Rear-end,E,0,0,1,0,1,2,0,0,0,0,0,0
4992,Minor injury,2003,February,Tuesday,9,Angle,Multi-Vehicle,153.0689086,-27.47260943,Jack Flynn Memorial Dr,Waminda St,,Morningside,Brisbane City,4170,Morningside,South Brisbane,Brisbane,SEQ South,Metropolitan,Morningside - Seven Hills,Brisbane Inner - East,Brisbane Inner City,Major Cities,Bulimba,Griffith,Locally-controlled,Intersection - T-Junction,No traffic control,60 km/h,Sealed - Dry,Clear,Daylight,Straight,Level,105,Veh'S Adjacent Approach: Right-Right,Intersection from adjacent approaches,,0,0,0,1,1,2,0,0,0,0,0,0
4993,Property damage only,2003,February,Tuesday,17,Rear-end,Multi-Vehicle,153.0347278,-27.49589657,Ipswich Rd,,,Woolloongabba,Brisbane City,4102,Dutton Park,South Brisbane,Brisbane,SEQ South,Metropolitan,Woolloongabba,Holland Park - Yeronga,Brisbane - South,Major Cities,South Brisbane,Griffith,Locally-controlled,No Roadway Feature,No traffic control,60 km/h,Sealed - Dry,Clear,Daylight,Straight,Level,301,Veh'S Same Direction: Rear End,Rear-end,N,0,0,0,0,0,3,0,0,0,0,0,0
4994,Hospitalisation,2003,February,Tuesday,12,Rear-end,Multi-Vehicle,153.4324149,-28.03759306,Gold Coast Hwy,,Gold Coast Highway (Broadbeach - Coolangatta),Mermaid Beach,Gold Coast City,4218,Broadbeach,Gold Coast,South Eastern,SEQ South,South Coast,Mermaid Beach - Broadbeach,Broadbeach - Burleigh,Gold Coast,Major Cities,Mermaid Beach,Moncrieff,State-controlled,No Roadway Feature,No traffic control,60 km/h,Sealed - Dry,Clear,Daylight,Straight,Level,301,Veh'S Same Direction: Rear End,Rear-end,N,0,2,0,0,2,3,0,0,0,0,0,0
4995,Property damage only,2003,February,Tuesday,16,Hit parked vehicle,Single Vehicle,152.9481488,-26.61851259,Image Flat Rd,Nambour - Mapleton Rd,Nambour - Mapleton Road,Nambour,Sunshine Coast Region,4560,Nambour,Sunshine Coast,Central,SEQ North,North Coast and Wide Bay/Burnett,Nambour,Nambour,Sunshine Coast,Major Cities,Nicklin,Fairfax,State-controlled,Intersection - Cross,No traffic control,60 km/h,Sealed - Dry,Clear,Daylight,Straight,Grade,906,Pass & Misc: Parked Car Ran Away,Other,S,0,0,0,0,0,2,0,0,0,0,0,2
4996,Medical treatment,2003,February,Tuesday,15,Hit object,Single Vehicle,153.3375335,-27.95714169,Columbine Way,,,Gaven,Gold Coast City,4211,Nerang,Gold Coast,South Eastern,SEQ South,South Coast,Pacific Pines - Gaven,Nerang,Gold Coast,Major Cities,Gaven,Fadden,Locally-controlled,No Roadway Feature,No traffic control,0 - 50 km/h,Sealed - Wet,Raining,Daylight,Curved - view open,Grade,800,Off Path-Curve: Other,Other,,0,0,3,0,3,2,0,0,0,0,0,0
4997,Medical treatment,2003,February,Tuesday,17,Hit object,Single Vehicle,150.5893159,-26.77780691,Chinchilla - Tara Rd,,Chinchilla - Tara Road,Chinchilla,Western Downs Region,4413,Chinchilla,South West,Southern,Southern,Downs South West,Chinchilla,Darling Downs (west) - Maranoa,Darling Downs - Maranoa,Outer Regional,Callide,Maranoa,State-controlled,No Roadway Feature,No traffic control,80 - 90 km/h,Sealed - Dry,Clear,Dawn/Dusk,Curved - view open,Level,800,Off Path-Curve: Other,Other,S,0,0,1,0,1,1,0,0,0,0,0,0
4998,Minor injury,2003,February,Wednesday,13,Angle,Multi-Vehicle,153.0422629,-27.48553378,Lisburn St,Vulture St,,East Brisbane,Brisbane City,4169,Dutton Park,South Brisbane,Brisbane,SEQ South,Metropolitan,East Brisbane,Brisbane Inner - East,Brisbane Inner City,Major Cities,South Brisbane,Griffith,Locally-controlled,Intersection - T-Junction,No traffic control,60 km/h,Sealed - Dry,Clear,Daylight,Straight,Grade,308,Veh'S Same Direction: Right Turn S/Swipe,Parallel lanes turning,E,0,0,0,1,1,2,0,0,0,0,0,0
4999,Property damage only,2003,February,Wednesday,21,Angle,Multi-Vehicle,153.0125254,-27.34599391,Beams Rd,Gympie Rd,Gympie Arterial Road,Carseldine,Brisbane City,4034,Carseldine,North Brisbane,Brisbane,SEQ North,Metropolitan,Carseldine,Bald Hills - Everton Park,Brisbane - North,Major Cities,Aspley,Petrie,State-controlled,Intersection - Cross,Operating traffic lights,70 km/h,Sealed - Wet,Raining,Darkness - Lighted,Straight,Level,202,Veh'S Opposite Approach: Thru-Right,Opposing vehicles turning,S,0,0,0,0,0,2,0,0,0,0,0,0
5000,Property damage only,2003,February,Wednesday,7,Rear-end,Multi-Vehicle,153.0477729,-27.41025511,Lodge Rd,,,Kalinga,Brisbane City,4030,Hendra,North Brisbane,Brisbane,SEQ North,Metropolitan,Wooloowin - Lutwyche,Brisbane Inner - North,Brisbane Inner City,Major Cities,Clayfield,Brisbane,Locally-controlled,No Roadway Feature,No traffic control,60 km/h,Sealed - Dry,Clear,Daylight,Straight,Level,303,Veh'S Same Direction: Right Rear,Rear-end,E,0,0,0,0,0,2,0,0,0,0,0,0
5001,Minor injury,2003,February,Wednesday,16,Hit object,Single Vehicle,152.3531762,-27.37881098,Gatton - Esk Rd,,Gatton-Esk Road,Buaraba,Somerset Region,4311,Esk,Ipswich,Southern,SEQ North,North Coast and Wide Bay/Burnett,Esk,Ipswich Hinterland,Ipswich,Inner Regional,Nanango,Blair,State-controlled,No Roadway Feature,No traffic control,100 - 110 km/h,Sealed - Wet,Raining,Daylight,Straight,Level,700,Off Path-Straight: Other,Other,S,0,0,0,1,1,1,0,0,0,0,0,0
5002,Hospitalisation,2003,February,Wednesday,17,Angle,Multi-Vehicle,153.4070725,-27.96296495,Smith St Connection Rd,,Smith Street Connection,Southport,Gold Coast City,4215,Southport,Gold Coast,South Eastern,SEQ South,South Coast,Southport - North,Southport,Gold Coast,Major Cities,Bonney,Moncrieff,State-controlled,No Roadway Feature,No traffic control,60 km/h,Sealed - Wet,Clear,Daylight,Straight,Level,406,Veh'S Manoeuvring: Leaving Driveway,Vehicle leaving driveway,S,0,1,0,0,1,1,0,0,0,1,0,0