Crash_Ref_Number,Crash_Severity,Crash_Year,Crash_Month,Crash_Day_Of_Week,Crash_Hour,Crash_Nature,Crash_Type,Crash_Longitude_GDA94,Crash_Latitude_GDA94,Crash_Street,Crash_Street_Intersecting,State_Road_Name,Loc_Suburb,Loc_Local_Government_Area,Loc_Post_Code,Loc_Police_Division,Loc_Police_District,Loc_Police_Region,Loc_Queensland_Transport_Region,Loc_Main_Roads_Region,Loc_ABS_Statistical_Area_2,Loc_ABS_Statistical_Area_3,Loc_ABS_Statistical_Area_4,Loc_ABS_Remoteness,Loc_State_Electorate,Loc_Federal_Electorate,Crash_Controlling_Authority,Crash_Roadway_Feature,Crash_Traffic_Control,Crash_Speed_Limit,Crash_Road_Surface_Condition,Crash_Atmospheric_Condition,Crash_Lighting_Condition,Crash_Road_Horiz_Align,Crash_Road_Vert_Align,Crash_DCA_Code,Crash_DCA_Description,Crash_DCA_Group_Description,DCA_Key_Approach_Dir,Count_Casualty_Fatality,Count_Casualty_Hospitalised,Count_Casualty_MedicallyTreated,Count_Casualty_MinorInjury,Count_Casualty_Total,Count_Unit_Car,Count_Unit_Motorcycle_Moped,Count_Unit_Truck,Count_Unit_Bus,Count_Unit_Bicycle,Count_Unit_Pedestrian,Count_Unit_Other
5099,Medical treatment,2003,March,Monday,7,Overturned,Single Vehicle,151.286692,-23.91696619,Gladstone - Benaraby Rd,,Gladstone - Benaraby Road,South Trees,Gladstone Region,4680,Gladstone,Capricornia,Central,Central,Central Queensland,South Trees,Gladstone,Central Queensland,Inner Regional,Gladstone,Flynn,State-controlled,No Roadway Feature,No traffic control,100 - 110 km/h,Sealed - Dry,Clear,Daylight,Straight,Level,702,Off Path-Straight: Right Off Cway,Off carriageway on straight,N,0,0,1,0,1,1,0,0,0,0,0,0
5100,Property damage only,2003,March,Tuesday,17,Angle,Multi-Vehicle,153.0188658,-27.48196513,Ernest St,Vulture St,,South Brisbane,Brisbane City,4101,West End,South Brisbane,Brisbane,SEQ South,Metropolitan,South Brisbane,Brisbane Inner,Brisbane Inner City,Major Cities,South Brisbane,Griffith,Locally-controlled,Intersection - Cross,Operating traffic lights,60 km/h,Sealed - Dry,Clear,Daylight,Curved - view open,Grade,202,Veh'S Opposite Approach: Thru-Right,Opposing vehicles turning,N,0,0,0,0,0,2,0,0,0,0,0,0
5101,Property damage only,2003,March,Tuesday,6,Rear-end,Multi-Vehicle,153.1793901,-27.79180053,Beaudesert - Beenleigh Rd,,Beaudesert - Beenleigh Road,Wolffdene,Logan City,4207,Beenleigh,Logan,South Eastern,SEQ South,South Coast,Wolffdene - Bahrs Scrub,Beenleigh,Logan - Beaudesert,Major Cities,Logan,Forde,State-controlled,No Roadway Feature,No traffic control,60 km/h,Sealed - Dry,Clear,Daylight,Straight,Level,303,Veh'S Same Direction: Right Rear,Rear-end,N,0,0,0,0,0,2,0,0,0,0,0,0
5102,Medical treatment,2003,March,Tuesday,5,Angle,Multi-Vehicle,152.8325769,-27.59768866,Aberdare St,Ipswich - Cunningham Hwy Connection Rd,Ipswich - Cunningham Hwy Connection Road,Dinmore,Ipswich City,4303,Goodna,Ipswich,Southern,SEQ South,Metropolitan,Bundamba,Ipswich Inner,Ipswich,Major Cities,Bundamba,Blair,State-controlled,Intersection - Cross,Operating traffic lights,70 km/h,Sealed - Dry,Clear,Dawn/Dusk,Curved - view obscured,Level,101,Veh'S Adjacent Approach: Thru-Thru,Intersection from adjacent approaches,W,0,0,1,0,1,2,0,0,0,0,0,0
5103,Minor injury,2003,March,Tuesday,15,Rear-end,Multi-Vehicle,153.4136365,-27.99481155,Shaw St,Southport - Burleigh Rd,Southport - Burleigh Road,Southport,Gold Coast City,4215,Southport,Gold Coast,South Eastern,SEQ South,South Coast,Southport - South,Southport,Gold Coast,Major Cities,Southport,Moncrieff,State-controlled,Intersection - T-Junction,No traffic control,60 km/h,Sealed - Dry,Clear,Daylight,Straight,Level,301,Veh'S Same Direction: Rear End,Rear-end,S,0,0,0,1,1,3,0,0,0,0,0,0
5104,Minor injury,2003,March,Tuesday,17,Rear-end,Multi-Vehicle,151.2489693,-23.84132857,Gladstone - Mt Larcom Rd,,Gladstone - Mt Larcom Road,Gladstone Central,Gladstone Region,4680,Gladstone,Capricornia,Central,Central,Central Queensland,Gladstone,Gladstone,Central Queensland,Inner Regional,Gladstone,Flynn,State-controlled,No Roadway Feature,No traffic control,60 km/h,Sealed - Dry,Clear,Daylight,Straight,Level,301,Veh'S Same Direction: Rear End,Rear-end,E,0,0,0,1,1,2,0,0,0,0,0,0
5105,Medical treatment,2003,March,Tuesday,13,Rear-end,Multi-Vehicle,150.5095762,-23.37056731,Bruce Hwy,,Bruce Highway (Rockhampton-St Lawrence),Rockhampton City,Rockhampton Region,4700,Rockhampton,Capricornia,Central,Central,Central Queensland,Park Avenue,Rockhampton,Central Queensland,Inner Regional,Rockhampton,Capricornia,State-controlled,Bridge/Causeway,No traffic control,60 km/h,Sealed - Dry,Clear,Daylight,Straight,Grade,301,Veh'S Same Direction: Rear End,Rear-end,N,0,0,2,0,2,3,0,0,0,0,0,0
5106,Medical treatment,2003,March,Wednesday,12,Rear-end,Multi-Vehicle,152.9891978,-27.44581824,Jubilee Tce,Waterworks Rd,Western Arterial Road (Toowong - Everton Park),Ashgrove,Brisbane City,4060,The Gap,North Brisbane,Brisbane,SEQ North,Metropolitan,Ashgrove,Brisbane Inner - West,Brisbane Inner City,Major Cities,Cooper,Brisbane,State-controlled,Intersection - Cross,Operating traffic lights,60 km/h,Sealed - Dry,Clear,Daylight,Straight,Level,302,Veh'S Same Direction: Left Rear,Rear-end,E,0,0,1,0,1,2,0,0,0,0,0,0
5107,Medical treatment,2003,March,Wednesday,17,Rear-end,Multi-Vehicle,153.0222865,-27.47151207,South East Arterial Rd,,South-East Arterial Road (Pacific Motorway),Brisbane City,Brisbane City,4000,Brisbane City,North Brisbane,Brisbane,SEQ North,Metropolitan,Brisbane City,Brisbane Inner,Brisbane Inner City,Major Cities,Mcconnel,Brisbane,State-controlled,No Roadway Feature,No traffic control,80 - 90 km/h,Sealed - Dry,Clear,Daylight,Straight,Level,301,Veh'S Same Direction: Rear End,Rear-end,N,0,0,1,0,1,3,0,0,0,0,0,0
5108,Minor injury,2003,March,Wednesday,8,Rear-end,Multi-Vehicle,153.0051669,-27.52607872,Curzon St,Tennyson Memorial Ave,,Tennyson,Brisbane City,4105,Sherwood,South Brisbane,Brisbane,SEQ South,Metropolitan,Yeronga,Holland Park - Yeronga,Brisbane - South,Major Cities,Miller,Moreton,Locally-controlled,Intersection - T-Junction,Give way sign,60 km/h,Sealed - Dry,Clear,Daylight,Straight,Level,301,Veh'S Same Direction: Rear End,Rear-end,N,0,0,0,1,1,2,0,0,0,0,0,0
5109,Medical treatment,2003,March,Wednesday,15,Sideswipe,Multi-Vehicle,153.0921587,-27.57572004,Logan Sub-Arterial Rd,,Logan Sub-Arterial Road,Eight Mile Plains,Brisbane City,4113,Upper Mount Gravatt,South Brisbane,Brisbane,SEQ South,Metropolitan,Eight Mile Plains,Mt Gravatt,Brisbane - South,Major Cities,Toohey,Moreton,State-controlled,No Roadway Feature,No traffic control,60 km/h,Sealed - Dry,Clear,Daylight,Straight,Level,300,Veh'S Same Direction: Other,Other,S,0,0,1,0,1,2,0,0,0,0,0,0
5110,Minor injury,2003,March,Wednesday,6,Angle,Multi-Vehicle,153.1197893,-27.38086123,Dryandra Rd,Erica Ct,,Brisbane Airport,Brisbane City,4008,Hendra,North Brisbane,Brisbane,SEQ North,Metropolitan,Brisbane Airport,Nundah,Brisbane - North,Major Cities,Clayfield,Lilley,Locally-controlled,Intersection - T-Junction,No traffic control,0 - 50 km/h,Sealed - Dry,Clear,Daylight,Curved - view open,Level,202,Veh'S Opposite Approach: Thru-Right,Opposing vehicles turning,N,0,0,0,2,2,2,0,0,0,0,0,0
5111,Minor injury,2003,March,Wednesday,7,Rear-end,Multi-Vehicle,152.9398352,-27.40491677,Samford Rd,,Samford Sub-Arterial Road,Ferny Grove,Brisbane City,4055,Ferny Grove,North Brisbane,Brisbane,SEQ North,Metropolitan,Keperra,The Gap - Enoggera,Brisbane - West,Major Cities,Ferny Grove,Ryan,State-controlled,Railway Crossing,Railway - lights and boom gate,60 km/h,Sealed - Dry,Clear,Daylight,Straight,Level,301,Veh'S Same Direction: Rear End,Rear-end,S,0,0,0,1,1,2,0,0,0,0,0,0
5112,Property damage only,2003,March,Wednesday,21,Head-on,Multi-Vehicle,153.0992411,-26.54983152,Maroochydore - Noosa Rd,,Maroochydore - Noosa Road,Yaroomba,Sunshine Coast Region,4573,Coolum,Sunshine Coast,Central,SEQ North,North Coast and Wide Bay/Burnett,Coolum Beach,Maroochy,Sunshine Coast,Major Cities,Maroochydore,Fairfax,State-controlled,No Roadway Feature,No traffic control,60 km/h,Sealed - Dry,Clear,Darkness - Lighted,Curved - view open,Level,201,Veh'S Opposite Approach: Head On,Head-on,S,0,0,0,0,0,2,0,0,0,0,0,0
5113,Minor injury,2003,March,Wednesday,17,Head-on,Multi-Vehicle,152.9627038,-26.55958025,Vee Rd,,,Yandina,Sunshine Coast Region,4561,Nambour,Sunshine Coast,Central,SEQ North,North Coast and Wide Bay/Burnett,Eumundi - Yandina,Nambour,Sunshine Coast,Inner Regional,Nicklin,Fairfax,Locally-controlled,No Roadway Feature,No traffic control,60 km/h,Unsealed - Dry,Clear,Daylight,Curved - view obscured,Grade,201,Veh'S Opposite Approach: Head On,Head-on,N,0,0,0,1,1,2,0,0,0,0,0,0
5114,Hospitalisation,2003,March,Wednesday,21,Hit parked vehicle,Single Vehicle,151.9255089,-27.56084668,Hursley Rd,,,Newtown,Toowoomba Region,4350,Toowoomba,Darling Downs,Southern,Southern,Downs South West,Newtown (qld),Toowoomba,Toowoomba,Inner Regional,Toowoomba North,Groom,Locally-controlled,No Roadway Feature,No traffic control,60 km/h,Sealed - Dry,Clear,Darkness - Lighted,Straight,Grade,601,Veh'S On Path: Parked,Hit parked vehicle,E,0,1,0,0,1,0,0,2,0,0,0,0
5115,Medical treatment,2003,March,Wednesday,16,Angle,Multi-Vehicle,150.6369815,-26.73581746,North St,Wambo St,,Chinchilla,Western Downs Region,4413,Chinchilla,South West,Southern,Southern,Downs South West,Chinchilla,Darling Downs (west) - Maranoa,Darling Downs - Maranoa,Outer Regional,Callide,Maranoa,Locally-controlled,Intersection - T-Junction,Give way sign,60 km/h,Sealed - Dry,Clear,Daylight,Straight,Level,104,Veh'S Adjacent Approach: Thru-Right,Intersection from adjacent approaches,N,0,0,2,0,2,2,0,0,0,0,0,0
5116,Hospitalisation,2003,March,Wednesday,12,Hit object,Single Vehicle,150.5175507,-23.34157305,Scott St,Stenlake Ave,,Kawana,Rockhampton Region,4701,North Rockhampton,Capricornia,Central,Central,Central Queensland,Parkhurst - Kawana,Rockhampton,Central Queensland,Inner Regional,Rockhampton,Capricornia,Locally-controlled,Intersection - T-Junction,No traffic control,60 km/h,Sealed - Dry,Clear,Daylight,Straight,Level,700,Off Path-Straight: Other,Other,S,0,1,0,0,1,1,0,0,0,0,0,0
5117,Property damage only,2003,March,Wednesday,16,Overturned,Single Vehicle,145.6851121,-24.26447665,Blackall - Jericho Rd,,Blackall - Jericho Road,Blackall,Blackall Tambo Region,4472,Blackall,South West,Southern,Central,Central Queensland,Barcaldine - Blackall,Outback - South,Queensland - Outback,Very Remote,Gregory,Maranoa,State-controlled,No Roadway Feature,No traffic control,100 - 110 km/h,Unsealed - Dry,Clear,Daylight,Curved - view open,Level,800,Off Path-Curve: Other,Other,S,0,0,0,0,0,1,0,0,0,0,0,0
5118,Hospitalisation,2003,March,Thursday,8,Hit object,Single Vehicle,153.0303946,-27.51529224,Ipswich Rd,Tamworth St,,Annerley,Brisbane City,4103,Annerley,South Brisbane,Brisbane,SEQ South,Metropolitan,Annerley,Holland Park - Yeronga,Brisbane - South,Major Cities,Miller,Moreton,Locally-controlled,Intersection - Cross,No traffic control,60 km/h,Sealed - Wet,Raining,Daylight,Straight,Level,201,Veh'S Opposite Approach: Head On,Head-on,S,0,1,0,0,1,3,0,1,0,0,0,0
5119,Minor injury,2003,March,Thursday,17,Angle,Multi-Vehicle,153.0629367,-27.49251916,Leicester St,Old Cleveland Rd,,Coorparoo,Brisbane City,4151,Coorparoo,South Brisbane,Brisbane,SEQ South,Metropolitan,Coorparoo,Holland Park - Yeronga,Brisbane - South,Major Cities,Greenslopes,Griffith,Locally-controlled,Intersection - T-Junction,Give way sign,60 km/h,Sealed - Wet,Raining,Dawn/Dusk,Straight,Level,104,Veh'S Adjacent Approach: Thru-Right,Intersection from adjacent approaches,W,0,0,0,1,1,2,0,0,0,0,0,0
5120,Property damage only,2003,March,Thursday,18,Angle,Multi-Vehicle,153.1127541,-27.59409693,School Rd,Underwood Rd,,Rochedale South,Logan City,4123,Springwood,Logan,South Eastern,SEQ South,South Coast,Rochedale - Burbank,Mt Gravatt,Brisbane - South,Major Cities,Mansfield,Bonner,Locally-controlled,Intersection - Cross,Stop sign,60 km/h,Sealed - Dry,Clear,Dawn/Dusk,Straight,Level,104,Veh'S Adjacent Approach: Thru-Right,Intersection from adjacent approaches,E,0,0,0,0,0,2,0,0,0,0,0,0
5121,Medical treatment,2003,March,Thursday,8,Angle,Multi-Vehicle,153.3381219,-28.00063644,New St,,,Nerang,Gold Coast City,4211,Nerang,Gold Coast,South Eastern,SEQ South,South Coast,Nerang - Mount Nathan,Nerang,Gold Coast,Major Cities,Gaven,Moncrieff,Locally-controlled,No Roadway Feature,No traffic control,60 km/h,Sealed - Wet,Raining,Daylight,Straight,Level,406,Veh'S Manoeuvring: Leaving Driveway,Vehicle leaving driveway,E,0,0,1,0,1,2,0,0,0,0,0,0
5122,Property damage only,2003,March,Friday,18,Hit object,Single Vehicle,153.0557692,-27.49006227,Yarrabin St,,,Coorparoo,Brisbane City,4151,Coorparoo,South Brisbane,Brisbane,SEQ South,Metropolitan,Coorparoo,Holland Park - Yeronga,Brisbane - South,Major Cities,Greenslopes,Griffith,Locally-controlled,No Roadway Feature,No traffic control,0 - 50 km/h,Sealed - Dry,Clear,Dawn/Dusk,Straight,Level,703,Off Path-Straight: Left Off Cway Hit Obj,Off carriageway on straight hit object,W,0,0,0,0,0,1,0,0,0,0,0,0
5123,Property damage only,2003,March,Friday,9,Angle,Multi-Vehicle,153.0619964,-27.57161041,Canna St,Mccullough St,,Sunnybank,Brisbane City,4109,Upper Mount Gravatt,South Brisbane,Brisbane,SEQ South,Metropolitan,Robertson,Nathan,Brisbane - South,Major Cities,Toohey,Moreton,Locally-controlled,Intersection - T-Junction,Operating traffic lights,60 km/h,Sealed - Dry,Clear,Daylight,Straight,Level,202,Veh'S Opposite Approach: Thru-Right,Opposing vehicles turning,W,0,0,0,0,0,2,0,0,0,0,0,0
5124,Property damage only,2003,March,Friday,14,Rear-end,Multi-Vehicle,153.0771332,-27.55252761,Klumpp Rd,,,Upper Mount Gravatt,Brisbane City,4122,Upper Mount Gravatt,South Brisbane,Brisbane,SEQ South,Metropolitan,Upper Mount Gravatt,Mt Gravatt,Brisbane - South,Major Cities,Mansfield,Bonner,Locally-controlled,No Roadway Feature,No traffic control,60 km/h,Sealed - Dry,Clear,Daylight,Straight,Level,301,Veh'S Same Direction: Rear End,Rear-end,E,0,0,0,0,0,3,0,0,0,0,0,0
5125,Minor injury,2003,March,Friday,22,Sideswipe,Multi-Vehicle,153.0670465,-27.55061637,South East Art Rd Ramp Yb,,South-East Arterial Road (Pacific Motorway),Upper Mount Gravatt,Brisbane City,4122,Upper Mount Gravatt,South Brisbane,Brisbane,SEQ South,Metropolitan,Salisbury - Nathan,Nathan,Brisbane - South,Major Cities,Mansfield,Moreton,State-controlled,No Roadway Feature,No traffic control,60 km/h,Sealed - Wet,Clear,Darkness - Lighted,Curved - view obscured,Dip,300,Veh'S Same Direction: Other,Other,N,0,0,0,1,1,2,0,0,0,0,0,0
5126,Minor injury,2003,March,Friday,14,Rear-end,Multi-Vehicle,152.9376857,-27.10274386,Beacon St,Grant Rd,,Morayfield,Moreton Bay Region,4506,Caboolture,Moreton,Southern,SEQ North,North Coast and Wide Bay/Burnett,Caboolture - South,Caboolture,Moreton Bay - North,Major Cities,Morayfield,Longman,Locally-controlled,Intersection - T-Junction,No traffic control,60 km/h,Sealed - Dry,Clear,Daylight,Straight,Level,303,Veh'S Same Direction: Right Rear,Rear-end,S,0,0,0,1,1,2,0,0,0,0,0,0
5127,Property damage only,2003,March,Friday,5,Hit object,Single Vehicle,153.3153805,-27.88419023,Pacific Hwy,,Pacific Highway (Pacific Motorway),Oxenford,Gold Coast City,4210,Coomera,Gold Coast,South Eastern,SEQ South,South Coast,Oxenford - Maudsland,Ormeau - Oxenford,Gold Coast,Major Cities,Theodore,Fadden,State-controlled,No Roadway Feature,No traffic control,100 - 110 km/h,Sealed - Wet,Raining,Dawn/Dusk,Straight,Level,704,Off Path-Straight:Right Off Cway Hit Obj,Off carriageway on straight hit object,S,0,0,0,0,0,1,0,0,0,0,0,0
5128,Hospitalisation,2003,March,Friday,3,Hit object,Single Vehicle,152.5741551,-27.44901507,Claredon St,,,Lowood,Somerset Region,4311,Lowood,Ipswich,Southern,SEQ North,North Coast and Wide Bay/Burnett,Lowood,Ipswich Hinterland,Ipswich,Inner Regional,Lockyer,Blair,Locally-controlled,No Roadway Feature,No traffic control,80 - 90 km/h,Sealed - Dry,Clear,Darkness - Not lighted,Straight,Level,700,Off Path-Straight: Other,Other,W,0,1,0,0,1,1,0,0,0,0,0,0
5129,Medical treatment,2003,March,Friday,14,Angle,Multi-Vehicle,153.3927951,-27.98788012,Cotlew St,Wardoo St,,Ashmore,Gold Coast City,4214,Southport,Gold Coast,South Eastern,SEQ South,South Coast,Ashmore,Southport,Gold Coast,Major Cities,Southport,Moncrieff,Locally-controlled,Intersection - Roundabout,Give way sign,60 km/h,Sealed - Dry,Clear,Daylight,Straight,Level,101,Veh'S Adjacent Approach: Thru-Thru,Intersection from adjacent approaches,N,0,0,1,0,1,2,0,0,0,0,0,0
5130,Property damage only,2003,March,Saturday,14,Rear-end,Multi-Vehicle,153.0316845,-27.48596862,South East Art Rd Ramp S,Stanley St,South-East Arterial Road (Pacific Motorway),Woolloongabba,Brisbane City,4102,Dutton Park,South Brisbane,Brisbane,SEQ South,Metropolitan,Woolloongabba,Holland Park - Yeronga,Brisbane - South,Major Cities,South Brisbane,Griffith,State-controlled,Intersection - Interchange,Operating traffic lights,60 km/h,Sealed - Dry,Clear,Daylight,Straight,Grade,302,Veh'S Same Direction: Left Rear,Rear-end,N,0,0,0,0,0,2,0,0,0,0,0,0
5131,Minor injury,2003,March,Saturday,3,Sideswipe,Multi-Vehicle,153.2567077,-27.51129756,Wellington St,,,Ormiston,Redland City,4160,Cleveland,South Brisbane,Brisbane,SEQ South,Metropolitan,Ormiston,Cleveland - Stradbroke,Brisbane - East,Major Cities,Oodgeroo,Bowman,Locally-controlled,No Roadway Feature,No traffic control,60 km/h,Sealed - Dry,Clear,Darkness - Lighted,Straight,Level,201,Veh'S Opposite Approach: Head On,Head-on,N,0,0,0,2,2,2,0,0,0,0,0,0
5132,Medical treatment,2003,March,Saturday,14,Rear-end,Multi-Vehicle,153.112284,-27.60855031,Pacific Hwy Connection Rd,,Pacific Highway Connection Road,Underwood,Logan City,4119,Logan Central,Logan,South Eastern,SEQ South,South Coast,Underwood,Springwood - Kingston,Logan - Beaudesert,Major Cities,Waterford,Rankin,State-controlled,No Roadway Feature,No traffic control,70 km/h,Sealed - Dry,Clear,Daylight,Curved - view open,Level,301,Veh'S Same Direction: Rear End,Rear-end,E,0,0,1,0,1,2,0,0,0,0,0,0
5133,Property damage only,2003,March,Saturday,7,Angle,Multi-Vehicle,153.0574679,-27.66314059,Browns Plains Rd,Downing St,,Browns Plains,Logan City,4118,Browns Plains,Logan,South Eastern,SEQ South,South Coast,Browns Plains,Browns Plains,Logan - Beaudesert,Major Cities,Algester,Rankin,Locally-controlled,Intersection - T-Junction,Stop sign,70 km/h,Sealed - Dry,Clear,Daylight,Straight,Level,101,Veh'S Adjacent Approach: Thru-Thru,Intersection from adjacent approaches,W,0,0,0,0,0,2,0,0,0,0,0,0
5134,Medical treatment,2003,March,Saturday,11,Rear-end,Multi-Vehicle,153.1459389,-27.50903977,Cleveland Sub-Arterial Rd,,Cleveland Sub-Arterial Road,Chandler,Brisbane City,4155,Capalaba,South Brisbane,Brisbane,SEQ South,Metropolitan,Belmont - Gumdale,Capalaba,Brisbane - East,Major Cities,Chatsworth,Bonner,State-controlled,No Roadway Feature,No traffic control,80 - 90 km/h,Sealed - Dry,Clear,Daylight,Straight,Crest,301,Veh'S Same Direction: Rear End,Rear-end,W,0,0,1,0,1,1,1,0,0,0,0,0
5135,Property damage only,2003,March,Saturday,18,Angle,Multi-Vehicle,152.9915884,-27.21187189,Boundary Rd,Bruce Hwy Ramp Ha,Bruce Highway (Brisbane - Gympie),Dakabin,Moreton Bay Region,4503,Burpengary,Moreton,Southern,SEQ North,North Coast and Wide Bay/Burnett,Dakabin - Kallangur,North Lakes,Moreton Bay - South,Major Cities,Murrumba,Longman,State-controlled,Intersection - Interchange,Give way sign,60 km/h,Sealed - Dry,Clear,Dawn/Dusk,Straight,Crest,104,Veh'S Adjacent Approach: Thru-Right,Intersection from adjacent approaches,W,0,0,0,0,0,2,0,0,0,0,0,0
5136,Property damage only,2003,March,Saturday,12,Sideswipe,Multi-Vehicle,153.4066351,-27.99855633,Heeb St,Racecourse Dr,,Bundall,Gold Coast City,4217,Broadbeach,Gold Coast,South Eastern,SEQ South,South Coast,Bundall,Surfers Paradise,Gold Coast,Major Cities,Southport,Moncrieff,Locally-controlled,Intersection - Cross,No traffic control,60 km/h,Sealed - Dry,Clear,Daylight,Straight,Level,506,Veh'S Overtaking: Overtake-Right Turn,Overtaking same direction,S,0,0,0,0,0,2,0,0,0,0,0,0
5137,Fatal,2003,March,Saturday,3,Hit object,Single Vehicle,152.8452776,-26.38820229,Bruce Hwy,,Cooroy - Gympie Road,Pomona,Noosa Shire,4568,Pomona,Sunshine Coast,Central,SEQ North,North Coast and Wide Bay/Burnett,Noosa Hinterland,Noosa Hinterland,Sunshine Coast,Inner Regional,Noosa,Wide Bay,State-controlled,No Roadway Feature,No traffic control,100 - 110 km/h,Sealed - Wet,Clear,Darkness - Not lighted,Curved - view open,Grade,803,Off Path-Curve: Off Cway Rt Bend Hit Obj,Off carriageway on curve hit object,W,1,0,0,0,1,1,0,0,0,0,0,0
5138,Hospitalisation,2003,March,Saturday,9,Angle,Multi-Vehicle,153.3405704,-27.95165821,Pacific Hwy Off Ramp,Smith St Extension,Pacific Highway (Pacific Motorway),Gaven,Gold Coast City,4211,Nerang,Gold Coast,South Eastern,SEQ South,South Coast,Pacific Pines - Gaven,Nerang,Gold Coast,Major Cities,Gaven,Fadden,State-controlled,Intersection - Interchange,Operating traffic lights,60 km/h,Sealed - Dry,Clear,Daylight,Straight,Level,104,Veh'S Adjacent Approach: Thru-Right,Intersection from adjacent approaches,N,0,1,0,0,1,2,0,0,0,0,0,0
5139,Property damage only,2003,March,Saturday,15,Overturned,Single Vehicle,153.0461889,-26.73051973,Bruce Hwy,,Bruce Highway (Brisbane - Gympie),Tanawha,Sunshine Coast Region,4556,Sippy Downs,Sunshine Coast,Central,SEQ North,North Coast and Wide Bay/Burnett,Buderim - South,Buderim,Sunshine Coast,Major Cities,Nicklin,Fisher,State-controlled,No Roadway Feature,No traffic control,100 - 110 km/h,Sealed - Dry,Clear,Daylight,Straight,Level,701,Off Path-Straight: Left Off Cway,Off carriageway on straight,N,0,0,0,0,0,1,0,0,0,0,0,0
5140,Minor injury,2003,March,Saturday,16,Angle,Multi-Vehicle,150.5387526,-23.34537323,Diplock St,Kerrigan St,,Frenchville,Rockhampton Region,4701,North Rockhampton,Capricornia,Central,Central,Central Queensland,Frenchville - Mount Archer,Rockhampton,Central Queensland,Inner Regional,Rockhampton,Capricornia,Locally-controlled,Intersection - Cross,Give way sign,60 km/h,Sealed - Dry,Clear,Daylight,Straight,Level,308,Veh'S Same Direction: Right Turn S/Swipe,Parallel lanes turning,E,0,0,0,1,1,1,1,0,0,0,0,0
5141,Fatal,2003,March,Saturday,17,Overturned,Single Vehicle,149.2433058,-21.31069752,Hay Point Rd,,Hay Point Road,Alligator Creek,Mackay Region,4740,Sarina,Mackay,Central,Central,Central Queensland,Sarina,Mackay,Mackay - Isaac - Whitsunday,Outer Regional,Mirani,Capricornia,State-controlled,No Roadway Feature,No traffic control,100 - 110 km/h,Sealed - Dry,Clear,Daylight,Curved - view open,Level,801,Off Path-Curve: Off Cway Right Bend,Off carriageway on curve,S,1,0,0,0,1,1,0,0,0,0,0,0
5142,Property damage only,2003,March,Sunday,14,Hit parked vehicle,Single Vehicle,153.028898,-27.46405178,Ann St,,,Brisbane City,Brisbane City,4000,Brisbane City,North Brisbane,Brisbane,SEQ North,Metropolitan,Spring Hill,Brisbane Inner,Brisbane Inner City,Major Cities,Mcconnel,Brisbane,Locally-controlled,No Roadway Feature,No traffic control,60 km/h,Sealed - Dry,Clear,Daylight,Straight,Level,601,Veh'S On Path: Parked,Hit parked vehicle,S,0,0,0,0,0,2,0,0,0,0,0,0
5143,Hospitalisation,2003,March,Sunday,6,Hit object,Single Vehicle,152.9547289,-27.5180626,Centenary Hwy,Western Art Rd Ramp Fb,Centenary Motorway (Ellen Grove - Toowong),Fig Tree Pocket,Brisbane City,4069,Indooroopilly,North Brisbane,Brisbane,SEQ North,Metropolitan,Fig Tree Pocket,Kenmore - Brookfield - Moggill,Brisbane - West,Major Cities,Maiwar,Ryan,State-controlled,Intersection - Interchange,No traffic control,80 - 90 km/h,Sealed - Dry,Clear,Daylight,Curved - view obscured,Level,804,Off Path-Curve: Off Cway Lt Bend Hit Obj,Off carriageway on curve hit object,S,0,1,0,0,1,1,0,0,0,0,0,0
5144,Minor injury,2003,March,Sunday,14,Rear-end,Multi-Vehicle,153.012564,-27.34586608,Beams Rd,Gympie Rd,Gympie Arterial Road,Carseldine,Brisbane City,4034,Carseldine,North Brisbane,Brisbane,SEQ North,Metropolitan,Carseldine,Bald Hills - Everton Park,Brisbane - North,Major Cities,Aspley,Petrie,State-controlled,Intersection - Cross,Operating traffic lights,70 km/h,Sealed - Dry,Clear,Daylight,Straight,Level,301,Veh'S Same Direction: Rear End,Rear-end,S,0,0,0,2,2,2,0,0,0,0,0,0
5145,Hospitalisation,2003,March,Sunday,0,Hit object,Single Vehicle,153.2246597,-27.58674274,Mt Cotton Rd,,Mount Cotton Road,Sheldon,Redland City,4157,Redland Bay,South Brisbane,Brisbane,SEQ South,Metropolitan,Sheldon - Mount Cotton,Cleveland - Stradbroke,Brisbane - East,Major Cities,Springwood,Bowman,State-controlled,No Roadway Feature,No traffic control,80 - 90 km/h,Sealed - Dry,Clear,Darkness - Not lighted,Straight,Dip,703,Off Path-Straight: Left Off Cway Hit Obj,Off carriageway on straight hit object,N,0,2,0,0,2,1,0,0,0,0,0,0
5146,Hospitalisation,2003,March,Sunday,18,Hit object,Single Vehicle,153.3640008,-28.07210176,Pacific Hwy,,Pacific Highway (Pacific Motorway),Robina,Gold Coast City,4226,Mudgeeraba,Gold Coast,South Eastern,SEQ South,South Coast,Robina,Robina,Gold Coast,Major Cities,Mudgeeraba,Mcpherson,State-controlled,No Roadway Feature,No traffic control,100 - 110 km/h,Sealed - Dry,Clear,Darkness - Lighted,Straight,Level,703,Off Path-Straight: Left Off Cway Hit Obj,Off carriageway on straight hit object,S,0,1,0,0,1,1,0,0,0,0,0,0