Crash_Ref_Number,Crash_Severity,Crash_Year,Crash_Month,Crash_Day_Of_Week,Crash_Hour,Crash_Nature,Crash_Type,Crash_Longitude_GDA94,Crash_Latitude_GDA94,Crash_Street,Crash_Street_Intersecting,State_Road_Name,Loc_Suburb,Loc_Local_Government_Area,Loc_Post_Code,Loc_Police_Division,Loc_Police_District,Loc_Police_Region,Loc_Queensland_Transport_Region,Loc_Main_Roads_Region,Loc_ABS_Statistical_Area_2,Loc_ABS_Statistical_Area_3,Loc_ABS_Statistical_Area_4,Loc_ABS_Remoteness,Loc_State_Electorate,Loc_Federal_Electorate,Crash_Controlling_Authority,Crash_Roadway_Feature,Crash_Traffic_Control,Crash_Speed_Limit,Crash_Road_Surface_Condition,Crash_Atmospheric_Condition,Crash_Lighting_Condition,Crash_Road_Horiz_Align,Crash_Road_Vert_Align,Crash_DCA_Code,Crash_DCA_Description,Crash_DCA_Group_Description,DCA_Key_Approach_Dir,Count_Casualty_Fatality,Count_Casualty_Hospitalised,Count_Casualty_MedicallyTreated,Count_Casualty_MinorInjury,Count_Casualty_Total,Count_Unit_Car,Count_Unit_Motorcycle_Moped,Count_Unit_Truck,Count_Unit_Bus,Count_Unit_Bicycle,Count_Unit_Pedestrian,Count_Unit_Other
5147,Medical treatment,2003,March,Monday,8,Hit object,Single Vehicle,153.0144285,-27.52302549,Fairfield Rd,Ortive St,,Yeronga,Brisbane City,4104,Annerley,South Brisbane,Brisbane,SEQ South,Metropolitan,Yeronga,Holland Park - Yeronga,Brisbane - South,Major Cities,Miller,Moreton,Locally-controlled,Intersection - T-Junction,Operating traffic lights,60 km/h,Sealed - Dry,Clear,Daylight,Straight,Level,705,Off Path-Straight:Out Of Control On Cway,Out of control on straight,N,0,0,1,0,1,1,0,0,0,0,0,0
5148,Minor injury,2003,March,Monday,8,Rear-end,Multi-Vehicle,153.0205485,-27.55650957,Beaudesert Rd,Marshall Rd,,Rocklea,Brisbane City,4106,Moorooka,South Brisbane,Brisbane,SEQ South,Metropolitan,Rocklea - Acacia Ridge,Rocklea - Acacia Ridge,Brisbane - South,Major Cities,Toohey,Moreton,Locally-controlled,Intersection - T-Junction,No traffic control,60 km/h,Sealed - Dry,Clear,Daylight,Straight,Level,302,Veh'S Same Direction: Left Rear,Rear-end,E,0,0,0,1,1,1,0,0,1,0,0,0
5149,Property damage only,2003,March,Monday,16,Sideswipe,Multi-Vehicle,153.0632444,-27.57181782,Mccullough St,,,Sunnybank,Brisbane City,4109,Upper Mount Gravatt,South Brisbane,Brisbane,SEQ South,Metropolitan,Robertson,Nathan,Brisbane - South,Major Cities,Toohey,Moreton,Locally-controlled,No Roadway Feature,No traffic control,60 km/h,Sealed - Dry,Clear,Daylight,Straight,Level,307,Veh'S Same Direction: Lane Change Left,Lane changes,E,0,0,0,0,0,2,0,0,0,0,0,0
5150,Hospitalisation,2003,March,Monday,13,Angle,Multi-Vehicle,153.0375184,-27.50139083,Carl St,Cornwall St,,Woolloongabba,Brisbane City,4102,Dutton Park,South Brisbane,Brisbane,SEQ South,Metropolitan,Woolloongabba,Holland Park - Yeronga,Brisbane - South,Major Cities,South Brisbane,Griffith,Locally-controlled,Intersection - T-Junction,Give way sign,60 km/h,Sealed - Dry,Clear,Daylight,Straight,Crest,107,Veh'S Adjacent Approach: Thru-Left,Intersection from adjacent approaches,E,0,1,0,0,1,2,0,0,0,0,0,0
5151,Medical treatment,2003,March,Monday,18,Hit pedestrian,Hit pedestrian,153.2692582,-27.52347519,Compass Ct,Masthead Dr,,Cleveland,Redland City,4163,Cleveland,South Brisbane,Brisbane,SEQ South,Metropolitan,Cleveland,Cleveland - Stradbroke,Brisbane - East,Major Cities,Oodgeroo,Bowman,Locally-controlled,Intersection - Roundabout,Give way sign,0 - 50 km/h,Sealed - Dry,Clear,Daylight,Straight,Level,7,Ped'N: Hit By Vehicle Enter/Leave D'Way,Pedestrian,E,0,0,1,0,1,1,0,0,0,0,1,0
5152,Medical treatment,2003,March,Monday,14,Hit pedestrian,Hit pedestrian,153.1042132,-27.63781549,Croydon Rd,,,Logan Central,Logan City,4114,Logan Central,Logan,South Eastern,SEQ South,South Coast,Logan Central,Springwood - Kingston,Logan - Beaudesert,Major Cities,Woodridge,Rankin,Locally-controlled,No Roadway Feature,Pedestrian crossing sign,0 - 50 km/h,Sealed - Dry,Clear,Daylight,Straight,Grade,1,Ped'N: Near Side Vehicle Hit From Right,Pedestrian,S,0,0,1,0,1,1,0,0,0,0,1,0
5153,Medical treatment,2003,March,Monday,9,Angle,Multi-Vehicle,153.3860629,-27.98346576,Corunna Cres,,,Ashmore,Gold Coast City,4214,Southport,Gold Coast,South Eastern,SEQ South,South Coast,Ashmore,Southport,Gold Coast,Major Cities,Southport,Moncrieff,Locally-controlled,Median Opening,No traffic control,0 - 50 km/h,Sealed - Dry,Clear,Daylight,Straight,Level,308,Veh'S Same Direction: Right Turn S/Swipe,Parallel lanes turning,N,0,0,1,0,1,2,0,0,0,0,0,0
5154,Minor injury,2003,March,Monday,14,Angle,Multi-Vehicle,153.1291306,-26.73106208,Nicklin Wy,,Nicklin Way,Bokarina,Sunshine Coast Region,4575,Kawana Waters,Sunshine Coast,Central,SEQ North,North Coast and Wide Bay/Burnett,Parrearra - Warana,Caloundra,Sunshine Coast,Major Cities,Kawana,Fisher,State-controlled,No Roadway Feature,No traffic control,70 km/h,Sealed - Dry,Clear,Daylight,Straight,Level,408,Veh'S Manoeuvring: Entering From Footway,Vehicle leaving driveway,N,0,0,0,1,1,1,0,0,0,1,0,0
5155,Hospitalisation,2003,March,Monday,20,Head-on,Multi-Vehicle,152.260919,-27.57194326,Gatton - Helidon Rd,,Gatton - Helidon Road,Gatton,Lockyer Valley Region,4343,Gatton,Darling Downs,Southern,SEQ South,Downs South West,Gatton,Toowoomba,Toowoomba,Inner Regional,Lockyer,Wright,State-controlled,No Roadway Feature,No traffic control,100 - 110 km/h,Sealed - Dry,Clear,Darkness - Not lighted,Curved - view open,Grade,201,Veh'S Opposite Approach: Head On,Head-on,E,0,1,1,0,2,2,0,0,0,0,0,0
5156,Property damage only,2003,March,Monday,16,Rear-end,Multi-Vehicle,151.9375219,-27.59336588,Pamela St,West St,,Kearneys Spring,Toowoomba Region,4350,Toowoomba,Darling Downs,Southern,Southern,Downs South West,Darling Heights,Toowoomba,Toowoomba,Inner Regional,Toowoomba South,Groom,Locally-controlled,Intersection - Cross,No traffic control,60 km/h,Sealed - Dry,Clear,Daylight,Straight,Level,303,Veh'S Same Direction: Right Rear,Rear-end,S,0,0,0,0,0,2,0,0,0,0,0,0
5157,Property damage only,2003,March,Monday,8,Hit object,Single Vehicle,151.0492133,-23.93282353,Bruce Hwy,,Bruce Highway (Benaraby - Rockhampton),East End,Gladstone Region,4695,Mount Larcom,Capricornia,Central,Central,Central Queensland,Gladstone Hinterland,Gladstone,Central Queensland,Outer Regional,Gladstone,Flynn,State-controlled,No Roadway Feature,No traffic control,100 - 110 km/h,Sealed - Dry,Clear,Daylight,Straight,Grade,700,Off Path-Straight: Other,Other,S,0,0,0,0,0,1,0,0,0,0,0,0
5158,Property damage only,2003,March,Monday,15,Angle,Multi-Vehicle,151.241902,-23.87047778,Gladstone - Benaraby Rd,,Gladstone - Benaraby Road,West Gladstone,Gladstone Region,4680,Gladstone,Capricornia,Central,Central,Central Queensland,West Gladstone,Gladstone,Central Queensland,Inner Regional,Gladstone,Flynn,State-controlled,No Roadway Feature,No traffic control,60 km/h,Sealed - Dry,Clear,Daylight,Straight,Level,202,Veh'S Opposite Approach: Thru-Right,Opposing vehicles turning,W,0,0,0,0,0,2,0,0,0,0,0,0
5159,Hospitalisation,2003,March,Tuesday,8,Angle,Multi-Vehicle,153.0356457,-27.50355171,Emperor St,Juliette St,,Annerley,Brisbane City,4103,Annerley,South Brisbane,Brisbane,SEQ South,Metropolitan,Annerley,Holland Park - Yeronga,Brisbane - South,Major Cities,South Brisbane,Moreton,Locally-controlled,Intersection - Cross,Give way sign,60 km/h,Sealed - Dry,Clear,Daylight,Straight,Crest,101,Veh'S Adjacent Approach: Thru-Thru,Intersection from adjacent approaches,W,0,1,0,2,3,2,0,0,0,0,0,0
5160,Minor injury,2003,March,Tuesday,5,Angle,Multi-Vehicle,153.0372167,-27.66996574,Emerald Dr,Vergulde Rd,,Regents Park,Logan City,4118,Browns Plains,Logan,South Eastern,SEQ South,South Coast,Regents Park - Heritage Park,Browns Plains,Logan - Beaudesert,Major Cities,Algester,Rankin,Locally-controlled,Intersection - Cross,Stop sign,0 - 50 km/h,Sealed - Dry,Clear,Dawn/Dusk,Straight,Crest,104,Veh'S Adjacent Approach: Thru-Right,Intersection from adjacent approaches,N,0,0,0,1,1,2,0,0,0,0,0,0
5161,Minor injury,2003,March,Wednesday,9,Angle,Multi-Vehicle,152.9905843,-27.44585917,Roy St,Waterworks Rd,,Ashgrove,Brisbane City,4060,The Gap,North Brisbane,Brisbane,SEQ North,Metropolitan,Ashgrove,Brisbane Inner - West,Brisbane Inner City,Major Cities,Cooper,Brisbane,Locally-controlled,Intersection - T-Junction,Stop sign,60 km/h,Sealed - Wet,Raining,Daylight,Straight,Level,102,Veh'S Adjacent Approach: Right-Thru,Intersection from adjacent approaches,N,0,0,0,1,1,2,0,0,0,0,0,0
5162,Medical treatment,2003,March,Wednesday,18,Angle,Multi-Vehicle,152.9636616,-27.20570214,Burpengary Rd,Mcphail Rd,,Narangba,Moreton Bay Region,4504,Burpengary,Moreton,Southern,SEQ North,North Coast and Wide Bay/Burnett,Narangba,Narangba - Burpengary,Moreton Bay - North,Major Cities,Kurwongbah,Longman,Locally-controlled,Intersection - T-Junction,Stop sign,70 km/h,Sealed - Wet,Raining,Dawn/Dusk,Straight,Level,102,Veh'S Adjacent Approach: Right-Thru,Intersection from adjacent approaches,W,0,0,1,1,2,2,0,0,0,0,0,0
5163,Medical treatment,2003,March,Wednesday,5,Sideswipe,Multi-Vehicle,152.9034405,-27.60933729,Ipswich Mwy,Cunningham Hwy Ramp Dc,Cunningham Highway (Ipswich Motorway),Goodna,Ipswich City,4300,Goodna,Ipswich,Southern,SEQ South,Metropolitan,Goodna,Springfield - Redbank,Ipswich,Major Cities,Bundamba,Oxley,State-controlled,Intersection - Interchange,No traffic control,100 - 110 km/h,Sealed - Wet,Raining,Dawn/Dusk,Straight,Level,305,Veh'S Same Direction: Lane Side Swipe,Lane changes,E,0,0,1,0,1,1,1,0,0,0,0,1
5164,Property damage only,2003,March,Wednesday,15,Rear-end,Multi-Vehicle,153.117746,-26.80136134,Caloundra Rd,,Caloundra Road,Caloundra,Sunshine Coast Region,4551,Caloundra,Sunshine Coast,Central,SEQ North,North Coast and Wide Bay/Burnett,Caloundra - Kings Beach,Caloundra,Sunshine Coast,Major Cities,Caloundra,Fisher,State-controlled,No Roadway Feature,No traffic control,60 km/h,Sealed - Wet,Raining,Daylight,Straight,Level,301,Veh'S Same Direction: Rear End,Rear-end,W,0,0,0,0,0,2,0,2,0,0,0,0
5165,Minor injury,2003,March,Wednesday,13,Angle,Multi-Vehicle,153.3192451,-27.91973443,Hollywood Pl,Studio Dr,,Oxenford,Gold Coast City,4210,Coomera,Gold Coast,South Eastern,SEQ South,South Coast,Oxenford - Maudsland,Ormeau - Oxenford,Gold Coast,Major Cities,Theodore,Fadden,Locally-controlled,Intersection - T-Junction,No traffic control,0 - 50 km/h,Sealed - Wet,Raining,Daylight,Straight,Crest,202,Veh'S Opposite Approach: Thru-Right,Opposing vehicles turning,S,0,0,0,1,1,2,0,0,0,0,0,0
5166,Minor injury,2003,March,Wednesday,16,Angle,Multi-Vehicle,152.3226076,-24.87688404,Avoca St,Palmer St,,Millbank,Bundaberg Region,4670,Bundaberg,Wide Bay Burnett,Central,Southern,North Coast and Wide Bay/Burnett,Millbank - Avoca,Bundaberg,Wide Bay,Inner Regional,Bundaberg,Hinkler,Locally-controlled,Intersection - Cross,Stop sign,60 km/h,Sealed - Dry,Clear,Daylight,Straight,Level,101,Veh'S Adjacent Approach: Thru-Thru,Intersection from adjacent approaches,S,0,0,0,1,1,2,0,0,0,0,0,0
5167,Property damage only,2003,March,Wednesday,15,Overturned,Single Vehicle,152.6620879,-25.56705752,Bruce Hwy,,Bruce Highway (Maryborough - Gin Gin),Tinana,Fraser Coast Region,4650,Maryborough,Wide Bay Burnett,Central,Southern,North Coast and Wide Bay/Burnett,Tinana,Maryborough,Wide Bay,Inner Regional,Maryborough,Wide Bay,State-controlled,No Roadway Feature,No traffic control,100 - 110 km/h,Sealed - Wet,Raining,Daylight,Straight,Level,702,Off Path-Straight: Right Off Cway,Off carriageway on straight,N,0,0,0,0,0,1,0,0,0,0,0,0
5168,Property damage only,2003,March,Wednesday,10,Hit object,Single Vehicle,151.9328105,-28.66346795,Sugarloaf Rd,,,Stanthorpe,Southern Downs Region,4380,Stanthorpe,Darling Downs,Southern,Southern,Downs South West,Stanthorpe,Granite Belt,Darling Downs - Maranoa,Outer Regional,Southern Downs,Maranoa,Locally-controlled,No Roadway Feature,No traffic control,60 km/h,Sealed - Dry,Clear,Daylight,Curved - view open,Level,803,Off Path-Curve: Off Cway Rt Bend Hit Obj,Off carriageway on curve hit object,N,0,0,0,0,0,1,0,0,0,0,0,0
5169,Fatal,2003,March,Thursday,9,Hit pedestrian,Hit pedestrian,153.0379019,-27.49937465,Carl St,,,Woolloongabba,Brisbane City,4102,Dutton Park,South Brisbane,Brisbane,SEQ South,Metropolitan,Woolloongabba,Holland Park - Yeronga,Brisbane - South,Major Cities,South Brisbane,Griffith,Locally-controlled,No Roadway Feature,No traffic control,0 - 50 km/h,Sealed - Wet,Raining,Daylight,Straight,Level,3,Ped'N: Far Side Vehicle Hit From Left,Pedestrian,S,1,0,0,0,1,0,0,0,0,0,1,1
5170,Property damage only,2003,March,Thursday,14,Angle,Multi-Vehicle,153.0489065,-27.48816294,Edgar St,Stanley St East,,East Brisbane,Brisbane City,4169,Dutton Park,South Brisbane,Brisbane,SEQ South,Metropolitan,East Brisbane,Brisbane Inner - East,Brisbane Inner City,Major Cities,South Brisbane,Griffith,Locally-controlled,Intersection - Cross,Give way sign,60 km/h,Sealed - Wet,Raining,Daylight,Straight,Level,101,Veh'S Adjacent Approach: Thru-Thru,Intersection from adjacent approaches,S,0,0,0,0,0,3,0,0,0,0,0,0
5171,Medical treatment,2003,March,Thursday,8,Angle,Multi-Vehicle,152.9482459,-27.10153572,Burpengary - Caboolture Rd,Michael Ave,Burpengary - Caboolture Road,Caboolture South,Moreton Bay Region,4510,Caboolture,Moreton,Southern,SEQ North,North Coast and Wide Bay/Burnett,Caboolture - South,Caboolture,Moreton Bay - North,Major Cities,Morayfield,Longman,State-controlled,Intersection - T-Junction,Operating traffic lights,60 km/h,Sealed - Wet,Raining,Daylight,Straight,Level,408,Veh'S Manoeuvring: Entering From Footway,Vehicle leaving driveway,S,0,0,1,0,1,1,0,0,0,1,0,0
5172,Property damage only,2003,March,Thursday,12,Rear-end,Multi-Vehicle,152.7420177,-27.62740696,Old Toowoomba Rd,,,Leichhardt,Ipswich City,4305,Ipswich,Ipswich,Southern,SEQ South,Metropolitan,Leichhardt - One Mile,Ipswich Inner,Ipswich,Major Cities,Ipswich West,Blair,Locally-controlled,No Roadway Feature,Pedestrian crossing sign,60 km/h,Sealed - Wet,Raining,Daylight,Straight,Grade,301,Veh'S Same Direction: Rear End,Rear-end,E,0,0,0,0,0,2,0,0,0,0,0,0
5173,Hospitalisation,2003,March,Thursday,19,Rear-end,Multi-Vehicle,152.8920024,-26.77547867,Landsborough - Maleny Rd,,Landsborough - Maleny Road,Maleny,Sunshine Coast Region,4552,Maleny,Sunshine Coast,Central,SEQ North,North Coast and Wide Bay/Burnett,Caloundra Hinterland,Sunshine Coast Hinterland,Sunshine Coast,Inner Regional,Glass House,Fisher,State-controlled,No Roadway Feature,No traffic control,80 - 90 km/h,Sealed - Wet,Raining,Dawn/Dusk,Curved - view obscured,Grade,303,Veh'S Same Direction: Right Rear,Rear-end,W,0,1,1,0,2,3,0,0,0,0,0,0
5174,Property damage only,2003,March,Thursday,8,Hit object,Single Vehicle,152.5987857,-25.37384609,Bruce Hwy,,Bruce Highway (Maryborough - Gin Gin),Duckinwilla,Fraser Coast Region,4650,Howard,Wide Bay Burnett,Central,Southern,North Coast and Wide Bay/Burnett,Burrum - Fraser,Maryborough,Wide Bay,Inner Regional,Maryborough,Hinkler,State-controlled,No Roadway Feature,No traffic control,100 - 110 km/h,Sealed - Dry,Clear,Daylight,Straight,Level,704,Off Path-Straight:Right Off Cway Hit Obj,Off carriageway on straight hit object,N,0,0,0,0,0,1,0,0,0,0,0,0
5175,Property damage only,2003,March,Friday,21,Angle,Multi-Vehicle,153.0548284,-27.60878006,Calam Rd,Honeywood St,,Sunnybank Hills,Brisbane City,4109,Acacia Ridge,South Brisbane,Brisbane,SEQ South,Metropolitan,Sunnybank Hills,Sunnybank,Brisbane - South,Major Cities,Stretton,Moreton,Locally-controlled,Intersection - T-Junction,Operating traffic lights,70 km/h,Sealed - Dry,Clear,Darkness - Lighted,Straight,Level,202,Veh'S Opposite Approach: Thru-Right,Opposing vehicles turning,N,0,0,0,0,0,2,0,0,0,0,0,0
5176,Property damage only,2003,March,Friday,14,Hit object,Single Vehicle,153.124434,-27.50626428,Gateway Arterial Rd,Gateway Art Rd Ramp Xm,Gateway Motorway (Eight Mile Plains - Nudgee),Belmont,Brisbane City,4153,Carina,South Brisbane,Brisbane,SEQ South,Metropolitan,Carindale,Carindale,Brisbane - South,Major Cities,Chatsworth,Bonner,State-controlled,Intersection - Interchange,No traffic control,100 - 110 km/h,Sealed - Wet,Raining,Daylight,Curved - view open,Level,607,Veh'S On Path: Temporary Object On C'Way,Other,N,0,0,0,0,0,1,0,1,0,0,0,0
5177,Medical treatment,2003,March,Friday,20,Rear-end,Multi-Vehicle,153.0129753,-27.48104993,Sussex St,Vulture St,,West End,Brisbane City,4101,West End,South Brisbane,Brisbane,SEQ South,Metropolitan,West End,Brisbane Inner,Brisbane Inner City,Major Cities,South Brisbane,Griffith,Locally-controlled,Intersection - T-Junction,No traffic control,60 km/h,Sealed - Dry,Clear,Darkness - Lighted,Straight,Crest,301,Veh'S Same Direction: Rear End,Rear-end,E,0,0,2,1,3,2,0,0,0,0,0,0
5178,Medical treatment,2003,March,Friday,15,Angle,Multi-Vehicle,153.1081228,-27.21461246,Eversleigh Rd,Scarborough Rd,,Scarborough,Moreton Bay Region,4020,Redcliffe,Moreton,Southern,SEQ North,North Coast and Wide Bay/Burnett,Scarborough - Newport - Moreton Island,Redcliffe,Moreton Bay - North,Major Cities,Redcliffe,Petrie,Locally-controlled,Intersection - Cross,Give way sign,60 km/h,Sealed - Wet,Raining,Daylight,Straight,Grade,101,Veh'S Adjacent Approach: Thru-Thru,Intersection from adjacent approaches,E,0,0,1,2,3,2,0,0,0,0,0,0
5179,Minor injury,2003,March,Friday,18,Sideswipe,Multi-Vehicle,153.1185582,-27.6433245,Brisbane - Beenleigh Rd,,Brisbane - Beenleigh Road,Logan Central,Logan City,4114,Logan Central,Logan,South Eastern,SEQ South,South Coast,Logan Central,Springwood - Kingston,Logan - Beaudesert,Major Cities,Woodridge,Rankin,State-controlled,No Roadway Feature,No traffic control,70 km/h,Sealed - Wet,Clear,Darkness - Lighted,Straight,Level,306,Veh'S Same Direction: Lane Change Right,Lane changes,S,0,0,0,1,1,1,1,0,0,0,0,0
5180,Property damage only,2003,March,Friday,13,Rear-end,Multi-Vehicle,153.0580191,-27.41679695,Sandgate Rd,,,Clayfield,Brisbane City,4011,Hendra,North Brisbane,Brisbane,SEQ North,Metropolitan,Clayfield,Brisbane Inner - North,Brisbane Inner City,Major Cities,Clayfield,Brisbane,Locally-controlled,No Roadway Feature,No traffic control,60 km/h,Sealed - Wet,Raining,Daylight,Curved - view obscured,Crest,301,Veh'S Same Direction: Rear End,Rear-end,S,0,0,0,0,0,3,0,0,0,0,0,0
5181,Property damage only,2003,March,Friday,15,Sideswipe,Multi-Vehicle,152.8789374,-26.6718965,Kondalilla Falls Rd,,,Flaxton,Sunshine Coast Region,4560,Palmwoods,Sunshine Coast,Central,SEQ North,North Coast and Wide Bay/Burnett,Maroochy Hinterland,Sunshine Coast Hinterland,Sunshine Coast,Inner Regional,Glass House,Fairfax,Locally-controlled,No Roadway Feature,No traffic control,60 km/h,Sealed - Dry,Clear,Daylight,Curved - view obscured,Dip,201,Veh'S Opposite Approach: Head On,Head-on,E,0,0,0,0,0,1,0,0,1,0,0,0
5182,Medical treatment,2003,March,Friday,8,Head-on,Multi-Vehicle,153.443103,-28.14127742,Leopard Ave,Water Gum St,,Elanora,Gold Coast City,4221,Palm Beach,Gold Coast,South Eastern,SEQ South,South Coast,Elanora,Coolangatta,Gold Coast,Major Cities,Currumbin,Mcpherson,Locally-controlled,Intersection - T-Junction,No traffic control,0 - 50 km/h,Sealed - Dry,Clear,Daylight,Straight,Level,106,Veh'S Adjacent Approach: Left-Right,Intersection from adjacent approaches,N,0,0,1,0,1,2,0,0,0,0,0,0
5183,Medical treatment,2003,March,Saturday,13,Rear-end,Multi-Vehicle,153.0716082,-27.52924537,Logan Rd,,,Holland Park West,Brisbane City,4121,Holland Park,South Brisbane,Brisbane,SEQ South,Metropolitan,Holland Park,Holland Park - Yeronga,Brisbane - South,Major Cities,Greenslopes,Griffith,Locally-controlled,No Roadway Feature,No traffic control,60 km/h,Sealed - Dry,Clear,Daylight,Straight,Level,301,Veh'S Same Direction: Rear End,Rear-end,S,0,0,1,0,1,2,0,0,0,0,0,0
5184,Property damage only,2003,March,Saturday,15,Head-on,Multi-Vehicle,0,0,Unnamed Rd,,,Unknown,Unknown,Unknown,Unknown,Unknown,Unknown,Unknown,Unknown,Unknown,Unknown,Unknown,Unknown,Unknown,Unknown,Locally-controlled,No Roadway Feature,No traffic control,0 - 50 km/h,Unsealed - Dry,Clear,Daylight,Curved - view obscured,Level,201,Veh'S Opposite Approach: Head On,Head-on,N,0,0,0,0,0,1,0,0,1,0,0,0
5185,Medical treatment,2003,March,Saturday,14,Rear-end,Multi-Vehicle,153.1438325,-27.64683585,Loganlea Rd,,,Slacks Creek,Logan City,4127,Springwood,Logan,South Eastern,SEQ South,South Coast,Slacks Creek,Springwood - Kingston,Logan - Beaudesert,Major Cities,Waterford,Rankin,Locally-controlled,No Roadway Feature,No traffic control,60 km/h,Sealed - Dry,Clear,Daylight,Straight,Level,301,Veh'S Same Direction: Rear End,Rear-end,N,0,0,1,0,1,2,0,0,0,0,0,0
5186,Hospitalisation,2003,March,Saturday,2,Hit pedestrian,Hit pedestrian,153.0697597,-27.66886037,Browns Plains Rd,,,Berrinba,Logan City,4117,Crestmead,Logan,South Eastern,SEQ South,South Coast,Browns Plains,Browns Plains,Logan - Beaudesert,Major Cities,Woodridge,Rankin,Locally-controlled,No Roadway Feature,No traffic control,60 km/h,Sealed - Dry,Clear,Darkness - Not lighted,Straight,Level,0,Ped'N: Hit Other,Other,S,0,1,0,0,1,1,0,0,0,0,1,0
5187,Property damage only,2003,March,Saturday,17,Overturned,Single Vehicle,152.9707139,-26.86385871,Mawsons Rd,,,Beerwah,Sunshine Coast Region,4519,Beerwah,Sunshine Coast,Central,SEQ North,North Coast and Wide Bay/Burnett,Beerwah,Sunshine Coast Hinterland,Sunshine Coast,Inner Regional,Caloundra,Fisher,Locally-controlled,No Roadway Feature,No traffic control,80 - 90 km/h,Sealed - Dry,Clear,Dawn/Dusk,Straight,Level,701,Off Path-Straight: Left Off Cway,Off carriageway on straight,W,0,0,0,0,0,0,0,1,0,0,0,0
5188,Property damage only,2003,March,Saturday,11,Rear-end,Multi-Vehicle,149.1835346,-21.1625922,Bridge Rd,,,South Mackay,Mackay Region,4740,Mackay,Mackay,Central,Central,Central Queensland,South Mackay,Mackay,Mackay - Isaac - Whitsunday,Inner Regional,Mackay,Dawson,Locally-controlled,No Roadway Feature,No traffic control,60 km/h,Sealed - Dry,Clear,Daylight,Straight,Level,301,Veh'S Same Direction: Rear End,Rear-end,W,0,0,0,0,0,3,0,0,0,0,0,0
5189,Medical treatment,2003,March,Sunday,15,Sideswipe,Multi-Vehicle,152.9706473,-27.44826829,Acton St,Waterworks Rd,,Ashgrove,Brisbane City,4060,The Gap,North Brisbane,Brisbane,SEQ North,Metropolitan,Ashgrove,Brisbane Inner - West,Brisbane Inner City,Major Cities,Cooper,Ryan,Locally-controlled,Intersection - T-Junction,No traffic control,0 - 50 km/h,Sealed - Dry,Clear,Daylight,Straight,Level,201,Veh'S Opposite Approach: Head On,Head-on,W,0,0,1,1,2,2,0,0,0,0,0,0
5190,Property damage only,2003,March,Sunday,11,Rear-end,Multi-Vehicle,153.0158377,-27.35504495,Gympie Rd,,Gympie Arterial Road,Carseldine,Brisbane City,4034,Carseldine,North Brisbane,Brisbane,SEQ North,Metropolitan,Carseldine,Bald Hills - Everton Park,Brisbane - North,Major Cities,Aspley,Petrie,State-controlled,No Roadway Feature,No traffic control,70 km/h,Sealed - Dry,Clear,Daylight,Straight,Level,301,Veh'S Same Direction: Rear End,Rear-end,S,0,0,0,0,0,4,0,0,0,0,0,0
5191,Hospitalisation,2003,March,Sunday,17,Hit object,Single Vehicle,152.6596362,-26.19336669,Bruce Hwy,,Bruce Highway (Brisbane - Gympie),Gympie,Gympie Region,4570,Gympie,Wide Bay Burnett,Central,Southern,North Coast and Wide Bay/Burnett,Gympie - North,Gympie - Cooloola,Wide Bay,Inner Regional,Gympie,Wide Bay,State-controlled,No Roadway Feature,No traffic control,60 km/h,Sealed - Dry,Clear,Daylight,Curved - view open,Level,808,Off Path-Curve: Mounts Traffic Island,Off carriageway on curve hit object,N,0,1,0,0,1,1,0,0,0,0,0,0
5192,Fatal,2003,March,Sunday,0,Hit object,Single Vehicle,152.1105281,-24.70581118,South Littabella Rd,,,Yandaran,Bundaberg Region,4673,South Kolan,Wide Bay Burnett,Central,Southern,North Coast and Wide Bay/Burnett,Bundaberg Region - North,Bundaberg,Wide Bay,Inner Regional,Burnett,Flynn,Locally-controlled,No Roadway Feature,No traffic control,100 - 110 km/h,Sealed - Dry,Clear,Darkness - Not lighted,Curved - view open,Level,803,Off Path-Curve: Off Cway Rt Bend Hit Obj,Off carriageway on curve hit object,S,2,0,0,0,2,1,0,0,0,0,0,0
5193,Property damage only,2003,March,Sunday,6,Hit object,Single Vehicle,152.0250461,-28.2019106,Horsman Rd,,,Warwick,Southern Downs Region,4370,Warwick,Darling Downs,Southern,Southern,Downs South West,Warwick,Granite Belt,Darling Downs - Maranoa,Inner Regional,Southern Downs,Maranoa,Locally-controlled,No Roadway Feature,No traffic control,60 km/h,Sealed - Dry,Clear,Daylight,Straight,Grade,703,Off Path-Straight: Left Off Cway Hit Obj,Off carriageway on straight hit object,W,0,0,0,0,0,1,0,0,0,0,0,0
5194,Hospitalisation,2003,March,Sunday,16,Hit object,Single Vehicle,147.4798909,-19.45308672,Sandowns St,,,Alva,Burdekin Shire,4807,Ayr,Townsville,Northern,Northern,North Queensland,Burdekin,Charters Towers - Ayr - Ingham,Townsville,Outer Regional,Burdekin,Dawson,Locally-controlled,No Roadway Feature,No traffic control,60 km/h,Sealed - Dry,Clear,Daylight,Curved - view obscured,Level,400,Veh'S Manoeuvring: Other,Other,S,0,3,0,0,3,1,0,0,0,0,0,0
5195,Fatal,2003,March,Monday,5,Hit object,Single Vehicle,153.2722531,-27.57709032,Redland Bay Rd,,Redland Bay Road,Thornlands,Redland City,4164,Cleveland,South Brisbane,Brisbane,SEQ South,Metropolitan,Thornlands,Cleveland - Stradbroke,Brisbane - East,Major Cities,Redlands,Bowman,State-controlled,No Roadway Feature,No traffic control,70 km/h,Sealed - Dry,Clear,Dawn/Dusk,Straight,Level,703,Off Path-Straight: Left Off Cway Hit Obj,Off carriageway on straight hit object,E,1,0,0,0,1,1,0,0,0,0,0,0