Crash_Ref_Number,Crash_Severity,Crash_Year,Crash_Month,Crash_Day_Of_Week,Crash_Hour,Crash_Nature,Crash_Type,Crash_Longitude_GDA94,Crash_Latitude_GDA94,Crash_Street,Crash_Street_Intersecting,State_Road_Name,Loc_Suburb,Loc_Local_Government_Area,Loc_Post_Code,Loc_Police_Division,Loc_Police_District,Loc_Police_Region,Loc_Queensland_Transport_Region,Loc_Main_Roads_Region,Loc_ABS_Statistical_Area_2,Loc_ABS_Statistical_Area_3,Loc_ABS_Statistical_Area_4,Loc_ABS_Remoteness,Loc_State_Electorate,Loc_Federal_Electorate,Crash_Controlling_Authority,Crash_Roadway_Feature,Crash_Traffic_Control,Crash_Speed_Limit,Crash_Road_Surface_Condition,Crash_Atmospheric_Condition,Crash_Lighting_Condition,Crash_Road_Horiz_Align,Crash_Road_Vert_Align,Crash_DCA_Code,Crash_DCA_Description,Crash_DCA_Group_Description,DCA_Key_Approach_Dir,Count_Casualty_Fatality,Count_Casualty_Hospitalised,Count_Casualty_MedicallyTreated,Count_Casualty_MinorInjury,Count_Casualty_Total,Count_Unit_Car,Count_Unit_Motorcycle_Moped,Count_Unit_Truck,Count_Unit_Bus,Count_Unit_Bicycle,Count_Unit_Pedestrian,Count_Unit_Other
5196,Property damage only,2003,March,Monday,7,Angle,Multi-Vehicle,152.7476617,-27.60944484,Harlin Rd,Hawthorne St,,Coalfalls,Ipswich City,4305,Ipswich,Ipswich,Southern,SEQ South,Metropolitan,Ipswich - Central,Ipswich Inner,Ipswich,Major Cities,Ipswich,Blair,Locally-controlled,Intersection - Cross,Stop sign,60 km/h,Sealed - Dry,Clear,Daylight,Straight,Crest,104,Veh'S Adjacent Approach: Thru-Right,Intersection from adjacent approaches,N,0,0,0,0,0,2,0,0,0,0,0,0
5197,Medical treatment,2003,March,Monday,9,Hit parked vehicle,Single Vehicle,153.0345385,-27.41978023,Lutwyche Rd,,,Lutwyche,Brisbane City,4030,Stafford,North Brisbane,Brisbane,SEQ North,Metropolitan,Wooloowin - Lutwyche,Brisbane Inner - North,Brisbane Inner City,Major Cities,Clayfield,Brisbane,Locally-controlled,No Roadway Feature,No traffic control,60 km/h,Sealed - Dry,Clear,Daylight,Straight,Level,601,Veh'S On Path: Parked,Hit parked vehicle,N,0,0,1,0,1,2,0,0,0,0,0,0
5198,Property damage only,2003,March,Monday,0,Hit object,Single Vehicle,153.4145483,-28.04018017,Rio Vista Blvd,,,Mermaid Waters,Gold Coast City,4218,Broadbeach,Gold Coast,South Eastern,SEQ South,South Coast,Mermaid Waters,Broadbeach - Burleigh,Gold Coast,Major Cities,Mermaid Beach,Moncrieff,Locally-controlled,No Roadway Feature,No traffic control,60 km/h,Sealed - Wet,Raining,Darkness - Lighted,Straight,Level,703,Off Path-Straight: Left Off Cway Hit Obj,Off carriageway on straight hit object,N,0,0,0,0,0,1,0,0,0,0,0,0
5199,Minor injury,2003,March,Monday,8,Rear-end,Multi-Vehicle,153.4711982,-28.14673074,Currumbin Creek Rd,Stewart Rd,Currumbin Creek Road,Currumbin Waters,Gold Coast City,4223,Coolangatta,Gold Coast,South Eastern,SEQ South,South Coast,Currumbin Waters,Coolangatta,Gold Coast,Major Cities,Currumbin,Mcpherson,State-controlled,Intersection - T-Junction,Give way sign,60 km/h,Sealed - Dry,Clear,Daylight,Straight,Level,302,Veh'S Same Direction: Left Rear,Rear-end,W,0,0,0,1,1,2,0,0,0,0,0,0
5200,Minor injury,2003,March,Monday,21,Angle,Multi-Vehicle,153.1149568,-26.67582504,Maroochydore - Mooloolaba Rd,Mooloolaba Rd,,Alexandra Headland,Sunshine Coast Region,4557,Maroochydore,Sunshine Coast,Central,SEQ North,North Coast and Wide Bay/Burnett,Mooloolaba - Alexandra Headland,Maroochy,Sunshine Coast,Major Cities,Maroochydore,Fisher,Locally-controlled,Intersection - T-Junction,Operating traffic lights,60 km/h,Sealed - Wet,Clear,Darkness - Lighted,Straight,Crest,202,Veh'S Opposite Approach: Thru-Right,Opposing vehicles turning,S,0,0,0,2,2,2,0,0,0,0,0,0
5201,Medical treatment,2003,March,Monday,18,Angle,Multi-Vehicle,153.0636833,-26.40009585,George St,Mary St,,Noosaville,Noosa Shire,4566,Noosa Heads,Sunshine Coast,Central,SEQ North,North Coast and Wide Bay/Burnett,Noosaville,Noosa,Sunshine Coast,Major Cities,Noosa,Wide Bay,Locally-controlled,Intersection - T-Junction,No traffic control,60 km/h,Sealed - Wet,Raining,Darkness - Lighted,Straight,Level,202,Veh'S Opposite Approach: Thru-Right,Opposing vehicles turning,E,0,0,1,0,1,2,0,0,0,0,0,0
5202,Medical treatment,2003,March,Monday,13,Angle,Multi-Vehicle,152.8321865,-25.28349707,Old Maryborough Rd,,,Pialba,Fraser Coast Region,4655,Hervey Bay,Wide Bay Burnett,Central,Southern,North Coast and Wide Bay/Burnett,Pialba - Eli Waters,Hervey Bay,Wide Bay,Inner Regional,Hervey Bay,Hinkler,Locally-controlled,No Roadway Feature,No traffic control,60 km/h,Sealed - Wet,Clear,Daylight,Straight,Level,406,Veh'S Manoeuvring: Leaving Driveway,Vehicle leaving driveway,W,0,0,2,0,2,2,0,0,0,0,0,0
5203,Medical treatment,2003,March,Tuesday,21,Rear-end,Multi-Vehicle,153.0296918,-27.47015855,Felix St,Mary St,,Brisbane City,Brisbane City,4000,Brisbane City,North Brisbane,Brisbane,SEQ North,Metropolitan,Brisbane City,Brisbane Inner,Brisbane Inner City,Major Cities,Mcconnel,Brisbane,Locally-controlled,Intersection - T-Junction,Operating traffic lights,60 km/h,Sealed - Wet,Raining,Darkness - Lighted,Straight,Level,301,Veh'S Same Direction: Rear End,Rear-end,N,0,0,3,0,3,2,0,0,0,0,0,0
5204,Property damage only,2003,March,Tuesday,21,Hit object,Single Vehicle,152.9699051,-27.58746283,Poplar St,,,Inala,Brisbane City,4077,Inala,South Brisbane,Brisbane,SEQ South,Metropolitan,Inala - Richlands,Forest Lake - Oxley,Ipswich,Major Cities,Inala,Oxley,Locally-controlled,No Roadway Feature,No traffic control,60 km/h,Sealed - Wet,Clear,Darkness - Lighted,Straight,Level,703,Off Path-Straight: Left Off Cway Hit Obj,Off carriageway on straight hit object,N,0,0,0,0,0,1,0,0,0,0,0,0
5205,Minor injury,2003,March,Tuesday,22,Hit object,Single Vehicle,153.0187006,-27.49027985,Gladstone Rd,,,Highgate Hill,Brisbane City,4101,West End,South Brisbane,Brisbane,SEQ South,Metropolitan,Highgate Hill,Brisbane Inner,Brisbane Inner City,Major Cities,South Brisbane,Griffith,Locally-controlled,No Roadway Feature,No traffic control,60 km/h,Sealed - Wet,Raining,Darkness - Lighted,Curved - view open,Grade,607,Veh'S On Path: Temporary Object On C'Way,Other,N,0,0,0,2,2,1,0,0,0,0,0,0
5206,Minor injury,2003,March,Tuesday,8,Angle,Multi-Vehicle,153.2085404,-27.53579722,Capalaba - Victoria Point Rd,Windemere Rd,Capalaba - Victoria Point Road,Alexandra Hills,Redland City,4157,Capalaba,South Brisbane,Brisbane,SEQ South,Metropolitan,Alexandra Hills,Capalaba,Brisbane - East,Major Cities,Capalaba,Bowman,State-controlled,Intersection - T-Junction,Operating traffic lights,70 km/h,Sealed - Dry,Clear,Daylight,Curved - view open,Grade,406,Veh'S Manoeuvring: Leaving Driveway,Vehicle leaving driveway,W,0,0,0,1,1,1,0,0,0,1,0,0
5207,Property damage only,2003,March,Tuesday,16,Angle,Multi-Vehicle,152.5480002,-27.44060616,Clarendon Rd,Nunns Rd,,Clarendon,Somerset Region,4311,Lowood,Ipswich,Southern,SEQ North,North Coast and Wide Bay/Burnett,Lowood,Ipswich Hinterland,Ipswich,Inner Regional,Lockyer,Blair,Locally-controlled,Intersection - T-Junction,Give way sign,60 km/h,Sealed - Wet,Clear,Daylight,Curved - view open,Level,107,Veh'S Adjacent Approach: Thru-Left,Intersection from adjacent approaches,E,0,0,0,0,0,2,0,0,0,0,0,0
5208,Hospitalisation,2003,March,Tuesday,2,Angle,Multi-Vehicle,153.4318833,-28.0121281,Frederick St,Garfield Tce,,Surfers Paradise,Gold Coast City,4217,Surfers Paradise,Gold Coast,South Eastern,SEQ South,South Coast,Surfers Paradise,Surfers Paradise,Gold Coast,Major Cities,Surfers Paradise,Moncrieff,Locally-controlled,Intersection - Cross,No traffic control,0 - 50 km/h,Sealed - Dry,Clear,Darkness - Lighted,Straight,Level,101,Veh'S Adjacent Approach: Thru-Thru,Intersection from adjacent approaches,E,0,1,0,0,1,1,1,0,0,0,0,0
5209,Medical treatment,2003,March,Tuesday,13,Hit object,Single Vehicle,153.0288841,-26.84828176,Bruce Hwy,,Bruce Highway (Brisbane - Gympie),Bells Creek,Sunshine Coast Region,4551,Beerwah,Sunshine Coast,Central,SEQ North,North Coast and Wide Bay/Burnett,Landsborough,Sunshine Coast Hinterland,Sunshine Coast,Inner Regional,Caloundra,Fisher,State-controlled,No Roadway Feature,No traffic control,100 - 110 km/h,Sealed - Wet,Raining,Daylight,Straight,Level,704,Off Path-Straight:Right Off Cway Hit Obj,Off carriageway on straight hit object,N,0,0,1,0,1,1,0,0,0,0,0,0
5210,Hospitalisation,2003,March,Tuesday,10,Rear-end,Multi-Vehicle,152.6581799,-26.19236719,Bruce Hwy,Monkland St,Bruce Highway (Gympie - Maryborough),Gympie,Gympie Region,4570,Gympie,Wide Bay Burnett,Central,Southern,North Coast and Wide Bay/Burnett,Gympie - North,Gympie - Cooloola,Wide Bay,Inner Regional,Gympie,Wide Bay,State-controlled,Intersection - Cross,Operating traffic lights,60 km/h,Sealed - Wet,Raining,Daylight,Straight,Grade,303,Veh'S Same Direction: Right Rear,Rear-end,N,0,1,0,0,1,1,1,1,0,0,0,0
5211,Property damage only,2003,March,Tuesday,7,Angle,Multi-Vehicle,150.3749944,-28.49403263,Cunningham Hwy,Peglers Rd,Cunningham Highway (Inglewood-Goondiwindi),Goondiwindi,Goondiwindi Region,4390,Goondiwindi,Darling Downs,Southern,Southern,Downs South West,Goondiwindi,Darling Downs (west) - Maranoa,Darling Downs - Maranoa,Outer Regional,Southern Downs,Maranoa,State-controlled,Intersection - T-Junction,No traffic control,100 - 110 km/h,Sealed - Dry,Clear,Daylight,Straight,Level,103,Veh'S Adjacent Approach: Left-Thru,Intersection from adjacent approaches,N,0,0,0,0,0,1,0,1,0,0,0,0
5212,Hospitalisation,2003,March,Wednesday,21,Rear-end,Multi-Vehicle,152.9916133,-27.4180391,Wardell St,,Western Arterial Road (Toowong - Everton Park),Enoggera,Brisbane City,4051,Ferny Grove,North Brisbane,Brisbane,SEQ North,Metropolitan,Enoggera,The Gap - Enoggera,Brisbane - West,Major Cities,Everton,Brisbane,State-controlled,No Roadway Feature,No traffic control,60 km/h,Sealed - Dry,Clear,Darkness - Lighted,Straight,Dip,301,Veh'S Same Direction: Rear End,Rear-end,S,0,1,0,0,1,1,1,0,0,0,0,0
5213,Minor injury,2003,March,Wednesday,14,Rear-end,Multi-Vehicle,153.3529657,-28.07031205,Tallai Rd,,,Tallai,Gold Coast City,4213,Mudgeeraba,Gold Coast,South Eastern,SEQ South,South Coast,Worongary - Tallai,Nerang,Gold Coast,Major Cities,Mudgeeraba,Wright,Locally-controlled,No Roadway Feature,No traffic control,60 km/h,Sealed - Dry,Clear,Daylight,Straight,Level,303,Veh'S Same Direction: Right Rear,Rear-end,W,0,0,0,1,1,2,0,0,0,0,0,0
5214,Property damage only,2003,March,Wednesday,15,Hit parked vehicle,Single Vehicle,152.6587932,-26.18670843,King St,,,Gympie,Gympie Region,4570,Gympie,Wide Bay Burnett,Central,Southern,North Coast and Wide Bay/Burnett,Gympie - North,Gympie - Cooloola,Wide Bay,Inner Regional,Gympie,Wide Bay,Locally-controlled,No Roadway Feature,No traffic control,0 - 50 km/h,Sealed - Wet,Raining,Daylight,Straight,Grade,601,Veh'S On Path: Parked,Hit parked vehicle,N,0,0,0,0,0,2,0,0,0,0,0,0
5215,Property damage only,2003,March,Wednesday,10,Non-collision - miscellaneous,Other,149.8952288,-25.81795344,Leichhardt Hwy,,Leichhardt Highway (Taroom - Miles),Taroom,Banana Shire,4420,Taroom,South West,Southern,Central,Central Queensland,Banana,Biloela,Central Queensland,Remote,Callide,Flynn,State-controlled,No Roadway Feature,No traffic control,100 - 110 km/h,Sealed - Dry,Clear,Daylight,Curved - view open,Grade,400,Veh'S Manoeuvring: Other,Other,S,0,0,0,0,0,0,0,0,0,0,0,1
5216,Hospitalisation,2003,March,Wednesday,10,Hit object,Single Vehicle,150.5159194,-23.3109322,Bruce Hwy,,Bruce Highway (Rockhampton-St Lawrence),Parkhurst,Rockhampton Region,4702,North Rockhampton,Capricornia,Central,Central,Central Queensland,Parkhurst - Kawana,Rockhampton,Central Queensland,Inner Regional,Rockhampton,Capricornia,State-controlled,No Roadway Feature,No traffic control,70 km/h,Sealed - Dry,Clear,Daylight,Straight,Level,703,Off Path-Straight: Left Off Cway Hit Obj,Off carriageway on straight hit object,S,0,1,0,0,1,1,0,0,0,0,0,0
5217,Hospitalisation,2003,March,Thursday,16,Hit pedestrian,Hit pedestrian,153.0120096,-27.45456109,Kelvin Grove Rd,Victoria St,,Kelvin Grove,Brisbane City,4059,Brisbane City,North Brisbane,Brisbane,SEQ North,Metropolitan,Red Hill (qld),Brisbane Inner - West,Brisbane Inner City,Major Cities,Cooper,Brisbane,Locally-controlled,Intersection - T-Junction,No traffic control,60 km/h,Sealed - Dry,Clear,Daylight,Straight,Grade,3,Ped'N: Far Side Vehicle Hit From Left,Pedestrian,N,0,1,1,0,2,0,1,0,0,0,1,0
5218,Property damage only,2003,March,Thursday,16,Rear-end,Multi-Vehicle,153.0309135,-27.38638791,Gympie Rd,,Gympie Arterial Road,Chermside,Brisbane City,4032,Boondall,North Brisbane,Brisbane,SEQ North,Metropolitan,Chermside,Chermside,Brisbane - North,Major Cities,Stafford,Lilley,State-controlled,No Roadway Feature,No traffic control,60 km/h,Sealed - Dry,Clear,Daylight,Straight,Level,301,Veh'S Same Direction: Rear End,Rear-end,N,0,0,0,0,0,3,0,0,0,0,0,0
5219,Medical treatment,2003,March,Thursday,3,Hit object,Single Vehicle,153.0410409,-27.41489853,Gorman St,Park Rd,,Wooloowin,Brisbane City,4030,Hendra,North Brisbane,Brisbane,SEQ North,Metropolitan,Wooloowin - Lutwyche,Brisbane Inner - North,Brisbane Inner City,Major Cities,Clayfield,Brisbane,Locally-controlled,Intersection - T-Junction,No traffic control,60 km/h,Sealed - Wet,Raining,Darkness - Lighted,Straight,Level,700,Off Path-Straight: Other,Other,W,0,0,2,0,2,1,0,0,0,0,0,0
5220,Hospitalisation,2003,March,Thursday,14,Angle,Multi-Vehicle,152.9767861,-27.38999599,Queens Rd,Timms Rd,,Everton Park,Brisbane City,4053,Ferny Grove,North Brisbane,Brisbane,SEQ North,Metropolitan,Everton Park,Bald Hills - Everton Park,Brisbane - North,Major Cities,Everton,Lilley,Locally-controlled,Intersection - T-Junction,No traffic control,60 km/h,Sealed - Dry,Clear,Daylight,Straight,Level,104,Veh'S Adjacent Approach: Thru-Right,Intersection from adjacent approaches,N,0,1,0,1,2,2,0,0,0,0,0,0
5221,Medical treatment,2003,March,Thursday,7,Rear-end,Multi-Vehicle,152.963535,-27.41159411,Samford Rd,,Samford Sub-Arterial Road,Keperra,Brisbane City,4054,Ferny Grove,North Brisbane,Brisbane,SEQ North,Metropolitan,Keperra,The Gap - Enoggera,Brisbane - West,Major Cities,Ferny Grove,Ryan,State-controlled,No Roadway Feature,No traffic control,60 km/h,Sealed - Dry,Clear,Daylight,Straight,Level,301,Veh'S Same Direction: Rear End,Rear-end,E,0,0,1,0,1,2,1,0,0,0,0,0
5222,Medical treatment,2003,March,Thursday,17,Rear-end,Multi-Vehicle,152.9625778,-27.41198258,Samford Rd,,Samford Sub-Arterial Road,Keperra,Brisbane City,4054,Ferny Grove,North Brisbane,Brisbane,SEQ North,Metropolitan,Keperra,The Gap - Enoggera,Brisbane - West,Major Cities,Ferny Grove,Ryan,State-controlled,No Roadway Feature,No traffic control,60 km/h,Sealed - Dry,Clear,Daylight,Straight,Level,301,Veh'S Same Direction: Rear End,Rear-end,E,0,0,1,0,1,3,0,0,0,0,0,0
5223,Property damage only,2003,March,Friday,13,Rear-end,Multi-Vehicle,153.0381026,-27.44624671,Abbotsford Rd,,,Bowen Hills,Brisbane City,4006,Fortitude Valley,North Brisbane,Brisbane,SEQ North,Metropolitan,Newstead - Bowen Hills,Brisbane Inner - North,Brisbane Inner City,Major Cities,Mcconnel,Brisbane,Locally-controlled,No Roadway Feature,No traffic control,60 km/h,Sealed - Dry,Clear,Daylight,Straight,Grade,301,Veh'S Same Direction: Rear End,Rear-end,S,0,0,0,0,0,3,0,0,0,0,0,0
5224,Property damage only,2003,March,Friday,16,Angle,Multi-Vehicle,152.947933,-27.50815188,Marshall La,,,Kenmore,Brisbane City,4069,Indooroopilly,North Brisbane,Brisbane,SEQ North,Metropolitan,Kenmore,Kenmore - Brookfield - Moggill,Brisbane - West,Major Cities,Moggill,Ryan,Locally-controlled,No Roadway Feature,Stop sign,60 km/h,Sealed - Dry,Clear,Daylight,Straight,Level,406,Veh'S Manoeuvring: Leaving Driveway,Vehicle leaving driveway,S,0,0,0,0,0,2,0,0,0,0,0,0
5225,Property damage only,2003,March,Friday,16,Hit object,Single Vehicle,153.0449338,-27.57426816,Breton St,Macgroarty St,,Coopers Plains,Brisbane City,4108,Upper Mount Gravatt,South Brisbane,Brisbane,SEQ South,Metropolitan,Coopers Plains,Nathan,Brisbane - South,Major Cities,Toohey,Moreton,Locally-controlled,Intersection - T-Junction,No traffic control,60 km/h,Sealed - Dry,Clear,Daylight,Straight,Grade,700,Off Path-Straight: Other,Other,W,0,0,0,0,0,1,0,0,0,0,0,0
5226,Hospitalisation,2003,March,Friday,16,Angle,Multi-Vehicle,153.057055,-27.36565968,Bilsen Rd,,,Geebung,Brisbane City,4034,Boondall,North Brisbane,Brisbane,SEQ North,Metropolitan,Northgate - Virginia,Nundah,Brisbane - North,Major Cities,Nudgee,Lilley,Locally-controlled,No Roadway Feature,No traffic control,60 km/h,Sealed - Dry,Clear,Daylight,Straight,Level,406,Veh'S Manoeuvring: Leaving Driveway,Vehicle leaving driveway,S,0,1,0,0,1,2,0,0,0,0,0,0
5227,Property damage only,2003,March,Friday,13,Sideswipe,Multi-Vehicle,153.2025122,-27.70530808,Pacific Hwy,,Pacific Highway (Pacific Motorway),Beenleigh,Logan City,4207,Beenleigh,Logan,South Eastern,SEQ South,South Coast,Beenleigh,Beenleigh,Logan - Beaudesert,Major Cities,Macalister,Forde,State-controlled,No Roadway Feature,No traffic control,100 - 110 km/h,Sealed - Dry,Clear,Daylight,Straight,Level,305,Veh'S Same Direction: Lane Side Swipe,Lane changes,N,0,0,0,0,0,1,0,1,0,0,0,0
5228,Minor injury,2003,March,Friday,5,Overturned,Single Vehicle,153.0205168,-27.28230957,Bruce Hwy,,Bruce Highway (Brisbane - Gympie),Griffin,Moreton Bay Region,4503,Mango Hill North Lakes,North Brisbane,Brisbane,SEQ North,North Coast and Wide Bay/Burnett,Murrumba Downs - Griffin,North Lakes,Moreton Bay - South,Major Cities,Murrumba,Petrie,State-controlled,No Roadway Feature,No traffic control,100 - 110 km/h,Sealed - Dry,Clear,Daylight,Straight,Level,702,Off Path-Straight: Right Off Cway,Off carriageway on straight,S,0,0,0,1,1,1,0,0,0,0,0,0
5229,Minor injury,2003,March,Friday,17,Rear-end,Multi-Vehicle,153.1384009,-27.63374056,Chatswood Rd,Magellan Rd,,Springwood,Logan City,4127,Springwood,Logan,South Eastern,SEQ South,South Coast,Daisy Hill,Springwood - Kingston,Logan - Beaudesert,Major Cities,Springwood,Rankin,Locally-controlled,Intersection - Roundabout,Give way sign,60 km/h,Sealed - Dry,Clear,Daylight,Straight,Level,301,Veh'S Same Direction: Rear End,Rear-end,E,0,0,0,1,1,2,0,0,0,0,0,0
5230,Minor injury,2003,March,Friday,13,Rear-end,Multi-Vehicle,153.1165428,-27.6017891,South East Arterial Rd,,Pacific Highway (Pacific Motorway),Rochedale South,Logan City,4123,Springwood,Logan,South Eastern,SEQ South,South Coast,Rochedale South - Priestdale,Springwood - Kingston,Logan - Beaudesert,Major Cities,Springwood,Rankin,State-controlled,No Roadway Feature,No traffic control,100 - 110 km/h,Sealed - Dry,Clear,Daylight,Straight,Level,301,Veh'S Same Direction: Rear End,Rear-end,S,0,0,0,1,1,2,0,0,0,0,0,0
5231,Fatal,2003,March,Friday,22,Hit object,Single Vehicle,153.1558604,-27.52046111,Bacton Rd,Tilley Rd,,Chandler,Brisbane City,4155,Capalaba,South Brisbane,Brisbane,SEQ South,Metropolitan,Belmont - Gumdale,Capalaba,Brisbane - East,Major Cities,Chatsworth,Bonner,Locally-controlled,Intersection - T-Junction,No traffic control,60 km/h,Sealed - Dry,Clear,Darkness - Not lighted,Curved - view obscured,Grade,804,Off Path-Curve: Off Cway Lt Bend Hit Obj,Off carriageway on curve hit object,W,1,0,0,0,1,0,1,0,0,0,0,0
5232,Medical treatment,2003,March,Friday,10,Angle,Multi-Vehicle,153.1896138,-27.52306948,Mt Cotton Rd,Pittwin Rd N,,Capalaba,Redland City,4157,Capalaba,South Brisbane,Brisbane,SEQ South,Metropolitan,Capalaba,Capalaba,Brisbane - East,Major Cities,Capalaba,Bowman,Locally-controlled,Intersection - T-Junction,Operating traffic lights,60 km/h,Sealed - Dry,Clear,Daylight,Straight,Level,104,Veh'S Adjacent Approach: Thru-Right,Intersection from adjacent approaches,N,0,0,1,0,1,2,0,0,0,0,0,0
5233,Medical treatment,2003,March,Friday,16,Rear-end,Multi-Vehicle,153.0335081,-27.41121008,Gympie Rd,,,Kedron,Brisbane City,4031,Stafford,North Brisbane,Brisbane,SEQ North,Metropolitan,Kedron - Gordon Park,Chermside,Brisbane - North,Major Cities,Stafford,Lilley,Not coded,No Roadway Feature,No traffic control,60 km/h,Sealed - Dry,Clear,Daylight,Straight,Level,301,Veh'S Same Direction: Rear End,Rear-end,,0,0,1,0,1,3,0,0,0,0,0,0
5234,Minor injury,2003,March,Friday,19,Angle,Multi-Vehicle,153.0530562,-26.71335935,Sunshine Mwy,,Sunshine Motorway (Tanawha - Mooloolaba),Sippy Downs,Sunshine Coast Region,4556,Sippy Downs,Sunshine Coast,Central,SEQ North,North Coast and Wide Bay/Burnett,Sippy Downs,Buderim,Sunshine Coast,Major Cities,Buderim,Fisher,State-controlled,No Roadway Feature,No traffic control,100 - 110 km/h,Sealed - Dry,Clear,Darkness - Not lighted,Straight,Level,207,Veh'S Opposite Approach: U-Turn,U-turn,W,0,0,0,1,1,2,0,0,0,0,0,0
5235,Minor injury,2003,March,Friday,18,Angle,Multi-Vehicle,151.9299017,-28.66364028,College Rd,Stanthorpe Connection Rd,Stanthorpe Connection Road,Stanthorpe,Southern Downs Region,4380,Stanthorpe,Darling Downs,Southern,Southern,Downs South West,Stanthorpe,Granite Belt,Darling Downs - Maranoa,Outer Regional,Southern Downs,Maranoa,State-controlled,Intersection - Cross,Give way sign,60 km/h,Sealed - Dry,Clear,Dawn/Dusk,Straight,Grade,101,Veh'S Adjacent Approach: Thru-Thru,Intersection from adjacent approaches,N,0,0,0,1,1,2,0,0,0,0,0,0
5236,Property damage only,2003,March,Friday,15,Rear-end,Multi-Vehicle,151.2485265,-23.84160626,Lord St,,,Gladstone Central,Gladstone Region,4680,Gladstone,Capricornia,Central,Central,Central Queensland,Gladstone,Gladstone,Central Queensland,Inner Regional,Gladstone,Flynn,Locally-controlled,No Roadway Feature,No traffic control,60 km/h,Sealed - Dry,Clear,Daylight,Straight,Level,301,Veh'S Same Direction: Rear End,Rear-end,S,0,0,0,0,0,2,0,0,0,0,0,0
5237,Medical treatment,2003,March,Friday,10,Rear-end,Multi-Vehicle,150.5026623,-23.37492321,Bruce Hwy,,Bruce Highway (Rockhampton-St Lawrence),Rockhampton City,Rockhampton Region,4700,Rockhampton,Capricornia,Central,Central,Central Queensland,Rockhampton City,Rockhampton,Central Queensland,Inner Regional,Rockhampton,Capricornia,State-controlled,No Roadway Feature,No traffic control,60 km/h,Sealed - Dry,Clear,Daylight,Straight,Level,301,Veh'S Same Direction: Rear End,Rear-end,S,0,0,1,0,1,3,0,0,0,0,0,0
5238,Property damage only,2003,March,Saturday,23,Angle,Multi-Vehicle,153.010577,-27.46675894,Hale St Off Ramp,Milton Rd,,Petrie Terrace,Brisbane City,4000,Brisbane City,North Brisbane,Brisbane,SEQ North,Metropolitan,Brisbane City,Brisbane Inner,Brisbane Inner City,Major Cities,Mcconnel,Brisbane,Locally-controlled,Intersection - Interchange,Operating traffic lights,60 km/h,Sealed - Wet,Raining,Darkness - Lighted,Straight,Grade,104,Veh'S Adjacent Approach: Thru-Right,Intersection from adjacent approaches,E,0,0,0,0,0,3,0,0,0,0,0,0
5239,Minor injury,2003,March,Saturday,11,Rear-end,Multi-Vehicle,153.0592284,-27.49442711,Cavendish Rd,Old Cleveland Rd,,Coorparoo,Brisbane City,4151,Coorparoo,South Brisbane,Brisbane,SEQ South,Metropolitan,Coorparoo,Holland Park - Yeronga,Brisbane - South,Major Cities,Greenslopes,Griffith,Locally-controlled,Intersection - Cross,Operating traffic lights,60 km/h,Sealed - Dry,Clear,Daylight,Straight,Grade,302,Veh'S Same Direction: Left Rear,Rear-end,S,0,0,0,2,2,2,0,0,0,0,0,0
5240,Minor injury,2003,March,Saturday,22,Hit object,Single Vehicle,153.0986541,-27.4567773,Creek Rd,Lytton Rd,,Murarrie,Brisbane City,4172,Morningside,South Brisbane,Brisbane,SEQ South,Metropolitan,Murarrie,Wynnum - Manly,Brisbane - East,Major Cities,Bulimba,Griffith,Locally-controlled,Intersection - Cross,Operating traffic lights,70 km/h,Sealed - Wet,Raining,Darkness - Lighted,Straight,Grade,703,Off Path-Straight: Left Off Cway Hit Obj,Off carriageway on straight hit object,N,0,0,0,1,1,1,0,0,0,0,0,0
5241,Minor injury,2003,March,Saturday,16,Rear-end,Multi-Vehicle,153.0113235,-27.39129572,Appleby Rd,Rode Rd,,Chermside West,Brisbane City,4032,Stafford,North Brisbane,Brisbane,SEQ North,Metropolitan,Stafford Heights,Chermside,Brisbane - North,Major Cities,Stafford,Lilley,Locally-controlled,Intersection - T-Junction,No traffic control,60 km/h,Sealed - Dry,Clear,Daylight,Curved - view open,Grade,302,Veh'S Same Direction: Left Rear,Rear-end,N,0,0,0,1,1,2,0,0,0,0,0,0
5242,Minor injury,2003,March,Saturday,17,Rear-end,Multi-Vehicle,153.3515904,-27.87060913,Oxenford - Southport Rd,,Hope Island Road,Hope Island,Gold Coast City,4212,Coomera,Gold Coast,South Eastern,SEQ South,South Coast,Hope Island,Ormeau - Oxenford,Gold Coast,Major Cities,Broadwater,Fadden,State-controlled,No Roadway Feature,No traffic control,70 km/h,Sealed - Dry,Clear,Daylight,Straight,Level,301,Veh'S Same Direction: Rear End,Rear-end,E,0,0,0,1,1,2,0,0,0,0,0,0
5243,Minor injury,2003,March,Saturday,22,Hit object,Single Vehicle,153.3180051,-27.90831284,Pacific Hwy,,Pacific Highway (Pacific Motorway),Helensvale,Gold Coast City,4212,Coomera,Gold Coast,South Eastern,SEQ South,South Coast,Helensvale,Ormeau - Oxenford,Gold Coast,Major Cities,Theodore,Fadden,State-controlled,No Roadway Feature,No traffic control,100 - 110 km/h,Sealed - Wet,Raining,Darkness - Lighted,Straight,Level,700,Off Path-Straight: Other,Other,S,0,0,0,1,1,1,0,0,0,0,0,0
5244,Medical treatment,2003,March,Saturday,22,Rear-end,Multi-Vehicle,153.4252275,-27.97478007,Main Beach Pde,Waterways Dr,,Main Beach,Gold Coast City,4217,Surfers Paradise,Gold Coast,South Eastern,SEQ South,South Coast,Main Beach,Surfers Paradise,Gold Coast,Major Cities,Surfers Paradise,Moncrieff,Locally-controlled,Intersection - T-Junction,Stop sign,0 - 50 km/h,Sealed - Dry,Clear,Darkness - Lighted,Straight,Level,302,Veh'S Same Direction: Left Rear,Rear-end,W,0,0,1,0,1,2,0,0,0,0,0,0