Crash_Ref_Number,Crash_Severity,Crash_Year,Crash_Month,Crash_Day_Of_Week,Crash_Hour,Crash_Nature,Crash_Type,Crash_Longitude_GDA94,Crash_Latitude_GDA94,Crash_Street,Crash_Street_Intersecting,State_Road_Name,Loc_Suburb,Loc_Local_Government_Area,Loc_Post_Code,Loc_Police_Division,Loc_Police_District,Loc_Police_Region,Loc_Queensland_Transport_Region,Loc_Main_Roads_Region,Loc_ABS_Statistical_Area_2,Loc_ABS_Statistical_Area_3,Loc_ABS_Statistical_Area_4,Loc_ABS_Remoteness,Loc_State_Electorate,Loc_Federal_Electorate,Crash_Controlling_Authority,Crash_Roadway_Feature,Crash_Traffic_Control,Crash_Speed_Limit,Crash_Road_Surface_Condition,Crash_Atmospheric_Condition,Crash_Lighting_Condition,Crash_Road_Horiz_Align,Crash_Road_Vert_Align,Crash_DCA_Code,Crash_DCA_Description,Crash_DCA_Group_Description,DCA_Key_Approach_Dir,Count_Casualty_Fatality,Count_Casualty_Hospitalised,Count_Casualty_MedicallyTreated,Count_Casualty_MinorInjury,Count_Casualty_Total,Count_Unit_Car,Count_Unit_Motorcycle_Moped,Count_Unit_Truck,Count_Unit_Bus,Count_Unit_Bicycle,Count_Unit_Pedestrian,Count_Unit_Other
5341,Property damage only,2003,April,Monday,16,Rear-end,Multi-Vehicle,153.050776,-27.49890912,Main Ave,Old Cleveland Rd,,Stones Corner,Brisbane City,4120,Coorparoo,South Brisbane,Brisbane,SEQ South,Metropolitan,Greenslopes,Holland Park - Yeronga,Brisbane - South,Major Cities,Greenslopes,Griffith,Locally-controlled,Intersection - T-Junction,No traffic control,60 km/h,Sealed - Dry,Clear,Daylight,Straight,Grade,303,Veh'S Same Direction: Right Rear,Rear-end,W,0,0,0,0,0,2,0,0,0,0,0,0
5342,Hospitalisation,2003,April,Monday,7,Hit pedestrian,Hit pedestrian,152.9747539,-27.54841293,Cliveden Ave,,,Corinda,Brisbane City,4075,Sherwood,South Brisbane,Brisbane,SEQ South,Metropolitan,Corinda,Sherwood - Indooroopilly,Brisbane - West,Major Cities,Mount Ommaney,Moreton,Locally-controlled,No Roadway Feature,No traffic control,0 - 50 km/h,Sealed - Dry,Clear,Daylight,Straight,Level,1,Ped'N: Near Side Vehicle Hit From Right,Pedestrian,E,0,1,0,0,1,1,0,0,0,0,1,0
5343,Hospitalisation,2003,April,Monday,12,Hit object,Single Vehicle,153.1492259,-27.69427728,Brisbane - Beenleigh Rd,,Brisbane - Beenleigh Road,Bethania,Logan City,4205,Beenleigh,Logan,South Eastern,SEQ South,South Coast,Bethania - Waterford,Loganlea - Carbrook,Logan - Beaudesert,Major Cities,Waterford,Forde,State-controlled,No Roadway Feature,No traffic control,60 km/h,Sealed - Dry,Clear,Daylight,Curved - view open,Level,803,Off Path-Curve: Off Cway Rt Bend Hit Obj,Off carriageway on curve hit object,E,0,1,0,0,1,1,0,0,0,0,0,0
5344,Hospitalisation,2003,April,Monday,13,Angle,Multi-Vehicle,152.9481963,-27.11233575,Oakey Flat Rd,Walkers Rd,,Morayfield,Moreton Bay Region,4506,Caboolture,Moreton,Southern,SEQ North,North Coast and Wide Bay/Burnett,Caboolture - South,Caboolture,Moreton Bay - North,Major Cities,Morayfield,Longman,Locally-controlled,Intersection - Cross,Operating traffic lights,60 km/h,Sealed - Dry,Clear,Daylight,Straight,Level,102,Veh'S Adjacent Approach: Right-Thru,Intersection from adjacent approaches,N,0,1,0,0,1,2,0,0,0,0,0,0
5345,Property damage only,2003,April,Monday,14,Angle,Multi-Vehicle,153.1119779,-27.64145973,Springwood Connection Rd,Wilbur St,Springwood Connection Road,Logan Central,Logan City,4114,Logan Central,Logan,South Eastern,SEQ South,South Coast,Logan Central,Springwood - Kingston,Logan - Beaudesert,Major Cities,Woodridge,Rankin,State-controlled,Intersection - T-Junction,Operating traffic lights,60 km/h,Sealed - Dry,Clear,Daylight,Straight,Level,207,Veh'S Opposite Approach: U-Turn,U-turn,E,0,0,0,0,0,2,0,0,0,0,0,0
5346,Minor injury,2003,April,Monday,16,Overturned,Single Vehicle,153.3848171,-28.08513882,Pacific Hwy,,Pacific Highway (Pacific Motorway),Robina,Gold Coast City,4226,Robina,Gold Coast,South Eastern,SEQ South,South Coast,Robina,Robina,Gold Coast,Major Cities,Mermaid Beach,Mcpherson,State-controlled,No Roadway Feature,No traffic control,100 - 110 km/h,Sealed - Dry,Clear,Daylight,Straight,Level,705,Off Path-Straight:Out Of Control On Cway,Out of control on straight,S,0,0,0,1,1,1,0,0,0,0,0,0
5347,Medical treatment,2003,April,Monday,17,Hit object,Single Vehicle,153.0546212,-26.69143541,Ballinger Rd,,,Buderim,Sunshine Coast Region,4556,Maroochydore,Sunshine Coast,Central,SEQ North,North Coast and Wide Bay/Burnett,Buderim - South,Buderim,Sunshine Coast,Major Cities,Buderim,Fairfax,Locally-controlled,No Roadway Feature,No traffic control,60 km/h,Sealed - Dry,Clear,Dawn/Dusk,Curved - view open,Grade,803,Off Path-Curve: Off Cway Rt Bend Hit Obj,Off carriageway on curve hit object,S,0,0,1,0,1,1,0,0,0,0,0,0
5348,Medical treatment,2003,April,Monday,8,Rear-end,Multi-Vehicle,153.0000204,-26.67561175,Bruce Hwy,Bruce Hwy On Ramp,Bruce Highway (Brisbane - Gympie),Forest Glen,Sunshine Coast Region,4556,Palmwoods,Sunshine Coast,Central,SEQ North,North Coast and Wide Bay/Burnett,Buderim - North,Buderim,Sunshine Coast,Major Cities,Ninderry,Fairfax,State-controlled,Intersection - Interchange,No traffic control,60 km/h,Sealed - Dry,Clear,Daylight,Straight,Level,301,Veh'S Same Direction: Rear End,Rear-end,S,0,0,1,0,1,4,0,0,0,0,0,0
5349,Property damage only,2003,April,Monday,13,Angle,Multi-Vehicle,153.0828574,-26.65211978,Evans St,Maroochydore Rd,Maroochydore Road,Maroochydore,Sunshine Coast Region,4558,Maroochydore,Sunshine Coast,Central,SEQ North,North Coast and Wide Bay/Burnett,Maroochydore - Kuluin,Maroochy,Sunshine Coast,Major Cities,Maroochydore,Fairfax,State-controlled,Intersection - Cross,Operating traffic lights,60 km/h,Sealed - Dry,Clear,Daylight,Straight,Level,202,Veh'S Opposite Approach: Thru-Right,Opposing vehicles turning,E,0,0,0,0,0,2,0,0,0,0,0,0
5350,Medical treatment,2003,April,Monday,18,Rear-end,Multi-Vehicle,153.049904,-26.64130025,Maroochydore - Noosa Rd,,Maroochydore - Noosa Road,Diddillibah,Sunshine Coast Region,4559,Maroochydore,Sunshine Coast,Central,SEQ North,North Coast and Wide Bay/Burnett,Diddillibah - Rosemount,Nambour,Sunshine Coast,Major Cities,Ninderry,Fairfax,State-controlled,No Roadway Feature,No traffic control,80 - 90 km/h,Sealed - Dry,Clear,Darkness - Lighted,Straight,Level,301,Veh'S Same Direction: Rear End,Rear-end,E,0,0,1,0,1,1,0,0,0,1,0,0
5351,Medical treatment,2003,April,Monday,15,Angle,Multi-Vehicle,152.3738071,-24.87191589,Bundaberg - Port Rd,Novakoski St,Bundaberg - Port Road,Kepnock,Bundaberg Region,4670,Bundaberg,Wide Bay Burnett,Central,Southern,North Coast and Wide Bay/Burnett,Ashfield - Kepnock,Bundaberg,Wide Bay,Inner Regional,Bundaberg,Hinkler,State-controlled,Intersection - T-Junction,No traffic control,60 km/h,Sealed - Dry,Clear,Daylight,Straight,Grade,100,Veh'S Adjacent Approach: Other,Intersection from adjacent approaches,N,0,0,1,0,1,1,0,0,0,1,0,0
5352,Hospitalisation,2003,April,Monday,13,Sideswipe,Multi-Vehicle,152.264449,-24.86905655,Bundaberg - Gin Gin Rd,,Bundaberg - Gin Gin Road,Sharon,Bundaberg Region,4670,Bundaberg,Wide Bay Burnett,Central,Southern,North Coast and Wide Bay/Burnett,Bundaberg Region - North,Bundaberg,Wide Bay,Inner Regional,Burnett,Flynn,State-controlled,No Roadway Feature,No traffic control,100 - 110 km/h,Sealed - Dry,Clear,Daylight,Straight,Level,503,Veh'S Overtaking: Pulling Out,Overtaking same direction,S,0,1,0,0,1,3,0,0,0,0,0,0
5353,Property damage only,2003,April,Monday,8,Angle,Multi-Vehicle,151.2607669,-23.874475,Gladstone - Benaraby Rd,Glenlyon Rd,Gladstone - Benaraby Road,Sun Valley,Gladstone Region,4680,Gladstone,Capricornia,Central,Central,Central Queensland,Kin Kora - Sun Valley,Gladstone,Central Queensland,Inner Regional,Gladstone,Flynn,State-controlled,Intersection - Roundabout,Give way sign,60 km/h,Sealed - Dry,Clear,Daylight,Straight,Level,309,Veh'S Same Direction: Left Turn S/Swipe,Parallel lanes turning,W,0,0,0,0,0,2,0,0,0,0,0,0
5354,Property damage only,2003,April,Tuesday,14,Sideswipe,Multi-Vehicle,153.1042833,-27.45095914,Gateway Arterial Rd,,Gateway Motorway (Eight Mile Plains - Nudgee),Murarrie,Brisbane City,4172,Wynnum,South Brisbane,Brisbane,SEQ South,Metropolitan,Murarrie,Wynnum - Manly,Brisbane - East,Major Cities,Bulimba,Bonner,State-controlled,No Roadway Feature,No traffic control,80 - 90 km/h,Sealed - Dry,Clear,Daylight,Straight,Grade,307,Veh'S Same Direction: Lane Change Left,Lane changes,S,0,0,0,0,0,1,0,2,0,0,0,0
5355,Medical treatment,2003,April,Tuesday,12,Hit object,Single Vehicle,152.9962784,-27.29694898,Charlor St,Peter St,,Strathpine,Moreton Bay Region,4500,Petrie,North Brisbane,Brisbane,SEQ North,North Coast and Wide Bay/Burnett,Strathpine - Brendale,Strathpine,Moreton Bay - South,Major Cities,Pine Rivers,Dickson,Locally-controlled,Intersection - T-Junction,No traffic control,0 - 50 km/h,Sealed - Dry,Clear,Daylight,Straight,Level,700,Off Path-Straight: Other,Other,E,0,0,1,0,1,1,0,0,0,0,0,0
5356,Hospitalisation,2003,April,Tuesday,15,Hit pedestrian,Hit pedestrian,152.7606529,-27.61542625,Ipswich - Cunningham Hwy Connection Rd,Limestone St,Ipswich - Cunningham Hwy Connection Road,Ipswich,Ipswich City,4305,Ipswich,Ipswich,Southern,SEQ South,Metropolitan,Ipswich - Central,Ipswich Inner,Ipswich,Major Cities,Ipswich,Blair,State-controlled,Intersection - Cross,Operating traffic lights,60 km/h,Sealed - Dry,Clear,Daylight,Straight,Level,3,Ped'N: Far Side Vehicle Hit From Left,Pedestrian,N,0,1,0,0,1,1,0,0,0,0,1,0
5357,Property damage only,2003,April,Tuesday,12,Rear-end,Multi-Vehicle,153.3861192,-28.03237554,Gold Coast - Springbrook Rd,,Nerang - Broadbeach Road,Carrara,Gold Coast City,4211,Broadbeach,Gold Coast,South Eastern,SEQ South,South Coast,Carrara,Nerang,Gold Coast,Major Cities,Surfers Paradise,Moncrieff,State-controlled,No Roadway Feature,No traffic control,60 km/h,Sealed - Dry,Clear,Daylight,Straight,Level,301,Veh'S Same Direction: Rear End,Rear-end,W,0,0,0,0,0,4,0,0,0,0,0,0
5358,Property damage only,2003,April,Tuesday,11,Hit object,Single Vehicle,153.3878529,-27.90835648,Oxenford - Southport Rd,,Hope Island Road,Runaway Bay,Gold Coast City,4216,Runaway Bay,Gold Coast,South Eastern,SEQ South,South Coast,Runaway Bay,Gold Coast - North,Gold Coast,Major Cities,Broadwater,Fadden,State-controlled,No Roadway Feature,No traffic control,60 km/h,Sealed - Dry,Clear,Daylight,Straight,Level,703,Off Path-Straight: Left Off Cway Hit Obj,Off carriageway on straight hit object,S,0,0,0,0,0,1,0,0,0,0,0,0
5359,Hospitalisation,2003,April,Tuesday,21,Overturned,Single Vehicle,151.3150876,-27.1388009,Mocattas Corner Rd,,,Dalby,Western Downs Region,4405,Dalby,South West,Southern,Southern,Downs South West,Wambo,Darling Downs - East,Darling Downs - Maranoa,Inner Regional,Warrego,Maranoa,Locally-controlled,No Roadway Feature,No traffic control,80 - 90 km/h,Unsealed - Dry,Clear,Darkness - Not lighted,Straight,Level,702,Off Path-Straight: Right Off Cway,Off carriageway on straight,W,0,1,0,0,1,1,0,0,0,0,0,0
5360,Medical treatment,2003,April,Wednesday,8,Sideswipe,Multi-Vehicle,153.0386179,-27.50408871,Duke St,Juliette St,South-East Arterial Road (Pacific Motorway),Annerley,Brisbane City,4103,Annerley,South Brisbane,Brisbane,SEQ South,Metropolitan,Annerley,Holland Park - Yeronga,Brisbane - South,Major Cities,South Brisbane,Moreton,State-controlled,Intersection - Cross,Operating traffic lights,60 km/h,Sealed - Dry,Clear,Daylight,Straight,Level,309,Veh'S Same Direction: Left Turn S/Swipe,Parallel lanes turning,N,0,0,1,0,1,2,0,0,0,0,0,0
5361,Minor injury,2003,April,Wednesday,7,Hit parked vehicle,Single Vehicle,153.1028439,-26.66000976,Sixth Ave,,,Maroochydore,Sunshine Coast Region,4558,Maroochydore,Sunshine Coast,Central,SEQ North,North Coast and Wide Bay/Burnett,Maroochydore - Kuluin,Maroochy,Sunshine Coast,Major Cities,Maroochydore,Fairfax,Locally-controlled,No Roadway Feature,No traffic control,0 - 50 km/h,Sealed - Dry,Clear,Daylight,Straight,Level,604,Veh'S On Path: Car Door,Hit parked vehicle,S,0,0,0,1,1,1,0,0,0,1,0,0
5362,Medical treatment,2003,April,Thursday,7,Rear-end,Multi-Vehicle,153.0052211,-27.47314259,Coronation Dr,,,Milton,Brisbane City,4064,Brisbane City,North Brisbane,Brisbane,SEQ North,Metropolitan,Paddington - Milton,Brisbane Inner - West,Brisbane Inner City,Major Cities,Cooper,Brisbane,Locally-controlled,No Roadway Feature,No traffic control,60 km/h,Sealed - Dry,Clear,Daylight,Straight,Level,301,Veh'S Same Direction: Rear End,Rear-end,S,0,0,1,0,1,2,0,1,0,0,0,0
5363,Medical treatment,2003,April,Thursday,12,Rear-end,Multi-Vehicle,153.0156474,-27.46419691,Countess St,,,Petrie Terrace,Brisbane City,4000,Brisbane City,North Brisbane,Brisbane,SEQ North,Metropolitan,Brisbane City,Brisbane Inner,Brisbane Inner City,Major Cities,Mcconnel,Brisbane,Locally-controlled,No Roadway Feature,No traffic control,60 km/h,Sealed - Dry,Clear,Daylight,Straight,Grade,301,Veh'S Same Direction: Rear End,Rear-end,S,0,0,1,0,1,3,0,0,0,0,0,0
5364,Hospitalisation,2003,April,Thursday,22,Angle,Multi-Vehicle,152.9492503,-27.59743931,Garden Rd,Progress Rd,,Richlands,Brisbane City,4077,Inala,South Brisbane,Brisbane,SEQ South,Metropolitan,Inala - Richlands,Forest Lake - Oxley,Ipswich,Major Cities,Inala,Oxley,Locally-controlled,Intersection - Cross,Operating traffic lights,70 km/h,Sealed - Wet,Clear,Darkness - Lighted,Straight,Level,101,Veh'S Adjacent Approach: Thru-Thru,Intersection from adjacent approaches,W,0,1,0,0,1,2,0,0,0,0,0,0
5365,Medical treatment,2003,April,Thursday,16,Hit pedestrian,Hit pedestrian,152.9995329,-27.24936418,Redcliffe Rd,,Redcliffe Road,Kallangur,Moreton Bay Region,4503,Petrie,North Brisbane,Brisbane,SEQ North,North Coast and Wide Bay/Burnett,Dakabin - Kallangur,North Lakes,Moreton Bay - South,Major Cities,Murrumba,Dickson,State-controlled,No Roadway Feature,Operating traffic lights,60 km/h,Sealed - Dry,Clear,Daylight,Straight,Level,0,Ped'N: Hit Other,Other,W,0,0,1,0,1,1,0,0,0,0,1,0
5366,Hospitalisation,2003,April,Thursday,18,Rear-end,Multi-Vehicle,153.2208968,-27.52285981,Capalaba - Cleveland Rd,,Capalaba - Cleveland Road,Alexandra Hills,Redland City,4161,Capalaba,South Brisbane,Brisbane,SEQ South,Metropolitan,Alexandra Hills,Capalaba,Brisbane - East,Major Cities,Capalaba,Bowman,State-controlled,No Roadway Feature,No traffic control,70 km/h,Sealed - Wet,Raining,Darkness - Lighted,Straight,Level,301,Veh'S Same Direction: Rear End,Rear-end,W,0,1,0,0,1,3,0,0,0,0,0,0
5367,Minor injury,2003,April,Thursday,18,Rear-end,Multi-Vehicle,152.7868645,-27.62663091,South Station Rd,,,Silkstone,Ipswich City,4304,Booval,Ipswich,Southern,SEQ South,Metropolitan,Ipswich - East,Ipswich Inner,Ipswich,Major Cities,Ipswich,Blair,Locally-controlled,No Roadway Feature,No traffic control,60 km/h,Sealed - Wet,Raining,Darkness - Not lighted,Straight,Level,303,Veh'S Same Direction: Right Rear,Rear-end,S,0,0,0,1,1,2,0,0,0,0,0,0
5368,Property damage only,2003,April,Thursday,14,Hit object,Single Vehicle,152.9019516,-27.61699245,Bertha St,,,Goodna,Ipswich City,4300,Goodna,Ipswich,Southern,SEQ South,Metropolitan,Goodna,Springfield - Redbank,Ipswich,Major Cities,Bundamba,Oxley,Locally-controlled,No Roadway Feature,No traffic control,60 km/h,Sealed - Dry,Clear,Daylight,Straight,Level,704,Off Path-Straight:Right Off Cway Hit Obj,Off carriageway on straight hit object,S,0,0,0,0,0,1,0,0,0,0,0,0
5369,Hospitalisation,2003,April,Thursday,19,Hit object,Single Vehicle,152.7893427,-26.39124544,Bruce Hwy,,Cooroy - Gympie Road,Federal,Noosa Shire,4568,Pomona,Sunshine Coast,Central,SEQ North,North Coast and Wide Bay/Burnett,Noosa Hinterland,Noosa Hinterland,Sunshine Coast,Inner Regional,Nicklin,Wide Bay,State-controlled,No Roadway Feature,No traffic control,100 - 110 km/h,Sealed - Wet,Raining,Darkness - Not lighted,Straight,Level,502,Veh'S Overtaking: Out Of Control,Off carriageway on straight,W,0,2,0,0,2,1,0,0,0,0,0,0
5370,Medical treatment,2003,April,Thursday,12,Angle,Multi-Vehicle,153.3691472,-28.01071421,Nerang - Broadbeach Rd,,Nerang - Broadbeach Road,Carrara,Gold Coast City,4211,Nerang,Gold Coast,South Eastern,SEQ South,South Coast,Carrara,Nerang,Gold Coast,Major Cities,Gaven,Moncrieff,State-controlled,No Roadway Feature,No traffic control,60 km/h,Sealed - Dry,Clear,Daylight,Straight,Level,408,Veh'S Manoeuvring: Entering From Footway,Vehicle leaving driveway,E,0,0,1,0,1,1,0,0,0,1,0,0
5371,Medical treatment,2003,April,Thursday,16,Hit object,Single Vehicle,152.1898431,-27.58972278,Grantham Scrub Rd,,,Veradilla,Lockyer Valley Region,4347,Helidon,Darling Downs,Southern,SEQ South,Downs South West,Lockyer Valley - West,Toowoomba,Toowoomba,Inner Regional,Lockyer,Wright,Locally-controlled,No Roadway Feature,No traffic control,100 - 110 km/h,Sealed - Wet,Raining,Daylight,Curved - view open,Grade,803,Off Path-Curve: Off Cway Rt Bend Hit Obj,Off carriageway on curve hit object,E,0,0,1,0,1,1,0,0,0,0,0,0
5372,Medical treatment,2003,April,Friday,1,Hit object,Single Vehicle,153.0168773,-27.55804337,Beatty Rd,Griffith Arterial Rd,Griffith Arterial Road,Archerfield,Brisbane City,4108,Moorooka,South Brisbane,Brisbane,SEQ South,Metropolitan,Rocklea - Acacia Ridge,Rocklea - Acacia Ridge,Brisbane - South,Major Cities,Algester,Moreton,State-controlled,Intersection - Cross,Operating traffic lights,60 km/h,Sealed - Wet,Clear,Darkness - Lighted,Straight,Level,708,Off Path-Straight: Mounts Traffic Island,Off carriageway on straight hit object,W,0,0,1,0,1,1,0,0,0,0,0,0
5373,Hospitalisation,2003,April,Friday,8,Angle,Multi-Vehicle,153.022575,-27.38059691,Milburn St,Webster Rd,,Chermside West,Brisbane City,4032,Carseldine,North Brisbane,Brisbane,SEQ North,Metropolitan,Chermside West,Chermside,Brisbane - North,Major Cities,Stafford,Lilley,Locally-controlled,Intersection - T-Junction,Give way sign,60 km/h,Sealed - Wet,Raining,Daylight,Straight,Grade,104,Veh'S Adjacent Approach: Thru-Right,Intersection from adjacent approaches,N,0,2,0,0,2,2,0,0,0,0,0,0
5374,Property damage only,2003,April,Friday,16,Hit object,Single Vehicle,153.1374922,-27.59638623,Glengala Dr,Pandeen Rd,,Rochedale South,Logan City,4123,Springwood,Logan,South Eastern,SEQ South,South Coast,Rochedale South - Priestdale,Springwood - Kingston,Logan - Beaudesert,Major Cities,Springwood,Rankin,Locally-controlled,Intersection - T-Junction,No traffic control,0 - 50 km/h,Sealed - Wet,Raining,Daylight,Curved - view obscured,Level,808,Off Path-Curve: Mounts Traffic Island,Off carriageway on curve hit object,S,0,0,0,0,0,1,0,0,0,0,0,0
5375,Medical treatment,2003,April,Friday,14,Angle,Multi-Vehicle,153.3666189,-27.97895675,Macquarie Ave,Mitchell Ave,,Molendinar,Gold Coast City,4214,Southport,Gold Coast,South Eastern,SEQ South,South Coast,Molendinar,Southport,Gold Coast,Major Cities,Southport,Moncrieff,Locally-controlled,Intersection - T-Junction,No traffic control,0 - 50 km/h,Sealed - Dry,Clear,Daylight,Straight,Level,506,Veh'S Overtaking: Overtake-Right Turn,Overtaking same direction,N,0,0,1,0,1,1,1,0,0,0,0,0
5376,Medical treatment,2003,April,Friday,8,Angle,Multi-Vehicle,152.3223312,-24.88612045,Bolewski St,Isis Hwy,Isis Highway (Bundaberg - Childers),Avoca,Bundaberg Region,4670,Bundaberg,Wide Bay Burnett,Central,Southern,North Coast and Wide Bay/Burnett,Millbank - Avoca,Bundaberg,Wide Bay,Inner Regional,Bundaberg,Hinkler,State-controlled,Intersection - T-Junction,No traffic control,70 km/h,Sealed - Dry,Clear,Daylight,Straight,Level,202,Veh'S Opposite Approach: Thru-Right,Opposing vehicles turning,W,0,0,3,0,3,2,0,0,0,0,0,0
5377,Property damage only,2003,April,Saturday,6,Angle,Multi-Vehicle,153.0257814,-27.47318745,George St,Mary St,,Brisbane City,Brisbane City,4000,Brisbane City,North Brisbane,Brisbane,SEQ North,Metropolitan,Brisbane City,Brisbane Inner,Brisbane Inner City,Major Cities,Mcconnel,Brisbane,Locally-controlled,Intersection - T-Junction,Operating traffic lights,0 - 50 km/h,Sealed - Wet,Clear,Daylight,Straight,Level,202,Veh'S Opposite Approach: Thru-Right,Opposing vehicles turning,N,0,0,0,0,0,2,0,0,0,0,0,0
5378,Medical treatment,2003,April,Saturday,12,Angle,Multi-Vehicle,153.0663835,-27.51391465,Harold St,Reuben St,,Holland Park,Brisbane City,4121,Holland Park,South Brisbane,Brisbane,SEQ South,Metropolitan,Holland Park,Holland Park - Yeronga,Brisbane - South,Major Cities,Greenslopes,Griffith,Locally-controlled,Intersection - Cross,Stop sign,0 - 50 km/h,Sealed - Dry,Clear,Daylight,Straight,Grade,101,Veh'S Adjacent Approach: Thru-Thru,Intersection from adjacent approaches,S,0,0,1,0,1,2,0,0,0,0,0,0
5379,Medical treatment,2003,April,Saturday,12,Rear-end,Multi-Vehicle,153.1210655,-27.61432393,Brisbane - Beenleigh Rd,,Brisbane - Beenleigh Road,Underwood,Logan City,4119,Logan Central,Logan,South Eastern,SEQ South,South Coast,Underwood,Springwood - Kingston,Logan - Beaudesert,Major Cities,Waterford,Rankin,State-controlled,No Roadway Feature,No traffic control,60 km/h,Sealed - Dry,Clear,Daylight,Straight,Level,301,Veh'S Same Direction: Rear End,Rear-end,E,0,0,2,0,2,3,0,0,0,0,0,0
5380,Minor injury,2003,April,Saturday,19,Rear-end,Multi-Vehicle,153.1215174,-27.67694025,Brisbane - Beenleigh Rd,Chambers Flat Rd,Brisbane - Beenleigh Road,Loganlea,Logan City,4131,Logan Central,Logan,South Eastern,SEQ South,South Coast,Marsden,Browns Plains,Logan - Beaudesert,Major Cities,Woodridge,Rankin,State-controlled,Intersection - T-Junction,Operating traffic lights,70 km/h,Sealed - Dry,Clear,Darkness - Lighted,Straight,Level,303,Veh'S Same Direction: Right Rear,Rear-end,S,0,0,0,1,1,2,0,0,0,0,0,0
5381,Property damage only,2003,April,Saturday,4,Hit object,Single Vehicle,153.4660333,-28.11715515,Townson Ave,,,Palm Beach,Gold Coast City,4221,Palm Beach,Gold Coast,South Eastern,SEQ South,South Coast,Palm Beach,Coolangatta,Gold Coast,Major Cities,Burleigh,Mcpherson,Locally-controlled,No Roadway Feature,No traffic control,0 - 50 km/h,Sealed - Dry,Clear,Darkness - Lighted,Straight,Level,704,Off Path-Straight:Right Off Cway Hit Obj,Off carriageway on straight hit object,S,0,0,0,0,0,1,0,0,0,0,0,0
5382,Medical treatment,2003,April,Saturday,13,Sideswipe,Multi-Vehicle,151.9581905,-27.5583444,Hume St,,,East Toowoomba,Toowoomba Region,4350,Toowoomba,Darling Downs,Southern,Southern,Downs South West,Toowoomba - Central,Toowoomba,Toowoomba,Inner Regional,Toowoomba North,Groom,Locally-controlled,No Roadway Feature,No traffic control,60 km/h,Sealed - Dry,Clear,Daylight,Straight,Level,306,Veh'S Same Direction: Lane Change Right,Lane changes,S,0,0,1,0,1,2,0,0,0,0,0,0
5383,Property damage only,2003,April,Saturday,17,Hit object,Single Vehicle,151.9863714,-27.57013766,Warrego Hwy,,Warrego Highway (Ipswich - Toowoomba),Redwood,Toowoomba Region,4350,Toowoomba,Darling Downs,Southern,Southern,Downs South West,Toowoomba - East,Toowoomba,Toowoomba,Inner Regional,Toowoomba North,Groom,State-controlled,No Roadway Feature,No traffic control,60 km/h,Sealed - Dry,Clear,Dawn/Dusk,Curved - view obscured,Grade,805,Off Path-Curve: Out Of Control On Cway,Out of control on curve,E,0,0,0,0,0,1,0,0,0,0,0,0
5384,Minor injury,2003,April,Sunday,16,Rear-end,Multi-Vehicle,153.4941679,-28.1436907,Gold Coast Hwy,,Gold Coast Highway (Broadbeach - Coolangatta),Tugun,Gold Coast City,4224,Coolangatta,Gold Coast,South Eastern,SEQ South,South Coast,Currumbin - Tugun,Coolangatta,Gold Coast,Major Cities,Currumbin,Mcpherson,State-controlled,No Roadway Feature,No traffic control,70 km/h,Sealed - Dry,Clear,Daylight,Straight,Level,301,Veh'S Same Direction: Rear End,Rear-end,N,0,0,0,1,1,3,0,0,0,0,0,0
5385,Hospitalisation,2003,April,Sunday,10,Angle,Multi-Vehicle,153.4045804,-27.93917173,Middle St,Parker St,,Labrador,Gold Coast City,4215,Southport,Gold Coast,South Eastern,SEQ South,South Coast,Labrador,Gold Coast - North,Gold Coast,Major Cities,Bonney,Fadden,Locally-controlled,Intersection - Cross,Stop sign,60 km/h,Sealed - Dry,Clear,Daylight,Straight,Level,101,Veh'S Adjacent Approach: Thru-Thru,Intersection from adjacent approaches,W,0,1,0,0,1,2,0,0,0,0,0,0
5386,Property damage only,2003,April,Sunday,10,Hit object,Single Vehicle,151.9445813,-27.63512011,Preston Boundary Rd,,,Preston,Lockyer Valley Region,4350,Drayton,Darling Downs,Southern,Southern,Downs South West,Cambooya - Wyreema,Toowoomba,Toowoomba,Inner Regional,Condamine,Groom,Locally-controlled,No Roadway Feature,No traffic control,80 - 90 km/h,Sealed - Dry,Clear,Daylight,Curved - view open,Level,803,Off Path-Curve: Off Cway Rt Bend Hit Obj,Off carriageway on curve hit object,W,0,0,0,0,0,1,0,0,0,0,0,0
5387,Fatal,2003,April,Sunday,1,Overturned,Single Vehicle,150.3160218,-23.11659848,Bruce Hwy,,Bruce Highway (Rockhampton-St Lawrence),Yaamba,Livingstone Shire,4704,North Rockhampton,Capricornia,Central,Central,Central Queensland,Rockhampton Region - North,Rockhampton,Central Queensland,Outer Regional,Mirani,Capricornia,State-controlled,No Roadway Feature,No traffic control,100 - 110 km/h,Sealed - Dry,Clear,Darkness - Not lighted,Straight,Level,701,Off Path-Straight: Left Off Cway,Off carriageway on straight,N,1,0,0,0,1,0,0,1,0,0,0,0
5388,Property damage only,2003,April,Monday,23,Hit parked vehicle,Single Vehicle,153.0899767,-27.59087207,Underwood Rd,,,Eight Mile Plains,Brisbane City,4113,Upper Mount Gravatt,South Brisbane,Brisbane,SEQ South,Metropolitan,Eight Mile Plains,Mt Gravatt,Brisbane - South,Major Cities,Toohey,Moreton,Locally-controlled,No Roadway Feature,No traffic control,60 km/h,Sealed - Dry,Clear,Darkness - Lighted,Straight,Level,601,Veh'S On Path: Parked,Hit parked vehicle,E,0,0,0,0,0,1,0,0,0,0,0,1