Crash_Ref_Number,Crash_Severity,Crash_Year,Crash_Month,Crash_Day_Of_Week,Crash_Hour,Crash_Nature,Crash_Type,Crash_Longitude_GDA94,Crash_Latitude_GDA94,Crash_Street,Crash_Street_Intersecting,State_Road_Name,Loc_Suburb,Loc_Local_Government_Area,Loc_Post_Code,Loc_Police_Division,Loc_Police_District,Loc_Police_Region,Loc_Queensland_Transport_Region,Loc_Main_Roads_Region,Loc_ABS_Statistical_Area_2,Loc_ABS_Statistical_Area_3,Loc_ABS_Statistical_Area_4,Loc_ABS_Remoteness,Loc_State_Electorate,Loc_Federal_Electorate,Crash_Controlling_Authority,Crash_Roadway_Feature,Crash_Traffic_Control,Crash_Speed_Limit,Crash_Road_Surface_Condition,Crash_Atmospheric_Condition,Crash_Lighting_Condition,Crash_Road_Horiz_Align,Crash_Road_Vert_Align,Crash_DCA_Code,Crash_DCA_Description,Crash_DCA_Group_Description,DCA_Key_Approach_Dir,Count_Casualty_Fatality,Count_Casualty_Hospitalised,Count_Casualty_MedicallyTreated,Count_Casualty_MinorInjury,Count_Casualty_Total,Count_Unit_Car,Count_Unit_Motorcycle_Moped,Count_Unit_Truck,Count_Unit_Bus,Count_Unit_Bicycle,Count_Unit_Pedestrian,Count_Unit_Other
5389,Property damage only,2003,April,Monday,9,Angle,Multi-Vehicle,153.0263554,-27.4830614,Stanley St,Vulture St,,South Brisbane,Brisbane City,4101,Dutton Park,South Brisbane,Brisbane,SEQ South,Metropolitan,South Brisbane,Brisbane Inner,Brisbane Inner City,Major Cities,South Brisbane,Griffith,Locally-controlled,Intersection - Cross,Operating traffic lights,60 km/h,Sealed - Dry,Clear,Daylight,Straight,Grade,100,Veh'S Adjacent Approach: Other,Intersection from adjacent approaches,N,0,0,0,0,0,2,0,0,0,0,0,0
5390,Medical treatment,2003,April,Monday,15,Angle,Multi-Vehicle,153.4173296,-28.0364832,Nerang - Broadbeach Rd,Plumosa Ct,Nerang - Broadbeach Road,Mermaid Waters,Gold Coast City,4218,Broadbeach,Gold Coast,South Eastern,SEQ South,South Coast,Mermaid Waters,Broadbeach - Burleigh,Gold Coast,Major Cities,Mermaid Beach,Moncrieff,State-controlled,Intersection - T-Junction,No traffic control,70 km/h,Sealed - Dry,Clear,Daylight,Straight,Level,203,Veh'S Opposite Approach: Right-Left,Opposing vehicles turning,E,0,0,1,0,1,2,0,0,0,0,0,0
5391,Hospitalisation,2003,April,Monday,9,Sideswipe,Multi-Vehicle,153.0905198,-26.67207213,Wises Rd,,,Buderim,Sunshine Coast Region,4556,Maroochydore,Sunshine Coast,Central,SEQ North,North Coast and Wide Bay/Burnett,Buderim - North,Buderim,Sunshine Coast,Major Cities,Buderim,Fairfax,Locally-controlled,No Roadway Feature,No traffic control,60 km/h,Sealed - Dry,Clear,Daylight,Straight,Level,309,Veh'S Same Direction: Left Turn S/Swipe,Parallel lanes turning,W,0,3,0,0,3,1,0,0,0,0,0,1
5392,Property damage only,2003,April,Monday,17,Angle,Multi-Vehicle,151.9221432,-27.5695075,Hampton St,Stephen St,,Harristown,Toowoomba Region,4350,Toowoomba,Darling Downs,Southern,Southern,Downs South West,Drayton - Harristown,Toowoomba,Toowoomba,Inner Regional,Toowoomba South,Groom,Locally-controlled,Intersection - T-Junction,No traffic control,60 km/h,Sealed - Dry,Clear,Daylight,Straight,Level,506,Veh'S Overtaking: Overtake-Right Turn,Overtaking same direction,N,0,0,0,0,0,2,0,0,0,0,0,0
5393,Hospitalisation,2003,April,Monday,7,Angle,Multi-Vehicle,148.1704124,-23.51073146,Loch St,Opal St,,Emerald,Central Highlands Region,4720,Emerald,Capricornia,Central,Central,Central Queensland,Emerald,Central Highlands (qld),Central Queensland,Outer Regional,Gregory,Flynn,Locally-controlled,Intersection - Cross,Give way sign,0 - 50 km/h,Sealed - Dry,Clear,Daylight,Straight,Level,101,Veh'S Adjacent Approach: Thru-Thru,Intersection from adjacent approaches,W,0,1,0,0,1,1,1,0,0,0,0,0
5394,Fatal,2003,April,Monday,22,Hit pedestrian,Hit pedestrian,148.615757,-24.4699609,Carnarvon Hwy,,Carnarvon Highway (Injune - Rolleston),Rolleston,Central Highlands Region,4702,Rolleston,Capricornia,Central,Central,Central Queensland,Central Highlands - West,Central Highlands (qld),Central Queensland,Remote,Gregory,Flynn,State-controlled,No Roadway Feature,No traffic control,100 - 110 km/h,Sealed - Dry,Clear,Darkness - Not lighted,Straight,Level,0,Ped'N: Hit Other,Other,S,1,0,0,0,1,0,0,1,0,0,1,0
5395,Minor injury,2003,April,Monday,17,Rear-end,Multi-Vehicle,149.1595662,-21.1260994,Bruce Hwy,,Bruce Highway (Mackay - Proserpine),Mount Pleasant,Mackay Region,4740,Mackay,Mackay,Central,Central,Central Queensland,Mount Pleasant - Glenella,Mackay,Mackay - Isaac - Whitsunday,Inner Regional,Mackay,Dawson,State-controlled,No Roadway Feature,No traffic control,80 - 90 km/h,Sealed - Dry,Clear,Daylight,Straight,Level,301,Veh'S Same Direction: Rear End,Rear-end,N,0,0,0,1,1,3,0,0,0,0,0,0
5396,Medical treatment,2003,April,Tuesday,6,Rear-end,Multi-Vehicle,152.9948293,-27.44555655,Waterworks Rd,,,Ashgrove,Brisbane City,4060,The Gap,North Brisbane,Brisbane,SEQ North,Metropolitan,Ashgrove,Brisbane Inner - West,Brisbane Inner City,Major Cities,Cooper,Brisbane,Locally-controlled,No Roadway Feature,No traffic control,60 km/h,Sealed - Dry,Clear,Daylight,Straight,Level,301,Veh'S Same Direction: Rear End,Rear-end,E,0,0,1,0,1,2,0,0,0,0,0,0
5397,Property damage only,2003,April,Tuesday,16,Angle,Multi-Vehicle,153.0122534,-27.47721056,Mollison St,,,South Brisbane,Brisbane City,4101,West End,South Brisbane,Brisbane,SEQ South,Metropolitan,West End,Brisbane Inner,Brisbane Inner City,Major Cities,South Brisbane,Griffith,Locally-controlled,No Roadway Feature,No traffic control,0 - 50 km/h,Sealed - Dry,Clear,Daylight,Straight,Level,202,Veh'S Opposite Approach: Thru-Right,Opposing vehicles turning,E,0,0,0,0,0,2,0,0,0,0,0,0
5398,Property damage only,2003,April,Tuesday,9,Angle,Multi-Vehicle,153.0953388,-27.22693014,High St,Oleander St,,Kippa-ring,Moreton Bay Region,4021,Redcliffe,Moreton,Southern,SEQ North,North Coast and Wide Bay/Burnett,Rothwell - Kippa-ring,Redcliffe,Moreton Bay - North,Major Cities,Redcliffe,Petrie,Locally-controlled,Intersection - Cross,Give way sign,0 - 50 km/h,Sealed - Dry,Clear,Daylight,Straight,Level,107,Veh'S Adjacent Approach: Thru-Left,Intersection from adjacent approaches,W,0,0,0,0,0,1,0,1,0,0,0,0
5399,Minor injury,2003,April,Tuesday,16,Angle,Multi-Vehicle,153.2124292,-27.49664767,Birkdale Rd,Collingwood Rd,Birkdale Road,Birkdale,Redland City,4159,Capalaba,South Brisbane,Brisbane,SEQ South,Metropolitan,Birkdale,Capalaba,Brisbane - East,Major Cities,Capalaba,Bowman,State-controlled,Intersection - T-Junction,Operating traffic lights,60 km/h,Sealed - Dry,Clear,Daylight,Straight,Grade,207,Veh'S Opposite Approach: U-Turn,U-turn,S,0,0,0,1,1,2,0,0,0,0,0,0
5400,Minor injury,2003,April,Tuesday,8,Hit pedestrian,Hit pedestrian,153.406654,-27.94825496,Proud St,,,Labrador,Gold Coast City,4215,Southport,Gold Coast,South Eastern,SEQ South,South Coast,Labrador,Gold Coast - North,Gold Coast,Major Cities,Bonney,Fadden,Locally-controlled,No Roadway Feature,No traffic control,60 km/h,Sealed - Dry,Clear,Daylight,Straight,Level,3,Ped'N: Far Side Vehicle Hit From Left,Pedestrian,S,0,0,0,1,1,1,0,0,0,0,1,0
5401,Hospitalisation,2003,April,Tuesday,8,Angle,Multi-Vehicle,152.2053449,-24.81220508,Bundaberg - Lowmead Rd,Quinns Rd,Bundaberg - Miriam Vale Road,Moorland,Bundaberg Region,4670,Bundaberg,Wide Bay Burnett,Central,Southern,North Coast and Wide Bay/Burnett,Bundaberg Region - North,Bundaberg,Wide Bay,Inner Regional,Burnett,Flynn,State-controlled,Intersection - Cross,Give way sign,100 - 110 km/h,Sealed - Dry,Clear,Daylight,Straight,Level,101,Veh'S Adjacent Approach: Thru-Thru,Intersection from adjacent approaches,N,0,1,0,0,1,1,1,0,0,0,0,0
5402,Medical treatment,2003,April,Wednesday,12,Rear-end,Multi-Vehicle,153.0139281,-27.3462358,Beams Rd,Lacey Rd,,Carseldine,Brisbane City,4034,Carseldine,North Brisbane,Brisbane,SEQ North,Metropolitan,Carseldine,Bald Hills - Everton Park,Brisbane - North,Major Cities,Aspley,Petrie,Locally-controlled,Intersection - T-Junction,No traffic control,60 km/h,Sealed - Dry,Clear,Daylight,Straight,Crest,301,Veh'S Same Direction: Rear End,Rear-end,W,0,0,1,0,1,3,0,0,0,0,0,0
5403,Minor injury,2003,April,Wednesday,22,Rear-end,Multi-Vehicle,153.0175886,-27.27306993,Bruce Hwy,,Bruce Highway (Brisbane - Gympie),Murrumba Downs,Moreton Bay Region,4503,Mango Hill North Lakes,North Brisbane,Brisbane,SEQ North,North Coast and Wide Bay/Burnett,Murrumba Downs - Griffin,North Lakes,Moreton Bay - South,Major Cities,Murrumba,Petrie,State-controlled,No Roadway Feature,No traffic control,100 - 110 km/h,Sealed - Dry,Clear,Darkness - Not lighted,Straight,Level,301,Veh'S Same Direction: Rear End,Rear-end,N,0,0,0,1,1,2,0,0,0,0,0,0
5404,Hospitalisation,2003,April,Wednesday,10,Angle,Multi-Vehicle,151.9563387,-27.56921507,Hume St,Warrego Hwy,Warrego Highway (Ipswich - Toowoomba),Toowoomba City,Toowoomba Region,4350,Toowoomba,Darling Downs,Southern,Southern,Downs South West,Toowoomba - Central,Toowoomba,Toowoomba,Inner Regional,Toowoomba North,Groom,State-controlled,Intersection - Cross,Operating traffic lights,60 km/h,Sealed - Dry,Clear,Daylight,Straight,Level,202,Veh'S Opposite Approach: Thru-Right,Opposing vehicles turning,W,0,1,0,0,1,1,1,0,0,0,0,0
5405,Fatal,2003,April,Wednesday,6,Hit object,Single Vehicle,151.2724565,-23.86564805,Toolooa St,,,South Gladstone,Gladstone Region,4680,Gladstone,Capricornia,Central,Central,Central Queensland,Gladstone,Gladstone,Central Queensland,Inner Regional,Gladstone,Flynn,Locally-controlled,No Roadway Feature,No traffic control,60 km/h,Sealed - Dry,Clear,Daylight,Curved - view open,Level,803,Off Path-Curve: Off Cway Rt Bend Hit Obj,Off carriageway on curve hit object,S,1,0,0,0,1,0,1,0,0,0,0,0
5406,Hospitalisation,2003,April,Thursday,7,Angle,Multi-Vehicle,153.1408535,-27.47586972,Manly Rd,New Cleveland Rd,,Tingalpa,Brisbane City,4173,Wynnum,South Brisbane,Brisbane,SEQ South,Metropolitan,Tingalpa,Wynnum - Manly,Brisbane - East,Major Cities,Lytton,Bonner,Locally-controlled,Intersection - T-Junction,Operating traffic lights,70 km/h,Sealed - Dry,Clear,Daylight,Straight,Level,202,Veh'S Opposite Approach: Thru-Right,Opposing vehicles turning,E,0,1,0,1,2,2,0,0,0,0,0,0
5407,Property damage only,2003,April,Thursday,1,Hit parked vehicle,Single Vehicle,152.9798642,-26.98505639,Bruce Hwy,,Bruce Highway (Brisbane - Gympie),Elimbah,Moreton Bay Region,4516,Beerwah,Sunshine Coast,Central,SEQ North,North Coast and Wide Bay/Burnett,Elimbah,Caboolture,Moreton Bay - North,Major Cities,Pumicestone,Longman,State-controlled,No Roadway Feature,No traffic control,100 - 110 km/h,Sealed - Wet,Clear,Darkness - Not lighted,Curved - view open,Level,608,Veh'S On Path: Accident Or Broken Down,Hit parked vehicle,S,0,0,0,0,0,0,0,2,0,0,0,0
5408,Medical treatment,2003,April,Thursday,15,Rear-end,Multi-Vehicle,153.0381695,-27.69829846,Crest Rd,Mt Lindesay Hwy,Mount Lindesay Highway (Brisbane-Beaudesert),Park Ridge,Logan City,4125,Browns Plains,Logan,South Eastern,SEQ South,South Coast,Boronia Heights - Park Ridge,Browns Plains,Logan - Beaudesert,Major Cities,Logan,Forde,State-controlled,Intersection - T-Junction,Give way sign,60 km/h,Sealed - Dry,Clear,Daylight,Curved - view open,Level,302,Veh'S Same Direction: Left Rear,Rear-end,E,0,0,1,0,1,1,1,0,0,0,0,0
5409,Minor injury,2003,April,Thursday,17,Sideswipe,Multi-Vehicle,153.0589068,-27.39944036,Sandgate Rd,,Sandgate Sub-Arterial Road,Nundah,Brisbane City,4012,Hendra,North Brisbane,Brisbane,SEQ North,Metropolitan,Nundah,Nundah,Brisbane - North,Major Cities,Nudgee,Lilley,State-controlled,No Roadway Feature,No traffic control,60 km/h,Sealed - Dry,Clear,Dawn/Dusk,Straight,Level,307,Veh'S Same Direction: Lane Change Left,Lane changes,N,0,0,0,1,1,1,1,0,0,0,0,0
5410,Minor injury,2003,April,Thursday,15,Rear-end,Multi-Vehicle,153.3996982,-28.06701014,Cheltenham Dr,Killarney Ave,,Robina,Gold Coast City,4226,Robina,Gold Coast,South Eastern,SEQ South,South Coast,Robina,Robina,Gold Coast,Major Cities,Mermaid Beach,Mcpherson,Locally-controlled,Intersection - T-Junction,Give way sign,60 km/h,Sealed - Dry,Clear,Daylight,Straight,Level,303,Veh'S Same Direction: Right Rear,Rear-end,N,0,0,0,1,1,2,0,0,0,0,0,0
5411,Medical treatment,2003,April,Thursday,16,Rear-end,Multi-Vehicle,153.5325703,-28.1675534,Marine Pde,Rutledge St,,Coolangatta,Gold Coast City,4225,Coolangatta,Gold Coast,South Eastern,SEQ South,South Coast,Coolangatta,Coolangatta,Gold Coast,Major Cities,Currumbin,Mcpherson,Locally-controlled,Intersection - Roundabout,Give way sign,0 - 50 km/h,Sealed - Dry,Clear,Daylight,Straight,Level,301,Veh'S Same Direction: Rear End,Rear-end,S,0,0,1,0,1,2,0,0,0,0,0,0
5412,Property damage only,2003,April,Thursday,16,Angle,Multi-Vehicle,153.4703542,-28.15023079,Bradshaw Dr,Currumbin Creek Rd,Currumbin Creek Road,Currumbin Waters,Gold Coast City,4223,Coolangatta,Gold Coast,South Eastern,SEQ South,South Coast,Currumbin Waters,Coolangatta,Gold Coast,Major Cities,Currumbin,Mcpherson,State-controlled,Intersection - Cross,No traffic control,60 km/h,Sealed - Dry,Clear,Daylight,Straight,Level,202,Veh'S Opposite Approach: Thru-Right,Opposing vehicles turning,S,0,0,0,0,0,2,0,0,0,0,0,0
5413,Property damage only,2003,April,Thursday,7,Angle,Multi-Vehicle,150.5116002,-23.3868772,Campbell St,Stanley St,,Rockhampton City,Rockhampton Region,4700,Rockhampton,Capricornia,Central,Central,Central Queensland,Rockhampton City,Rockhampton,Central Queensland,Inner Regional,Rockhampton,Capricornia,Locally-controlled,Intersection - Cross,Give way sign,60 km/h,Sealed - Wet,Clear,Daylight,Straight,Level,101,Veh'S Adjacent Approach: Thru-Thru,Intersection from adjacent approaches,W,0,0,0,0,0,2,0,0,0,0,0,0
5414,Property damage only,2003,April,Thursday,19,Angle,Multi-Vehicle,148.3461294,-23.2292991,Kestrel Access Rd,,,Crinum,Central Highlands Region,4723,Capella,Capricornia,Central,Central,Central Queensland,Central Highlands - West,Central Highlands (qld),Central Queensland,Remote,Gregory,Flynn,Locally-controlled,No Roadway Feature,No traffic control,100 - 110 km/h,Sealed - Dry,Clear,Darkness - Not lighted,Straight,Level,406,Veh'S Manoeuvring: Leaving Driveway,Vehicle leaving driveway,S,0,0,0,0,0,2,0,0,0,0,0,0
5415,Hospitalisation,2003,April,Friday,1,Hit parked vehicle,Single Vehicle,152.9890164,-27.49650034,Indooroopilly Rd,,,Taringa,Brisbane City,4068,Indooroopilly,North Brisbane,Brisbane,SEQ North,Metropolitan,Taringa,Sherwood - Indooroopilly,Brisbane - West,Major Cities,Maiwar,Ryan,Locally-controlled,No Roadway Feature,No traffic control,60 km/h,Sealed - Dry,Clear,Darkness - Lighted,Curved - view open,Grade,601,Veh'S On Path: Parked,Hit parked vehicle,N,0,1,0,0,1,2,0,0,0,0,0,0
5416,Hospitalisation,2003,April,Friday,1,Hit object,Single Vehicle,153.0826421,-27.22879892,Ballina St,Miller St,,Kippa-ring,Moreton Bay Region,4021,Redcliffe,Moreton,Southern,SEQ North,North Coast and Wide Bay/Burnett,Rothwell - Kippa-ring,Redcliffe,Moreton Bay - North,Major Cities,Redcliffe,Petrie,Locally-controlled,Intersection - T-Junction,No traffic control,0 - 50 km/h,Sealed - Dry,Clear,Darkness - Not lighted,Curved - view open,Grade,808,Off Path-Curve: Mounts Traffic Island,Off carriageway on curve hit object,E,0,1,0,0,1,1,0,0,0,0,0,0
5417,Hospitalisation,2003,April,Friday,6,Hit object,Single Vehicle,153.1599847,-27.6412121,Lyndale St,,,Daisy Hill,Logan City,4127,Springwood,Logan,South Eastern,SEQ South,South Coast,Daisy Hill,Springwood - Kingston,Logan - Beaudesert,Major Cities,Springwood,Rankin,Locally-controlled,No Roadway Feature,No traffic control,60 km/h,Sealed - Dry,Clear,Dawn/Dusk,Curved - view obscured,Crest,803,Off Path-Curve: Off Cway Rt Bend Hit Obj,Off carriageway on curve hit object,E,0,1,0,0,1,3,0,0,0,0,0,0
5418,Property damage only,2003,April,Friday,23,Hit object,Single Vehicle,153.0717272,-27.43196239,Lancaster Rd,Nudgee Rd,,Hamilton,Brisbane City,4007,Hendra,North Brisbane,Brisbane,SEQ North,Metropolitan,Hamilton (qld),Brisbane Inner - North,Brisbane Inner City,Major Cities,Clayfield,Brisbane,Locally-controlled,Intersection - T-Junction,Operating traffic lights,60 km/h,Sealed - Dry,Clear,Darkness - Lighted,Straight,Level,703,Off Path-Straight: Left Off Cway Hit Obj,Off carriageway on straight hit object,E,0,0,0,0,0,1,0,0,0,0,0,0
5419,Hospitalisation,2003,April,Friday,10,Fall from vehicle,Single Vehicle,152.6903046,-26.62143357,Maleny - Kenilworth Rd,,Maleny - Kenilworth Road,Kenilworth,Sunshine Coast Region,4574,Kenilworth,Sunshine Coast,Central,SEQ North,North Coast and Wide Bay/Burnett,Maroochy Hinterland,Sunshine Coast Hinterland,Sunshine Coast,Inner Regional,Glass House,Fairfax,State-controlled,No Roadway Feature,No traffic control,100 - 110 km/h,Sealed - Dry,Clear,Daylight,Curved - view open,Grade,800,Off Path-Curve: Other,Other,N,0,1,0,0,1,0,1,0,0,0,0,0
5420,Property damage only,2003,April,Friday,9,Overturned,Single Vehicle,152.3816596,-27.10408052,Brisbane Valley Hwy,,Brisbane Valley Highway (Ipswich-Harlin),Toogoolawah,Somerset Region,4313,Toogoolawah,Ipswich,Southern,SEQ North,North Coast and Wide Bay/Burnett,Esk,Ipswich Hinterland,Ipswich,Inner Regional,Nanango,Blair,State-controlled,No Roadway Feature,No traffic control,100 - 110 km/h,Sealed - Dry,Clear,Daylight,Straight,Grade,705,Off Path-Straight:Out Of Control On Cway,Out of control on straight,N,0,0,0,0,0,1,0,0,0,0,0,0
5421,Property damage only,2003,April,Friday,15,Overturned,Single Vehicle,149.3743899,-26.1697218,Clifford Rd,,,Clifford,Western Downs Region,4427,Yuleba,South West,Southern,Southern,Downs South West,Miles - Wandoan,Darling Downs (west) - Maranoa,Darling Downs - Maranoa,Remote,Callide,Maranoa,Locally-controlled,No Roadway Feature,No traffic control,100 - 110 km/h,Unsealed - Dry,Clear,Daylight,Straight,Level,801,Off Path-Curve: Off Cway Right Bend,Off carriageway on curve,N,0,0,0,0,0,1,0,0,0,0,0,0
5422,Property damage only,2003,April,Saturday,2,Hit parked vehicle,Single Vehicle,153.0807488,-27.57474454,Devonlea St,,,Eight Mile Plains,Brisbane City,4113,Upper Mount Gravatt,South Brisbane,Brisbane,SEQ South,Metropolitan,Eight Mile Plains,Mt Gravatt,Brisbane - South,Major Cities,Toohey,Moreton,Locally-controlled,No Roadway Feature,No traffic control,0 - 50 km/h,Sealed - Dry,Clear,Darkness - Lighted,Straight,Level,601,Veh'S On Path: Parked,Hit parked vehicle,N,0,0,0,0,0,2,0,0,0,0,0,0
5423,Medical treatment,2003,April,Saturday,21,Rear-end,Multi-Vehicle,153.0537192,-27.57044607,Mccullough St,Shelley St,,Sunnybank,Brisbane City,4109,Upper Mount Gravatt,South Brisbane,Brisbane,SEQ South,Metropolitan,Robertson,Nathan,Brisbane - South,Major Cities,Toohey,Moreton,Locally-controlled,Intersection - T-Junction,No traffic control,60 km/h,Sealed - Dry,Clear,Darkness - Lighted,Straight,Grade,303,Veh'S Same Direction: Right Rear,Rear-end,E,0,0,1,0,1,2,0,0,0,0,0,0
5424,Minor injury,2003,April,Saturday,15,Rear-end,Multi-Vehicle,152.8983212,-25.28081246,Charlton Esp,Elizabeth St,,Urangan,Fraser Coast Region,4655,Hervey Bay,Wide Bay Burnett,Central,Southern,North Coast and Wide Bay/Burnett,Urangan - Wondunna,Hervey Bay,Wide Bay,Inner Regional,Hervey Bay,Hinkler,Locally-controlled,Intersection - T-Junction,No traffic control,0 - 50 km/h,Sealed - Dry,Clear,Daylight,Straight,Level,303,Veh'S Same Direction: Right Rear,Rear-end,E,0,0,0,1,1,2,0,0,0,0,0,0
5425,Minor injury,2003,April,Saturday,15,Hit pedestrian,Hit pedestrian,152.9003248,-25.29049529,Hansen St,Miller St,,Urangan,Fraser Coast Region,4655,Hervey Bay,Wide Bay Burnett,Central,Southern,North Coast and Wide Bay/Burnett,Urangan - Wondunna,Hervey Bay,Wide Bay,Inner Regional,Hervey Bay,Hinkler,Locally-controlled,Intersection - Cross,No traffic control,60 km/h,Sealed - Dry,Clear,Daylight,Straight,Level,0,Ped'N: Hit Other,Other,S,0,0,0,1,1,1,0,0,0,0,1,0
5426,Property damage only,2003,April,Saturday,2,Overturned,Single Vehicle,149.532744,-22.1159917,Bruce Hwy,,Bruce Highway (St. Lawrence - Mackay),Clairview,Isaac Region,4741,Saint Lawrence,Mackay,Central,Central,Central Queensland,Broadsound - Nebo,Bowen Basin - North,Mackay - Isaac - Whitsunday,Remote,Mirani,Capricornia,State-controlled,No Roadway Feature,No traffic control,100 - 110 km/h,Sealed - Dry,Clear,Darkness - Not lighted,Straight,Level,701,Off Path-Straight: Left Off Cway,Off carriageway on straight,S,0,0,0,0,0,1,0,0,0,0,0,0
5427,Hospitalisation,2003,April,Sunday,10,Head-on,Multi-Vehicle,153.2027593,-27.70591044,Beenleigh Connection Rd,Pacific Hwy On Ramp,Beenleigh Connection Road,Beenleigh,Logan City,4207,Beenleigh,Logan,South Eastern,SEQ South,South Coast,Beenleigh,Beenleigh,Logan - Beaudesert,Major Cities,Macalister,Forde,State-controlled,Intersection - Roundabout,Give way sign,60 km/h,Sealed - Dry,Clear,Daylight,Straight,Level,204,Veh'S Opposite Approach: Right-Right,Opposing vehicles turning,N,0,1,0,0,1,2,0,0,0,0,0,0
5428,Property damage only,2003,April,Sunday,10,Overturned,Single Vehicle,152.9091485,-27.09207292,Bellmere Rd,,,Bellmere,Moreton Bay Region,4510,Caboolture,Moreton,Southern,SEQ North,North Coast and Wide Bay/Burnett,Wamuran,Caboolture,Moreton Bay - North,Major Cities,Glass House,Longman,Locally-controlled,No Roadway Feature,No traffic control,80 - 90 km/h,Sealed - Dry,Clear,Daylight,Straight,Level,705,Off Path-Straight:Out Of Control On Cway,Out of control on straight,E,0,0,0,0,0,1,0,0,0,0,0,0
5429,Minor injury,2003,April,Sunday,11,Rear-end,Multi-Vehicle,153.4428119,-28.07018471,Gold Coast Hwy,,Gold Coast Highway (Broadbeach - Coolangatta),Miami,Gold Coast City,4220,Broadbeach,Gold Coast,South Eastern,SEQ South,South Coast,Miami,Broadbeach - Burleigh,Gold Coast,Major Cities,Mermaid Beach,Moncrieff,State-controlled,No Roadway Feature,No traffic control,60 km/h,Sealed - Dry,Clear,Daylight,Straight,Level,301,Veh'S Same Direction: Rear End,Rear-end,N,0,0,0,1,1,2,0,0,0,0,0,0
5430,Property damage only,2003,April,Sunday,14,Overturned,Single Vehicle,152.3104879,-25.19805544,Goodwood Rd,,Goodwood Road,North Isis,Bundaberg Region,4660,Childers,Wide Bay Burnett,Central,Southern,North Coast and Wide Bay/Burnett,Bundaberg Region - South,Bundaberg,Wide Bay,Inner Regional,Burnett,Hinkler,State-controlled,No Roadway Feature,No traffic control,100 - 110 km/h,Sealed - Dry,Clear,Daylight,Straight,Grade,701,Off Path-Straight: Left Off Cway,Off carriageway on straight,N,0,0,0,0,0,1,0,0,0,0,0,0
5431,Hospitalisation,2003,April,Monday,19,Hit object,Single Vehicle,153.1586198,-27.42440774,Port Of Brisbane Rd,,Port Of Brisbane Road,Lytton,Brisbane City,4178,Wynnum,South Brisbane,Brisbane,SEQ South,Metropolitan,Brisbane Port - Lytton,Wynnum - Manly,Brisbane - East,Major Cities,Lytton,Bonner,State-controlled,Bridge/Causeway,No traffic control,80 - 90 km/h,Sealed - Dry,Clear,Darkness - Not lighted,Straight,Level,703,Off Path-Straight: Left Off Cway Hit Obj,Off carriageway on straight hit object,E,0,1,0,0,1,1,0,0,0,0,0,0
5432,Medical treatment,2003,April,Monday,17,Overturned,Single Vehicle,153.2618402,-27.63286537,German Church Rd,,,Redland Bay,Redland City,4165,Redland Bay,South Brisbane,Brisbane,SEQ South,Metropolitan,Redland Bay,Cleveland - Stradbroke,Brisbane - East,Major Cities,Redlands,Bowman,Locally-controlled,No Roadway Feature,No traffic control,80 - 90 km/h,Sealed - Dry,Clear,Daylight,Straight,Level,701,Off Path-Straight: Left Off Cway,Off carriageway on straight,E,0,0,1,0,1,1,0,0,0,0,0,0
5433,Hospitalisation,2003,April,Monday,10,Angle,Multi-Vehicle,153.4290219,-28.00481397,Laycock St,,,Surfers Paradise,Gold Coast City,4217,Surfers Paradise,Gold Coast,South Eastern,SEQ South,South Coast,Surfers Paradise,Surfers Paradise,Gold Coast,Major Cities,Surfers Paradise,Moncrieff,Locally-controlled,No Roadway Feature,No traffic control,0 - 50 km/h,Sealed - Dry,Clear,Daylight,Straight,Level,308,Veh'S Same Direction: Right Turn S/Swipe,Parallel lanes turning,E,0,1,0,0,1,2,0,0,0,0,0,0
5434,Property damage only,2003,April,Monday,13,Rear-end,Multi-Vehicle,152.3399734,-27.54528501,Warrego Hwy,,Warrego Highway (Ipswich - Toowoomba),Lawes,Lockyer Valley Region,4345,Gatton,Darling Downs,Southern,SEQ South,Downs South West,Gatton,Toowoomba,Toowoomba,Inner Regional,Lockyer,Wright,State-controlled,Median Opening,No traffic control,100 - 110 km/h,Sealed - Dry,Clear,Daylight,Straight,Level,303,Veh'S Same Direction: Right Rear,Rear-end,E,0,0,0,0,0,1,0,1,0,0,0,0
5435,Hospitalisation,2003,April,Monday,21,Hit object,Single Vehicle,147.3917285,-19.62006511,Bruce Hwy,,Bruce Highway (Bowen - Ayr),Mcdesme,Burdekin Shire,4807,Ayr,Townsville,Northern,Northern,North Queensland,Ayr,Charters Towers - Ayr - Ingham,Townsville,Outer Regional,Burdekin,Dawson,State-controlled,No Roadway Feature,No traffic control,100 - 110 km/h,Sealed - Dry,Clear,Darkness - Lighted,Straight,Level,700,Off Path-Straight: Other,Other,N,0,1,0,0,1,1,0,0,0,0,0,0
5436,Hospitalisation,2003,April,Tuesday,10,Angle,Multi-Vehicle,153.1251062,-27.58061247,Miles Platting Rd,Rochedale Rd,,Rochedale,Brisbane City,4123,Upper Mount Gravatt,South Brisbane,Brisbane,SEQ South,Metropolitan,Rochedale - Burbank,Mt Gravatt,Brisbane - South,Major Cities,Mansfield,Bonner,Locally-controlled,Intersection - T-Junction,Operating traffic lights,60 km/h,Sealed - Dry,Clear,Daylight,Straight,Level,202,Veh'S Opposite Approach: Thru-Right,Opposing vehicles turning,S,0,2,0,0,2,2,0,0,0,0,0,0