Crash_Ref_Number,Crash_Severity,Crash_Year,Crash_Month,Crash_Day_Of_Week,Crash_Hour,Crash_Nature,Crash_Type,Crash_Longitude_GDA94,Crash_Latitude_GDA94,Crash_Street,Crash_Street_Intersecting,State_Road_Name,Loc_Suburb,Loc_Local_Government_Area,Loc_Post_Code,Loc_Police_Division,Loc_Police_District,Loc_Police_Region,Loc_Queensland_Transport_Region,Loc_Main_Roads_Region,Loc_ABS_Statistical_Area_2,Loc_ABS_Statistical_Area_3,Loc_ABS_Statistical_Area_4,Loc_ABS_Remoteness,Loc_State_Electorate,Loc_Federal_Electorate,Crash_Controlling_Authority,Crash_Roadway_Feature,Crash_Traffic_Control,Crash_Speed_Limit,Crash_Road_Surface_Condition,Crash_Atmospheric_Condition,Crash_Lighting_Condition,Crash_Road_Horiz_Align,Crash_Road_Vert_Align,Crash_DCA_Code,Crash_DCA_Description,Crash_DCA_Group_Description,DCA_Key_Approach_Dir,Count_Casualty_Fatality,Count_Casualty_Hospitalised,Count_Casualty_MedicallyTreated,Count_Casualty_MinorInjury,Count_Casualty_Total,Count_Unit_Car,Count_Unit_Motorcycle_Moped,Count_Unit_Truck,Count_Unit_Bus,Count_Unit_Bicycle,Count_Unit_Pedestrian,Count_Unit_Other
5437,Hospitalisation,2003,April,Tuesday,14,Angle,Multi-Vehicle,153.0139949,-27.34619768,Beams Rd,Lacey Rd,,Carseldine,Brisbane City,4034,Carseldine,North Brisbane,Brisbane,SEQ North,Metropolitan,Carseldine,Bald Hills - Everton Park,Brisbane - North,Major Cities,Aspley,Petrie,Locally-controlled,Intersection - T-Junction,Stop sign,60 km/h,Sealed - Dry,Clear,Daylight,Straight,Grade,104,Veh'S Adjacent Approach: Thru-Right,Intersection from adjacent approaches,E,0,1,0,0,1,2,0,0,0,0,0,0
5438,Property damage only,2003,April,Tuesday,23,Hit object,Single Vehicle,153.0680955,-27.67854028,Bayliss Rd,,,Heritage Park,Logan City,4118,Crestmead,Logan,South Eastern,SEQ South,South Coast,Regents Park - Heritage Park,Browns Plains,Logan - Beaudesert,Major Cities,Woodridge,Rankin,Locally-controlled,No Roadway Feature,No traffic control,60 km/h,Sealed - Wet,Clear,Darkness - Lighted,Curved - view open,Level,804,Off Path-Curve: Off Cway Lt Bend Hit Obj,Off carriageway on curve hit object,N,0,0,0,0,0,1,0,0,0,0,0,0
5439,Minor injury,2003,April,Tuesday,15,Angle,Multi-Vehicle,152.8571573,-26.50161514,Browns Rd,Eumundi - Kenilworth Rd,Eumundi - Kenilworth Road,Belli Park,Sunshine Coast Region,4562,Eumundi,Sunshine Coast,Central,SEQ North,North Coast and Wide Bay/Burnett,Maroochy Hinterland,Sunshine Coast Hinterland,Sunshine Coast,Inner Regional,Nicklin,Fairfax,State-controlled,Intersection - T-Junction,No traffic control,100 - 110 km/h,Sealed - Dry,Clear,Daylight,Straight,Level,506,Veh'S Overtaking: Overtake-Right Turn,Overtaking same direction,W,0,0,0,1,1,2,0,0,0,0,0,0
5440,Property damage only,2003,April,Tuesday,5,Overturned,Single Vehicle,153.0281272,-26.427274,Eumundi - Noosa Rd,,Eumundi - Noosa Road,Doonan,Noosa Shire,4562,Noosa Heads,Sunshine Coast,Central,SEQ North,North Coast and Wide Bay/Burnett,Noosa Hinterland,Noosa Hinterland,Sunshine Coast,Major Cities,Noosa,Wide Bay,State-controlled,No Roadway Feature,No traffic control,100 - 110 km/h,Sealed - Wet,Clear,Daylight,Curved - view open,Grade,803,Off Path-Curve: Off Cway Rt Bend Hit Obj,Off carriageway on curve hit object,S,0,0,0,0,0,1,0,0,0,0,0,0
5441,Medical treatment,2003,April,Tuesday,16,Angle,Multi-Vehicle,153.4009432,-27.92497431,Ocean St,Stradbroke St,,Runaway Bay,Gold Coast City,4216,Runaway Bay,Gold Coast,South Eastern,SEQ South,South Coast,Runaway Bay,Gold Coast - North,Gold Coast,Major Cities,Broadwater,Fadden,Locally-controlled,Intersection - Cross,Stop sign,0 - 50 km/h,Sealed - Dry,Clear,Daylight,Straight,Level,101,Veh'S Adjacent Approach: Thru-Thru,Intersection from adjacent approaches,E,0,0,1,0,1,1,1,0,0,0,0,0
5442,Medical treatment,2003,April,Tuesday,17,Hit animal,Other,152.7782962,-26.04166506,Anderleigh Rd,,,Kia Ora,Gympie Region,4570,Gympie,Wide Bay Burnett,Central,Southern,North Coast and Wide Bay/Burnett,Gympie Region,Gympie - Cooloola,Wide Bay,Inner Regional,Gympie,Wide Bay,Locally-controlled,No Roadway Feature,No traffic control,100 - 110 km/h,Sealed - Dry,Clear,Darkness - Not lighted,Curved - view open,Level,609,Pass & Misc: Hit Animal,Hit animal,N,0,0,1,0,1,1,0,0,0,0,0,1
5443,Medical treatment,2003,April,Tuesday,21,Angle,Multi-Vehicle,148.1613362,-23.53279024,Opal St,Roberts St,,Emerald,Central Highlands Region,4720,Emerald,Capricornia,Central,Central,Central Queensland,Emerald,Central Highlands (qld),Central Queensland,Outer Regional,Gregory,Flynn,Locally-controlled,Intersection - T-Junction,Give way sign,60 km/h,Sealed - Dry,Clear,Darkness - Lighted,Straight,Level,104,Veh'S Adjacent Approach: Thru-Right,Intersection from adjacent approaches,N,0,0,2,0,2,2,0,0,0,0,0,0
5444,Minor injury,2003,April,Tuesday,11,Angle,Multi-Vehicle,150.3873392,-23.64544637,Burnett Hwy,Morgan St,Burnett Highway (Mt Morgan-Rockhampton),Mount Morgan,Rockhampton Region,4714,Mount Morgan,Capricornia,Central,Central,Central Queensland,Mount Morgan,Rockhampton,Central Queensland,Inner Regional,Mirani,Flynn,State-controlled,Intersection - Cross,Give way sign,60 km/h,Sealed - Dry,Clear,Daylight,Straight,Level,202,Veh'S Opposite Approach: Thru-Right,Opposing vehicles turning,W,0,0,0,1,1,2,0,0,0,0,0,0
5445,Minor injury,2003,April,Wednesday,8,Hit parked vehicle,Single Vehicle,153.0206061,-27.58287616,Watson Rd,,,Acacia Ridge,Brisbane City,4110,Acacia Ridge,South Brisbane,Brisbane,SEQ South,Metropolitan,Rocklea - Acacia Ridge,Rocklea - Acacia Ridge,Brisbane - South,Major Cities,Algester,Moreton,Locally-controlled,No Roadway Feature,No traffic control,60 km/h,Sealed - Dry,Clear,Daylight,Straight,Level,601,Veh'S On Path: Parked,Hit parked vehicle,S,0,0,0,1,1,2,0,0,0,0,0,0
5446,Property damage only,2003,April,Wednesday,18,Rear-end,Multi-Vehicle,153.0149362,-27.42151421,Grange Rd,Howard St,,Grange,Brisbane City,4051,Stafford,North Brisbane,Brisbane,SEQ North,Metropolitan,Grange,Brisbane Inner - North,Brisbane Inner City,Major Cities,Stafford,Brisbane,Locally-controlled,Intersection - T-Junction,No traffic control,60 km/h,Sealed - Dry,Clear,Darkness - Lighted,Straight,Level,303,Veh'S Same Direction: Right Rear,Rear-end,N,0,0,0,0,0,2,0,0,0,0,0,0
5447,Medical treatment,2003,April,Wednesday,12,Rear-end,Multi-Vehicle,152.9882412,-27.3016469,Brisbane - Woodford Rd,Samsonvale Rd,Brisbane - Woodford Road,Strathpine,Moreton Bay Region,4500,Petrie,North Brisbane,Brisbane,SEQ North,North Coast and Wide Bay/Burnett,Strathpine - Brendale,Strathpine,Moreton Bay - South,Major Cities,Pine Rivers,Dickson,State-controlled,Intersection - T-Junction,Pedestrian crossing sign,60 km/h,Sealed - Dry,Clear,Daylight,Curved - view open,Grade,302,Veh'S Same Direction: Left Rear,Rear-end,N,0,0,1,0,1,2,0,0,0,0,0,0
5448,Property damage only,2003,April,Wednesday,17,Angle,Multi-Vehicle,152.9878114,-27.31819297,Kremzow Rd,,,Brendale,Moreton Bay Region,4500,Albany Creek,North Brisbane,Brisbane,SEQ North,North Coast and Wide Bay/Burnett,Strathpine - Brendale,Strathpine,Moreton Bay - South,Major Cities,Pine Rivers,Dickson,Locally-controlled,No Roadway Feature,No traffic control,60 km/h,Sealed - Dry,Clear,Dawn/Dusk,Straight,Level,202,Veh'S Opposite Approach: Thru-Right,Opposing vehicles turning,W,0,0,0,0,0,2,0,0,0,0,0,0
5449,Property damage only,2003,April,Wednesday,20,Overturned,Single Vehicle,152.8965102,-27.38137891,Samford Rd,,Samford Road,Samford Valley,Moreton Bay Region,4520,Ferny Grove,North Brisbane,Brisbane,SEQ North,North Coast and Wide Bay/Burnett,Samford Valley,The Hills District,Moreton Bay - South,Major Cities,Pine Rivers,Dickson,State-controlled,No Roadway Feature,No traffic control,80 - 90 km/h,Sealed - Dry,Clear,Darkness - Not lighted,Curved - view obscured,Grade,805,Off Path-Curve: Out Of Control On Cway,Out of control on curve,E,0,0,0,0,0,1,0,0,0,0,0,0
5450,Property damage only,2003,April,Wednesday,16,Angle,Multi-Vehicle,152.3635081,-24.87618725,Boundary St,Bundaberg - Port Rd,Bundaberg - Port Road,Kepnock,Bundaberg Region,4670,Bundaberg,Wide Bay Burnett,Central,Southern,North Coast and Wide Bay/Burnett,Ashfield - Kepnock,Bundaberg,Wide Bay,Inner Regional,Bundaberg,Hinkler,State-controlled,Intersection - Roundabout,Give way sign,60 km/h,Sealed - Dry,Clear,Daylight,Straight,Level,101,Veh'S Adjacent Approach: Thru-Thru,Intersection from adjacent approaches,W,0,0,0,0,0,2,0,0,0,0,0,0
5451,Medical treatment,2003,April,Wednesday,15,Sideswipe,Multi-Vehicle,152.6711227,-26.22380979,Gympie - Brooloo Rd,,Gympie - Brooloo Road,Jones Hill,Gympie Region,4570,Gympie,Wide Bay Burnett,Central,Southern,North Coast and Wide Bay/Burnett,Gympie - South,Gympie - Cooloola,Wide Bay,Inner Regional,Gympie,Wide Bay,State-controlled,No Roadway Feature,No traffic control,60 km/h,Sealed - Dry,Clear,Daylight,Curved - view open,Crest,201,Veh'S Opposite Approach: Head On,Head-on,N,0,0,3,0,3,2,0,0,0,0,0,0
5452,Property damage only,2003,April,Wednesday,13,Overturned,Single Vehicle,152.6792504,-25.31095609,Torbanlea - Pialba Rd,,Torbanlea - Pialba Road,Takura,Fraser Coast Region,4655,Hervey Bay,Wide Bay Burnett,Central,Southern,North Coast and Wide Bay/Burnett,Burrum - Fraser,Maryborough,Wide Bay,Inner Regional,Maryborough,Hinkler,State-controlled,No Roadway Feature,No traffic control,100 - 110 km/h,Sealed - Dry,Clear,Daylight,Curved - view open,Level,805,Off Path-Curve: Out Of Control On Cway,Out of control on curve,E,0,0,0,0,0,1,0,0,0,0,0,0
5453,Property damage only,2003,April,Thursday,9,Rear-end,Multi-Vehicle,153.0189548,-27.46664391,Makerston St,Roma St,,Brisbane City,Brisbane City,4000,Brisbane City,North Brisbane,Brisbane,SEQ North,Metropolitan,Brisbane City,Brisbane Inner,Brisbane Inner City,Major Cities,Mcconnel,Brisbane,Locally-controlled,Intersection - T-Junction,Operating traffic lights,0 - 50 km/h,Sealed - Dry,Clear,Daylight,Straight,Level,302,Veh'S Same Direction: Left Rear,Rear-end,W,0,0,0,0,0,2,0,0,0,0,0,0
5454,Medical treatment,2003,April,Thursday,12,Hit object,Single Vehicle,152.974622,-27.48000638,Western Fwy,,Centenary Motorway (Ellen Grove - Toowong),Mount Coot-tha,Brisbane City,4066,Indooroopilly,North Brisbane,Brisbane,SEQ North,Metropolitan,Mount Coot-tha,The Gap - Enoggera,Brisbane - West,Major Cities,Maiwar,Ryan,State-controlled,No Roadway Feature,No traffic control,70 km/h,Sealed - Wet,Raining,Daylight,Curved - view open,Grade,800,Off Path-Curve: Other,Other,E,0,0,1,0,1,1,0,0,0,0,0,0
5455,Minor injury,2003,April,Thursday,13,Rear-end,Multi-Vehicle,152.9759777,-27.4793661,Western Fwy,,Centenary Motorway (Ellen Grove - Toowong),Mount Coot-tha,Brisbane City,4066,Indooroopilly,North Brisbane,Brisbane,SEQ North,Metropolitan,Mount Coot-tha,The Gap - Enoggera,Brisbane - West,Major Cities,Maiwar,Ryan,State-controlled,No Roadway Feature,No traffic control,70 km/h,Sealed - Wet,Raining,Daylight,Straight,Level,305,Veh'S Same Direction: Lane Side Swipe,Lane changes,N,0,0,0,2,2,2,0,0,0,0,0,0
5456,Medical treatment,2003,April,Thursday,17,Angle,Multi-Vehicle,153.0351266,-27.49163571,Ipswich Rd,Qualtrough St,,Woolloongabba,Brisbane City,4102,Dutton Park,South Brisbane,Brisbane,SEQ South,Metropolitan,Woolloongabba,Holland Park - Yeronga,Brisbane - South,Major Cities,South Brisbane,Griffith,Locally-controlled,Intersection - T-Junction,No traffic control,60 km/h,Sealed - Dry,Clear,Daylight,Straight,Level,202,Veh'S Opposite Approach: Thru-Right,Opposing vehicles turning,N,0,0,2,0,2,3,0,0,0,0,0,0
5457,Minor injury,2003,April,Thursday,20,Angle,Multi-Vehicle,153.1087716,-27.63317788,Ewing Rd,,,Woodridge,Logan City,4114,Logan Central,Logan,South Eastern,SEQ South,South Coast,Woodridge,Springwood - Kingston,Logan - Beaudesert,Major Cities,Woodridge,Rankin,Locally-controlled,No Roadway Feature,Pedestrian operated lights,0 - 50 km/h,Sealed - Dry,Clear,Darkness - Lighted,Straight,Level,408,Veh'S Manoeuvring: Entering From Footway,Vehicle leaving driveway,W,0,0,0,1,1,1,0,0,0,1,0,0
5458,Hospitalisation,2003,April,Thursday,15,Sideswipe,Multi-Vehicle,153.3427002,-27.91874976,Gold Coast Hwy,,Gold Coast Highway (Helensvale - Southport),Helensvale,Gold Coast City,4212,Coomera,Gold Coast,South Eastern,SEQ South,South Coast,Helensvale,Ormeau - Oxenford,Gold Coast,Major Cities,Theodore,Fadden,State-controlled,Merge Lane,No traffic control,80 - 90 km/h,Sealed - Wet,Raining,Daylight,Curved - view obscured,Level,306,Veh'S Same Direction: Lane Change Right,Lane changes,E,0,1,0,0,1,1,0,2,0,0,0,0
5459,Minor injury,2003,April,Thursday,7,Angle,Multi-Vehicle,153.4124353,-27.97280546,Gillian La,Southport - Nerang Rd,Southport - Nerang Road,Southport,Gold Coast City,4215,Southport,Gold Coast,South Eastern,SEQ South,South Coast,Southport - South,Southport,Gold Coast,Major Cities,Southport,Moncrieff,State-controlled,Intersection - T-Junction,Give way sign,0 - 50 km/h,Sealed - Dry,Clear,Daylight,Straight,Crest,107,Veh'S Adjacent Approach: Thru-Left,Intersection from adjacent approaches,W,0,0,0,1,1,1,0,0,0,1,0,0
5460,Medical treatment,2003,April,Thursday,16,Sideswipe,Multi-Vehicle,153.4275563,-27.99592882,Gold Coast Hwy,Palm Ave,,Surfers Paradise,Gold Coast City,4217,Surfers Paradise,Gold Coast,South Eastern,SEQ South,South Coast,Surfers Paradise,Surfers Paradise,Gold Coast,Major Cities,Surfers Paradise,Moncrieff,Locally-controlled,Intersection - Cross,Operating traffic lights,60 km/h,Sealed - Wet,Clear,Daylight,Straight,Level,308,Veh'S Same Direction: Right Turn S/Swipe,Parallel lanes turning,N,0,0,1,0,1,2,0,0,0,0,0,0
5461,Property damage only,2003,April,Thursday,15,Angle,Multi-Vehicle,150.5232541,-23.31132402,Norman Rd,Rockhampton - Yeppoon Rd,Rockhampton - Yeppoon Road,Norman Gardens,Rockhampton Region,4701,North Rockhampton,Capricornia,Central,Central,Central Queensland,Norman Gardens,Rockhampton,Central Queensland,Inner Regional,Keppel,Capricornia,State-controlled,Intersection - Cross,Give way sign,80 - 90 km/h,Sealed - Dry,Clear,Daylight,Straight,Level,102,Veh'S Adjacent Approach: Right-Thru,Intersection from adjacent approaches,N,0,0,0,0,0,2,0,0,0,0,0,0
5462,Hospitalisation,2003,April,Friday,18,Hit object,Single Vehicle,153.0578606,-27.53441019,Gaza Rd,South East Art Rd Ramp Xf,South-East Arterial Road (Pacific Motorway),Holland Park West,Brisbane City,4121,Holland Park,South Brisbane,Brisbane,SEQ South,Metropolitan,Tarragindi,Nathan,Brisbane - South,Major Cities,Miller,Moreton,State-controlled,Intersection - Interchange,Operating traffic lights,60 km/h,Sealed - Wet,Raining,Darkness - Lighted,Straight,Level,703,Off Path-Straight: Left Off Cway Hit Obj,Off carriageway on straight hit object,N,0,2,0,0,2,1,0,0,0,0,0,0
5463,Minor injury,2003,April,Friday,5,Hit object,Single Vehicle,152.9515355,-27.11337689,Burpengary - Caboolture Rd,,Burpengary - Caboolture Road,Morayfield,Moreton Bay Region,4506,Caboolture,Moreton,Southern,SEQ North,North Coast and Wide Bay/Burnett,Caboolture - South,Caboolture,Moreton Bay - North,Major Cities,Morayfield,Longman,State-controlled,No Roadway Feature,No traffic control,60 km/h,Sealed - Dry,Clear,Dawn/Dusk,Straight,Level,703,Off Path-Straight: Left Off Cway Hit Obj,Off carriageway on straight hit object,N,0,0,0,1,1,1,0,0,0,0,0,0
5464,Hospitalisation,2003,April,Friday,18,Rear-end,Multi-Vehicle,153.083175,-27.22418825,Kroll St,Redcliffe Rd,Redcliffe Road,Kippa-ring,Moreton Bay Region,4021,Redcliffe,Moreton,Southern,SEQ North,North Coast and Wide Bay/Burnett,Rothwell - Kippa-ring,Redcliffe,Moreton Bay - North,Major Cities,Redcliffe,Petrie,State-controlled,Intersection - T-Junction,No traffic control,60 km/h,Sealed - Wet,Raining,Darkness - Lighted,Straight,Grade,304,Veh'S Same Direction: U-Turn,U-turn,W,0,2,0,0,2,2,0,0,0,0,0,0
5465,Medical treatment,2003,April,Friday,18,Hit object,Single Vehicle,153.1962622,-27.58420237,Emu St,,,Sheldon,Redland City,4157,Capalaba,South Brisbane,Brisbane,SEQ South,Metropolitan,Sheldon - Mount Cotton,Cleveland - Stradbroke,Brisbane - East,Major Cities,Springwood,Bowman,Locally-controlled,No Roadway Feature,No traffic control,60 km/h,Sealed - Wet,Raining,Darkness - Not lighted,Straight,Level,700,Off Path-Straight: Other,Other,W,0,0,1,0,1,1,0,0,0,0,0,0
5466,Medical treatment,2003,April,Friday,19,Rear-end,Multi-Vehicle,153.4309752,-28.03421807,Gold Coast Hwy,Nerang - Broadbeach Rd,Nerang - Broadbeach Road,Broadbeach,Gold Coast City,4218,Broadbeach,Gold Coast,South Eastern,SEQ South,South Coast,Mermaid Beach - Broadbeach,Broadbeach - Burleigh,Gold Coast,Major Cities,Mermaid Beach,Moncrieff,State-controlled,Intersection - Cross,Pedestrian crossing sign,60 km/h,Sealed - Dry,Clear,Darkness - Lighted,Curved - view open,Level,302,Veh'S Same Direction: Left Rear,Rear-end,E,0,0,2,0,2,2,0,0,0,0,0,0
5467,Hospitalisation,2003,April,Friday,21,Overturned,Single Vehicle,153.1718713,-27.90259673,Tamborine Mountain Rd,,Tamborine Mountain Road,Tamborine Mountain,Scenic Rim Region,4272,North Tamborine,Logan,South Eastern,SEQ South,South Coast,Tamborine - Canungra,Gold Coast Hinterland,Gold Coast,Inner Regional,Scenic Rim,Wright,State-controlled,No Roadway Feature,No traffic control,60 km/h,Sealed - Wet,Raining,Darkness - Not lighted,Curved - view obscured,Grade,803,Off Path-Curve: Off Cway Rt Bend Hit Obj,Off carriageway on curve hit object,W,0,3,0,0,3,1,0,0,0,0,0,0
5468,Property damage only,2003,April,Friday,9,Rear-end,Multi-Vehicle,153.2376356,-27.88040583,Lanes Rd,Tamborine - Oxenford Rd,Tamborine - Oxenford Road,Wongawallan,Gold Coast City,4210,Coomera,Gold Coast,South Eastern,SEQ South,South Coast,Upper Coomera - Willow Vale,Ormeau - Oxenford,Gold Coast,Major Cities,Coomera,Forde,State-controlled,Intersection - T-Junction,No traffic control,60 km/h,Sealed - Dry,Clear,Daylight,Curved - view obscured,Grade,301,Veh'S Same Direction: Rear End,Rear-end,W,0,0,0,0,0,2,0,0,0,0,0,0
5469,Minor injury,2003,April,Friday,22,Hit object,Single Vehicle,153.3518235,-28.03327398,Pacific Hwy,,Pacific Highway (Pacific Motorway),Worongary,Gold Coast City,4213,Mudgeeraba,Gold Coast,South Eastern,SEQ South,South Coast,Worongary - Tallai,Nerang,Gold Coast,Major Cities,Mudgeeraba,Wright,State-controlled,No Roadway Feature,No traffic control,100 - 110 km/h,Sealed - Wet,Raining,Darkness - Not lighted,Straight,Level,703,Off Path-Straight: Left Off Cway Hit Obj,Off carriageway on straight hit object,N,0,0,0,1,1,1,0,0,0,0,0,0
5470,Medical treatment,2003,April,Friday,15,Hit object,Single Vehicle,153.3547841,-27.9585082,Greenacre Dr,Lucille Ball Pl,,Parkwood,Gold Coast City,4214,Southport,Gold Coast,South Eastern,SEQ South,South Coast,Parkwood,Southport,Gold Coast,Major Cities,Bonney,Fadden,Locally-controlled,Intersection - Roundabout,No traffic control,0 - 50 km/h,Sealed - Wet,Raining,Daylight,Straight,Grade,705,Off Path-Straight:Out Of Control On Cway,Out of control on straight,N,0,0,1,0,1,1,0,0,0,0,0,0
5471,Minor injury,2003,April,Friday,16,Rear-end,Multi-Vehicle,153.1072357,-27.76909044,Waterford - Tamborine Rd,,Waterford - Tamborine Road,Logan Village,Logan City,4207,Jimboomba,Logan,South Eastern,SEQ South,South Coast,Logan Village,Jimboomba,Logan - Beaudesert,Major Cities,Logan,Wright,State-controlled,No Roadway Feature,No traffic control,60 km/h,Sealed - Dry,Clear,Daylight,Straight,Level,303,Veh'S Same Direction: Right Rear,Rear-end,S,0,0,0,1,1,2,0,0,0,0,0,0
5472,Property damage only,2003,April,Friday,22,Rear-end,Multi-Vehicle,150.5184946,-23.37213701,Bridge St,Rockhampton - Yeppoon Rd,Rockhampton - Yeppoon Road,Berserker,Rockhampton Region,4701,North Rockhampton,Capricornia,Central,Central,Central Queensland,Berserker,Rockhampton,Central Queensland,Inner Regional,Rockhampton,Capricornia,State-controlled,Intersection - Cross,Operating traffic lights,60 km/h,Sealed - Dry,Clear,Darkness - Lighted,Straight,Level,301,Veh'S Same Direction: Rear End,Rear-end,N,0,0,0,0,0,2,0,0,0,0,0,0
5473,Property damage only,2003,April,Saturday,10,Angle,Multi-Vehicle,152.9503484,-26.96991287,Beerburrum Rd,,Beerburrum Road,Elimbah,Moreton Bay Region,4516,Caboolture,Moreton,Southern,SEQ North,North Coast and Wide Bay/Burnett,Elimbah,Caboolture,Moreton Bay - North,Major Cities,Glass House,Longman,State-controlled,No Roadway Feature,No traffic control,60 km/h,Sealed - Wet,Raining,Daylight,Curved - view open,Dip,406,Veh'S Manoeuvring: Leaving Driveway,Vehicle leaving driveway,N,0,0,0,0,0,2,0,0,0,0,0,0
5474,Minor injury,2003,April,Saturday,17,Hit object,Single Vehicle,152.7198392,-27.4132069,Banks Creek Rd,,,Banks Creek,Somerset Region,4306,Lowood,Ipswich,Southern,SEQ North,North Coast and Wide Bay/Burnett,Lowood,Ipswich Hinterland,Ipswich,Inner Regional,Lockyer,Blair,Locally-controlled,No Roadway Feature,No traffic control,100 - 110 km/h,Unsealed - Wet,Raining,Dawn/Dusk,Straight,Level,704,Off Path-Straight:Right Off Cway Hit Obj,Off carriageway on straight hit object,N,0,0,0,2,2,1,0,0,0,0,0,0
5475,Property damage only,2003,April,Saturday,11,Angle,Multi-Vehicle,153.0452944,-26.79112962,Bruce Hwy,,Bruce Highway (Brisbane - Gympie),Bells Creek,Sunshine Coast Region,4551,Beerwah,Sunshine Coast,Central,SEQ North,North Coast and Wide Bay/Burnett,Landsborough,Sunshine Coast Hinterland,Sunshine Coast,Inner Regional,Caloundra,Fisher,State-controlled,No Roadway Feature,No traffic control,100 - 110 km/h,Sealed - Wet,Raining,Daylight,Straight,Level,704,Off Path-Straight:Right Off Cway Hit Obj,Off carriageway on straight hit object,S,0,0,0,0,0,2,0,0,0,0,0,0
5476,Property damage only,2003,April,Saturday,20,Hit object,Single Vehicle,152.681988,-26.18470896,Lillis Rd,Rifle Range Rd,,Gympie,Gympie Region,4570,Gympie,Wide Bay Burnett,Central,Southern,North Coast and Wide Bay/Burnett,Gympie - North,Gympie - Cooloola,Wide Bay,Inner Regional,Gympie,Wide Bay,Locally-controlled,Intersection - T-Junction,No traffic control,0 - 50 km/h,Sealed - Wet,Raining,Darkness - Not lighted,Curved - view obscured,Level,607,Veh'S On Path: Temporary Object On C'Way,Other,S,0,0,0,0,0,1,0,0,0,0,0,0
5477,Medical treatment,2003,April,Saturday,12,Fall from vehicle,Single Vehicle,148.6829875,-20.28342536,Garema St,William Murray Dr,,Cannonvale,Whitsunday Region,4802,Whitsunday,Mackay,Central,Central,Central Queensland,Airlie - Whitsundays,Whitsunday,Mackay - Isaac - Whitsunday,Outer Regional,Whitsunday,Dawson,Locally-controlled,Intersection - T-Junction,No traffic control,60 km/h,Sealed - Dry,Clear,Daylight,Straight,Level,707,Off Path-Straight: Right Turn,Off carriageway on straight,E,0,0,1,0,1,0,1,0,0,0,0,0
5478,Hospitalisation,2003,April,Saturday,2,Hit object,Single Vehicle,149.1550348,-21.1128922,Tolcher St,,,Mount Pleasant,Mackay Region,4740,Mackay,Mackay,Central,Central,Central Queensland,Mount Pleasant - Glenella,Mackay,Mackay - Isaac - Whitsunday,Inner Regional,Mackay,Dawson,Locally-controlled,No Roadway Feature,No traffic control,0 - 50 km/h,Sealed - Dry,Clear,Darkness - Not lighted,Curved - view open,Level,803,Off Path-Curve: Off Cway Rt Bend Hit Obj,Off carriageway on curve hit object,S,0,1,0,1,2,1,0,0,0,0,0,0
5479,Minor injury,2003,April,Sunday,18,Hit object,Single Vehicle,152.9442872,-27.44852144,Illowra St,Payne Rd,,The Gap,Brisbane City,4061,The Gap,North Brisbane,Brisbane,SEQ North,Metropolitan,The Gap,The Gap - Enoggera,Brisbane - West,Major Cities,Cooper,Ryan,Locally-controlled,Intersection - T-Junction,No traffic control,60 km/h,Sealed - Wet,Raining,Darkness - Lighted,Straight,Level,703,Off Path-Straight: Left Off Cway Hit Obj,Off carriageway on straight hit object,E,0,0,0,1,1,1,0,0,0,0,0,0
5480,Hospitalisation,2003,April,Sunday,21,Angle,Multi-Vehicle,153.1173711,-27.47395426,Gateway Art Rd Ramp S,Wynnum Rd,Gateway Motorway (Eight Mile Plains - Nudgee),Tingalpa,Brisbane City,4173,Wynnum,South Brisbane,Brisbane,SEQ South,Metropolitan,Tingalpa,Wynnum - Manly,Brisbane - East,Major Cities,Lytton,Bonner,State-controlled,Intersection - Interchange,Operating traffic lights,70 km/h,Sealed - Wet,Raining,Darkness - Lighted,Straight,Level,104,Veh'S Adjacent Approach: Thru-Right,Intersection from adjacent approaches,S,0,1,0,0,1,2,0,0,0,0,0,0
5481,Property damage only,2003,April,Sunday,13,Angle,Multi-Vehicle,153.1159526,-27.59690415,Anna Marie St,,,Rochedale South,Logan City,4123,Springwood,Logan,South Eastern,SEQ South,South Coast,Rochedale South - Priestdale,Springwood - Kingston,Logan - Beaudesert,Major Cities,Springwood,Rankin,Locally-controlled,No Roadway Feature,No traffic control,0 - 50 km/h,Sealed - Wet,Raining,Daylight,Straight,Level,506,Veh'S Overtaking: Overtake-Right Turn,Overtaking same direction,N,0,0,0,0,0,2,0,0,0,0,0,0
5482,Property damage only,2003,April,Sunday,18,Rear-end,Multi-Vehicle,153.1530845,-27.6477395,Pacific Hwy,,Pacific Highway (Pacific Motorway),Slacks Creek,Logan City,4127,Springwood,Logan,South Eastern,SEQ South,South Coast,Slacks Creek,Springwood - Kingston,Logan - Beaudesert,Major Cities,Waterford,Rankin,State-controlled,No Roadway Feature,No traffic control,100 - 110 km/h,Sealed - Wet,Raining,Darkness - Lighted,Curved - view open,Level,301,Veh'S Same Direction: Rear End,Rear-end,S,0,0,0,0,0,2,0,0,0,0,0,0
5483,Medical treatment,2003,April,Sunday,14,Rear-end,Multi-Vehicle,153.2085656,-27.5358011,Redland Bay Rd,Windemere Rd,Capalaba - Victoria Point Road,Alexandra Hills,Redland City,4157,Capalaba,South Brisbane,Brisbane,SEQ South,Metropolitan,Alexandra Hills,Capalaba,Brisbane - East,Major Cities,Capalaba,Bowman,State-controlled,Intersection - T-Junction,Operating traffic lights,60 km/h,Sealed - Dry,Clear,Daylight,Straight,Level,303,Veh'S Same Direction: Right Rear,Rear-end,W,0,0,1,0,1,2,0,0,0,0,0,0