Crash_Ref_Number,Crash_Severity,Crash_Year,Crash_Month,Crash_Day_Of_Week,Crash_Hour,Crash_Nature,Crash_Type,Crash_Longitude_GDA94,Crash_Latitude_GDA94,Crash_Street,Crash_Street_Intersecting,State_Road_Name,Loc_Suburb,Loc_Local_Government_Area,Loc_Post_Code,Loc_Police_Division,Loc_Police_District,Loc_Police_Region,Loc_Queensland_Transport_Region,Loc_Main_Roads_Region,Loc_ABS_Statistical_Area_2,Loc_ABS_Statistical_Area_3,Loc_ABS_Statistical_Area_4,Loc_ABS_Remoteness,Loc_State_Electorate,Loc_Federal_Electorate,Crash_Controlling_Authority,Crash_Roadway_Feature,Crash_Traffic_Control,Crash_Speed_Limit,Crash_Road_Surface_Condition,Crash_Atmospheric_Condition,Crash_Lighting_Condition,Crash_Road_Horiz_Align,Crash_Road_Vert_Align,Crash_DCA_Code,Crash_DCA_Description,Crash_DCA_Group_Description,DCA_Key_Approach_Dir,Count_Casualty_Fatality,Count_Casualty_Hospitalised,Count_Casualty_MedicallyTreated,Count_Casualty_MinorInjury,Count_Casualty_Total,Count_Unit_Car,Count_Unit_Motorcycle_Moped,Count_Unit_Truck,Count_Unit_Bus,Count_Unit_Bicycle,Count_Unit_Pedestrian,Count_Unit_Other
5869,Hospitalisation,2003,June,Tuesday,9,Head-on,Multi-Vehicle,153.068528,-27.47243976,Jack Flynn Memorial Dr,,,Morningside,Brisbane City,4170,Morningside,South Brisbane,Brisbane,SEQ South,Metropolitan,Morningside - Seven Hills,Brisbane Inner - East,Brisbane Inner City,Major Cities,Bulimba,Griffith,Locally-controlled,Bridge/Causeway,No traffic control,60 km/h,Sealed - Dry,Clear,Daylight,Curved - view open,Crest,201,Veh'S Opposite Approach: Head On,Head-on,S,0,2,0,0,2,2,0,0,0,0,0,0
5870,Property damage only,2003,June,Tuesday,17,Angle,Multi-Vehicle,153.0643755,-27.57015994,Mains Rd,,,Sunnybank,Brisbane City,4109,Upper Mount Gravatt,South Brisbane,Brisbane,SEQ South,Metropolitan,Robertson,Nathan,Brisbane - South,Major Cities,Toohey,Moreton,Locally-controlled,No Roadway Feature,No traffic control,60 km/h,Sealed - Dry,Clear,Darkness - Lighted,Straight,Level,202,Veh'S Opposite Approach: Thru-Right,Opposing vehicles turning,S,0,0,0,0,0,3,0,0,0,0,0,0
5871,Hospitalisation,2003,June,Tuesday,12,Rear-end,Multi-Vehicle,153.0400961,-27.48512041,Vulture St,Wellington Rd,,East Brisbane,Brisbane City,4169,Dutton Park,South Brisbane,Brisbane,SEQ South,Metropolitan,Kangaroo Point,Brisbane Inner,Brisbane Inner City,Major Cities,South Brisbane,Griffith,Locally-controlled,Intersection - Cross,Give way sign,60 km/h,Sealed - Dry,Clear,Daylight,Straight,Level,302,Veh'S Same Direction: Left Rear,Rear-end,E,0,1,0,0,1,2,0,0,0,0,0,0
5872,Property damage only,2003,June,Tuesday,6,Angle,Multi-Vehicle,153.0956145,-27.69961953,Bumstead Rd,Judith St,,Crestmead,Logan City,4132,Crestmead,Logan,South Eastern,SEQ South,South Coast,Crestmead,Browns Plains,Logan - Beaudesert,Major Cities,Woodridge,Rankin,Locally-controlled,Intersection - T-Junction,No traffic control,80 - 90 km/h,Sealed - Wet,Clear,Daylight,Straight,Level,104,Veh'S Adjacent Approach: Thru-Right,Intersection from adjacent approaches,E,0,0,0,0,0,1,0,1,0,0,0,0
5873,Hospitalisation,2003,June,Tuesday,11,Hit object,Single Vehicle,153.3260926,-27.8825795,Hope Island Rd,River Links Blvd,Hope Island Road,Helensvale,Gold Coast City,4212,Coomera,Gold Coast,South Eastern,SEQ South,South Coast,Helensvale,Ormeau - Oxenford,Gold Coast,Major Cities,Theodore,Fadden,State-controlled,Intersection - T-Junction,No traffic control,60 km/h,Sealed - Dry,Clear,Daylight,Curved - view open,Level,808,Off Path-Curve: Mounts Traffic Island,Off carriageway on curve hit object,E,0,4,0,0,4,1,0,0,0,0,0,0
5874,Hospitalisation,2003,June,Tuesday,8,Angle,Multi-Vehicle,153.4290732,-28.10180464,Burleigh Connection Rd,Kortum Dr,Burleigh Connection Road,Burleigh Heads,Gold Coast City,4220,Robina,Gold Coast,South Eastern,SEQ South,South Coast,Burleigh Heads,Broadbeach - Burleigh,Gold Coast,Major Cities,Burleigh,Mcpherson,State-controlled,Intersection - T-Junction,Operating traffic lights,60 km/h,Sealed - Dry,Clear,Daylight,Straight,Level,202,Veh'S Opposite Approach: Thru-Right,Opposing vehicles turning,W,0,1,0,0,1,2,0,0,0,0,0,0
5875,Hospitalisation,2003,June,Tuesday,5,Hit object,Single Vehicle,151.8552063,-25.77073748,Burnett Hwy,,Burnett Highway (Goomeri - Gayndah),Blairmore,North Burnett Region,4625,Gayndah,Wide Bay Burnett,Central,Southern,North Coast and Wide Bay/Burnett,Gayndah - Mundubbera,Burnett,Wide Bay,Outer Regional,Callide,Flynn,State-controlled,No Roadway Feature,No traffic control,100 - 110 km/h,Sealed - Dry,Clear,Darkness - Not lighted,Straight,Level,704,Off Path-Straight:Right Off Cway Hit Obj,Off carriageway on straight hit object,N,0,1,0,0,1,0,0,1,0,0,0,0
5876,Property damage only,2003,June,Wednesday,20,Angle,Multi-Vehicle,153.0132393,-27.46491716,Caxton St,Petrie Tce,,Petrie Terrace,Brisbane City,4000,Brisbane City,North Brisbane,Brisbane,SEQ North,Metropolitan,Brisbane City,Brisbane Inner,Brisbane Inner City,Major Cities,Mcconnel,Brisbane,Locally-controlled,Intersection - T-Junction,Operating traffic lights,60 km/h,Sealed - Wet,Clear,Darkness - Lighted,Straight,Level,107,Veh'S Adjacent Approach: Thru-Left,Intersection from adjacent approaches,N,0,0,0,0,0,2,0,0,0,0,0,0
5877,Property damage only,2003,June,Wednesday,21,Hit object,Single Vehicle,152.9753262,-27.59497326,Serviceton Ave,,,Inala,Brisbane City,4077,Inala,South Brisbane,Brisbane,SEQ South,Metropolitan,Inala - Richlands,Forest Lake - Oxley,Ipswich,Major Cities,Inala,Oxley,Locally-controlled,No Roadway Feature,No traffic control,60 km/h,Sealed - Wet,Clear,Darkness - Lighted,Straight,Level,708,Off Path-Straight: Mounts Traffic Island,Off carriageway on straight hit object,N,0,0,0,0,0,1,0,0,0,0,0,0
5878,Medical treatment,2003,June,Wednesday,7,Hit object,Single Vehicle,153.0684814,-27.47058583,Wynnum Rd,,,Morningside,Brisbane City,4170,Morningside,South Brisbane,Brisbane,SEQ South,Metropolitan,Morningside - Seven Hills,Brisbane Inner - East,Brisbane Inner City,Major Cities,Bulimba,Griffith,Locally-controlled,No Roadway Feature,No traffic control,60 km/h,Sealed - Wet,Clear,Daylight,Curved - view open,Level,301,Veh'S Same Direction: Rear End,Rear-end,W,0,0,1,0,1,2,0,0,0,0,0,0
5879,Property damage only,2003,June,Wednesday,17,Angle,Multi-Vehicle,153.0412333,-27.49650464,Logan Rd,Martin St,,Woolloongabba,Brisbane City,4102,Dutton Park,South Brisbane,Brisbane,SEQ South,Metropolitan,Woolloongabba,Holland Park - Yeronga,Brisbane - South,Major Cities,South Brisbane,Griffith,Locally-controlled,Intersection - T-Junction,No traffic control,60 km/h,Sealed - Wet,Raining,Dawn/Dusk,Straight,Level,308,Veh'S Same Direction: Right Turn S/Swipe,Parallel lanes turning,N,0,0,0,0,0,2,0,0,0,0,0,0
5880,Minor injury,2003,June,Wednesday,19,Angle,Multi-Vehicle,153.0633056,-27.34346259,Carlyle Rd,Normanhurst Rd,,Boondall,Brisbane City,4034,Boondall,North Brisbane,Brisbane,SEQ North,Metropolitan,Boondall,Nundah,Brisbane - North,Major Cities,Nudgee,Lilley,Locally-controlled,Intersection - Cross,Give way sign,0 - 50 km/h,Sealed - Wet,Raining,Darkness - Lighted,Curved - view open,Level,101,Veh'S Adjacent Approach: Thru-Thru,Intersection from adjacent approaches,N,0,0,0,1,1,2,0,0,0,0,0,0
5881,Hospitalisation,2003,June,Wednesday,19,Head-on,Multi-Vehicle,152.9379234,-27.25256275,Brisbane - Woodford Rd,,Brisbane - Woodford Road,Whiteside,Moreton Bay Region,4503,Petrie,North Brisbane,Brisbane,SEQ North,North Coast and Wide Bay/Burnett,Dayboro,The Hills District,Moreton Bay - South,Major Cities,Kurwongbah,Dickson,State-controlled,No Roadway Feature,No traffic control,80 - 90 km/h,Sealed - Wet,Raining,Darkness - Not lighted,Straight,Level,201,Veh'S Opposite Approach: Head On,Head-on,E,0,2,1,0,3,2,0,0,0,0,0,0
5882,Property damage only,2003,June,Wednesday,18,Hit object,Single Vehicle,153.1222876,-27.61140445,Pacific Hwy,,Pacific Highway (Pacific Motorway),Underwood,Logan City,4119,Springwood,Logan,South Eastern,SEQ South,South Coast,Underwood,Springwood - Kingston,Logan - Beaudesert,Major Cities,Waterford,Rankin,State-controlled,No Roadway Feature,No traffic control,100 - 110 km/h,Sealed - Wet,Raining,Darkness - Not lighted,Straight,Level,301,Veh'S Same Direction: Rear End,Rear-end,N,0,0,0,0,0,3,0,0,0,0,0,0
5883,Property damage only,2003,June,Wednesday,17,Hit object,Single Vehicle,153.0784001,-27.06149917,Bestmann Rd,Caboolture - Bribie Island Rd,Caboolture - Bribie Island Road,Ningi,Moreton Bay Region,4511,Bribie Island,Moreton,Southern,SEQ North,North Coast and Wide Bay/Burnett,Beachmere - Sandstone Point,Bribie - Beachmere,Moreton Bay - North,Major Cities,Pumicestone,Longman,State-controlled,Intersection - Roundabout,No traffic control,60 km/h,Sealed - Wet,Raining,Dawn/Dusk,Straight,Level,703,Off Path-Straight: Left Off Cway Hit Obj,Off carriageway on straight hit object,E,0,0,0,0,0,1,0,0,0,0,0,0
5884,Property damage only,2003,June,Wednesday,5,Angle,Multi-Vehicle,153.4321005,-28.03402524,Margaret Ave,Surf Pde,,Broadbeach,Gold Coast City,4218,Broadbeach,Gold Coast,South Eastern,SEQ South,South Coast,Mermaid Beach - Broadbeach,Broadbeach - Burleigh,Gold Coast,Major Cities,Surfers Paradise,Moncrieff,Locally-controlled,Intersection - Roundabout,Give way sign,0 - 50 km/h,Sealed - Wet,Raining,Darkness - Lighted,Straight,Level,101,Veh'S Adjacent Approach: Thru-Thru,Intersection from adjacent approaches,N,0,0,0,0,0,2,0,0,0,0,0,0
5885,Property damage only,2003,June,Wednesday,17,Hit parked vehicle,Single Vehicle,153.118486,-26.8228252,Nelson St,,,Golden Beach,Sunshine Coast Region,4551,Caloundra,Sunshine Coast,Central,SEQ North,North Coast and Wide Bay/Burnett,Golden Beach - Pelican Waters,Caloundra,Sunshine Coast,Major Cities,Caloundra,Fisher,Locally-controlled,No Roadway Feature,No traffic control,0 - 50 km/h,Sealed - Wet,Raining,Dawn/Dusk,Straight,Level,200,Veh'S Opposite Approach: Other,Other,E,0,0,0,0,0,2,0,0,0,0,0,0
5886,Hospitalisation,2003,June,Wednesday,15,Hit object,Single Vehicle,152.9515206,-26.8000596,Landsborough - Maleny Rd,,Landsborough - Maleny Road,Landsborough,Sunshine Coast Region,4550,Landsborough,Sunshine Coast,Central,SEQ North,North Coast and Wide Bay/Burnett,Landsborough,Sunshine Coast Hinterland,Sunshine Coast,Inner Regional,Caloundra,Fisher,State-controlled,No Roadway Feature,No traffic control,80 - 90 km/h,Sealed - Wet,Raining,Daylight,Curved - view open,Grade,803,Off Path-Curve: Off Cway Rt Bend Hit Obj,Off carriageway on curve hit object,S,0,1,0,0,1,1,0,0,0,0,0,0
5887,Minor injury,2003,June,Wednesday,12,Angle,Multi-Vehicle,153.3927872,-27.98784845,Cotlew St,Wardoo St,,Ashmore,Gold Coast City,4214,Southport,Gold Coast,South Eastern,SEQ South,South Coast,Ashmore,Southport,Gold Coast,Major Cities,Southport,Moncrieff,Locally-controlled,Intersection - Roundabout,Give way sign,60 km/h,Sealed - Dry,Clear,Daylight,Curved - view open,Level,104,Veh'S Adjacent Approach: Thru-Right,Intersection from adjacent approaches,N,0,0,0,1,1,1,1,0,0,0,0,0
5888,Hospitalisation,2003,June,Wednesday,13,Fall from vehicle,Single Vehicle,151.2589107,-27.16946395,Darlow St,,,Dalby,Western Downs Region,4405,Dalby,South West,Southern,Southern,Downs South West,Wambo,Darling Downs - East,Darling Downs - Maranoa,Inner Regional,Warrego,Maranoa,Locally-controlled,No Roadway Feature,No traffic control,60 km/h,Sealed - Dry,Clear,Daylight,Straight,Level,901,Pass & Misc: Fell In/From Vehicle,Other,N,0,1,0,0,1,0,1,0,0,0,0,0
5889,Property damage only,2003,June,Wednesday,9,Rear-end,Multi-Vehicle,150.5111209,-23.37719882,Bolsover St,Rockhampton - Yeppoon Rd,Rockhampton - Yeppoon Road,Rockhampton City,Rockhampton Region,4700,Rockhampton,Capricornia,Central,Central,Central Queensland,Rockhampton City,Rockhampton,Central Queensland,Inner Regional,Rockhampton,Capricornia,State-controlled,Intersection - Cross,Operating traffic lights,60 km/h,Sealed - Wet,Raining,Daylight,Straight,Level,301,Veh'S Same Direction: Rear End,Rear-end,S,0,0,0,0,0,2,0,0,0,0,0,0
5890,Minor injury,2003,June,Wednesday,15,Rear-end,Multi-Vehicle,149.1681081,-21.10360987,Beaconsfield Rd,,,Beaconsfield,Mackay Region,4740,Mackay Northern Beaches,Mackay,Central,Central,Central Queensland,Andergrove - Beaconsfield,Mackay,Mackay - Isaac - Whitsunday,Inner Regional,Mackay,Dawson,Locally-controlled,No Roadway Feature,No traffic control,60 km/h,Sealed - Wet,Clear,Daylight,Straight,Level,301,Veh'S Same Direction: Rear End,Rear-end,N,0,0,0,1,1,3,0,0,0,0,0,0
5891,Minor injury,2003,June,Thursday,17,Rear-end,Multi-Vehicle,153.0010137,-27.55962987,Ipswich Mwy,,Cunningham Arterial Road (Ipswich Motorway),Rocklea,Brisbane City,4106,Moorooka,South Brisbane,Brisbane,SEQ South,Metropolitan,Rocklea - Acacia Ridge,Rocklea - Acacia Ridge,Brisbane - South,Major Cities,Algester,Moreton,State-controlled,No Roadway Feature,No traffic control,100 - 110 km/h,Sealed - Wet,Raining,Dawn/Dusk,Straight,Level,301,Veh'S Same Direction: Rear End,Rear-end,W,0,0,0,1,1,2,0,0,0,0,0,0
5892,Medical treatment,2003,June,Thursday,17,Hit object,Single Vehicle,153.1029445,-27.58621308,Logan Sub-Arterial Rd,,Logan Sub-Arterial Road,Eight Mile Plains,Brisbane City,4113,Upper Mount Gravatt,South Brisbane,Brisbane,SEQ South,Metropolitan,Eight Mile Plains,Mt Gravatt,Brisbane - South,Major Cities,Toohey,Moreton,State-controlled,No Roadway Feature,No traffic control,80 - 90 km/h,Sealed - Dry,Clear,Darkness - Lighted,Straight,Level,301,Veh'S Same Direction: Rear End,Rear-end,E,0,0,1,0,1,2,0,0,0,0,0,0
5893,Property damage only,2003,June,Thursday,17,Angle,Multi-Vehicle,153.0351324,-27.49163674,Ipswich Rd,Qualtrough St,,Woolloongabba,Brisbane City,4102,Dutton Park,South Brisbane,Brisbane,SEQ South,Metropolitan,Woolloongabba,Holland Park - Yeronga,Brisbane - South,Major Cities,South Brisbane,Griffith,Locally-controlled,Intersection - T-Junction,No traffic control,60 km/h,Sealed - Dry,Clear,Dawn/Dusk,Straight,Level,202,Veh'S Opposite Approach: Thru-Right,Opposing vehicles turning,N,0,0,0,0,0,2,0,0,0,0,0,0
5894,Medical treatment,2003,June,Thursday,8,Rear-end,Multi-Vehicle,153.155772,-27.55751435,Redland Sub-Arterial Rd,,Redland Sub-Arterial Road,Burbank,Brisbane City,4156,Capalaba,South Brisbane,Brisbane,SEQ South,Metropolitan,Rochedale - Burbank,Mt Gravatt,Brisbane - South,Major Cities,Mansfield,Bonner,State-controlled,No Roadway Feature,No traffic control,80 - 90 km/h,Sealed - Dry,Clear,Daylight,Straight,Level,301,Veh'S Same Direction: Rear End,Rear-end,W,0,0,1,0,1,2,0,0,0,0,0,0
5895,Medical treatment,2003,June,Thursday,10,Angle,Multi-Vehicle,153.0318857,-27.42985927,Lutwyche Rd,Thorne St,,Windsor,Brisbane City,4030,Stafford,North Brisbane,Brisbane,SEQ North,Metropolitan,Windsor,Brisbane Inner - North,Brisbane Inner City,Major Cities,Clayfield,Brisbane,Locally-controlled,Intersection - T-Junction,No traffic control,60 km/h,Sealed - Dry,Clear,Daylight,Curved - view open,Grade,104,Veh'S Adjacent Approach: Thru-Right,Intersection from adjacent approaches,N,0,0,1,0,1,1,1,0,0,0,0,0
5896,Hospitalisation,2003,June,Thursday,17,Hit parked vehicle,Single Vehicle,153.0012537,-27.86163996,Mt Lindesay Hwy,,Mount Lindesay Highway (Brisbane-Beaudesert),Cedar Grove,Logan City,4285,Jimboomba,Logan,South Eastern,SEQ South,South Coast,Jimboomba,Jimboomba,Logan - Beaudesert,Inner Regional,Scenic Rim,Wright,State-controlled,No Roadway Feature,No traffic control,100 - 110 km/h,Sealed - Wet,Raining,Darkness - Not lighted,Straight,Level,703,Off Path-Straight: Left Off Cway Hit Obj,Off carriageway on straight hit object,N,0,1,0,0,1,1,0,0,0,0,0,1
5897,Property damage only,2003,June,Thursday,13,Hit object,Single Vehicle,152.0672804,-28.12240731,Cunningham Hwy,New England Hwy,Cunningham Highway (Ipswich - Warwick),Glengallan,Southern Downs Region,4370,Warwick,Darling Downs,Southern,Southern,Downs South West,Southern Downs - East,Granite Belt,Darling Downs - Maranoa,Inner Regional,Southern Downs,Maranoa,State-controlled,Intersection - T-Junction,No traffic control,80 - 90 km/h,Sealed - Wet,Raining,Daylight,Curved - view open,Grade,805,Off Path-Curve: Out Of Control On Cway,Out of control on curve,E,0,0,0,0,0,0,0,1,0,0,0,0
5898,Property damage only,2003,June,Thursday,8,Angle,Multi-Vehicle,150.4987499,-24.40652434,Burnett Hwy,Dawson Hwy,Dawson Highway (Biloela - Banana),Biloela,Banana Shire,4715,Biloela,Capricornia,Central,Central,Central Queensland,Biloela,Biloela,Central Queensland,Outer Regional,Callide,Flynn,State-controlled,Intersection - T-Junction,Give way sign,80 - 90 km/h,Sealed - Dry,Clear,Daylight,Straight,Level,104,Veh'S Adjacent Approach: Thru-Right,Intersection from adjacent approaches,E,0,0,0,0,0,2,0,0,0,0,0,0
5899,Medical treatment,2003,June,Friday,23,Rear-end,Multi-Vehicle,153.0116306,-27.54143793,Fairfield Rd,Muriel Ave,,Rocklea,Brisbane City,4106,Sherwood,South Brisbane,Brisbane,SEQ South,Metropolitan,Rocklea - Acacia Ridge,Rocklea - Acacia Ridge,Brisbane - South,Major Cities,Miller,Moreton,Locally-controlled,Intersection - T-Junction,Give way sign,60 km/h,Sealed - Dry,Clear,Darkness - Lighted,Curved - view open,Grade,302,Veh'S Same Direction: Left Rear,Rear-end,W,0,0,1,0,1,2,0,0,0,0,0,0
5900,Minor injury,2003,June,Friday,17,Rear-end,Multi-Vehicle,153.0167642,-27.41049607,Stafford Rd,Webster Rd,East-West Arterial Road,Stafford,Brisbane City,4053,Stafford,North Brisbane,Brisbane,SEQ North,Metropolitan,Stafford,Chermside,Brisbane - North,Major Cities,Stafford,Brisbane,State-controlled,Intersection - Cross,Operating traffic lights,60 km/h,Sealed - Dry,Clear,Dawn/Dusk,Straight,Level,301,Veh'S Same Direction: Rear End,Rear-end,W,0,0,0,2,2,2,0,0,0,0,0,0
5901,Property damage only,2003,June,Friday,23,Hit object,Single Vehicle,152.9530588,-27.28972221,Youngs Crossing Rd,,,Joyner,Moreton Bay Region,4500,Petrie,North Brisbane,Brisbane,SEQ North,North Coast and Wide Bay/Burnett,Cashmere,The Hills District,Moreton Bay - South,Major Cities,Kurwongbah,Dickson,Locally-controlled,No Roadway Feature,No traffic control,70 km/h,Sealed - Dry,Clear,Darkness - Not lighted,Straight,Level,700,Off Path-Straight: Other,Other,N,0,0,0,0,0,1,0,0,0,0,0,0
5902,Property damage only,2003,June,Friday,11,Rear-end,Multi-Vehicle,153.1203669,-27.60772671,Pacific Hwy,,Pacific Highway (Pacific Motorway),Rochedale South,Logan City,4123,Springwood,Logan,South Eastern,SEQ South,South Coast,Rochedale South - Priestdale,Springwood - Kingston,Logan - Beaudesert,Major Cities,Springwood,Rankin,State-controlled,No Roadway Feature,No traffic control,100 - 110 km/h,Sealed - Dry,Clear,Daylight,Straight,Level,301,Veh'S Same Direction: Rear End,Rear-end,S,0,0,0,0,0,1,0,1,0,0,0,0
5903,Hospitalisation,2003,June,Friday,8,Hit pedestrian,Hit pedestrian,153.0339793,-27.42130614,Chalk St,Lutwyche Rd,,Lutwyche,Brisbane City,4030,Stafford,North Brisbane,Brisbane,SEQ North,Metropolitan,Wooloowin - Lutwyche,Brisbane Inner - North,Brisbane Inner City,Major Cities,Clayfield,Brisbane,Locally-controlled,Intersection - Cross,Operating traffic lights,60 km/h,Sealed - Dry,Clear,Daylight,Straight,Level,1,Ped'N: Near Side Vehicle Hit From Right,Pedestrian,W,0,1,0,0,1,1,0,0,0,0,1,0
5904,Hospitalisation,2003,June,Friday,23,Hit object,Single Vehicle,153.3384769,-28.01469054,Alexander Dr,,,Highland Park,Gold Coast City,4211,Nerang,Gold Coast,South Eastern,SEQ South,South Coast,Highland Park,Nerang,Gold Coast,Major Cities,Gaven,Moncrieff,Locally-controlled,No Roadway Feature,No traffic control,60 km/h,Sealed - Dry,Clear,Darkness - Lighted,Curved - view open,Level,703,Off Path-Straight: Left Off Cway Hit Obj,Off carriageway on straight hit object,E,0,1,0,0,1,1,0,0,0,0,0,0
5905,Medical treatment,2003,June,Friday,15,Sideswipe,Multi-Vehicle,153.3457041,-28.01159013,Pacific Hwy,,Pacific Highway (Pacific Motorway),Highland Park,Gold Coast City,4211,Nerang,Gold Coast,South Eastern,SEQ South,South Coast,Highland Park,Nerang,Gold Coast,Major Cities,Gaven,Moncrieff,State-controlled,No Roadway Feature,No traffic control,100 - 110 km/h,Sealed - Dry,Clear,Daylight,Straight,Level,306,Veh'S Same Direction: Lane Change Right,Lane changes,N,0,0,1,0,1,2,0,0,0,0,0,0
5906,Property damage only,2003,June,Friday,15,Rear-end,Multi-Vehicle,153.4270972,-27.99871233,Elkhorn Ave,Gold Coast Hwy,,Surfers Paradise,Gold Coast City,4217,Surfers Paradise,Gold Coast,South Eastern,SEQ South,South Coast,Surfers Paradise,Surfers Paradise,Gold Coast,Major Cities,Surfers Paradise,Moncrieff,Locally-controlled,Intersection - Cross,Operating traffic lights,0 - 50 km/h,Sealed - Dry,Clear,Daylight,Straight,Level,301,Veh'S Same Direction: Rear End,Rear-end,N,0,0,0,0,0,3,0,0,0,0,0,0
5907,Hospitalisation,2003,June,Friday,18,Angle,Multi-Vehicle,152.7780708,-27.65718184,Ripley Rd,,,Ripley,Ipswich City,4306,Yamanto,Ipswich,Southern,SEQ South,Metropolitan,Ripley,Ipswich Inner,Ipswich,Major Cities,Ipswich,Blair,Locally-controlled,No Roadway Feature,No traffic control,60 km/h,Sealed - Dry,Clear,Darkness - Not lighted,Straight,Crest,202,Veh'S Opposite Approach: Thru-Right,Opposing vehicles turning,N,0,1,0,0,1,2,0,0,0,0,0,0
5908,Property damage only,2003,June,Saturday,11,Rear-end,Multi-Vehicle,152.9478894,-27.58544132,Centenary Hwy,,Centenary Motorway (Ellen Grove - Toowong),Richlands,Brisbane City,4077,Inala,South Brisbane,Brisbane,SEQ South,Metropolitan,Inala - Richlands,Forest Lake - Oxley,Ipswich,Major Cities,Inala,Oxley,State-controlled,No Roadway Feature,No traffic control,80 - 90 km/h,Sealed - Dry,Clear,Daylight,Straight,Level,301,Veh'S Same Direction: Rear End,Rear-end,S,0,0,0,0,0,2,0,0,0,0,0,0
5909,Minor injury,2003,June,Saturday,17,Hit object,Single Vehicle,153.0862531,-27.22099033,Boardman Rd,Klingner Rd W,,Kippa-ring,Moreton Bay Region,4021,Redcliffe,Moreton,Southern,SEQ North,North Coast and Wide Bay/Burnett,Rothwell - Kippa-ring,Redcliffe,Moreton Bay - North,Major Cities,Redcliffe,Petrie,Locally-controlled,Intersection - Roundabout,No traffic control,60 km/h,Sealed - Dry,Clear,Dawn/Dusk,Straight,Level,607,Veh'S On Path: Temporary Object On C'Way,Other,N,0,0,0,1,1,0,1,0,0,0,0,0
5910,Hospitalisation,2003,June,Saturday,13,Hit pedestrian,Hit pedestrian,153.1322071,-27.64722653,Christopher St,,,Slacks Creek,Logan City,4127,Logan Central,Logan,South Eastern,SEQ South,South Coast,Slacks Creek,Springwood - Kingston,Logan - Beaudesert,Major Cities,Waterford,Rankin,Locally-controlled,No Roadway Feature,No traffic control,0 - 50 km/h,Sealed - Dry,Clear,Daylight,Straight,Level,2,Ped'N: Hit Emerging Behind Vehicle,Pedestrian,S,0,1,0,0,1,1,0,0,0,0,1,0
5911,Minor injury,2003,June,Saturday,13,Rear-end,Multi-Vehicle,153.3557093,-28.04890165,Pacific Hwy,,Pacific Highway (Pacific Motorway),Merrimac,Gold Coast City,4226,Mudgeeraba,Gold Coast,South Eastern,SEQ South,South Coast,Merrimac,Robina,Gold Coast,Major Cities,Mudgeeraba,Moncrieff,State-controlled,No Roadway Feature,No traffic control,100 - 110 km/h,Sealed - Dry,Clear,Daylight,Straight,Level,301,Veh'S Same Direction: Rear End,Rear-end,S,0,0,0,1,1,2,0,0,0,0,0,0
5912,Property damage only,2003,June,Saturday,15,Overturned,Single Vehicle,152.2254821,-25.00007406,Peagam St,,,Elliott,Bundaberg Region,4670,Bundaberg,Wide Bay Burnett,Central,Southern,North Coast and Wide Bay/Burnett,Bundaberg Region - South,Bundaberg,Wide Bay,Inner Regional,Burnett,Hinkler,Locally-controlled,No Roadway Feature,No traffic control,60 km/h,Unsealed - Dry,Clear,Daylight,Curved - view obscured,Level,800,Off Path-Curve: Other,Other,E,0,0,0,0,0,1,0,0,0,0,0,0
5913,Property damage only,2003,June,Saturday,9,Overturned,Single Vehicle,150.5571646,-25.34732051,Rockybar Rd,,,Eidsvold West,North Burnett Region,4627,Eidsvold,Wide Bay Burnett,Central,Southern,North Coast and Wide Bay/Burnett,Monto - Eidsvold,Burnett,Wide Bay,Remote,Callide,Flynn,Locally-controlled,No Roadway Feature,No traffic control,100 - 110 km/h,Unsealed - Dry,Clear,Daylight,Curved - view obscured,Level,805,Off Path-Curve: Out Of Control On Cway,Out of control on curve,S,0,0,0,0,0,1,0,0,0,0,0,0
5914,Medical treatment,2003,June,Sunday,18,Rear-end,Multi-Vehicle,153.0678445,-26.64069057,Sunshine Mwy,,Sunshine Motorway (Mooloolaba - Peregian),Bli Bli,Sunshine Coast Region,4564,Maroochydore,Sunshine Coast,Central,SEQ North,North Coast and Wide Bay/Burnett,Marcoola - Mudjimba,Maroochy,Sunshine Coast,Major Cities,Maroochydore,Fairfax,State-controlled,Bridge/Causeway,Road/Rail worker,0 - 50 km/h,Sealed - Dry,Clear,Dawn/Dusk,Straight,Crest,301,Veh'S Same Direction: Rear End,Rear-end,S,0,0,2,0,2,3,0,0,0,0,0,0
5915,Minor injury,2003,June,Sunday,11,Rear-end,Multi-Vehicle,153.4207707,-27.97542688,Gold Coast Hwy,,,Southport,Gold Coast City,4215,Southport,Gold Coast,South Eastern,SEQ South,South Coast,Southport - North,Southport,Gold Coast,Major Cities,Southport,Moncrieff,Locally-controlled,Bridge/Causeway,No traffic control,70 km/h,Sealed - Dry,Clear,Daylight,Straight,Level,301,Veh'S Same Direction: Rear End,Rear-end,S,0,0,0,1,1,3,0,0,0,0,0,0
5916,Property damage only,2003,June,Sunday,15,Sideswipe,Multi-Vehicle,152.4547107,-27.80249634,Greys Plns Rd,,,Mount Mort,Ipswich City,4340,Rosewood,Ipswich,Southern,SEQ South,Metropolitan,Rosewood,Ipswich Hinterland,Ipswich,Inner Regional,Scenic Rim,Blair,Locally-controlled,No Roadway Feature,No traffic control,100 - 110 km/h,Unsealed - Dry,Clear,Daylight,Curved - view obscured,Grade,201,Veh'S Opposite Approach: Head On,Head-on,W,0,0,0,0,0,1,0,1,0,0,0,0