Crash_Ref_Number,Crash_Severity,Crash_Year,Crash_Month,Crash_Day_Of_Week,Crash_Hour,Crash_Nature,Crash_Type,Crash_Longitude_GDA94,Crash_Latitude_GDA94,Crash_Street,Crash_Street_Intersecting,State_Road_Name,Loc_Suburb,Loc_Local_Government_Area,Loc_Post_Code,Loc_Police_Division,Loc_Police_District,Loc_Police_Region,Loc_Queensland_Transport_Region,Loc_Main_Roads_Region,Loc_ABS_Statistical_Area_2,Loc_ABS_Statistical_Area_3,Loc_ABS_Statistical_Area_4,Loc_ABS_Remoteness,Loc_State_Electorate,Loc_Federal_Electorate,Crash_Controlling_Authority,Crash_Roadway_Feature,Crash_Traffic_Control,Crash_Speed_Limit,Crash_Road_Surface_Condition,Crash_Atmospheric_Condition,Crash_Lighting_Condition,Crash_Road_Horiz_Align,Crash_Road_Vert_Align,Crash_DCA_Code,Crash_DCA_Description,Crash_DCA_Group_Description,DCA_Key_Approach_Dir,Count_Casualty_Fatality,Count_Casualty_Hospitalised,Count_Casualty_MedicallyTreated,Count_Casualty_MinorInjury,Count_Casualty_Total,Count_Unit_Car,Count_Unit_Motorcycle_Moped,Count_Unit_Truck,Count_Unit_Bus,Count_Unit_Bicycle,Count_Unit_Pedestrian,Count_Unit_Other
6013,Property damage only,2003,July,Thursday,7,Sideswipe,Multi-Vehicle,153.363583,-28.09899475,Gunsynd Dr,,,Mudgeeraba,Gold Coast City,4213,Mudgeeraba,Gold Coast,South Eastern,SEQ South,South Coast,Mudgeeraba - Bonogin,Mudgeeraba - Tallebudgera,Gold Coast,Major Cities,Mudgeeraba,Wright,Locally-controlled,No Roadway Feature,No traffic control,60 km/h,Sealed - Dry,Clear,Daylight,Straight,Level,500,Veh'S Overtaking: Other,Other,,0,0,0,0,0,2,0,0,0,0,0,0
6014,Property damage only,2003,July,Thursday,10,Hit object,Single Vehicle,143.8749166,-23.69796004,Longreach - Tocal Rd,,,Ernestina,Longreach Region,4730,Longreach,South West,Southern,Central,Central Queensland,Longreach,Outback - South,Queensland - Outback,Very Remote,Gregory,Maranoa,Locally-controlled,No Roadway Feature,No traffic control,100 - 110 km/h,Sealed - Dry,Clear,Daylight,Straight,Level,704,Off Path-Straight:Right Off Cway Hit Obj,Off carriageway on straight hit object,N,0,0,0,0,0,1,0,0,0,0,0,0
6015,Property damage only,2003,July,Friday,15,Angle,Multi-Vehicle,153.0180176,-27.59599521,Watson Rd,,,Acacia Ridge,Brisbane City,4110,Acacia Ridge,South Brisbane,Brisbane,SEQ South,Metropolitan,Rocklea - Acacia Ridge,Rocklea - Acacia Ridge,Brisbane - South,Major Cities,Algester,Moreton,Locally-controlled,No Roadway Feature,No traffic control,60 km/h,Sealed - Dry,Clear,Daylight,Straight,Level,406,Veh'S Manoeuvring: Leaving Driveway,Vehicle leaving driveway,E,0,0,0,0,0,1,0,1,0,0,0,0
6016,Minor injury,2003,July,Friday,20,Angle,Multi-Vehicle,153.0171193,-27.36382895,Albany Creek Rd,Robinson Rd W,Albany Creek Sub-Arterial Road,Aspley,Brisbane City,4034,Carseldine,North Brisbane,Brisbane,SEQ North,Metropolitan,Aspley,Chermside,Brisbane - North,Major Cities,Aspley,Petrie,State-controlled,Intersection - Cross,Operating traffic lights,70 km/h,Sealed - Dry,Clear,Darkness - Lighted,Straight,Grade,202,Veh'S Opposite Approach: Thru-Right,Opposing vehicles turning,W,0,0,0,1,1,2,0,0,0,0,0,0
6017,Hospitalisation,2003,July,Friday,23,Angle,Multi-Vehicle,153.2005476,-27.52185983,Birkdale Rd,Capalaba - Cleveland Rd,Birkdale Road,Capalaba,Redland City,4157,Capalaba,South Brisbane,Brisbane,SEQ South,Metropolitan,Capalaba,Capalaba,Brisbane - East,Major Cities,Capalaba,Bowman,State-controlled,Intersection - Cross,Operating traffic lights,60 km/h,Sealed - Wet,Raining,Darkness - Lighted,Straight,Level,202,Veh'S Opposite Approach: Thru-Right,Opposing vehicles turning,N,0,2,1,0,3,2,0,0,0,0,0,0
6018,Property damage only,2003,July,Friday,14,Angle,Multi-Vehicle,152.7912035,-27.61390204,Cole St,Ipswich - Cunningham Hwy Connection Rd,Ipswich - Cunningham Hwy Connection Road,Booval,Ipswich City,4304,Booval,Ipswich,Southern,SEQ South,Metropolitan,Ipswich - East,Ipswich Inner,Ipswich,Major Cities,Ipswich,Blair,State-controlled,Intersection - T-Junction,Stop sign,60 km/h,Sealed - Dry,Clear,Daylight,Straight,Level,107,Veh'S Adjacent Approach: Thru-Left,Intersection from adjacent approaches,W,0,0,0,0,0,2,0,0,0,0,0,0
6019,Minor injury,2003,July,Friday,14,Rear-end,Multi-Vehicle,153.3762377,-27.93170924,Gold Coast Hwy,,Gold Coast Highway (Helensvale - Southport),Arundel,Gold Coast City,4214,Runaway Bay,Gold Coast,South Eastern,SEQ South,South Coast,Biggera Waters,Gold Coast - North,Gold Coast,Major Cities,Bonney,Fadden,State-controlled,No Roadway Feature,No traffic control,60 km/h,Sealed - Dry,Clear,Daylight,Straight,Level,301,Veh'S Same Direction: Rear End,Rear-end,W,0,0,0,1,1,2,0,0,0,0,0,0
6020,Property damage only,2003,July,Friday,16,Angle,Multi-Vehicle,151.5911705,-25.62142278,Gayndah - Mundubbera Rd,,,Gayndah,North Burnett Region,4625,Gayndah,Wide Bay Burnett,Central,Southern,North Coast and Wide Bay/Burnett,Gayndah - Mundubbera,Burnett,Wide Bay,Outer Regional,Callide,Flynn,Locally-controlled,No Roadway Feature,No traffic control,100 - 110 km/h,Sealed - Dry,Clear,Daylight,Straight,Grade,202,Veh'S Opposite Approach: Thru-Right,Opposing vehicles turning,W,0,0,0,0,0,2,0,0,0,0,0,0
6021,Hospitalisation,2003,July,Friday,23,Hit object,Single Vehicle,152.4239074,-25.29386976,Bruce Hwy,,Bruce Highway (Maryborough - Gin Gin),Cherwell,Fraser Coast Region,4660,Howard,Wide Bay Burnett,Central,Southern,North Coast and Wide Bay/Burnett,Burrum - Fraser,Maryborough,Wide Bay,Inner Regional,Maryborough,Hinkler,State-controlled,No Roadway Feature,No traffic control,100 - 110 km/h,Sealed - Dry,Clear,Darkness - Not lighted,Straight,Level,704,Off Path-Straight:Right Off Cway Hit Obj,Off carriageway on straight hit object,N,0,1,0,0,1,1,0,0,0,0,0,0
6022,Property damage only,2003,July,Friday,11,Hit object,Single Vehicle,151.2589721,-23.8814149,Glenlyon Rd,,,Sun Valley,Gladstone Region,4680,Gladstone,Capricornia,Central,Central,Central Queensland,Kin Kora - Sun Valley,Gladstone,Central Queensland,Inner Regional,Gladstone,Flynn,Locally-controlled,No Roadway Feature,No traffic control,60 km/h,Unsealed - Dry,Clear,Daylight,Curved - view open,Dip,803,Off Path-Curve: Off Cway Rt Bend Hit Obj,Off carriageway on curve hit object,N,0,0,0,0,0,1,0,0,0,0,0,0
6023,Minor injury,2003,July,Saturday,22,Rear-end,Multi-Vehicle,153.0315474,-27.45590239,Brunswick St,St Pauls Tce,,Fortitude Valley,Brisbane City,4006,Fortitude Valley,North Brisbane,Brisbane,SEQ North,Metropolitan,Fortitude Valley,Brisbane Inner,Brisbane Inner City,Major Cities,Mcconnel,Brisbane,Locally-controlled,Intersection - Cross,Operating traffic lights,60 km/h,Sealed - Dry,Clear,Darkness - Lighted,Straight,Level,302,Veh'S Same Direction: Left Rear,Rear-end,N,0,0,0,1,1,2,0,0,0,0,0,0
6024,Hospitalisation,2003,July,Saturday,13,Rear-end,Multi-Vehicle,153.1525493,-27.64779885,Pacific Hwy,,Pacific Highway (Pacific Motorway),Slacks Creek,Logan City,4127,Springwood,Logan,South Eastern,SEQ South,South Coast,Slacks Creek,Springwood - Kingston,Logan - Beaudesert,Major Cities,Waterford,Rankin,State-controlled,No Roadway Feature,No traffic control,100 - 110 km/h,Sealed - Dry,Clear,Daylight,Straight,Level,306,Veh'S Same Direction: Lane Change Right,Lane changes,N,0,1,0,0,1,0,1,1,0,0,0,0
6025,Minor injury,2003,July,Saturday,15,Angle,Multi-Vehicle,153.2391072,-27.49813769,Main Rd,,,Wellington Point,Redland City,4160,Cleveland,South Brisbane,Brisbane,SEQ South,Metropolitan,Wellington Point,Capalaba,Brisbane - East,Major Cities,Oodgeroo,Bowman,Locally-controlled,No Roadway Feature,No traffic control,60 km/h,Sealed - Dry,Clear,Daylight,Straight,Level,308,Veh'S Same Direction: Right Turn S/Swipe,Parallel lanes turning,S,0,0,0,1,1,1,1,0,0,0,0,0
6026,Medical treatment,2003,July,Saturday,18,Hit pedestrian,Hit pedestrian,152.6515274,-27.45428318,Brisbane Valley Hwy,Simpson St,Brisbane Valley Highway (Ipswich-Harlin),Fernvale,Somerset Region,4306,Lowood,Ipswich,Southern,SEQ North,North Coast and Wide Bay/Burnett,Lowood,Ipswich Hinterland,Ipswich,Inner Regional,Lockyer,Blair,State-controlled,Intersection - T-Junction,No traffic control,60 km/h,Sealed - Dry,Clear,Darkness - Lighted,Straight,Level,2,Ped'N: Hit Emerging Behind Vehicle,Pedestrian,W,0,0,1,0,1,0,0,0,1,0,1,0
6027,Property damage only,2003,July,Saturday,19,Hit animal,Other,152.0106633,-24.97059351,Bundaberg - Gin Gin Rd,,Bundaberg - Gin Gin Road,Maroondan,Bundaberg Region,4671,Gin Gin,Wide Bay Burnett,Central,Southern,North Coast and Wide Bay/Burnett,Gin Gin,Burnett,Wide Bay,Inner Regional,Callide,Flynn,State-controlled,No Roadway Feature,No traffic control,100 - 110 km/h,Sealed - Dry,Clear,Darkness - Not lighted,Straight,Dip,609,Pass & Misc: Hit Animal,Hit animal,E,0,0,0,0,0,1,0,0,0,0,0,1
6028,Property damage only,2003,July,Saturday,18,Hit object,Single Vehicle,152.6881082,-26.13528606,Wattle La,,,North Deep Creek,Gympie Region,4570,Gympie,Wide Bay Burnett,Central,Southern,North Coast and Wide Bay/Burnett,Gympie Region,Gympie - Cooloola,Wide Bay,Inner Regional,Gympie,Wide Bay,Locally-controlled,No Roadway Feature,No traffic control,60 km/h,Unsealed - Dry,Clear,Darkness - Not lighted,Straight,Level,700,Off Path-Straight: Other,Other,N,0,0,0,0,0,1,0,0,0,0,0,0
6029,Minor injury,2003,July,Saturday,16,Angle,Multi-Vehicle,151.2692217,-27.17834428,Eileen St,,,Dalby,Western Downs Region,4405,Dalby,South West,Southern,Southern,Downs South West,Wambo,Darling Downs - East,Darling Downs - Maranoa,Inner Regional,Warrego,Maranoa,Locally-controlled,No Roadway Feature,No traffic control,0 - 50 km/h,Sealed - Dry,Clear,Daylight,Straight,Level,100,Veh'S Adjacent Approach: Other,Intersection from adjacent approaches,E,0,0,0,1,1,1,0,0,0,1,0,0
6030,Minor injury,2003,July,Sunday,9,Angle,Multi-Vehicle,153.2705546,-27.54449233,Beach St,Fitzroy St,,Cleveland,Redland City,4163,Cleveland,South Brisbane,Brisbane,SEQ South,Metropolitan,Cleveland,Cleveland - Stradbroke,Brisbane - East,Major Cities,Oodgeroo,Bowman,Locally-controlled,Intersection - Cross,Give way sign,60 km/h,Sealed - Dry,Clear,Daylight,Straight,Level,101,Veh'S Adjacent Approach: Thru-Thru,Intersection from adjacent approaches,S,0,0,0,1,1,2,0,0,0,0,0,0
6031,Medical treatment,2003,July,Sunday,15,Angle,Multi-Vehicle,152.9609444,-27.20374728,Mackie Rd,Main St,,Narangba,Moreton Bay Region,4504,Burpengary,Moreton,Southern,SEQ North,North Coast and Wide Bay/Burnett,Narangba,Narangba - Burpengary,Moreton Bay - North,Major Cities,Kurwongbah,Longman,Locally-controlled,Intersection - Cross,Operating traffic lights,60 km/h,Sealed - Dry,Clear,Daylight,Straight,Level,104,Veh'S Adjacent Approach: Thru-Right,Intersection from adjacent approaches,S,0,0,1,0,1,2,0,0,0,0,0,0
6032,Property damage only,2003,July,Sunday,17,Hit object,Single Vehicle,152.8432787,-27.6003773,Child St,,,Riverview,Ipswich City,4303,Goodna,Ipswich,Southern,SEQ South,Metropolitan,Riverview,Ipswich Inner,Ipswich,Major Cities,Bundamba,Blair,Locally-controlled,No Roadway Feature,No traffic control,60 km/h,Sealed - Dry,Clear,Darkness - Lighted,Straight,Level,704,Off Path-Straight:Right Off Cway Hit Obj,Off carriageway on straight hit object,N,0,0,0,0,0,2,0,0,0,0,0,0
6033,Hospitalisation,2003,July,Sunday,14,Rear-end,Multi-Vehicle,153.0650278,-26.66117372,Maroochydore Rd,Sunshine Mwy Ramp M,Maroochydore Road,Kuluin,Sunshine Coast Region,4558,Maroochydore,Sunshine Coast,Central,SEQ North,North Coast and Wide Bay/Burnett,Buderim - North,Buderim,Sunshine Coast,Major Cities,Ninderry,Fairfax,State-controlled,Intersection - Roundabout,Give way sign,60 km/h,Sealed - Dry,Clear,Daylight,Curved - view open,Level,301,Veh'S Same Direction: Rear End,Rear-end,E,0,1,0,0,1,2,0,0,0,0,0,0
6034,Hospitalisation,2003,July,Sunday,4,Hit parked vehicle,Single Vehicle,153.412557,-28.1022985,Ern Harley Dr,,,Burleigh Heads,Gold Coast City,4220,Robina,Gold Coast,South Eastern,SEQ South,South Coast,Burleigh Heads,Broadbeach - Burleigh,Gold Coast,Major Cities,Burleigh,Mcpherson,Locally-controlled,No Roadway Feature,No traffic control,0 - 50 km/h,Sealed - Wet,Clear,Darkness - Not lighted,Straight,Grade,200,Veh'S Opposite Approach: Other,Other,E,0,1,0,0,1,0,0,1,0,0,0,1
6035,Minor injury,2003,July,Monday,0,Hit object,Single Vehicle,153.073931,-27.54430731,Mt Gravatt Outlook Dr,,,Mount Gravatt,Brisbane City,4122,Holland Park,South Brisbane,Brisbane,SEQ South,Metropolitan,Mount Gravatt,Mt Gravatt,Brisbane - South,Major Cities,Mansfield,Bonner,Locally-controlled,No Roadway Feature,No traffic control,60 km/h,Sealed - Dry,Clear,Darkness - Not lighted,Curved - view obscured,Dip,804,Off Path-Curve: Off Cway Lt Bend Hit Obj,Off carriageway on curve hit object,E,0,0,0,1,1,1,0,0,0,0,0,0
6036,Property damage only,2003,July,Monday,12,Angle,Multi-Vehicle,153.1070023,-27.2438504,Baynes St,Oxley Ave,Brighton - Redcliffe Road,Margate,Moreton Bay Region,4019,Redcliffe,Moreton,Southern,SEQ North,North Coast and Wide Bay/Burnett,Margate - Woody Point,Redcliffe,Moreton Bay - North,Major Cities,Redcliffe,Petrie,State-controlled,Intersection - T-Junction,Give way sign,60 km/h,Sealed - Dry,Clear,Daylight,Straight,Level,104,Veh'S Adjacent Approach: Thru-Right,Intersection from adjacent approaches,S,0,0,0,0,0,2,0,0,0,0,0,0
6037,Property damage only,2003,July,Monday,16,Hit parked vehicle,Single Vehicle,152.9242935,-27.41738038,Kirralee Cres,,,Upper Kedron,Brisbane City,4055,Ferny Grove,North Brisbane,Brisbane,SEQ North,Metropolitan,Upper Kedron - Ferny Grove,The Gap - Enoggera,Brisbane - West,Major Cities,Ferny Grove,Ryan,Locally-controlled,No Roadway Feature,No traffic control,0 - 50 km/h,Sealed - Dry,Clear,Daylight,Straight,Grade,906,Pass & Misc: Parked Car Ran Away,Other,,0,0,0,0,0,2,0,0,0,0,0,1
6038,Property damage only,2003,July,Monday,16,Angle,Multi-Vehicle,153.3186013,-27.90711678,Helensvale Rd,Siganto Dr,,Helensvale,Gold Coast City,4212,Coomera,Gold Coast,South Eastern,SEQ South,South Coast,Helensvale,Ormeau - Oxenford,Gold Coast,Major Cities,Theodore,Fadden,Locally-controlled,Intersection - T-Junction,No traffic control,60 km/h,Sealed - Dry,Clear,Daylight,Straight,Level,202,Veh'S Opposite Approach: Thru-Right,Opposing vehicles turning,W,0,0,0,0,0,2,0,0,0,0,0,0
6039,Property damage only,2003,July,Monday,18,Hit animal,Other,149.0399719,-27.96342886,Moonie Hwy,,Moonie Highway (Dalby - St. George),St George,Balonne Shire,4487,Saint George,South West,Southern,Southern,Downs South West,Balonne,Darling Downs (west) - Maranoa,Darling Downs - Maranoa,Remote,Warrego,Maranoa,State-controlled,No Roadway Feature,No traffic control,100 - 110 km/h,Sealed - Dry,Clear,Darkness - Lighted,Straight,Level,609,Pass & Misc: Hit Animal,Hit animal,W,0,0,0,0,0,1,0,0,0,0,0,1
6040,Medical treatment,2003,July,Tuesday,15,Angle,Multi-Vehicle,152.9967363,-27.44554772,Waterworks Rd,Woodland St,,Ashgrove,Brisbane City,4060,The Gap,North Brisbane,Brisbane,SEQ North,Metropolitan,Ashgrove,Brisbane Inner - West,Brisbane Inner City,Major Cities,Cooper,Brisbane,Locally-controlled,Intersection - T-Junction,Stop sign,60 km/h,Sealed - Dry,Clear,Daylight,Straight,Level,104,Veh'S Adjacent Approach: Thru-Right,Intersection from adjacent approaches,E,0,0,1,0,1,2,0,0,0,0,0,0
6041,Property damage only,2003,July,Tuesday,15,Hit parked vehicle,Single Vehicle,153.0360342,-27.37059337,Murphy Rd,,,Geebung,Brisbane City,4034,Boondall,North Brisbane,Brisbane,SEQ North,Metropolitan,Aspley,Chermside,Brisbane - North,Major Cities,Aspley,Lilley,Locally-controlled,No Roadway Feature,No traffic control,60 km/h,Sealed - Dry,Clear,Daylight,Straight,Crest,601,Veh'S On Path: Parked,Hit parked vehicle,N,0,0,0,0,0,3,0,0,0,0,0,0
6042,Medical treatment,2003,July,Tuesday,8,Rear-end,Multi-Vehicle,153.0964505,-27.37596557,Gateway Arterial Rd,,,Nudgee,Brisbane City,4014,Hendra,North Brisbane,Brisbane,SEQ North,Metropolitan,Nudgee - Banyo,Nundah,Brisbane - North,Major Cities,Nudgee,Lilley,State-controlled,No Roadway Feature,No traffic control,100 - 110 km/h,Sealed - Dry,Clear,Daylight,Straight,Level,301,Veh'S Same Direction: Rear End,Rear-end,S,0,0,1,0,1,3,0,0,0,0,0,0
6043,Medical treatment,2003,July,Tuesday,16,Head-on,Multi-Vehicle,152.6705967,-25.51340784,Bruce Hwy,,Bruce Highway (Maryborough - Gin Gin),Maryborough West,Fraser Coast Region,4650,Maryborough,Wide Bay Burnett,Central,Southern,North Coast and Wide Bay/Burnett,Maryborough (qld),Maryborough,Wide Bay,Inner Regional,Maryborough,Wide Bay,State-controlled,No Roadway Feature,No traffic control,80 - 90 km/h,Sealed - Dry,Clear,Daylight,Straight,Level,201,Veh'S Opposite Approach: Head On,Head-on,N,0,0,1,0,1,2,0,0,0,0,0,0
6044,Property damage only,2003,July,Tuesday,9,Hit parked vehicle,Single Vehicle,151.9235449,-27.57665232,Buckland St,,,Harristown,Toowoomba Region,4350,Toowoomba,Darling Downs,Southern,Southern,Downs South West,Drayton - Harristown,Toowoomba,Toowoomba,Inner Regional,Toowoomba South,Groom,Locally-controlled,No Roadway Feature,No traffic control,60 km/h,Sealed - Dry,Clear,Daylight,Straight,Level,601,Veh'S On Path: Parked,Hit parked vehicle,W,0,0,0,0,0,1,0,1,0,0,0,0
6045,Hospitalisation,2003,July,Wednesday,11,Angle,Multi-Vehicle,153.0675886,-27.59195322,Beenleigh Rd,Nathan Rd,,Runcorn,Brisbane City,4113,Upper Mount Gravatt,South Brisbane,Brisbane,SEQ South,Metropolitan,Runcorn,Sunnybank,Brisbane - South,Major Cities,Toohey,Moreton,Locally-controlled,Intersection - T-Junction,No traffic control,70 km/h,Sealed - Wet,Raining,Daylight,Straight,Level,104,Veh'S Adjacent Approach: Thru-Right,Intersection from adjacent approaches,E,0,1,0,1,2,2,0,0,0,0,0,0
6046,Hospitalisation,2003,July,Wednesday,23,Hit parked vehicle,Single Vehicle,152.9900372,-27.43946648,Mclean Pde,,Western Arterial Road (Toowong - Everton Park),Ashgrove,Brisbane City,4060,The Gap,North Brisbane,Brisbane,SEQ North,Metropolitan,Ashgrove,Brisbane Inner - West,Brisbane Inner City,Major Cities,Cooper,Brisbane,State-controlled,No Roadway Feature,No traffic control,0 - 50 km/h,Sealed - Dry,Clear,Darkness - Lighted,Straight,Level,601,Veh'S On Path: Parked,Hit parked vehicle,E,0,1,0,0,1,2,0,0,0,0,0,0
6047,Minor injury,2003,July,Wednesday,19,Head-on,Multi-Vehicle,153.0266902,-27.47414138,George St,,,Brisbane City,Brisbane City,4000,Brisbane City,North Brisbane,Brisbane,SEQ North,Metropolitan,Brisbane City,Brisbane Inner,Brisbane Inner City,Major Cities,Mcconnel,Brisbane,Locally-controlled,No Roadway Feature,No traffic control,60 km/h,Sealed - Dry,Clear,Darkness - Lighted,Straight,Level,201,Veh'S Opposite Approach: Head On,Head-on,W,0,0,0,1,1,2,0,0,0,0,0,0
6048,Hospitalisation,2003,July,Wednesday,13,Angle,Multi-Vehicle,153.027295,-27.45741793,Quarry St,Water St,,Spring Hill,Brisbane City,4000,Brisbane City,North Brisbane,Brisbane,SEQ North,Metropolitan,Spring Hill,Brisbane Inner,Brisbane Inner City,Major Cities,Mcconnel,Brisbane,Locally-controlled,Intersection - Cross,No traffic control,60 km/h,Sealed - Dry,Clear,Daylight,Straight,Level,308,Veh'S Same Direction: Right Turn S/Swipe,Parallel lanes turning,S,0,1,0,1,2,2,0,0,0,0,0,0
6049,Medical treatment,2003,July,Wednesday,13,Angle,Multi-Vehicle,153.0417366,-27.5044934,Baron St,Juliette St,,Greenslopes,Brisbane City,4120,Coorparoo,South Brisbane,Brisbane,SEQ South,Metropolitan,Greenslopes,Holland Park - Yeronga,Brisbane - South,Major Cities,Greenslopes,Griffith,Locally-controlled,Intersection - Cross,Give way sign,60 km/h,Sealed - Dry,Clear,Daylight,Straight,Level,101,Veh'S Adjacent Approach: Thru-Thru,Intersection from adjacent approaches,S,0,0,1,0,1,2,0,0,0,0,0,0
6050,Property damage only,2003,July,Wednesday,0,Hit object,Single Vehicle,153.0893881,-27.4652652,Barrack Rd,,,Cannon Hill,Brisbane City,4170,Morningside,South Brisbane,Brisbane,SEQ South,Metropolitan,Cannon Hill,Carindale,Brisbane - South,Major Cities,Bulimba,Griffith,Locally-controlled,Railway Crossing,Railway - lights and boom gate,60 km/h,Sealed - Dry,Clear,Darkness - Lighted,Straight,Level,607,Veh'S On Path: Temporary Object On C'Way,Other,N,0,0,0,0,0,1,0,0,0,0,0,0
6051,Minor injury,2003,July,Wednesday,7,Angle,Multi-Vehicle,152.8727263,-27.6403179,Redbank Plains Rd,Verran St,,Bellbird Park,Ipswich City,4300,Goodna,Ipswich,Southern,SEQ South,Metropolitan,Bellbird Park - Brookwater,Springfield - Redbank,Ipswich,Major Cities,Bundamba,Oxley,Locally-controlled,Intersection - T-Junction,Stop sign,60 km/h,Sealed - Dry,Clear,Daylight,Straight,Level,104,Veh'S Adjacent Approach: Thru-Right,Intersection from adjacent approaches,S,0,0,0,1,1,2,0,0,0,0,0,0
6052,Minor injury,2003,July,Wednesday,14,Hit object,Single Vehicle,152.5022156,-26.8520167,Kilcoy - Murgon Rd,,Kilcoy - Murgon Road,Sheep Station Creek,Somerset Region,4515,Kilcoy,Moreton,Southern,SEQ North,North Coast and Wide Bay/Burnett,Kilcoy,Caboolture Hinterland,Moreton Bay - North,Outer Regional,Nanango,Blair,State-controlled,No Roadway Feature,No traffic control,100 - 110 km/h,Sealed - Wet,Clear,Daylight,Curved - view open,Level,804,Off Path-Curve: Off Cway Lt Bend Hit Obj,Off carriageway on curve hit object,S,0,0,0,1,1,1,0,0,0,0,0,0
6053,Medical treatment,2003,July,Wednesday,8,Angle,Multi-Vehicle,153.3366542,-28.05970585,Advancetown - Mudgeeraba Rd,Vince Hinde Dr,Advancetown - Mudgeeraba Road,Worongary,Gold Coast City,4213,Mudgeeraba,Gold Coast,South Eastern,SEQ South,South Coast,Worongary - Tallai,Nerang,Gold Coast,Major Cities,Mudgeeraba,Wright,State-controlled,Intersection - T-Junction,Stop sign,60 km/h,Sealed - Wet,Raining,Daylight,Curved - view open,Grade,104,Veh'S Adjacent Approach: Thru-Right,Intersection from adjacent approaches,S,0,0,1,0,1,2,0,0,0,0,0,0
6054,Medical treatment,2003,July,Wednesday,13,Rear-end,Multi-Vehicle,152.8939847,-25.29320724,Boat Harbour Dr,Elizabeth St,Maryborough - Hervey Bay Road,Urangan,Fraser Coast Region,4655,Hervey Bay,Wide Bay Burnett,Central,Southern,North Coast and Wide Bay/Burnett,Urangan - Wondunna,Hervey Bay,Wide Bay,Inner Regional,Hervey Bay,Hinkler,State-controlled,Intersection - Roundabout,No traffic control,60 km/h,Sealed - Dry,Clear,Daylight,Straight,Grade,301,Veh'S Same Direction: Rear End,Rear-end,S,0,0,1,0,1,2,0,0,0,0,0,0
6055,Minor injury,2003,July,Thursday,16,Angle,Multi-Vehicle,153.0525748,-27.07531799,Caboolture - Bribie Island Rd,Peel Rd,Caboolture - Bribie Island Road,Ningi,Moreton Bay Region,4511,Caboolture,Moreton,Southern,SEQ North,North Coast and Wide Bay/Burnett,Beachmere - Sandstone Point,Bribie - Beachmere,Moreton Bay - North,Major Cities,Pumicestone,Longman,State-controlled,Intersection - Cross,Stop sign,100 - 110 km/h,Sealed - Dry,Clear,Daylight,Straight,Level,104,Veh'S Adjacent Approach: Thru-Right,Intersection from adjacent approaches,W,0,0,0,1,1,2,0,0,0,0,0,0
6056,Property damage only,2003,July,Thursday,17,Angle,Multi-Vehicle,153.200874,-27.54176831,Callaghan Wy,Ney Rd,,Capalaba,Redland City,4157,Capalaba,South Brisbane,Brisbane,SEQ South,Metropolitan,Capalaba,Capalaba,Brisbane - East,Major Cities,Capalaba,Bowman,Locally-controlled,Intersection - T-Junction,Operating traffic lights,60 km/h,Sealed - Dry,Clear,Daylight,Straight,Level,104,Veh'S Adjacent Approach: Thru-Right,Intersection from adjacent approaches,S,0,0,0,0,0,2,0,0,0,0,0,0
6057,Minor injury,2003,July,Thursday,9,Angle,Multi-Vehicle,153.2007306,-27.53431205,Capalaba - Victoria Point Rd,Ney Rd,Capalaba - Victoria Point Road,Capalaba,Redland City,4157,Capalaba,South Brisbane,Brisbane,SEQ South,Metropolitan,Capalaba,Capalaba,Brisbane - East,Major Cities,Capalaba,Bowman,State-controlled,Intersection - T-Junction,No traffic control,70 km/h,Sealed - Dry,Clear,Daylight,Straight,Level,104,Veh'S Adjacent Approach: Thru-Right,Intersection from adjacent approaches,W,0,0,0,1,1,2,0,0,0,0,0,0
6058,Property damage only,2003,July,Thursday,16,Rear-end,Multi-Vehicle,152.9839194,-27.19081351,Callaghan Rd,Old Gympie Rd,,Narangba,Moreton Bay Region,4504,Burpengary,Moreton,Southern,SEQ North,North Coast and Wide Bay/Burnett,Narangba,Narangba - Burpengary,Moreton Bay - North,Major Cities,Kurwongbah,Longman,Locally-controlled,Intersection - T-Junction,No traffic control,70 km/h,Sealed - Dry,Clear,Daylight,Straight,Grade,303,Veh'S Same Direction: Right Rear,Rear-end,S,0,0,0,0,0,2,0,0,0,0,0,0
6059,Medical treatment,2003,July,Thursday,8,Rear-end,Multi-Vehicle,153.333283,-28.05950729,Advancetown - Mudgeeraba Rd,,Advancetown - Mudgeeraba Road,Worongary,Gold Coast City,4213,Mudgeeraba,Gold Coast,South Eastern,SEQ South,South Coast,Worongary - Tallai,Nerang,Gold Coast,Major Cities,Mudgeeraba,Wright,State-controlled,No Roadway Feature,No traffic control,60 km/h,Sealed - Wet,Clear,Daylight,Straight,Level,301,Veh'S Same Direction: Rear End,Rear-end,W,0,0,2,0,2,3,0,0,0,0,0,0
6060,Property damage only,2003,July,Thursday,15,Angle,Multi-Vehicle,152.957076,-27.87020255,Cedar Pocket Rd,Undullah Rd,,Cedar Grove,Logan City,4285,Jimboomba,Logan,South Eastern,SEQ South,South Coast,Jimboomba,Jimboomba,Logan - Beaudesert,Inner Regional,Scenic Rim,Wright,Locally-controlled,Intersection - T-Junction,Give way sign,60 km/h,Sealed - Dry,Clear,Daylight,Straight,Level,202,Veh'S Opposite Approach: Thru-Right,Opposing vehicles turning,N,0,0,0,0,0,2,0,0,0,0,0,0