Crash_Ref_Number,Crash_Severity,Crash_Year,Crash_Month,Crash_Day_Of_Week,Crash_Hour,Crash_Nature,Crash_Type,Crash_Longitude_GDA94,Crash_Latitude_GDA94,Crash_Street,Crash_Street_Intersecting,State_Road_Name,Loc_Suburb,Loc_Local_Government_Area,Loc_Post_Code,Loc_Police_Division,Loc_Police_District,Loc_Police_Region,Loc_Queensland_Transport_Region,Loc_Main_Roads_Region,Loc_ABS_Statistical_Area_2,Loc_ABS_Statistical_Area_3,Loc_ABS_Statistical_Area_4,Loc_ABS_Remoteness,Loc_State_Electorate,Loc_Federal_Electorate,Crash_Controlling_Authority,Crash_Roadway_Feature,Crash_Traffic_Control,Crash_Speed_Limit,Crash_Road_Surface_Condition,Crash_Atmospheric_Condition,Crash_Lighting_Condition,Crash_Road_Horiz_Align,Crash_Road_Vert_Align,Crash_DCA_Code,Crash_DCA_Description,Crash_DCA_Group_Description,DCA_Key_Approach_Dir,Count_Casualty_Fatality,Count_Casualty_Hospitalised,Count_Casualty_MedicallyTreated,Count_Casualty_MinorInjury,Count_Casualty_Total,Count_Unit_Car,Count_Unit_Motorcycle_Moped,Count_Unit_Truck,Count_Unit_Bus,Count_Unit_Bicycle,Count_Unit_Pedestrian,Count_Unit_Other
6061,Minor injury,2003,July,Thursday,11,Overturned,Single Vehicle,152.892149,-26.91065243,Judds Rd,,,Glass House Mountains,Sunshine Coast Region,4518,Beerwah,Sunshine Coast,Central,SEQ North,North Coast and Wide Bay/Burnett,Glass House Mountains,Sunshine Coast Hinterland,Sunshine Coast,Inner Regional,Glass House,Fisher,Locally-controlled,No Roadway Feature,No traffic control,100 - 110 km/h,Unsealed - Wet,Raining,Daylight,Straight,Grade,705,Off Path-Straight:Out Of Control On Cway,Out of control on straight,E,0,0,0,1,1,1,0,0,0,0,0,0
6062,Minor injury,2003,July,Thursday,15,Angle,Multi-Vehicle,145.6929055,-28.06124993,Bowra St,,,Cunnamulla,Paroo Shire,4490,Cunnamulla,South West,Southern,Southern,Downs South West,Far South West,Outback - South,Queensland - Outback,Very Remote,Warrego,Maranoa,Locally-controlled,No Roadway Feature,No traffic control,0 - 50 km/h,Sealed - Dry,Clear,Daylight,Straight,Level,406,Veh'S Manoeuvring: Leaving Driveway,Vehicle leaving driveway,W,0,0,0,1,1,1,0,0,0,1,0,0
6063,Property damage only,2003,July,Friday,13,Hit parked vehicle,Single Vehicle,153.1065238,-27.63804648,Blackwood Rd,,,Logan Central,Logan City,4114,Logan Central,Logan,South Eastern,SEQ South,South Coast,Logan Central,Springwood - Kingston,Logan - Beaudesert,Major Cities,Woodridge,Rankin,Locally-controlled,No Roadway Feature,No traffic control,0 - 50 km/h,Sealed - Dry,Clear,Daylight,Straight,Level,601,Veh'S On Path: Parked,Hit parked vehicle,S,0,0,0,0,0,3,0,0,0,0,0,0
6064,Property damage only,2003,July,Friday,17,Angle,Multi-Vehicle,153.1282579,-26.77341448,Buderim St,Coryule St,,Battery Hill,Sunshine Coast Region,4551,Caloundra,Sunshine Coast,Central,SEQ North,North Coast and Wide Bay/Burnett,Moffat Beach - Battery Hill,Caloundra,Sunshine Coast,Major Cities,Caloundra,Fisher,Locally-controlled,Intersection - T-Junction,Stop sign,60 km/h,Sealed - Dry,Clear,Dawn/Dusk,Straight,Level,104,Veh'S Adjacent Approach: Thru-Right,Intersection from adjacent approaches,W,0,0,0,0,0,2,0,0,0,0,0,0
6065,Hospitalisation,2003,July,Friday,9,Angle,Multi-Vehicle,152.6516115,-26.1814932,Bruce Hwy,Pine St,Bruce Highway (Gympie - Maryborough),Gympie,Gympie Region,4570,Gympie,Wide Bay Burnett,Central,Southern,North Coast and Wide Bay/Burnett,Gympie - North,Gympie - Cooloola,Wide Bay,Inner Regional,Gympie,Wide Bay,State-controlled,Intersection - Cross,Stop sign,60 km/h,Sealed - Dry,Clear,Daylight,Straight,Level,101,Veh'S Adjacent Approach: Thru-Thru,Intersection from adjacent approaches,S,0,1,0,0,1,2,0,0,0,0,0,0
6066,Property damage only,2003,July,Friday,23,Overturned,Single Vehicle,150.9461522,-23.75148446,Darts Ck Rd,,,Darts Creek,Gladstone Region,4695,Mount Larcom,Capricornia,Central,Central,Central Queensland,Gladstone Hinterland,Gladstone,Central Queensland,Outer Regional,Gladstone,Flynn,Locally-controlled,No Roadway Feature,No traffic control,100 - 110 km/h,Unsealed - Dry,Clear,Darkness - Not lighted,Curved - view obscured,Crest,800,Off Path-Curve: Other,Other,N,0,0,0,0,0,1,0,0,0,0,0,0
6067,Minor injury,2003,July,Saturday,15,Rear-end,Multi-Vehicle,152.9775022,-27.49333301,Moggill Rd,,,Indooroopilly,Brisbane City,4068,Indooroopilly,North Brisbane,Brisbane,SEQ North,Metropolitan,Taringa,Sherwood - Indooroopilly,Brisbane - West,Major Cities,Maiwar,Ryan,Locally-controlled,Median Opening,No traffic control,60 km/h,Sealed - Dry,Clear,Daylight,Straight,Grade,304,Veh'S Same Direction: U-Turn,U-turn,E,0,0,0,1,1,2,0,0,0,0,0,0
6068,Minor injury,2003,July,Saturday,22,Rear-end,Multi-Vehicle,153.0192153,-27.52115724,Park Rd,School Rd,,Yeronga,Brisbane City,4104,Moorooka,South Brisbane,Brisbane,SEQ South,Metropolitan,Yeronga,Holland Park - Yeronga,Brisbane - South,Major Cities,Miller,Moreton,Locally-controlled,Intersection - Cross,Operating traffic lights,60 km/h,Sealed - Dry,Clear,Darkness - Lighted,Straight,Level,303,Veh'S Same Direction: Right Rear,Rear-end,W,0,0,0,2,2,2,0,0,0,0,0,0
6069,Medical treatment,2003,July,Saturday,9,Angle,Multi-Vehicle,152.9789791,-27.52220613,Dan St,Evadne St,,Graceville,Brisbane City,4075,Sherwood,South Brisbane,Brisbane,SEQ South,Metropolitan,Chelmer - Graceville,Sherwood - Indooroopilly,Brisbane - West,Major Cities,Miller,Moreton,Locally-controlled,Intersection - T-Junction,No traffic control,0 - 50 km/h,Sealed - Dry,Clear,Daylight,Straight,Level,202,Veh'S Opposite Approach: Thru-Right,Opposing vehicles turning,E,0,0,1,0,1,2,0,0,0,0,0,0
6070,Property damage only,2003,July,Saturday,16,Rear-end,Multi-Vehicle,153.0085835,-27.3906982,Chuter St,Rode Rd,,Chermside West,Brisbane City,4032,Stafford,North Brisbane,Brisbane,SEQ North,Metropolitan,Chermside West,Chermside,Brisbane - North,Major Cities,Stafford,Lilley,Locally-controlled,Intersection - T-Junction,No traffic control,60 km/h,Sealed - Dry,Clear,Daylight,Straight,Dip,303,Veh'S Same Direction: Right Rear,Rear-end,E,0,0,0,0,0,2,0,0,0,0,0,0
6071,Minor injury,2003,July,Saturday,15,Angle,Multi-Vehicle,152.9531997,-27.33319497,Saraband Dr,,,Eatons Hill,Moreton Bay Region,4037,Albany Creek,North Brisbane,Brisbane,SEQ North,North Coast and Wide Bay/Burnett,Eatons Hill,The Hills District,Moreton Bay - South,Major Cities,Everton,Dickson,Locally-controlled,No Roadway Feature,No traffic control,0 - 50 km/h,Sealed - Dry,Clear,Daylight,Curved - view open,Level,308,Veh'S Same Direction: Right Turn S/Swipe,Parallel lanes turning,E,0,0,0,1,1,1,1,0,0,0,0,0
6072,Property damage only,2003,July,Saturday,0,Angle,Multi-Vehicle,153.1189219,-26.68184699,Brisbane Rd,Walan St,,Mooloolaba,Sunshine Coast Region,4557,Maroochydore,Sunshine Coast,Central,SEQ North,North Coast and Wide Bay/Burnett,Mooloolaba - Alexandra Headland,Maroochy,Sunshine Coast,Major Cities,Maroochydore,Fisher,Locally-controlled,Intersection - Cross,Operating traffic lights,60 km/h,Sealed - Dry,Clear,Darkness - Lighted,Straight,Level,202,Veh'S Opposite Approach: Thru-Right,Opposing vehicles turning,S,0,0,0,0,0,1,0,0,1,0,0,0
6073,Medical treatment,2003,July,Saturday,14,Rear-end,Multi-Vehicle,153.0663304,-26.66009679,Maroochydore Rd,Sunshine Mwy Ramp N,Sunshine Motorway (Mooloolaba - Peregian),Maroochydore,Sunshine Coast Region,4558,Maroochydore,Sunshine Coast,Central,SEQ North,North Coast and Wide Bay/Burnett,Maroochydore - Kuluin,Maroochy,Sunshine Coast,Major Cities,Maroochydore,Fairfax,State-controlled,Intersection - Interchange,Give way sign,60 km/h,Sealed - Dry,Clear,Daylight,Straight,Level,302,Veh'S Same Direction: Left Rear,Rear-end,S,0,0,3,0,3,2,0,0,0,0,0,0
6074,Hospitalisation,2003,July,Saturday,0,Hit object,Single Vehicle,153.3299112,-27.99338789,Beaudesert - Nerang Rd,,Beaudesert - Nerang Road,Nerang,Gold Coast City,4211,Nerang,Gold Coast,South Eastern,SEQ South,South Coast,Nerang - Mount Nathan,Nerang,Gold Coast,Major Cities,Gaven,Moncrieff,State-controlled,No Roadway Feature,No traffic control,60 km/h,Sealed - Dry,Clear,Darkness - Lighted,Straight,Dip,700,Off Path-Straight: Other,Other,W,0,1,0,0,1,1,0,0,0,0,0,0
6075,Hospitalisation,2003,July,Saturday,19,Sideswipe,Multi-Vehicle,153.4208287,-27.99407782,Stanhill Dr,,,Surfers Paradise,Gold Coast City,4217,Surfers Paradise,Gold Coast,South Eastern,SEQ South,South Coast,Surfers Paradise,Surfers Paradise,Gold Coast,Major Cities,Surfers Paradise,Moncrieff,Locally-controlled,No Roadway Feature,No traffic control,0 - 50 km/h,Sealed - Dry,Clear,Darkness - Not lighted,Curved - view obscured,Level,201,Veh'S Opposite Approach: Head On,Head-on,W,0,1,0,0,1,4,0,0,0,0,0,0
6076,Property damage only,2003,July,Saturday,22,Rear-end,Multi-Vehicle,153.0498698,-26.77301278,Caloundra Rd,,,Meridan Plains,Sunshine Coast Region,4551,Caloundra,Sunshine Coast,Central,SEQ North,North Coast and Wide Bay/Burnett,Caloundra - West,Caloundra,Sunshine Coast,Major Cities,Caloundra,Fisher,Locally-controlled,No Roadway Feature,No traffic control,100 - 110 km/h,Sealed - Dry,Clear,Darkness - Not lighted,Straight,Level,301,Veh'S Same Direction: Rear End,Rear-end,E,0,0,0,0,0,2,0,0,0,0,0,0
6077,Hospitalisation,2003,July,Sunday,11,Sideswipe,Multi-Vehicle,153.1255808,-27.51300633,Gateway Arterial Rd,,Gateway Motorway (Eight Mile Plains - Nudgee),Belmont,Brisbane City,4153,Carina,South Brisbane,Brisbane,SEQ South,Metropolitan,Carindale,Carindale,Brisbane - South,Major Cities,Chatsworth,Bonner,State-controlled,No Roadway Feature,No traffic control,100 - 110 km/h,Sealed - Dry,Clear,Daylight,Straight,Level,305,Veh'S Same Direction: Lane Side Swipe,Lane changes,N,0,1,0,0,1,2,0,0,0,0,0,0
6078,Medical treatment,2003,July,Sunday,10,Rear-end,Multi-Vehicle,152.7886758,-27.6159148,Ivory St,South Station Rd,,Booval,Ipswich City,4304,Booval,Ipswich,Southern,SEQ South,Metropolitan,Ipswich - East,Ipswich Inner,Ipswich,Major Cities,Ipswich,Blair,Locally-controlled,Intersection - T-Junction,Operating traffic lights,60 km/h,Sealed - Dry,Clear,Daylight,Straight,Level,301,Veh'S Same Direction: Rear End,Rear-end,S,0,0,2,0,2,2,0,0,0,0,0,0
6079,Property damage only,2003,July,Sunday,17,Angle,Multi-Vehicle,153.0798228,-26.6442436,Maroochydore - Noosa Rd,,Maroochydore - Noosa Road,Maroochydore,Sunshine Coast Region,4558,Maroochydore,Sunshine Coast,Central,SEQ North,North Coast and Wide Bay/Burnett,Maroochydore - Kuluin,Maroochy,Sunshine Coast,Major Cities,Maroochydore,Fairfax,State-controlled,No Roadway Feature,No traffic control,60 km/h,Sealed - Dry,Clear,Darkness - Not lighted,Straight,Level,401,Veh'S Manoeuvring: Leaving Parking,Vehicle leaving driveway,S,0,0,0,0,0,2,0,0,0,0,0,0
6080,Property damage only,2003,July,Sunday,9,Hit parked vehicle,Single Vehicle,153.3406592,-28.0146484,Alexander Dr,,,Highland Park,Gold Coast City,4211,Nerang,Gold Coast,South Eastern,SEQ South,South Coast,Highland Park,Nerang,Gold Coast,Major Cities,Gaven,Moncrieff,Locally-controlled,No Roadway Feature,No traffic control,60 km/h,Sealed - Dry,Clear,Daylight,Curved - view open,Grade,803,Off Path-Curve: Off Cway Rt Bend Hit Obj,Off carriageway on curve hit object,E,0,0,0,0,0,2,0,0,0,0,0,0
6081,Medical treatment,2003,July,Monday,8,Rear-end,Multi-Vehicle,153.0165345,-27.33227551,Lacey Rd,Linkfield Connection Rd,,Bald Hills,Brisbane City,4036,Carseldine,North Brisbane,Brisbane,SEQ North,Metropolitan,Bald Hills,Bald Hills - Everton Park,Brisbane - North,Major Cities,Aspley,Petrie,Locally-controlled,Intersection - T-Junction,Give way sign,60 km/h,Sealed - Dry,Clear,Daylight,Straight,Level,302,Veh'S Same Direction: Left Rear,Rear-end,E,0,0,1,0,1,2,0,0,0,0,0,0
6082,Minor injury,2003,July,Monday,16,Rear-end,Multi-Vehicle,153.0985579,-27.58355847,Logan Sub-Arterial Rd,,Logan Sub-Arterial Road,Eight Mile Plains,Brisbane City,4113,Upper Mount Gravatt,South Brisbane,Brisbane,SEQ South,Metropolitan,Eight Mile Plains,Mt Gravatt,Brisbane - South,Major Cities,Toohey,Moreton,State-controlled,No Roadway Feature,No traffic control,60 km/h,Sealed - Dry,Clear,Daylight,Straight,Level,301,Veh'S Same Direction: Rear End,Rear-end,N,0,0,0,1,1,2,0,0,0,0,0,0
6083,Minor injury,2003,July,Monday,9,Hit pedestrian,Hit pedestrian,153.0605948,-27.35325064,Beams Rd,Sandgate Rd,Sandgate Sub-Arterial Road,Boondall,Brisbane City,4034,Boondall,North Brisbane,Brisbane,SEQ North,Metropolitan,Boondall,Nundah,Brisbane - North,Major Cities,Nudgee,Lilley,State-controlled,Intersection - Cross,Operating traffic lights,60 km/h,Sealed - Dry,Clear,Daylight,Straight,Level,3,Ped'N: Far Side Vehicle Hit From Left,Pedestrian,N,0,0,0,1,1,1,0,0,0,0,1,0
6084,Hospitalisation,2003,July,Monday,9,Hit pedestrian,Hit pedestrian,153.1386815,-27.67049527,Loganlea Rd Service Rd,,,Loganlea,Logan City,4131,Logan Central,Logan,South Eastern,SEQ South,South Coast,Loganlea,Loganlea - Carbrook,Logan - Beaudesert,Major Cities,Waterford,Forde,Locally-controlled,No Roadway Feature,No traffic control,60 km/h,Sealed - Dry,Clear,Daylight,Straight,Level,1,Ped'N: Near Side Vehicle Hit From Right,Pedestrian,N,0,1,0,0,1,1,0,0,0,0,1,0
6085,Hospitalisation,2003,July,Monday,20,Hit object,Single Vehicle,152.9701072,-27.63728603,Browns Plains Rd,,,Greenbank,Logan City,4124,Browns Plains,Logan,South Eastern,SEQ South,South Coast,Greenbank Military Camp,Browns Plains,Logan - Beaudesert,Major Cities,Jordan,Wright,Locally-controlled,No Roadway Feature,No traffic control,70 km/h,Sealed - Dry,Clear,Darkness - Not lighted,Straight,Grade,703,Off Path-Straight: Left Off Cway Hit Obj,Off carriageway on straight hit object,W,0,1,0,0,1,1,0,0,0,0,0,0
6086,Hospitalisation,2003,July,Monday,15,Angle,Multi-Vehicle,153.2322929,-27.49224157,Anson Rd,,,Wellington Point,Redland City,4160,Capalaba,South Brisbane,Brisbane,SEQ South,Metropolitan,Wellington Point,Capalaba,Brisbane - East,Major Cities,Oodgeroo,Bowman,Locally-controlled,No Roadway Feature,No traffic control,0 - 50 km/h,Sealed - Dry,Clear,Daylight,Straight,Level,100,Veh'S Adjacent Approach: Other,Intersection from adjacent approaches,N,0,1,0,0,1,1,0,0,0,1,0,0
6087,Property damage only,2003,July,Monday,19,Sideswipe,Multi-Vehicle,152.8951539,-26.56834438,English Rd,,,Kiamba,Sunshine Coast Region,4560,Nambour,Sunshine Coast,Central,SEQ North,North Coast and Wide Bay/Burnett,Maroochy Hinterland,Sunshine Coast Hinterland,Sunshine Coast,Inner Regional,Nicklin,Fairfax,Locally-controlled,No Roadway Feature,No traffic control,60 km/h,Unsealed - Dry,Clear,Darkness - Not lighted,Curved - view obscured,Crest,201,Veh'S Opposite Approach: Head On,Head-on,W,0,0,0,0,0,2,0,0,0,0,0,0
6088,Hospitalisation,2003,July,Monday,15,Angle,Multi-Vehicle,153.4125076,-27.96958613,Garden St,,,Southport,Gold Coast City,4215,Southport,Gold Coast,South Eastern,SEQ South,South Coast,Southport - North,Southport,Gold Coast,Major Cities,Southport,Moncrieff,Locally-controlled,No Roadway Feature,No traffic control,60 km/h,Sealed - Dry,Clear,Daylight,Straight,Level,406,Veh'S Manoeuvring: Leaving Driveway,Vehicle leaving driveway,E,0,1,0,0,1,1,0,0,0,0,0,1
6089,Hospitalisation,2003,July,Monday,18,Hit pedestrian,Hit pedestrian,153.3885994,-27.89364082,Oxenford - Southport Rd,,Hope Island Road,Coombabah,Gold Coast City,4216,Runaway Bay,Gold Coast,South Eastern,SEQ South,South Coast,Coombabah,Gold Coast - North,Gold Coast,Major Cities,Broadwater,Fadden,State-controlled,No Roadway Feature,No traffic control,60 km/h,Sealed - Dry,Clear,Darkness - Lighted,Straight,Level,1,Ped'N: Near Side Vehicle Hit From Right,Pedestrian,N,0,1,0,0,1,1,0,0,0,0,1,0
6090,Property damage only,2003,July,Tuesday,10,Rear-end,Multi-Vehicle,153.100545,-27.50038566,Creek Rd,Old Cleveland Rd,,Carindale,Brisbane City,4152,Carina,South Brisbane,Brisbane,SEQ South,Metropolitan,Carindale,Carindale,Brisbane - South,Major Cities,Chatsworth,Bonner,Locally-controlled,Intersection - Cross,Operating traffic lights,70 km/h,Sealed - Dry,Clear,Daylight,Straight,Level,301,Veh'S Same Direction: Rear End,Rear-end,N,0,0,0,0,0,1,0,0,0,0,0,1
6091,Medical treatment,2003,July,Tuesday,10,Rear-end,Multi-Vehicle,153.0958849,-27.4694866,Wynnum Rd,,,Cannon Hill,Brisbane City,4170,Morningside,South Brisbane,Brisbane,SEQ South,Metropolitan,Cannon Hill,Carindale,Brisbane - South,Major Cities,Bulimba,Griffith,Locally-controlled,No Roadway Feature,No traffic control,70 km/h,Sealed - Dry,Clear,Daylight,Straight,Level,301,Veh'S Same Direction: Rear End,Rear-end,W,0,0,1,0,1,2,0,0,0,0,0,0
6092,Property damage only,2003,July,Tuesday,13,Rear-end,Multi-Vehicle,153.088571,-27.56728767,Logan Sub-Arterial Rd,,Logan Sub-Arterial Road,Upper Mount Gravatt,Brisbane City,4122,Upper Mount Gravatt,South Brisbane,Brisbane,SEQ South,Metropolitan,Upper Mount Gravatt,Mt Gravatt,Brisbane - South,Major Cities,Mansfield,Bonner,State-controlled,No Roadway Feature,No traffic control,70 km/h,Sealed - Dry,Clear,Daylight,Straight,Level,301,Veh'S Same Direction: Rear End,Rear-end,S,0,0,0,0,0,2,0,0,0,0,0,0
6093,Property damage only,2003,July,Tuesday,0,Hit parked vehicle,Single Vehicle,153.0403078,-27.48162237,Baines St,,,Kangaroo Point,Brisbane City,4169,Dutton Park,South Brisbane,Brisbane,SEQ South,Metropolitan,Kangaroo Point,Brisbane Inner,Brisbane Inner City,Major Cities,South Brisbane,Griffith,Locally-controlled,No Roadway Feature,No traffic control,0 - 50 km/h,Sealed - Dry,Clear,Darkness - Lighted,Straight,Level,601,Veh'S On Path: Parked,Hit parked vehicle,E,0,0,0,0,0,5,0,0,0,0,0,0
6094,Medical treatment,2003,July,Tuesday,21,Rear-end,Multi-Vehicle,153.1763328,-27.45896042,Preston Rd,,,Manly West,Brisbane City,4179,Wynnum,South Brisbane,Brisbane,SEQ South,Metropolitan,Manly - Lota,Wynnum - Manly,Brisbane - East,Major Cities,Lytton,Bonner,Locally-controlled,No Roadway Feature,No traffic control,70 km/h,Sealed - Dry,Clear,Darkness - Lighted,Straight,Grade,301,Veh'S Same Direction: Rear End,Rear-end,S,0,0,1,1,2,2,0,0,0,0,0,0
6095,Property damage only,2003,July,Tuesday,9,Rear-end,Multi-Vehicle,152.7507891,-27.58035287,Warrego Hwy,,Warrego Highway (Ipswich - Toowoomba),Brassall,Ipswich City,4305,Karana Downs,Ipswich,Southern,SEQ South,Metropolitan,Brassall,Ipswich Inner,Ipswich,Major Cities,Ipswich West,Blair,State-controlled,No Roadway Feature,No traffic control,100 - 110 km/h,Sealed - Dry,Clear,Daylight,Curved - view obscured,Crest,301,Veh'S Same Direction: Rear End,Rear-end,E,0,0,0,0,0,1,0,1,0,0,0,0
6096,Minor injury,2003,July,Tuesday,9,Hit pedestrian,Hit pedestrian,153.4126335,-28.0031877,Crombie Ave,,,Bundall,Gold Coast City,4217,Broadbeach,Gold Coast,South Eastern,SEQ South,South Coast,Bundall,Surfers Paradise,Gold Coast,Major Cities,Southport,Moncrieff,Locally-controlled,No Roadway Feature,No traffic control,60 km/h,Sealed - Dry,Clear,Daylight,Straight,Level,4,Ped'N: Play; Work; Stand; Lie On C'Way,Pedestrian,W,0,0,0,1,1,1,0,0,0,0,1,0
6097,Hospitalisation,2003,July,Tuesday,9,Rear-end,Multi-Vehicle,152.9162883,-26.41446361,Cooroy - Noosa Rd,Miva St,Cooroy - Noosa Road,Cooroy,Noosa Shire,4563,Cooroy,Sunshine Coast,Central,SEQ North,North Coast and Wide Bay/Burnett,Noosa Hinterland,Noosa Hinterland,Sunshine Coast,Inner Regional,Nicklin,Wide Bay,State-controlled,Intersection - T-Junction,No traffic control,0 - 50 km/h,Sealed - Dry,Clear,Daylight,Straight,Crest,301,Veh'S Same Direction: Rear End,Rear-end,E,0,3,0,0,3,3,0,0,0,0,0,0
6098,Medical treatment,2003,July,Tuesday,8,Hit pedestrian,Hit pedestrian,152.8316708,-25.28334533,Beach Rd,Old Maryborough Rd,,Pialba,Fraser Coast Region,4655,Hervey Bay,Wide Bay Burnett,Central,Southern,North Coast and Wide Bay/Burnett,Pialba - Eli Waters,Hervey Bay,Wide Bay,Inner Regional,Hervey Bay,Hinkler,Locally-controlled,Intersection - Roundabout,Road/Rail worker,0 - 50 km/h,Sealed - Dry,Clear,Daylight,Straight,Level,4,Ped'N: Play; Work; Stand; Lie On C'Way,Pedestrian,S,0,0,1,0,1,1,0,0,0,0,1,0
6099,Hospitalisation,2003,July,Tuesday,5,Rear-end,Multi-Vehicle,150.6318186,-23.21849717,Yeppoon Rd,,Rockhampton - Yeppoon Road,Mulara,Livingstone Shire,4703,Yeppoon,Capricornia,Central,Central,Central Queensland,Rockhampton Region - North,Rockhampton,Central Queensland,Inner Regional,Keppel,Capricornia,State-controlled,Bridge/Causeway,No traffic control,100 - 110 km/h,Sealed - Dry,Clear,Darkness - Not lighted,Curved - view open,Level,503,Veh'S Overtaking: Pulling Out,Overtaking same direction,W,0,1,0,0,1,1,1,0,0,0,0,0
6100,Hospitalisation,2003,July,Tuesday,17,Overturned,Single Vehicle,147.5570681,-22.72529489,Blair Athol Mine Rd,Old Blair Athol Mine Rd,,Clermont,Isaac Region,4721,Clermont,Mackay,Central,Central,Central Queensland,Clermont,Bowen Basin - North,Mackay - Isaac - Whitsunday,Remote,Burdekin,Capricornia,Locally-controlled,Intersection - T-Junction,Give way sign,100 - 110 km/h,Sealed - Dry,Clear,Daylight,Straight,Grade,705,Off Path-Straight:Out Of Control On Cway,Out of control on straight,W,0,1,0,0,1,0,0,1,0,0,0,0
6101,Hospitalisation,2003,July,Wednesday,9,Hit pedestrian,Hit pedestrian,153.0189393,-27.45996533,Boundary St,Gregory Tce,,Spring Hill,Brisbane City,4000,Brisbane City,North Brisbane,Brisbane,SEQ North,Metropolitan,Spring Hill,Brisbane Inner,Brisbane Inner City,Major Cities,Mcconnel,Brisbane,Locally-controlled,Intersection - T-Junction,Operating traffic lights,60 km/h,Sealed - Dry,Clear,Daylight,Curved - view open,Grade,1,Ped'N: Near Side Vehicle Hit From Right,Pedestrian,N,0,1,0,0,1,1,0,0,0,0,1,0
6102,Property damage only,2003,July,Wednesday,19,Angle,Multi-Vehicle,152.9557483,-27.59609927,Orchard Rd,Progress Rd,,Richlands,Brisbane City,4077,Inala,South Brisbane,Brisbane,SEQ South,Metropolitan,Inala - Richlands,Forest Lake - Oxley,Ipswich,Major Cities,Inala,Oxley,Locally-controlled,Intersection - Cross,No traffic control,60 km/h,Sealed - Dry,Clear,Darkness - Lighted,Straight,Level,202,Veh'S Opposite Approach: Thru-Right,Opposing vehicles turning,W,0,0,0,0,0,2,0,0,0,0,0,0
6103,Medical treatment,2003,July,Wednesday,8,Hit pedestrian,Hit pedestrian,153.0237789,-27.53108249,Beaudesert Rd,,,Moorooka,Brisbane City,4105,Moorooka,South Brisbane,Brisbane,SEQ South,Metropolitan,Moorooka,Nathan,Brisbane - South,Major Cities,Miller,Moreton,Locally-controlled,No Roadway Feature,No traffic control,60 km/h,Sealed - Dry,Clear,Daylight,Curved - view open,Grade,6,Ped'N: Hit Facing Traffic,Pedestrian,N,0,0,1,0,1,0,0,1,0,0,1,0
6104,Minor injury,2003,July,Wednesday,12,Rear-end,Multi-Vehicle,153.0104698,-27.5444897,Ipswich Rd,,,Rocklea,Brisbane City,4106,Sherwood,South Brisbane,Brisbane,SEQ South,Metropolitan,Rocklea - Acacia Ridge,Rocklea - Acacia Ridge,Brisbane - South,Major Cities,Miller,Moreton,Locally-controlled,No Roadway Feature,No traffic control,80 - 90 km/h,Sealed - Dry,Clear,Daylight,Straight,Level,301,Veh'S Same Direction: Rear End,Rear-end,N,0,0,0,5,5,0,0,0,2,0,0,0
6105,Property damage only,2003,July,Wednesday,9,Angle,Multi-Vehicle,153.0164686,-27.35606498,Gympie Rd,Zillmere Rd,Gympie Arterial Road,Aspley,Brisbane City,4034,Carseldine,North Brisbane,Brisbane,SEQ North,Metropolitan,Aspley,Chermside,Brisbane - North,Major Cities,Aspley,Petrie,State-controlled,Intersection - T-Junction,Operating traffic lights,70 km/h,Sealed - Dry,Clear,Daylight,Straight,Level,104,Veh'S Adjacent Approach: Thru-Right,Intersection from adjacent approaches,S,0,0,0,0,0,2,0,0,0,0,0,0
6106,Hospitalisation,2003,July,Wednesday,15,Angle,Multi-Vehicle,153.2553573,-27.5121619,Northern Arterial Rd,Sturgeon St,,Ormiston,Redland City,4160,Cleveland,South Brisbane,Brisbane,SEQ South,Metropolitan,Ormiston,Cleveland - Stradbroke,Brisbane - East,Major Cities,Oodgeroo,Bowman,Locally-controlled,Intersection - Roundabout,Give way sign,60 km/h,Sealed - Dry,Clear,Daylight,Straight,Level,107,Veh'S Adjacent Approach: Thru-Left,Intersection from adjacent approaches,W,0,1,0,0,1,2,0,0,0,0,0,0
6107,Medical treatment,2003,July,Wednesday,11,Angle,Multi-Vehicle,152.8705689,-27.60443967,Collingwood Dr,Cunningham Hwy Ramp Ff,Cunningham Highway (Ipswich Motorway),Redbank,Ipswich City,4301,Goodna,Ipswich,Southern,SEQ South,Metropolitan,Collingwood Park - Redbank,Springfield - Redbank,Ipswich,Major Cities,Bundamba,Oxley,State-controlled,Intersection - Interchange,Operating traffic lights,60 km/h,Sealed - Dry,Clear,Daylight,Straight,Level,202,Veh'S Opposite Approach: Thru-Right,Opposing vehicles turning,S,0,0,1,0,1,1,0,1,0,0,0,0
6108,Minor injury,2003,July,Wednesday,16,Rear-end,Multi-Vehicle,153.0927091,-26.53258043,Maroochydore - Noosa Rd,,Maroochydore - Noosa Road,Coolum Beach,Sunshine Coast Region,4573,Coolum,Sunshine Coast,Central,SEQ North,North Coast and Wide Bay/Burnett,Coolum Beach,Maroochy,Sunshine Coast,Major Cities,Ninderry,Fairfax,State-controlled,No Roadway Feature,No traffic control,60 km/h,Sealed - Dry,Clear,Daylight,Straight,Level,301,Veh'S Same Direction: Rear End,Rear-end,N,0,0,0,2,2,2,0,0,0,0,0,0
6109,Hospitalisation,2003,July,Wednesday,20,Angle,Multi-Vehicle,152.9528211,-26.62137358,Hospital Rd,,,Nambour,Sunshine Coast Region,4560,Nambour,Sunshine Coast,Central,SEQ North,North Coast and Wide Bay/Burnett,Nambour,Nambour,Sunshine Coast,Major Cities,Nicklin,Fairfax,Locally-controlled,No Roadway Feature,No traffic control,0 - 50 km/h,Sealed - Dry,Clear,Darkness - Lighted,Straight,Crest,207,Veh'S Opposite Approach: U-Turn,U-turn,W,0,1,0,0,1,1,1,0,0,0,0,0
6110,Property damage only,2003,July,Wednesday,17,Rear-end,Multi-Vehicle,151.9069723,-27.56310094,Glenvale Rd,,,Glenvale,Toowoomba Region,4350,Toowoomba,Darling Downs,Southern,Southern,Downs South West,Toowoomba - West,Toowoomba,Toowoomba,Inner Regional,Toowoomba South,Groom,Locally-controlled,No Roadway Feature,No traffic control,60 km/h,Sealed - Dry,Clear,Daylight,Straight,Grade,302,Veh'S Same Direction: Left Rear,Rear-end,W,0,0,0,0,0,2,0,0,0,0,0,0