Crash_Ref_Number,Crash_Severity,Crash_Year,Crash_Month,Crash_Day_Of_Week,Crash_Hour,Crash_Nature,Crash_Type,Crash_Longitude_GDA94,Crash_Latitude_GDA94,Crash_Street,Crash_Street_Intersecting,State_Road_Name,Loc_Suburb,Loc_Local_Government_Area,Loc_Post_Code,Loc_Police_Division,Loc_Police_District,Loc_Police_Region,Loc_Queensland_Transport_Region,Loc_Main_Roads_Region,Loc_ABS_Statistical_Area_2,Loc_ABS_Statistical_Area_3,Loc_ABS_Statistical_Area_4,Loc_ABS_Remoteness,Loc_State_Electorate,Loc_Federal_Electorate,Crash_Controlling_Authority,Crash_Roadway_Feature,Crash_Traffic_Control,Crash_Speed_Limit,Crash_Road_Surface_Condition,Crash_Atmospheric_Condition,Crash_Lighting_Condition,Crash_Road_Horiz_Align,Crash_Road_Vert_Align,Crash_DCA_Code,Crash_DCA_Description,Crash_DCA_Group_Description,DCA_Key_Approach_Dir,Count_Casualty_Fatality,Count_Casualty_Hospitalised,Count_Casualty_MedicallyTreated,Count_Casualty_MinorInjury,Count_Casualty_Total,Count_Unit_Car,Count_Unit_Motorcycle_Moped,Count_Unit_Truck,Count_Unit_Bus,Count_Unit_Bicycle,Count_Unit_Pedestrian,Count_Unit_Other
6111,Medical treatment,2003,July,Wednesday,15,Hit object,Single Vehicle,150.7741361,-23.29704403,Svendsen Rd,,,Zilzie,Livingstone Shire,4710,Emu Park,Capricornia,Central,Central,Central Queensland,Emu Park,Rockhampton,Central Queensland,Inner Regional,Keppel,Capricornia,Locally-controlled,No Roadway Feature,No traffic control,100 - 110 km/h,Unsealed - Dry,Clear,Daylight,Curved - view open,Level,804,Off Path-Curve: Off Cway Lt Bend Hit Obj,Off carriageway on curve hit object,N,0,0,1,0,1,1,0,0,0,0,0,0
6112,Hospitalisation,2003,July,Thursday,17,Angle,Multi-Vehicle,153.0268301,-27.57771388,Glenview St,Postle St,,Acacia Ridge,Brisbane City,4110,Acacia Ridge,South Brisbane,Brisbane,SEQ South,Metropolitan,Rocklea - Acacia Ridge,Rocklea - Acacia Ridge,Brisbane - South,Major Cities,Algester,Moreton,Locally-controlled,Intersection - T-Junction,No traffic control,0 - 50 km/h,Sealed - Dry,Clear,Dawn/Dusk,Straight,Level,202,Veh'S Opposite Approach: Thru-Right,Opposing vehicles turning,N,0,1,0,0,1,1,1,0,0,0,0,0
6113,Property damage only,2003,July,Thursday,7,Rear-end,Multi-Vehicle,153.2232093,-27.58437754,Mt Cotton Rd,West Mt Cotton Rd,Mount Cotton Road,Sheldon,Redland City,4157,Redland Bay,South Brisbane,Brisbane,SEQ South,Metropolitan,Sheldon - Mount Cotton,Cleveland - Stradbroke,Brisbane - East,Major Cities,Springwood,Bowman,State-controlled,Intersection - T-Junction,Police,80 - 90 km/h,Sealed - Dry,Clear,Daylight,Straight,Grade,303,Veh'S Same Direction: Right Rear,Rear-end,S,0,0,0,0,0,2,0,0,0,0,0,0
6114,Medical treatment,2003,July,Thursday,11,Sideswipe,Multi-Vehicle,153.0470142,-26.57782862,Burtons Rd,,,Maroochy River,Sunshine Coast Region,4561,Nambour,Sunshine Coast,Central,SEQ North,North Coast and Wide Bay/Burnett,Bli Bli,Nambour,Sunshine Coast,Major Cities,Ninderry,Fairfax,Locally-controlled,No Roadway Feature,No traffic control,60 km/h,Unsealed - Dry,Clear,Daylight,Curved - view obscured,Level,201,Veh'S Opposite Approach: Head On,Head-on,N,0,0,1,0,1,1,1,0,0,0,0,0
6115,Medical treatment,2003,July,Thursday,19,Angle,Multi-Vehicle,153.3950042,-27.99328356,Benowa Rd,Wardoo St,,Ashmore,Gold Coast City,4214,Southport,Gold Coast,South Eastern,SEQ South,South Coast,Ashmore,Southport,Gold Coast,Major Cities,Southport,Moncrieff,Locally-controlled,Intersection - Cross,Operating traffic lights,60 km/h,Sealed - Dry,Clear,Darkness - Lighted,Straight,Level,202,Veh'S Opposite Approach: Thru-Right,Opposing vehicles turning,W,0,0,1,0,1,2,0,0,0,0,0,0
6116,Medical treatment,2003,July,Thursday,21,Rear-end,Multi-Vehicle,153.3839138,-28.08016063,Robina Town Centre Dr,Robina Town Centre Dr,,Robina,Gold Coast City,4226,Robina,Gold Coast,South Eastern,SEQ South,South Coast,Robina,Robina,Gold Coast,Major Cities,Mudgeeraba,Mcpherson,Locally-controlled,Intersection - Roundabout,Give way sign,60 km/h,Sealed - Dry,Clear,Darkness - Lighted,Straight,Level,301,Veh'S Same Direction: Rear End,Rear-end,N,0,0,1,0,1,2,0,0,0,0,0,0
6117,Medical treatment,2003,July,Thursday,16,Hit pedestrian,Hit pedestrian,151.2228516,-23.87605855,Ballantine St,Chapman Dr,,Clinton,Gladstone Region,4680,Gladstone,Capricornia,Central,Central,Central Queensland,Clinton - New Auckland,Gladstone,Central Queensland,Inner Regional,Gladstone,Flynn,Locally-controlled,Intersection - T-Junction,No traffic control,0 - 50 km/h,Sealed - Dry,Clear,Daylight,Straight,Level,1,Ped'N: Near Side Vehicle Hit From Right,Pedestrian,N,0,0,1,0,1,1,0,0,0,0,1,0
6118,Property damage only,2003,July,Thursday,2,Hit object,Single Vehicle,148.5279881,-24.92418317,Carnarvon Developmental Rd,,Carnarvon Highway (Injune - Rolleston),Rewan,Central Highlands Region,4702,Rolleston,Capricornia,Central,Central,Central Queensland,Central Highlands - West,Central Highlands (qld),Central Queensland,Remote,Gregory,Flynn,State-controlled,No Roadway Feature,No traffic control,100 - 110 km/h,Sealed - Dry,Clear,Darkness - Not lighted,Curved - view open,Level,804,Off Path-Curve: Off Cway Lt Bend Hit Obj,Off carriageway on curve hit object,N,0,0,0,0,0,1,0,0,0,0,0,0
6119,Hospitalisation,2003,August,Friday,20,Hit object,Single Vehicle,153.0719524,-26.62107223,Maroochydore - Noosa Rd,Sunshine Mwy Ramp Ac,Maroochydore - Noosa Road,Pacific Paradise,Sunshine Coast Region,4564,Coolum,Sunshine Coast,Central,SEQ North,North Coast and Wide Bay/Burnett,Marcoola - Mudjimba,Maroochy,Sunshine Coast,Major Cities,Maroochydore,Fairfax,State-controlled,Intersection - Interchange,No traffic control,60 km/h,Sealed - Dry,Clear,Darkness - Lighted,Straight,Level,703,Off Path-Straight: Left Off Cway Hit Obj,Off carriageway on straight hit object,E,0,1,0,0,1,1,0,0,0,0,0,0
6120,Property damage only,2003,August,Friday,20,Overturned,Single Vehicle,152.6959779,-26.9332035,D'Aguilar Hwy,,D'Aguilar Highway (Caboolture - Kilcoy),Stony Creek,Moreton Bay Region,4514,Woodford,Moreton,Southern,SEQ North,North Coast and Wide Bay/Burnett,Woodford - Daguilar,Caboolture Hinterland,Moreton Bay - North,Inner Regional,Glass House,Longman,State-controlled,No Roadway Feature,No traffic control,100 - 110 km/h,Sealed - Dry,Clear,Darkness - Not lighted,Curved - view obscured,Grade,805,Off Path-Curve: Out Of Control On Cway,Out of control on curve,W,0,0,0,0,0,1,0,0,0,0,0,0
6121,Property damage only,2003,August,Friday,6,Rear-end,Multi-Vehicle,152.3626793,-27.54111576,Warrego Hwy,,Warrego Highway (Ipswich - Toowoomba),Crowley Vale,Lockyer Valley Region,4342,Laidley,Darling Downs,Southern,SEQ South,Downs South West,Lockyer Valley - East,Ipswich Hinterland,Ipswich,Inner Regional,Lockyer,Wright,State-controlled,No Roadway Feature,No traffic control,100 - 110 km/h,Sealed - Dry,Clear,Dawn/Dusk,Straight,Level,301,Veh'S Same Direction: Rear End,Rear-end,E,0,0,0,0,0,2,0,0,0,0,0,0
6122,Property damage only,2003,August,Friday,13,Hit object,Single Vehicle,152.7434198,-25.28286608,Pialba - Burrum Heads Rd,,Pialba - Burrum Heads Road,Craignish,Fraser Coast Region,4655,Hervey Bay,Wide Bay Burnett,Central,Southern,North Coast and Wide Bay/Burnett,Craignish - Dundowran Beach,Hervey Bay,Wide Bay,Inner Regional,Maryborough,Hinkler,State-controlled,No Roadway Feature,No traffic control,100 - 110 km/h,Sealed - Dry,Clear,Daylight,Curved - view open,Level,803,Off Path-Curve: Off Cway Rt Bend Hit Obj,Off carriageway on curve hit object,E,0,0,0,0,0,1,0,0,0,0,0,0
6123,Property damage only,2003,August,Friday,8,Angle,Multi-Vehicle,151.9847466,-27.58313092,Rowbotham St,South St,,Rangeville,Toowoomba Region,4350,Toowoomba,Darling Downs,Southern,Southern,Downs South West,Rangeville,Toowoomba,Toowoomba,Inner Regional,Toowoomba South,Groom,Locally-controlled,Intersection - Cross,Stop sign,60 km/h,Sealed - Dry,Clear,Daylight,Straight,Level,101,Veh'S Adjacent Approach: Thru-Thru,Intersection from adjacent approaches,W,0,0,0,0,0,2,0,0,0,0,0,0
6124,Property damage only,2003,August,Friday,2,Overturned,Single Vehicle,151.4024352,-27.24869632,Bowenville - Blaxland Rd,,,Bowenville,Toowoomba Region,4404,Dalby,South West,Southern,Southern,Downs South West,Jondaryan,Darling Downs - East,Darling Downs - Maranoa,Inner Regional,Condamine,Groom,Locally-controlled,No Roadway Feature,No traffic control,100 - 110 km/h,Unsealed - Dry,Clear,Darkness - Not lighted,Straight,Dip,701,Off Path-Straight: Left Off Cway,Off carriageway on straight,E,0,0,0,0,0,1,0,0,0,0,0,0
6125,Property damage only,2003,August,Friday,1,Hit object,Single Vehicle,150.693681,-23.16729664,Rockhampton - Yeppoon Rd,,Rockhampton - Yeppoon Road,Bondoola,Livingstone Shire,4703,Yeppoon,Capricornia,Central,Central,Central Queensland,Rockhampton Region - North,Rockhampton,Central Queensland,Inner Regional,Keppel,Capricornia,State-controlled,Bridge/Causeway,No traffic control,100 - 110 km/h,Sealed - Dry,Clear,Darkness - Not lighted,Straight,Level,704,Off Path-Straight:Right Off Cway Hit Obj,Off carriageway on straight hit object,E,0,0,0,0,0,1,0,0,0,0,0,0
6126,Fatal,2003,August,Friday,6,Hit pedestrian,Hit pedestrian,148.8126631,-21.12665793,Mirani - Mt Ossa Rd,,Mirani - Mt. Ossa Road,Mount Martin,Mackay Region,4754,Mirani,Mackay,Central,Central,Central Queensland,Pioneer Valley,Mackay,Mackay - Isaac - Whitsunday,Outer Regional,Mirani,Capricornia,State-controlled,No Roadway Feature,No traffic control,100 - 110 km/h,Sealed - Dry,Clear,Daylight,Straight,Level,5,Ped'N: Hit Walking With Traffic,Pedestrian,N,1,0,0,0,1,1,0,0,0,0,1,0
6127,Medical treatment,2003,August,Friday,16,Angle,Multi-Vehicle,149.1573017,-21.11733381,Mackay - Bucasia Rd,Phillip St,Mackay - Bucasia Road,Mount Pleasant,Mackay Region,4740,Mackay,Mackay,Central,Central,Central Queensland,Mount Pleasant - Glenella,Mackay,Mackay - Isaac - Whitsunday,Inner Regional,Mackay,Dawson,State-controlled,Intersection - Cross,Operating traffic lights,60 km/h,Sealed - Dry,Clear,Daylight,Straight,Level,408,Veh'S Manoeuvring: Entering From Footway,Vehicle leaving driveway,W,0,0,1,0,1,1,0,0,0,1,0,0
6128,Medical treatment,2003,August,Saturday,9,Angle,Multi-Vehicle,153.0460478,-27.47959835,Eskgrove St,Lytton Rd,,East Brisbane,Brisbane City,4169,Dutton Park,South Brisbane,Brisbane,SEQ South,Metropolitan,East Brisbane,Brisbane Inner - East,Brisbane Inner City,Major Cities,South Brisbane,Griffith,Locally-controlled,Intersection - T-Junction,Stop sign,60 km/h,Sealed - Dry,Clear,Daylight,Straight,Level,104,Veh'S Adjacent Approach: Thru-Right,Intersection from adjacent approaches,E,0,0,1,0,1,2,0,0,0,0,0,0
6129,Medical treatment,2003,August,Saturday,1,Hit parked vehicle,Single Vehicle,153.0082119,-27.25028707,Cecily St,,,Kallangur,Moreton Bay Region,4503,Petrie,North Brisbane,Brisbane,SEQ North,North Coast and Wide Bay/Burnett,Dakabin - Kallangur,North Lakes,Moreton Bay - South,Major Cities,Murrumba,Dickson,Locally-controlled,No Roadway Feature,No traffic control,60 km/h,Sealed - Dry,Clear,Darkness - Lighted,Straight,Level,601,Veh'S On Path: Parked,Hit parked vehicle,S,0,0,1,0,1,2,0,0,0,0,0,0
6130,Property damage only,2003,August,Saturday,20,Hit parked vehicle,Single Vehicle,153.4315275,-28.03065766,Surf Pde,,,Broadbeach,Gold Coast City,4218,Broadbeach,Gold Coast,South Eastern,SEQ South,South Coast,Mermaid Beach - Broadbeach,Broadbeach - Burleigh,Gold Coast,Major Cities,Surfers Paradise,Moncrieff,Locally-controlled,No Roadway Feature,No traffic control,0 - 50 km/h,Sealed - Dry,Clear,Darkness - Lighted,Straight,Level,601,Veh'S On Path: Parked,Hit parked vehicle,S,0,0,0,0,0,3,0,0,0,0,0,0
6131,Minor injury,2003,August,Sunday,11,Angle,Multi-Vehicle,153.1049054,-27.59308541,Underwood Rd,,,Eight Mile Plains,Brisbane City,4113,Upper Mount Gravatt,South Brisbane,Brisbane,SEQ South,Metropolitan,Kuraby,Sunnybank,Brisbane - South,Major Cities,Stretton,Moreton,Locally-controlled,No Roadway Feature,No traffic control,60 km/h,Sealed - Dry,Clear,Daylight,Straight,Grade,308,Veh'S Same Direction: Right Turn S/Swipe,Parallel lanes turning,W,0,0,0,2,2,2,0,0,0,0,0,0
6132,Hospitalisation,2003,August,Sunday,2,Hit pedestrian,Hit pedestrian,153.0311707,-27.67186065,Mt Lindesay Hwy Serv Rd,,,Hillcrest,Logan City,4118,Browns Plains,Logan,South Eastern,SEQ South,South Coast,Hillcrest,Browns Plains,Logan - Beaudesert,Major Cities,Algester,Rankin,Locally-controlled,No Roadway Feature,No traffic control,0 - 50 km/h,Sealed - Dry,Clear,Darkness - Not lighted,Straight,Level,1,Ped'N: Near Side Vehicle Hit From Right,Pedestrian,N,0,1,0,0,1,1,0,0,0,0,1,0
6133,Hospitalisation,2003,August,Sunday,10,Rear-end,Multi-Vehicle,152.9905255,-27.42378095,Wardell St,,Western Arterial Road (Toowong - Everton Park),Enoggera,Brisbane City,4051,Ferny Grove,North Brisbane,Brisbane,SEQ North,Metropolitan,Enoggera,The Gap - Enoggera,Brisbane - West,Major Cities,Ferny Grove,Brisbane,State-controlled,No Roadway Feature,No traffic control,60 km/h,Sealed - Dry,Clear,Daylight,Straight,Grade,301,Veh'S Same Direction: Rear End,Rear-end,S,0,3,0,0,3,4,0,0,0,0,0,0
6134,Property damage only,2003,August,Sunday,17,Angle,Multi-Vehicle,152.9109291,-27.6164671,Alice St,Newman St,,Gailes,Ipswich City,4300,Goodna,Ipswich,Southern,SEQ South,Metropolitan,Camira - Gailes,Springfield - Redbank,Ipswich,Major Cities,Jordan,Oxley,Locally-controlled,Intersection - Cross,Stop sign,60 km/h,Sealed - Dry,Clear,Dawn/Dusk,Straight,Level,101,Veh'S Adjacent Approach: Thru-Thru,Intersection from adjacent approaches,N,0,0,0,0,0,2,0,0,0,0,0,0
6135,Medical treatment,2003,August,Sunday,12,Rear-end,Multi-Vehicle,153.366367,-28.04647217,Ghilgai Rd,Gold Coast - Springbrook Rd,Gold Coast - Springbrook Road,Merrimac,Gold Coast City,4226,Mudgeeraba,Gold Coast,South Eastern,SEQ South,South Coast,Merrimac,Robina,Gold Coast,Major Cities,Mudgeeraba,Moncrieff,State-controlled,Intersection - Cross,Operating traffic lights,60 km/h,Sealed - Dry,Clear,Daylight,Straight,Level,301,Veh'S Same Direction: Rear End,Rear-end,E,0,0,1,0,1,2,0,0,0,0,0,0
6136,Property damage only,2003,August,Sunday,21,Angle,Multi-Vehicle,149.1708674,-21.15786949,Bridge Rd,Paradise St,,South Mackay,Mackay Region,4740,Mackay,Mackay,Central,Central,Central Queensland,South Mackay,Mackay,Mackay - Isaac - Whitsunday,Inner Regional,Mackay,Dawson,Locally-controlled,Intersection - Roundabout,Give way sign,60 km/h,Sealed - Dry,Clear,Darkness - Lighted,Straight,Level,101,Veh'S Adjacent Approach: Thru-Thru,Intersection from adjacent approaches,S,0,0,0,0,0,2,0,0,0,0,0,0
6137,Medical treatment,2003,August,Sunday,16,Rear-end,Multi-Vehicle,148.85313,-21.15742009,Mackay - Eungella Rd,Mirani - Boldon Rd,Mackay - Eungella Road,Mirani,Mackay Region,4754,Mirani,Mackay,Central,Central,Central Queensland,Pioneer Valley,Mackay,Mackay - Isaac - Whitsunday,Outer Regional,Mirani,Capricornia,State-controlled,Intersection - T-Junction,No traffic control,100 - 110 km/h,Sealed - Dry,Clear,Daylight,Curved - view open,Grade,303,Veh'S Same Direction: Right Rear,Rear-end,E,0,0,1,0,1,3,0,0,0,0,0,0
6138,Medical treatment,2003,August,Monday,18,Angle,Multi-Vehicle,153.090077,-27.55595864,Newnham Rd,Redland Sub-Arterial Rd,Redland Sub-Arterial Road,Upper Mount Gravatt,Brisbane City,4122,Upper Mount Gravatt,South Brisbane,Brisbane,SEQ South,Metropolitan,Upper Mount Gravatt,Mt Gravatt,Brisbane - South,Major Cities,Mansfield,Bonner,State-controlled,Intersection - Cross,Operating traffic lights,60 km/h,Sealed - Dry,Clear,Darkness - Lighted,Curved - view open,Dip,101,Veh'S Adjacent Approach: Thru-Thru,Intersection from adjacent approaches,W,0,0,1,0,1,2,0,0,0,0,0,0
6139,Medical treatment,2003,August,Monday,16,Hit object,Single Vehicle,152.9921899,-27.21162657,Bruce Hwy,,Bruce Highway (Brisbane - Gympie),Narangba,Moreton Bay Region,4504,Deception Bay,Moreton,Southern,SEQ North,North Coast and Wide Bay/Burnett,Deception Bay,Narangba - Burpengary,Moreton Bay - North,Major Cities,Bancroft,Petrie,State-controlled,No Roadway Feature,No traffic control,100 - 110 km/h,Sealed - Dry,Clear,Daylight,Straight,Level,703,Off Path-Straight: Left Off Cway Hit Obj,Off carriageway on straight hit object,S,0,0,1,0,1,1,0,0,0,0,0,0
6140,Property damage only,2003,August,Monday,8,Rear-end,Multi-Vehicle,153.0763033,-27.41156256,East - West Arterial Rd,Southern Cross Wy Ramp Xg,East-West Arterial Road,Hendra,Brisbane City,4011,Hendra,North Brisbane,Brisbane,SEQ North,Metropolitan,Hendra,Brisbane Inner - North,Brisbane Inner City,Major Cities,Clayfield,Brisbane,State-controlled,Intersection - Roundabout,Give way sign,60 km/h,Sealed - Dry,Clear,Daylight,Straight,Level,301,Veh'S Same Direction: Rear End,Rear-end,E,0,0,0,0,0,2,0,0,0,0,0,0
6141,Medical treatment,2003,August,Monday,22,Overturned,Single Vehicle,150.7506494,-28.57252032,Cunningham Hwy,,Cunningham Highway (Inglewood-Goondiwindi),Yelarbon,Goondiwindi Region,4388,Yelarbon,Darling Downs,Southern,Southern,Downs South West,Inglewood - Waggamba,Darling Downs (west) - Maranoa,Darling Downs - Maranoa,Outer Regional,Southern Downs,Maranoa,State-controlled,Railway Crossing,No traffic control,60 km/h,Sealed - Dry,Clear,Darkness - Lighted,Straight,Level,701,Off Path-Straight: Left Off Cway,Off carriageway on straight,N,0,0,1,0,1,0,0,1,0,0,0,0
6142,Medical treatment,2003,August,Monday,15,Rear-end,Multi-Vehicle,150.523174,-23.34873703,Bruce Hwy,Main St,Bruce Highway (Rockhampton-St Lawrence),Norman Gardens,Rockhampton Region,4701,North Rockhampton,Capricornia,Central,Central,Central Queensland,Norman Gardens,Rockhampton,Central Queensland,Inner Regional,Rockhampton,Capricornia,State-controlled,Intersection - T-Junction,Operating traffic lights,70 km/h,Sealed - Dry,Clear,Daylight,Straight,Level,300,Veh'S Same Direction: Other,Other,S,0,0,1,0,1,2,0,0,0,0,0,0
6143,Medical treatment,2003,August,Monday,13,Angle,Multi-Vehicle,144.2471263,-23.44390342,Eagle St,,,Longreach,Longreach Region,4730,Longreach,South West,Southern,Central,Central Queensland,Longreach,Outback - South,Queensland - Outback,Very Remote,Gregory,Maranoa,Locally-controlled,No Roadway Feature,No traffic control,0 - 50 km/h,Sealed - Dry,Clear,Daylight,Straight,Level,401,Veh'S Manoeuvring: Leaving Parking,Vehicle leaving driveway,E,0,0,2,0,2,2,0,0,0,0,0,0
6144,Medical treatment,2003,August,Tuesday,9,Angle,Multi-Vehicle,153.1068846,-27.45783336,Alexandra Pl,,,Murarrie,Brisbane City,4172,Morningside,South Brisbane,Brisbane,SEQ South,Metropolitan,Murarrie,Wynnum - Manly,Brisbane - East,Major Cities,Bulimba,Bonner,Locally-controlled,No Roadway Feature,No traffic control,0 - 50 km/h,Sealed - Dry,Clear,Daylight,Straight,Level,207,Veh'S Opposite Approach: U-Turn,U-turn,E,0,0,1,0,1,3,0,0,0,0,0,0
6145,Medical treatment,2003,August,Tuesday,23,Angle,Multi-Vehicle,153.1670689,-27.48483164,Greencamp Rd,Rickertt Rd,,Wakerley,Brisbane City,4154,Capalaba,South Brisbane,Brisbane,SEQ South,Metropolitan,Wakerley,Wynnum - Manly,Brisbane - East,Major Cities,Chatsworth,Bonner,Locally-controlled,Intersection - T-Junction,No traffic control,60 km/h,Sealed - Dry,Clear,Darkness - Lighted,Straight,Crest,202,Veh'S Opposite Approach: Thru-Right,Opposing vehicles turning,N,0,0,1,0,1,2,0,0,0,0,0,0
6146,Medical treatment,2003,August,Tuesday,12,Angle,Multi-Vehicle,153.1254254,-27.61279789,Fitzgerald Ave,,,Springwood,Logan City,4127,Springwood,Logan,South Eastern,SEQ South,South Coast,Springwood,Springwood - Kingston,Logan - Beaudesert,Major Cities,Springwood,Rankin,Locally-controlled,Median Opening,No traffic control,60 km/h,Sealed - Dry,Clear,Daylight,Straight,Level,406,Veh'S Manoeuvring: Leaving Driveway,Vehicle leaving driveway,N,0,0,2,1,3,2,0,0,0,0,0,0
6147,Hospitalisation,2003,August,Tuesday,9,Angle,Multi-Vehicle,153.177187,-27.50509513,Chelsea Rd,New Cleveland Rd,,Gumdale,Brisbane City,4154,Capalaba,South Brisbane,Brisbane,SEQ South,Metropolitan,Belmont - Gumdale,Capalaba,Brisbane - East,Major Cities,Chatsworth,Bonner,Locally-controlled,Intersection - T-Junction,No traffic control,80 - 90 km/h,Sealed - Dry,Clear,Daylight,Curved - view open,Level,202,Veh'S Opposite Approach: Thru-Right,Opposing vehicles turning,N,0,1,0,0,1,2,0,0,0,0,0,0
6148,Hospitalisation,2003,August,Tuesday,18,Angle,Multi-Vehicle,153.1322459,-27.54699635,Mt Gravatt - Capalaba Rd,Redland Sub-Arterial Rd,Redland Sub-Arterial Road,Burbank,Brisbane City,4156,Capalaba,South Brisbane,Brisbane,SEQ South,Metropolitan,Rochedale - Burbank,Mt Gravatt,Brisbane - South,Major Cities,Mansfield,Bonner,State-controlled,Intersection - Roundabout,Give way sign,80 - 90 km/h,Sealed - Dry,Clear,Darkness - Lighted,Straight,Level,202,Veh'S Opposite Approach: Thru-Right,Opposing vehicles turning,E,0,1,0,0,1,1,0,0,0,1,0,0
6149,Property damage only,2003,August,Tuesday,11,Angle,Multi-Vehicle,153.087876,-27.43454772,Cullen Ave E,Southern Cross Wy Ramp Lm,Southern Cross Way,Eagle Farm,Brisbane City,4009,Hendra,North Brisbane,Brisbane,SEQ North,Metropolitan,Eagle Farm - Pinkenba,Nundah,Brisbane - North,Major Cities,Clayfield,Lilley,State-controlled,Intersection - Interchange,Give way sign,60 km/h,Sealed - Dry,Clear,Daylight,Straight,Level,101,Veh'S Adjacent Approach: Thru-Thru,Intersection from adjacent approaches,E,0,0,0,0,0,1,0,1,0,0,0,0
6150,Property damage only,2003,August,Tuesday,16,Angle,Multi-Vehicle,151.6391354,-27.71750052,Hume St,Steele St,,Pittsworth,Toowoomba Region,4356,Pittsworth,Darling Downs,Southern,Southern,Downs South West,Pittsworth,Darling Downs - East,Darling Downs - Maranoa,Inner Regional,Condamine,Groom,Locally-controlled,Intersection - Cross,Give way sign,60 km/h,Sealed - Dry,Clear,Daylight,Straight,Level,101,Veh'S Adjacent Approach: Thru-Thru,Intersection from adjacent approaches,E,0,0,0,0,0,2,0,0,0,0,0,0
6151,Property damage only,2003,August,Tuesday,21,Hit object,Single Vehicle,151.2269672,-27.88180115,Gore Hwy,,Gore Highway (Millmerran-Goondiwindi),Millmerran,Toowoomba Region,4357,Millmerran,South West,Southern,Southern,Downs South West,Millmerran,Darling Downs - East,Darling Downs - Maranoa,Outer Regional,Southern Downs,Maranoa,State-controlled,No Roadway Feature,No traffic control,100 - 110 km/h,Sealed - Dry,Clear,Darkness - Not lighted,Straight,Level,703,Off Path-Straight: Left Off Cway Hit Obj,Off carriageway on straight hit object,N,0,0,0,0,0,0,0,1,0,0,0,0
6152,Hospitalisation,2003,August,Tuesday,15,Sideswipe,Multi-Vehicle,149.1584722,-21.06150453,Mackay - Bucasia Rd,,Mackay - Bucasia Road,Rural View,Mackay Region,4740,Mackay Northern Beaches,Mackay,Central,Central,Central Queensland,Eimeo - Rural View,Mackay,Mackay - Isaac - Whitsunday,Inner Regional,Whitsunday,Dawson,State-controlled,No Roadway Feature,No traffic control,60 km/h,Sealed - Dry,Clear,Daylight,Straight,Level,201,Veh'S Opposite Approach: Head On,Head-on,S,0,1,0,0,1,2,0,0,0,0,0,0
6153,Property damage only,2003,August,Wednesday,16,Hit object,Single Vehicle,153.0068021,-27.41312011,Shand St,,,Stafford,Brisbane City,4053,Stafford,North Brisbane,Brisbane,SEQ North,Metropolitan,Stafford,Chermside,Brisbane - North,Major Cities,Stafford,Brisbane,Locally-controlled,No Roadway Feature,No traffic control,60 km/h,Sealed - Dry,Clear,Daylight,Straight,Level,704,Off Path-Straight:Right Off Cway Hit Obj,Off carriageway on straight hit object,N,0,0,0,0,0,1,0,0,0,0,0,0
6154,Minor injury,2003,August,Wednesday,8,Angle,Multi-Vehicle,152.9292287,-27.33091983,Albion Rd,Strathpine - Samford Rd,Strathpine - Samford Road,Eatons Hill,Moreton Bay Region,4037,Albany Creek,North Brisbane,Brisbane,SEQ North,North Coast and Wide Bay/Burnett,Eatons Hill,The Hills District,Moreton Bay - South,Major Cities,Pine Rivers,Dickson,State-controlled,Intersection - T-Junction,Give way sign,80 - 90 km/h,Sealed - Dry,Clear,Daylight,Straight,Level,104,Veh'S Adjacent Approach: Thru-Right,Intersection from adjacent approaches,W,0,0,0,1,1,2,0,0,0,0,0,0
6155,Medical treatment,2003,August,Wednesday,16,Rear-end,Multi-Vehicle,153.1092601,-27.23196469,Oxley Ave,,Brighton - Redcliffe Road,Redcliffe,Moreton Bay Region,4020,Redcliffe,Moreton,Southern,SEQ North,North Coast and Wide Bay/Burnett,Redcliffe,Redcliffe,Moreton Bay - North,Major Cities,Redcliffe,Petrie,State-controlled,No Roadway Feature,No traffic control,60 km/h,Sealed - Dry,Clear,Daylight,Straight,Level,301,Veh'S Same Direction: Rear End,Rear-end,S,0,0,1,0,1,2,0,0,0,0,0,0
6156,Property damage only,2003,August,Wednesday,9,Rear-end,Multi-Vehicle,153.117808,-27.66028923,Jacaranda Ave,Kingston Rd,Brisbane - Beenleigh Road,Kingston,Logan City,4114,Logan Central,Logan,South Eastern,SEQ South,South Coast,Kingston (qld.),Springwood - Kingston,Logan - Beaudesert,Major Cities,Waterford,Rankin,State-controlled,Intersection - Cross,Pedestrian crossing sign,60 km/h,Sealed - Dry,Clear,Daylight,Straight,Level,301,Veh'S Same Direction: Rear End,Rear-end,E,0,0,0,0,0,2,0,0,0,0,0,0
6157,Hospitalisation,2003,August,Wednesday,15,Angle,Multi-Vehicle,152.7496553,-27.62316182,Hooper St,Pound St,,West Ipswich,Ipswich City,4305,Ipswich,Ipswich,Southern,SEQ South,Metropolitan,Ipswich - Central,Ipswich Inner,Ipswich,Major Cities,Ipswich,Blair,Locally-controlled,Intersection - T-Junction,Stop sign,60 km/h,Sealed - Dry,Clear,Daylight,Straight,Level,104,Veh'S Adjacent Approach: Thru-Right,Intersection from adjacent approaches,E,0,1,0,0,1,2,0,0,0,0,0,0