Crash_Ref_Number,Crash_Severity,Crash_Year,Crash_Month,Crash_Day_Of_Week,Crash_Hour,Crash_Nature,Crash_Type,Crash_Longitude_GDA94,Crash_Latitude_GDA94,Crash_Street,Crash_Street_Intersecting,State_Road_Name,Loc_Suburb,Loc_Local_Government_Area,Loc_Post_Code,Loc_Police_Division,Loc_Police_District,Loc_Police_Region,Loc_Queensland_Transport_Region,Loc_Main_Roads_Region,Loc_ABS_Statistical_Area_2,Loc_ABS_Statistical_Area_3,Loc_ABS_Statistical_Area_4,Loc_ABS_Remoteness,Loc_State_Electorate,Loc_Federal_Electorate,Crash_Controlling_Authority,Crash_Roadway_Feature,Crash_Traffic_Control,Crash_Speed_Limit,Crash_Road_Surface_Condition,Crash_Atmospheric_Condition,Crash_Lighting_Condition,Crash_Road_Horiz_Align,Crash_Road_Vert_Align,Crash_DCA_Code,Crash_DCA_Description,Crash_DCA_Group_Description,DCA_Key_Approach_Dir,Count_Casualty_Fatality,Count_Casualty_Hospitalised,Count_Casualty_MedicallyTreated,Count_Casualty_MinorInjury,Count_Casualty_Total,Count_Unit_Car,Count_Unit_Motorcycle_Moped,Count_Unit_Truck,Count_Unit_Bus,Count_Unit_Bicycle,Count_Unit_Pedestrian,Count_Unit_Other
6158,Minor injury,2003,August,Wednesday,21,Rear-end,Multi-Vehicle,153.0592381,-27.41111059,East - West Arterial Rd,Sandgate Rd,East-West Arterial Road,Clayfield,Brisbane City,4011,Hendra,North Brisbane,Brisbane,SEQ North,Metropolitan,Clayfield,Brisbane Inner - North,Brisbane Inner City,Major Cities,Clayfield,Brisbane,State-controlled,Intersection - T-Junction,No traffic control,60 km/h,Sealed - Dry,Clear,Darkness - Lighted,Straight,Level,302,Veh'S Same Direction: Left Rear,Rear-end,W,0,0,0,1,1,2,0,0,0,0,0,0
6159,Property damage only,2003,August,Wednesday,16,Rear-end,Multi-Vehicle,152.6611396,-26.19391331,River Rd,,Bruce Highway (Brisbane - Gympie),Gympie,Gympie Region,4570,Gympie,Wide Bay Burnett,Central,Southern,North Coast and Wide Bay/Burnett,Gympie - North,Gympie - Cooloola,Wide Bay,Inner Regional,Gympie,Wide Bay,State-controlled,No Roadway Feature,No traffic control,60 km/h,Sealed - Dry,Clear,Daylight,Straight,Level,301,Veh'S Same Direction: Rear End,Rear-end,S,0,0,0,0,0,2,0,0,0,0,0,0
6160,Medical treatment,2003,August,Wednesday,10,Angle,Multi-Vehicle,149.1463849,-21.20877979,Bruce Hwy,,Bruce Highway (St. Lawrence - Mackay),Bakers Creek,Mackay Region,4740,Mackay,Mackay,Central,Central,Central Queensland,Ooralea - Bakers Creek,Mackay,Mackay - Isaac - Whitsunday,Inner Regional,Mirani,Capricornia,State-controlled,No Roadway Feature,No traffic control,80 - 90 km/h,Sealed - Dry,Clear,Daylight,Straight,Level,308,Veh'S Same Direction: Right Turn S/Swipe,Parallel lanes turning,S,0,0,1,1,2,2,0,0,0,0,0,0
6161,Hospitalisation,2003,August,Thursday,7,Angle,Multi-Vehicle,153.0504832,-27.55958421,Troughton Rd,,,Coopers Plains,Brisbane City,4108,Upper Mount Gravatt,South Brisbane,Brisbane,SEQ South,Metropolitan,Coopers Plains,Nathan,Brisbane - South,Major Cities,Toohey,Moreton,Locally-controlled,No Roadway Feature,No traffic control,60 km/h,Sealed - Dry,Clear,Daylight,Straight,Level,202,Veh'S Opposite Approach: Thru-Right,Opposing vehicles turning,S,0,1,0,0,1,1,1,0,0,0,0,0
6162,Hospitalisation,2003,August,Thursday,7,Overturned,Single Vehicle,152.8669436,-27.28422176,Winn Rd,,,Cashmere,Moreton Bay Region,4500,Dayboro,North Brisbane,Brisbane,SEQ North,North Coast and Wide Bay/Burnett,Dayboro,The Hills District,Moreton Bay - South,Inner Regional,Pine Rivers,Dickson,Locally-controlled,No Roadway Feature,No traffic control,80 - 90 km/h,Sealed - Dry,Clear,Daylight,Curved - view open,Crest,805,Off Path-Curve: Out Of Control On Cway,Out of control on curve,N,0,1,0,0,1,1,0,0,0,0,0,0
6163,Hospitalisation,2003,August,Thursday,8,Hit object,Single Vehicle,152.945659,-27.30834627,Kremzow Rd,,,Warner,Moreton Bay Region,4500,Albany Creek,North Brisbane,Brisbane,SEQ North,North Coast and Wide Bay/Burnett,Cashmere,The Hills District,Moreton Bay - South,Major Cities,Pine Rivers,Dickson,Locally-controlled,No Roadway Feature,No traffic control,80 - 90 km/h,Sealed - Dry,Clear,Daylight,Straight,Level,703,Off Path-Straight: Left Off Cway Hit Obj,Off carriageway on straight hit object,E,0,2,1,0,3,1,0,0,0,0,0,0
6164,Property damage only,2003,August,Thursday,11,Rear-end,Multi-Vehicle,153.4141602,-28.00088378,Southport - Burleigh Rd,,Southport - Burleigh Road,Bundall,Gold Coast City,4217,Broadbeach,Gold Coast,South Eastern,SEQ South,South Coast,Bundall,Surfers Paradise,Gold Coast,Major Cities,Surfers Paradise,Moncrieff,State-controlled,No Roadway Feature,No traffic control,60 km/h,Sealed - Dry,Clear,Daylight,Straight,Level,301,Veh'S Same Direction: Rear End,Rear-end,N,0,0,0,0,0,3,0,0,0,0,0,0
6165,Hospitalisation,2003,August,Thursday,19,Hit object,Single Vehicle,152.9581663,-26.75408647,Neil Rd,,,Mooloolah Valley,Sunshine Coast Region,4553,Landsborough,Sunshine Coast,Central,SEQ North,North Coast and Wide Bay/Burnett,Landsborough,Sunshine Coast Hinterland,Sunshine Coast,Inner Regional,Glass House,Fisher,Locally-controlled,No Roadway Feature,No traffic control,60 km/h,Sealed - Dry,Clear,Darkness - Not lighted,Curved - view obscured,Dip,804,Off Path-Curve: Off Cway Lt Bend Hit Obj,Off carriageway on curve hit object,S,0,1,0,0,1,1,0,0,0,0,0,0
6166,Minor injury,2003,August,Thursday,22,Overturned,Single Vehicle,153.4670413,-28.1264939,Third Ave,,,Palm Beach,Gold Coast City,4221,Palm Beach,Gold Coast,South Eastern,SEQ South,South Coast,Palm Beach,Coolangatta,Gold Coast,Major Cities,Burleigh,Mcpherson,Locally-controlled,No Roadway Feature,No traffic control,0 - 50 km/h,Sealed - Dry,Clear,Darkness - Lighted,Straight,Level,705,Off Path-Straight:Out Of Control On Cway,Out of control on straight,E,0,0,0,1,1,1,0,0,0,0,0,0
6167,Hospitalisation,2003,August,Thursday,8,Rear-end,Multi-Vehicle,150.0297284,-26.64353239,Warrego Hwy,,Warrego Highway (Miles - Roma),Drillham,Western Downs Region,4424,Miles,South West,Southern,Southern,Downs South West,Miles - Wandoan,Darling Downs (west) - Maranoa,Darling Downs - Maranoa,Outer Regional,Callide,Maranoa,State-controlled,No Roadway Feature,No traffic control,100 - 110 km/h,Sealed - Dry,Clear,Daylight,Straight,Grade,301,Veh'S Same Direction: Rear End,Rear-end,E,0,1,0,0,1,1,0,1,0,0,0,0
6168,Property damage only,2003,August,Friday,17,Angle,Multi-Vehicle,153.0362129,-27.45481756,Bridge St,Wickham St,,Fortitude Valley,Brisbane City,4006,Fortitude Valley,North Brisbane,Brisbane,SEQ North,Metropolitan,Fortitude Valley,Brisbane Inner,Brisbane Inner City,Major Cities,Mcconnel,Brisbane,Locally-controlled,Intersection - Cross,Give way sign,60 km/h,Sealed - Dry,Clear,Darkness - Lighted,Straight,Level,101,Veh'S Adjacent Approach: Thru-Thru,Intersection from adjacent approaches,E,0,0,0,0,0,3,0,0,0,0,0,0
6169,Property damage only,2003,August,Friday,17,Hit object,Single Vehicle,153.034056,-27.5632686,Clinton St,Dartmouth St,,Coopers Plains,Brisbane City,4108,Moorooka,South Brisbane,Brisbane,SEQ South,Metropolitan,Coopers Plains,Nathan,Brisbane - South,Major Cities,Toohey,Moreton,Locally-controlled,Intersection - T-Junction,No traffic control,60 km/h,Sealed - Wet,Raining,Dawn/Dusk,Curved - view open,Level,803,Off Path-Curve: Off Cway Rt Bend Hit Obj,Off carriageway on curve hit object,N,0,0,0,0,0,1,0,0,0,0,0,0
6170,Minor injury,2003,August,Friday,14,Rear-end,Multi-Vehicle,153.0762548,-27.46704377,Wynnum Rd,,,Morningside,Brisbane City,4170,Morningside,South Brisbane,Brisbane,SEQ South,Metropolitan,Morningside - Seven Hills,Brisbane Inner - East,Brisbane Inner City,Major Cities,Bulimba,Griffith,Locally-controlled,No Roadway Feature,No traffic control,60 km/h,Sealed - Wet,Raining,Daylight,Straight,Grade,301,Veh'S Same Direction: Rear End,Rear-end,W,0,0,0,1,1,3,0,1,0,0,0,0
6171,Property damage only,2003,August,Friday,16,Sideswipe,Multi-Vehicle,153.0267482,-27.48320056,Vulture St,,,South Brisbane,Brisbane City,4101,Dutton Park,South Brisbane,Brisbane,SEQ South,Metropolitan,South Brisbane,Brisbane Inner,Brisbane Inner City,Major Cities,South Brisbane,Griffith,Locally-controlled,No Roadway Feature,No traffic control,60 km/h,Sealed - Dry,Clear,Daylight,Straight,Grade,308,Veh'S Same Direction: Right Turn S/Swipe,Parallel lanes turning,E,0,0,0,0,0,2,0,0,0,0,0,0
6172,Property damage only,2003,August,Friday,12,Overturned,Single Vehicle,152.9799708,-26.987774,Beerburrum-Donnybrook Rd,Bruce Hwy On Ramp,Bruce Highway (Brisbane - Gympie),Elimbah,Moreton Bay Region,4516,Beerwah,Sunshine Coast,Central,SEQ North,North Coast and Wide Bay/Burnett,Elimbah,Caboolture,Moreton Bay - North,Major Cities,Pumicestone,Longman,State-controlled,Intersection - Interchange,No traffic control,80 - 90 km/h,Sealed - Wet,Raining,Daylight,Curved - view open,Dip,801,Off Path-Curve: Off Cway Right Bend,Off carriageway on curve,S,0,0,0,0,0,1,0,0,0,0,0,0
6173,Property damage only,2003,August,Friday,18,Angle,Multi-Vehicle,152.9753571,-27.23981195,Narangba Rd,,,Kurwongbah,Moreton Bay Region,4503,Petrie,North Brisbane,Brisbane,SEQ North,North Coast and Wide Bay/Burnett,Dayboro,The Hills District,Moreton Bay - South,Major Cities,Kurwongbah,Dickson,Locally-controlled,No Roadway Feature,No traffic control,70 km/h,Sealed - Wet,Clear,Darkness - Not lighted,Straight,Level,207,Veh'S Opposite Approach: U-Turn,U-turn,S,0,0,0,0,0,2,0,0,0,0,0,0
6174,Property damage only,2003,August,Friday,17,Hit parked vehicle,Single Vehicle,149.1873294,-21.09361323,Fatnowna St,Maple Dr,,Andergrove,Mackay Region,4740,Mackay Northern Beaches,Mackay,Central,Central,Central Queensland,Andergrove - Beaconsfield,Mackay,Mackay - Isaac - Whitsunday,Inner Regional,Mackay,Dawson,Locally-controlled,Intersection - T-Junction,No traffic control,0 - 50 km/h,Sealed - Dry,Clear,Daylight,Straight,Level,100,Veh'S Adjacent Approach: Other,Intersection from adjacent approaches,S,0,0,0,0,0,2,0,0,0,0,0,0
6175,Medical treatment,2003,August,Saturday,21,Angle,Multi-Vehicle,153.0203604,-27.54390776,Beaudesert Rd,Muriel Ave,,Moorooka,Brisbane City,4105,Moorooka,South Brisbane,Brisbane,SEQ South,Metropolitan,Moorooka,Nathan,Brisbane - South,Major Cities,Toohey,Moreton,Locally-controlled,Intersection - Cross,Operating traffic lights,70 km/h,Sealed - Dry,Clear,Darkness - Lighted,Straight,Level,104,Veh'S Adjacent Approach: Thru-Right,Intersection from adjacent approaches,N,0,0,1,0,1,2,0,0,0,0,0,0
6176,Property damage only,2003,August,Saturday,15,Rear-end,Multi-Vehicle,153.160455,-27.43506711,Prospect St,Wynnum North Rd,,Wynnum,Brisbane City,4178,Wynnum,South Brisbane,Brisbane,SEQ South,Metropolitan,Wynnum,Wynnum - Manly,Brisbane - East,Major Cities,Lytton,Bonner,Locally-controlled,Intersection - T-Junction,No traffic control,60 km/h,Sealed - Dry,Clear,Daylight,Straight,Level,302,Veh'S Same Direction: Left Rear,Rear-end,N,0,0,0,0,0,2,0,0,0,0,0,0
6177,Hospitalisation,2003,August,Saturday,4,Hit object,Single Vehicle,153.1575994,-27.46433839,Randall Rd,Wondall Rd,,Wynnum West,Brisbane City,4178,Wynnum,South Brisbane,Brisbane,SEQ South,Metropolitan,Wynnum West - Hemmant,Wynnum - Manly,Brisbane - East,Major Cities,Lytton,Bonner,Locally-controlled,Intersection - T-Junction,Operating traffic lights,60 km/h,Sealed - Dry,Clear,Darkness - Lighted,Curved - view open,Crest,803,Off Path-Curve: Off Cway Rt Bend Hit Obj,Off carriageway on curve hit object,N,0,1,0,0,1,1,0,0,0,0,0,0
6178,Property damage only,2003,August,Saturday,13,Hit object,Single Vehicle,152.9882094,-27.31838988,Kremzow Rd,South Pine Rd,South Pine Road,Brendale,Moreton Bay Region,4500,Albany Creek,North Brisbane,Brisbane,SEQ North,North Coast and Wide Bay/Burnett,Strathpine - Brendale,Strathpine,Moreton Bay - South,Major Cities,Pine Rivers,Dickson,State-controlled,Intersection - Cross,Operating traffic lights,60 km/h,Sealed - Dry,Clear,Daylight,Straight,Level,105,Veh'S Adjacent Approach: Right-Right,Intersection from adjacent approaches,N,0,0,0,0,0,2,0,0,0,0,0,0
6179,Property damage only,2003,August,Saturday,17,Angle,Multi-Vehicle,153.0584635,-27.4160097,Junction Rd,,East-West Arterial Road,Clayfield,Brisbane City,4011,Hendra,North Brisbane,Brisbane,SEQ North,Metropolitan,Clayfield,Brisbane Inner - North,Brisbane Inner City,Major Cities,Clayfield,Brisbane,State-controlled,No Roadway Feature,No traffic control,60 km/h,Sealed - Wet,Raining,Dawn/Dusk,Straight,Grade,202,Veh'S Opposite Approach: Thru-Right,Opposing vehicles turning,E,0,0,0,0,0,2,0,0,0,0,0,0
6180,Property damage only,2003,August,Saturday,6,Hit parked vehicle,Single Vehicle,152.5903866,-27.63389193,Karrabin - Rosewood Rd,,Karrabin - Rosewood Road,Rosewood,Ipswich City,4340,Rosewood,Ipswich,Southern,SEQ South,Metropolitan,Rosewood,Ipswich Hinterland,Ipswich,Inner Regional,Ipswich West,Blair,State-controlled,No Roadway Feature,No traffic control,60 km/h,Sealed - Dry,Clear,Daylight,Straight,Grade,601,Veh'S On Path: Parked,Hit parked vehicle,E,0,0,0,0,0,1,0,1,0,0,0,0
6181,Hospitalisation,2003,August,Saturday,10,Head-on,Multi-Vehicle,152.7123539,-26.27596625,Bruce Hwy,,Cooroy - Gympie Road,Kybong,Gympie Region,4570,Gympie,Wide Bay Burnett,Central,Southern,North Coast and Wide Bay/Burnett,Gympie Region,Gympie - Cooloola,Wide Bay,Inner Regional,Gympie,Wide Bay,State-controlled,No Roadway Feature,No traffic control,100 - 110 km/h,Sealed - Dry,Clear,Daylight,Curved - view open,Level,201,Veh'S Opposite Approach: Head On,Head-on,N,0,1,1,0,2,2,0,0,0,0,0,0
6182,Property damage only,2003,August,Saturday,9,Sideswipe,Multi-Vehicle,152.7867905,-26.04111585,Priddy Rd,Tin Can Bay Rd,Tin Can Bay Road,Kia Ora,Gympie Region,4570,Gympie,Wide Bay Burnett,Central,Southern,North Coast and Wide Bay/Burnett,Gympie Region,Gympie - Cooloola,Wide Bay,Inner Regional,Gympie,Wide Bay,State-controlled,Intersection - T-Junction,No traffic control,100 - 110 km/h,Sealed - Dry,Clear,Daylight,Straight,Level,201,Veh'S Opposite Approach: Head On,Head-on,W,0,0,0,0,0,2,0,0,0,0,0,0
6183,Property damage only,2003,August,Saturday,12,Angle,Multi-Vehicle,152.8724454,-25.28620408,Fraser St,Truro St,,Torquay,Fraser Coast Region,4655,Hervey Bay,Wide Bay Burnett,Central,Southern,North Coast and Wide Bay/Burnett,Torquay - Scarness - Kawungan,Hervey Bay,Wide Bay,Inner Regional,Hervey Bay,Hinkler,Locally-controlled,Intersection - Cross,Give way sign,60 km/h,Sealed - Dry,Clear,Daylight,Straight,Level,101,Veh'S Adjacent Approach: Thru-Thru,Intersection from adjacent approaches,N,0,0,0,0,0,2,0,0,0,0,0,0
6184,Property damage only,2003,August,Saturday,14,Angle,Multi-Vehicle,151.9398315,-27.56276879,Helen St,Herries St,,Newtown,Toowoomba Region,4350,Toowoomba,Darling Downs,Southern,Southern,Downs South West,Newtown (qld),Toowoomba,Toowoomba,Inner Regional,Toowoomba North,Groom,Locally-controlled,Intersection - Cross,Stop sign,60 km/h,Sealed - Dry,Clear,Daylight,Straight,Grade,101,Veh'S Adjacent Approach: Thru-Thru,Intersection from adjacent approaches,S,0,0,0,0,0,2,0,0,0,0,0,0
6185,Medical treatment,2003,August,Saturday,12,Rear-end,Multi-Vehicle,149.1830228,-21.09705106,Geoffrey Nolan Dr,Oak St,,Andergrove,Mackay Region,4740,Mackay Northern Beaches,Mackay,Central,Central,Central Queensland,Andergrove - Beaconsfield,Mackay,Mackay - Isaac - Whitsunday,Inner Regional,Mackay,Dawson,Locally-controlled,Intersection - T-Junction,No traffic control,60 km/h,Sealed - Dry,Clear,Daylight,Straight,Level,303,Veh'S Same Direction: Right Rear,Rear-end,E,0,0,1,0,1,2,0,0,0,0,0,0
6186,Medical treatment,2003,August,Sunday,10,Rear-end,Multi-Vehicle,153.1252316,-27.66803643,Logan Mwy,,Logan Motorway (Gailes - Loganholme),Loganlea,Logan City,4131,Logan Central,Logan,South Eastern,SEQ South,South Coast,Loganlea,Loganlea - Carbrook,Logan - Beaudesert,Major Cities,Waterford,Rankin,State-controlled,No Roadway Feature,No traffic control,100 - 110 km/h,Sealed - Dry,Clear,Daylight,Straight,Level,301,Veh'S Same Direction: Rear End,Rear-end,W,0,0,2,0,2,2,0,0,0,0,0,0
6187,Property damage only,2003,August,Sunday,16,Hit object,Single Vehicle,153.0582544,-27.41602953,East - West Arterial Rd,Sandgate Rd,East-West Arterial Road,Clayfield,Brisbane City,4011,Hendra,North Brisbane,Brisbane,SEQ North,Metropolitan,Clayfield,Brisbane Inner - North,Brisbane Inner City,Major Cities,Clayfield,Brisbane,State-controlled,Intersection - Cross,Operating traffic lights,60 km/h,Sealed - Dry,Clear,Daylight,Straight,Level,703,Off Path-Straight: Left Off Cway Hit Obj,Off carriageway on straight hit object,S,0,0,0,0,0,1,0,0,0,0,0,0
6188,Medical treatment,2003,August,Sunday,9,Fall from vehicle,Single Vehicle,152.565698,-26.94718012,D'Aguilar Hwy,Mary St,D'Aguilar Highway (Kilcoy - Yarraman),Kilcoy,Somerset Region,4515,Kilcoy,Moreton,Southern,SEQ North,North Coast and Wide Bay/Burnett,Kilcoy,Caboolture Hinterland,Moreton Bay - North,Inner Regional,Nanango,Blair,State-controlled,Intersection - T-Junction,No traffic control,60 km/h,Sealed - Dry,Clear,Daylight,Straight,Level,901,Pass & Misc: Fell In/From Vehicle,Other,E,0,0,1,0,1,2,0,0,0,0,0,0
6189,Hospitalisation,2003,August,Sunday,15,Hit object,Single Vehicle,153.4445512,-28.09856223,Matilda St,,,Burleigh Heads,Gold Coast City,4220,Palm Beach,Gold Coast,South Eastern,SEQ South,South Coast,Burleigh Heads,Broadbeach - Burleigh,Gold Coast,Major Cities,Burleigh,Mcpherson,Locally-controlled,No Roadway Feature,No traffic control,0 - 50 km/h,Sealed - Dry,Clear,Daylight,Straight,Crest,400,Veh'S Manoeuvring: Other,Other,N,0,1,0,0,1,1,0,0,0,0,0,0
6190,Medical treatment,2003,August,Sunday,19,Overturned,Single Vehicle,151.8590498,-27.66288743,Toowoomba - Karara Rd,,,Wyreema,Toowoomba Region,4352,Cambooya,Darling Downs,Southern,Southern,Downs South West,Cambooya - Wyreema,Toowoomba,Toowoomba,Inner Regional,Condamine,Groom,Locally-controlled,No Roadway Feature,No traffic control,100 - 110 km/h,Unsealed - Dry,Clear,Darkness - Not lighted,Curved - view open,Dip,805,Off Path-Curve: Out Of Control On Cway,Out of control on curve,N,0,0,1,0,1,1,0,0,0,0,0,0
6191,Property damage only,2003,August,Sunday,10,Hit object,Single Vehicle,148.617524,-20.38149624,Proserpine - Shute Harbour Rd,,Proserpine - Shute Harbour Road,Mount Julian,Whitsunday Region,4800,Proserpine,Mackay,Central,Central,Central Queensland,Proserpine,Whitsunday,Mackay - Isaac - Whitsunday,Outer Regional,Whitsunday,Dawson,State-controlled,No Roadway Feature,No traffic control,100 - 110 km/h,Sealed - Dry,Clear,Daylight,Curved - view open,Level,803,Off Path-Curve: Off Cway Rt Bend Hit Obj,Off carriageway on curve hit object,S,0,0,0,0,0,1,0,0,0,0,0,0
6192,Medical treatment,2003,August,Monday,11,Rear-end,Multi-Vehicle,152.9760687,-27.29985784,Buckingham St,Kensington Way,,Strathpine,Moreton Bay Region,4500,Petrie,North Brisbane,Brisbane,SEQ North,North Coast and Wide Bay/Burnett,Strathpine - Brendale,Strathpine,Moreton Bay - South,Major Cities,Pine Rivers,Dickson,Locally-controlled,Intersection - T-Junction,No traffic control,60 km/h,Sealed - Dry,Clear,Daylight,Curved - view open,Dip,303,Veh'S Same Direction: Right Rear,Rear-end,S,0,0,1,0,1,2,0,0,0,0,0,0
6193,Property damage only,2003,August,Monday,22,Angle,Multi-Vehicle,153.1040978,-27.25865719,Hornibrook Esp,Oxley Ave,Brighton - Redcliffe Road,Woody Point,Moreton Bay Region,4019,Redcliffe,Moreton,Southern,SEQ North,North Coast and Wide Bay/Burnett,Margate - Woody Point,Redcliffe,Moreton Bay - North,Major Cities,Redcliffe,Petrie,State-controlled,Intersection - Cross,No traffic control,60 km/h,Sealed - Dry,Clear,Darkness - Lighted,Straight,Level,202,Veh'S Opposite Approach: Thru-Right,Opposing vehicles turning,S,0,0,0,0,0,2,0,0,0,0,0,0
6194,Property damage only,2003,August,Monday,14,Angle,Multi-Vehicle,152.7606134,-27.6155362,Ipswich - Cunningham Hwy Connection Rd,Limestone St,Ipswich - Cunningham Hwy Connection Road,Ipswich,Ipswich City,4305,Ipswich,Ipswich,Southern,SEQ South,Metropolitan,Ipswich - Central,Ipswich Inner,Ipswich,Major Cities,Ipswich,Blair,State-controlled,Intersection - Cross,Operating traffic lights,0 - 50 km/h,Sealed - Dry,Clear,Daylight,Straight,Level,202,Veh'S Opposite Approach: Thru-Right,Opposing vehicles turning,S,0,0,0,0,0,2,0,0,0,0,0,0
6195,Hospitalisation,2003,August,Monday,15,Angle,Multi-Vehicle,153.4113451,-28.01289307,Allawah St,,,Bundall,Gold Coast City,4217,Broadbeach,Gold Coast,South Eastern,SEQ South,South Coast,Bundall,Surfers Paradise,Gold Coast,Major Cities,Surfers Paradise,Moncrieff,Locally-controlled,No Roadway Feature,No traffic control,0 - 50 km/h,Sealed - Dry,Clear,Daylight,Straight,Level,202,Veh'S Opposite Approach: Thru-Right,Opposing vehicles turning,E,0,1,0,0,1,1,1,0,0,0,0,0
6196,Property damage only,2003,August,Monday,15,Hit object,Single Vehicle,152.5019292,-26.94333697,D'Aguilar Hwy,,D'Aguilar Highway (Kilcoy - Yarraman),Woolmar,Somerset Region,4515,Kilcoy,Moreton,Southern,SEQ North,North Coast and Wide Bay/Burnett,Kilcoy,Caboolture Hinterland,Moreton Bay - North,Inner Regional,Nanango,Blair,State-controlled,No Roadway Feature,No traffic control,100 - 110 km/h,Sealed - Dry,Clear,Daylight,Straight,Level,704,Off Path-Straight:Right Off Cway Hit Obj,Off carriageway on straight hit object,W,0,0,0,0,0,1,0,0,0,0,0,0
6197,Hospitalisation,2003,August,Monday,7,Hit object,Single Vehicle,153.4292738,-28.01770891,Gold Coast Hwy,Monaco St,,Surfers Paradise,Gold Coast City,4217,Surfers Paradise,Gold Coast,South Eastern,SEQ South,South Coast,Surfers Paradise,Surfers Paradise,Gold Coast,Major Cities,Surfers Paradise,Moncrieff,Locally-controlled,Intersection - T-Junction,Operating traffic lights,70 km/h,Sealed - Dry,Clear,Daylight,Straight,Level,708,Off Path-Straight: Mounts Traffic Island,Off carriageway on straight hit object,N,0,1,0,0,1,1,0,0,0,0,0,0
6198,Minor injury,2003,August,Monday,16,Rear-end,Multi-Vehicle,152.738363,-27.66349655,Cunningham Hwy Ramp Fa,Ipswich - Cunningham Hwy Connection Rd,Cunningham Highway (Ipswich - Warwick),Yamanto,Ipswich City,4305,Yamanto,Ipswich,Southern,SEQ South,Metropolitan,Churchill - Yamanto,Ipswich Inner,Ipswich,Major Cities,Ipswich West,Blair,State-controlled,Intersection - Interchange,Give way sign,60 km/h,Sealed - Dry,Clear,Daylight,Curved - view open,Level,302,Veh'S Same Direction: Left Rear,Rear-end,E,0,0,0,1,1,2,0,0,0,0,0,0
6199,Hospitalisation,2003,August,Monday,13,Overturned,Single Vehicle,149.7291524,-23.77798023,Biloela - Duaringa Rd,Capricorn Hwy,Biloela - Duaringa Road,Duaringa,Central Highlands Region,4712,Duaringa,Capricornia,Central,Central,Central Queensland,Central Highlands - East,Central Highlands (qld),Central Queensland,Outer Regional,Gregory,Flynn,State-controlled,Intersection - T-Junction,Give way sign,100 - 110 km/h,Sealed - Dry,Clear,Daylight,Curved - view obscured,Grade,806,Vehicle Left-Turning At I/S (Or Driveway,Out of control on curve,N,0,1,0,0,1,1,0,0,0,0,0,0
6200,Medical treatment,2003,August,Tuesday,15,Rear-end,Multi-Vehicle,153.3428711,-28.00589077,Jay Gee Ct,Spencer Rd,,Nerang,Gold Coast City,4211,Nerang,Gold Coast,South Eastern,SEQ South,South Coast,Nerang - Mount Nathan,Nerang,Gold Coast,Major Cities,Gaven,Moncrieff,Locally-controlled,Intersection - T-Junction,No traffic control,60 km/h,Sealed - Dry,Clear,Daylight,Straight,Level,303,Veh'S Same Direction: Right Rear,Rear-end,N,0,0,2,0,2,2,0,0,0,0,0,0
6201,Minor injury,2003,August,Tuesday,10,Hit object,Single Vehicle,152.4615886,-27.5490044,Funk Rd,,,Regency Downs,Lockyer Valley Region,4341,Laidley,Darling Downs,Southern,SEQ South,Downs South West,Lockyer Valley - East,Ipswich Hinterland,Ipswich,Inner Regional,Lockyer,Wright,Locally-controlled,No Roadway Feature,No traffic control,60 km/h,Sealed - Dry,Clear,Daylight,Straight,Level,700,Off Path-Straight: Other,Other,E,0,0,0,1,1,1,0,0,0,0,0,0
6202,Hospitalisation,2003,August,Tuesday,10,Angle,Multi-Vehicle,151.9135438,-27.57295286,Greenwattle St,South St,,Harristown,Toowoomba Region,4350,Toowoomba,Darling Downs,Southern,Southern,Downs South West,Drayton - Harristown,Toowoomba,Toowoomba,Inner Regional,Toowoomba South,Groom,Locally-controlled,Intersection - Cross,Stop sign,60 km/h,Sealed - Dry,Clear,Daylight,Straight,Grade,101,Veh'S Adjacent Approach: Thru-Thru,Intersection from adjacent approaches,W,0,1,0,0,1,2,0,0,0,0,0,0
6203,Property damage only,2003,August,Tuesday,16,Overturned,Single Vehicle,150.0827299,-27.36559012,Surat Developmental Rd,,Surat Dev Road (Surat - Tara),Hannaford,Western Downs Region,4406,Meandarra,South West,Southern,Southern,Downs South West,Tara,Darling Downs (west) - Maranoa,Darling Downs - Maranoa,Remote,Warrego,Maranoa,State-controlled,No Roadway Feature,No traffic control,100 - 110 km/h,Sealed - Dry,Clear,Daylight,Straight,Level,702,Off Path-Straight: Right Off Cway,Off carriageway on straight,E,0,0,0,0,0,1,0,0,0,0,0,0
6204,Hospitalisation,2003,August,Wednesday,21,Hit object,Single Vehicle,152.926028,-27.41233677,Glentryst Ct,Kirralee Cres,,Upper Kedron,Brisbane City,4055,Ferny Grove,North Brisbane,Brisbane,SEQ North,Metropolitan,Upper Kedron - Ferny Grove,The Gap - Enoggera,Brisbane - West,Major Cities,Ferny Grove,Ryan,Locally-controlled,Intersection - T-Junction,No traffic control,0 - 50 km/h,Sealed - Dry,Clear,Darkness - Lighted,Straight,Level,704,Off Path-Straight:Right Off Cway Hit Obj,Off carriageway on straight hit object,N,0,1,0,0,1,1,0,0,0,0,0,0
6205,Property damage only,2003,August,Wednesday,15,Angle,Multi-Vehicle,152.8534382,-27.64309526,Redbank Plains Rd,School Rd,,Redbank Plains,Ipswich City,4301,Goodna,Ipswich,Southern,SEQ South,Metropolitan,Redbank Plains,Springfield - Redbank,Ipswich,Major Cities,Bundamba,Blair,Locally-controlled,Intersection - T-Junction,No traffic control,60 km/h,Sealed - Dry,Clear,Daylight,Straight,Crest,202,Veh'S Opposite Approach: Thru-Right,Opposing vehicles turning,E,0,0,0,0,0,2,0,0,0,0,0,0