Crash_Ref_Number,Crash_Severity,Crash_Year,Crash_Month,Crash_Day_Of_Week,Crash_Hour,Crash_Nature,Crash_Type,Crash_Longitude_GDA94,Crash_Latitude_GDA94,Crash_Street,Crash_Street_Intersecting,State_Road_Name,Loc_Suburb,Loc_Local_Government_Area,Loc_Post_Code,Loc_Police_Division,Loc_Police_District,Loc_Police_Region,Loc_Queensland_Transport_Region,Loc_Main_Roads_Region,Loc_ABS_Statistical_Area_2,Loc_ABS_Statistical_Area_3,Loc_ABS_Statistical_Area_4,Loc_ABS_Remoteness,Loc_State_Electorate,Loc_Federal_Electorate,Crash_Controlling_Authority,Crash_Roadway_Feature,Crash_Traffic_Control,Crash_Speed_Limit,Crash_Road_Surface_Condition,Crash_Atmospheric_Condition,Crash_Lighting_Condition,Crash_Road_Horiz_Align,Crash_Road_Vert_Align,Crash_DCA_Code,Crash_DCA_Description,Crash_DCA_Group_Description,DCA_Key_Approach_Dir,Count_Casualty_Fatality,Count_Casualty_Hospitalised,Count_Casualty_MedicallyTreated,Count_Casualty_MinorInjury,Count_Casualty_Total,Count_Unit_Car,Count_Unit_Motorcycle_Moped,Count_Unit_Truck,Count_Unit_Bus,Count_Unit_Bicycle,Count_Unit_Pedestrian,Count_Unit_Other
6206,Property damage only,2003,August,Wednesday,8,Angle,Multi-Vehicle,153.347504,-28.01556372,Hinkler Dr,,,Highland Park,Gold Coast City,4211,Nerang,Gold Coast,South Eastern,SEQ South,South Coast,Highland Park,Nerang,Gold Coast,Major Cities,Gaven,Moncrieff,Locally-controlled,No Roadway Feature,No traffic control,0 - 50 km/h,Sealed - Dry,Clear,Daylight,Curved - view open,Level,308,Veh'S Same Direction: Right Turn S/Swipe,Parallel lanes turning,N,0,0,0,0,0,2,0,0,0,0,0,0
6207,Medical treatment,2003,August,Wednesday,16,Rear-end,Multi-Vehicle,153.4206621,-27.97500065,Gold Coast Hwy,,,Southport,Gold Coast City,4215,Southport,Gold Coast,South Eastern,SEQ South,South Coast,Southport - North,Southport,Gold Coast,Major Cities,Southport,Moncrieff,Locally-controlled,No Roadway Feature,No traffic control,60 km/h,Sealed - Dry,Clear,Daylight,Straight,Level,301,Veh'S Same Direction: Rear End,Rear-end,N,0,0,1,0,1,2,0,0,0,0,0,0
6208,Property damage only,2003,August,Wednesday,21,Angle,Multi-Vehicle,153.4007424,-27.96268252,Brooke Ave,Smith St Connection Rd,Smith Street Connection,Southport,Gold Coast City,4215,Southport,Gold Coast,South Eastern,SEQ South,South Coast,Southport - North,Southport,Gold Coast,Major Cities,Bonney,Moncrieff,State-controlled,Intersection - Cross,Operating traffic lights,80 - 90 km/h,Sealed - Dry,Clear,Darkness - Lighted,Straight,Grade,202,Veh'S Opposite Approach: Thru-Right,Opposing vehicles turning,N,0,0,0,0,0,2,0,0,0,0,0,0
6209,Medical treatment,2003,August,Wednesday,17,Angle,Multi-Vehicle,152.0335008,-28.21744179,King St,Stewart Ave,,Warwick,Southern Downs Region,4370,Warwick,Darling Downs,Southern,Southern,Downs South West,Warwick,Granite Belt,Darling Downs - Maranoa,Inner Regional,Southern Downs,Maranoa,Locally-controlled,Intersection - Cross,Give way sign,60 km/h,Sealed - Dry,Clear,Daylight,Straight,Level,408,Veh'S Manoeuvring: Entering From Footway,Vehicle leaving driveway,N,0,0,1,0,1,1,0,0,0,1,0,0
6210,Property damage only,2003,August,Thursday,17,Angle,Multi-Vehicle,153.0406564,-27.50429027,Earl St,Juliette St,,Greenslopes,Brisbane City,4120,Coorparoo,South Brisbane,Brisbane,SEQ South,Metropolitan,Greenslopes,Holland Park - Yeronga,Brisbane - South,Major Cities,Greenslopes,Griffith,Locally-controlled,Intersection - Cross,Operating traffic lights,60 km/h,Sealed - Dry,Clear,Daylight,Straight,Level,202,Veh'S Opposite Approach: Thru-Right,Opposing vehicles turning,S,0,0,0,0,0,2,0,0,0,0,0,0
6211,Medical treatment,2003,August,Thursday,8,Angle,Multi-Vehicle,153.2229035,-27.73067995,Old Pacific Hwy,,,Yatala,Gold Coast City,4207,Coomera,Gold Coast,South Eastern,SEQ South,South Coast,Ormeau - Yatala,Ormeau - Oxenford,Gold Coast,Major Cities,Coomera,Forde,Locally-controlled,No Roadway Feature,No traffic control,0 - 50 km/h,Sealed - Dry,Clear,Daylight,Straight,Level,202,Veh'S Opposite Approach: Thru-Right,Opposing vehicles turning,N,0,0,1,0,1,3,0,0,0,0,0,0
6212,Property damage only,2003,August,Thursday,16,Rear-end,Multi-Vehicle,153.119169,-27.66450101,Bega Rd,Brisbane - Beenleigh Rd,Brisbane - Beenleigh Road,Kingston,Logan City,4114,Logan Central,Logan,South Eastern,SEQ South,South Coast,Kingston (qld.),Springwood - Kingston,Logan - Beaudesert,Major Cities,Woodridge,Rankin,State-controlled,Intersection - Roundabout,Give way sign,60 km/h,Sealed - Dry,Clear,Daylight,Straight,Grade,301,Veh'S Same Direction: Rear End,Rear-end,S,0,0,0,0,0,2,0,0,0,0,0,0
6213,Hospitalisation,2003,August,Thursday,17,Hit pedestrian,Hit pedestrian,152.9739471,-27.41333808,Blackwood St,Samford Rd,Samford Sub-Arterial Road,Mitchelton,Brisbane City,4053,Ferny Grove,North Brisbane,Brisbane,SEQ North,Metropolitan,Mitchelton,The Gap - Enoggera,Brisbane - West,Major Cities,Ferny Grove,Ryan,State-controlled,Intersection - Cross,Operating traffic lights,60 km/h,Sealed - Dry,Clear,Daylight,Straight,Grade,1,Ped'N: Near Side Vehicle Hit From Right,Pedestrian,W,0,1,0,0,1,1,0,0,0,0,1,0
6214,Property damage only,2003,August,Thursday,11,Hit object,Single Vehicle,152.7718728,-27.34318525,Samford - Mt Glorious Rd,,Samford - Mt Glorious Road,England Creek,Brisbane City,4306,Ferny Grove,North Brisbane,Brisbane,SEQ North,Metropolitan,Lake Manchester - England Creek,Ipswich Hinterland,Ipswich,Inner Regional,Pine Rivers,Ryan,State-controlled,No Roadway Feature,No traffic control,60 km/h,Sealed - Dry,Clear,Daylight,Curved - view obscured,Grade,803,Off Path-Curve: Off Cway Rt Bend Hit Obj,Off carriageway on curve hit object,E,0,0,0,0,0,1,0,0,0,0,0,0
6215,Medical treatment,2003,August,Thursday,16,Angle,Multi-Vehicle,151.8260111,-26.55025755,First Ave,,,Kingaroy,South Burnett Region,4610,Kingaroy,South West,Southern,Southern,North Coast and Wide Bay/Burnett,Kingaroy,Burnett,Wide Bay,Inner Regional,Nanango,Maranoa,Locally-controlled,No Roadway Feature,No traffic control,60 km/h,Sealed - Dry,Clear,Daylight,Straight,Level,406,Veh'S Manoeuvring: Leaving Driveway,Vehicle leaving driveway,W,0,0,1,0,1,2,0,0,0,0,0,0
6216,Property damage only,2003,August,Thursday,18,Sideswipe,Multi-Vehicle,152.5905858,-25.8464277,Bruce Hwy,,Bruce Highway (Gympie - Maryborough),Bauple,Fraser Coast Region,4650,Tiaro,Wide Bay Burnett,Central,Southern,North Coast and Wide Bay/Burnett,Maryborough Region - South,Maryborough,Wide Bay,Inner Regional,Gympie,Wide Bay,State-controlled,No Roadway Feature,No traffic control,100 - 110 km/h,Sealed - Dry,Clear,Dawn/Dusk,Curved - view open,Crest,301,Veh'S Same Direction: Rear End,Rear-end,N,0,0,0,0,0,2,0,0,0,0,0,0
6217,Medical treatment,2003,August,Thursday,8,Sideswipe,Multi-Vehicle,149.1880209,-21.08918018,Maple Dr,,,Andergrove,Mackay Region,4740,Mackay Northern Beaches,Mackay,Central,Central,Central Queensland,Andergrove - Beaconsfield,Mackay,Mackay - Isaac - Whitsunday,Inner Regional,Mackay,Dawson,Locally-controlled,No Roadway Feature,No traffic control,0 - 50 km/h,Sealed - Dry,Clear,Daylight,Straight,Level,207,Veh'S Opposite Approach: U-Turn,U-turn,N,0,0,1,0,1,1,1,0,0,0,0,0
6218,Medical treatment,2003,August,Friday,22,Angle,Multi-Vehicle,153.0890904,-27.56893226,Logan Sub-Arterial Rd,South East Art Rd Ramp Xi,Logan Sub-Arterial Road,Eight Mile Plains,Brisbane City,4113,Upper Mount Gravatt,South Brisbane,Brisbane,SEQ South,Metropolitan,Eight Mile Plains,Mt Gravatt,Brisbane - South,Major Cities,Toohey,Bonner,State-controlled,Intersection - Interchange,Operating traffic lights,60 km/h,Sealed - Wet,Raining,Darkness - Lighted,Straight,Level,102,Veh'S Adjacent Approach: Right-Thru,Intersection from adjacent approaches,E,0,0,2,0,2,2,0,0,0,0,0,0
6219,Minor injury,2003,August,Friday,14,Hit object,Single Vehicle,153.0510419,-26.66472101,Buderim Mountain Rd,,,Buderim,Sunshine Coast Region,4556,Maroochydore,Sunshine Coast,Central,SEQ North,North Coast and Wide Bay/Burnett,Buderim - North,Buderim,Sunshine Coast,Major Cities,Ninderry,Fairfax,Locally-controlled,No Roadway Feature,No traffic control,60 km/h,Sealed - Wet,Raining,Daylight,Curved - view open,Grade,804,Off Path-Curve: Off Cway Lt Bend Hit Obj,Off carriageway on curve hit object,S,0,0,0,1,1,1,0,0,0,0,0,0
6220,Property damage only,2003,August,Friday,16,Rear-end,Multi-Vehicle,153.0958889,-26.67587829,Mooloolaba Rd,,Mooloolaba Road,Buderim,Sunshine Coast Region,4556,Maroochydore,Sunshine Coast,Central,SEQ North,North Coast and Wide Bay/Burnett,Buderim - North,Buderim,Sunshine Coast,Major Cities,Buderim,Fairfax,State-controlled,No Roadway Feature,No traffic control,60 km/h,Sealed - Wet,Clear,Daylight,Straight,Level,301,Veh'S Same Direction: Rear End,Rear-end,W,0,0,0,0,0,2,0,0,0,0,0,0
6221,Fatal,2003,August,Friday,1,Hit object,Single Vehicle,153.3744608,-27.99823403,Ashmore Rd,,,Ashmore,Gold Coast City,4214,Southport,Gold Coast,South Eastern,SEQ South,South Coast,Ashmore,Southport,Gold Coast,Major Cities,Southport,Moncrieff,Locally-controlled,No Roadway Feature,No traffic control,70 km/h,Sealed - Dry,Clear,Darkness - Lighted,Curved - view obscured,Crest,808,Off Path-Curve: Mounts Traffic Island,Off carriageway on curve hit object,E,1,0,0,0,1,1,0,0,0,0,0,0
6222,Property damage only,2003,August,Friday,21,Hit animal,Other,153.0256747,-27.75137115,Mt Lindesay Hwy,,Mount Lindesay Highway (Brisbane-Beaudesert),Munruben,Logan City,4125,Jimboomba,Logan,South Eastern,SEQ South,South Coast,Munruben - Park Ridge South,Browns Plains,Logan - Beaudesert,Major Cities,Logan,Wright,State-controlled,No Roadway Feature,No traffic control,100 - 110 km/h,Sealed - Dry,Clear,Darkness - Not lighted,Curved - view open,Grade,609,Pass & Misc: Hit Animal,Hit animal,S,0,0,0,0,0,2,0,0,0,0,0,1
6223,Property damage only,2003,August,Friday,20,Angle,Multi-Vehicle,153.4696396,-28.11618205,Gold Coast Hwy,,Gold Coast Highway (Broadbeach - Coolangatta),Palm Beach,Gold Coast City,4221,Palm Beach,Gold Coast,South Eastern,SEQ South,South Coast,Palm Beach,Coolangatta,Gold Coast,Major Cities,Burleigh,Mcpherson,State-controlled,No Roadway Feature,No traffic control,70 km/h,Sealed - Wet,Clear,Darkness - Lighted,Straight,Level,406,Veh'S Manoeuvring: Leaving Driveway,Vehicle leaving driveway,N,0,0,0,0,0,2,0,0,0,0,0,0
6224,Property damage only,2003,August,Friday,16,Angle,Multi-Vehicle,151.960655,-27.56991131,Geddes St,Warrego Hwy,Warrego Highway (Ipswich - Toowoomba),South Toowoomba,Toowoomba Region,4350,Toowoomba,Darling Downs,Southern,Southern,Downs South West,Toowoomba - Central,Toowoomba,Toowoomba,Inner Regional,Toowoomba South,Groom,State-controlled,Intersection - Cross,Stop sign,60 km/h,Sealed - Dry,Clear,Daylight,Straight,Level,101,Veh'S Adjacent Approach: Thru-Thru,Intersection from adjacent approaches,N,0,0,0,0,0,2,0,0,0,0,0,0
6225,Property damage only,2003,August,Friday,6,Sideswipe,Multi-Vehicle,149.0843716,-21.09898581,Bruce Hwy,,Bruce Highway (Mackay - Proserpine),Farleigh,Mackay Region,4741,Farleigh,Mackay,Central,Central,Central Queensland,Seaforth - Calen,Mackay,Mackay - Isaac - Whitsunday,Outer Regional,Whitsunday,Dawson,State-controlled,No Roadway Feature,No traffic control,100 - 110 km/h,Sealed - Dry,Fog,Dawn/Dusk,Curved - view obscured,Level,501,Veh'S Overtaking: Head On,Head-on,E,0,0,0,0,0,2,0,0,0,0,0,0
6226,Medical treatment,2003,August,Saturday,11,Sideswipe,Multi-Vehicle,153.0897053,-27.49363249,Mayfield Rd,Nyrang St,,Carina,Brisbane City,4152,Carina,South Brisbane,Brisbane,SEQ South,Metropolitan,Carina,Carindale,Brisbane - South,Major Cities,Chatsworth,Griffith,Locally-controlled,Intersection - Cross,No traffic control,0 - 50 km/h,Sealed - Wet,Raining,Daylight,Straight,Grade,308,Veh'S Same Direction: Right Turn S/Swipe,Parallel lanes turning,N,0,0,1,0,1,2,0,0,0,0,0,0
6227,Medical treatment,2003,August,Saturday,20,Angle,Multi-Vehicle,153.0391535,-27.50163012,Cornwall St,Duke St,South-East Arterial Road (Pacific Motorway),Woolloongabba,Brisbane City,4102,Dutton Park,South Brisbane,Brisbane,SEQ South,Metropolitan,Woolloongabba,Holland Park - Yeronga,Brisbane - South,Major Cities,South Brisbane,Griffith,State-controlled,Intersection - Cross,Operating traffic lights,60 km/h,Sealed - Wet,Raining,Darkness - Lighted,Straight,Level,101,Veh'S Adjacent Approach: Thru-Thru,Intersection from adjacent approaches,N,0,0,1,0,1,2,0,0,0,0,0,0
6228,Minor injury,2003,August,Saturday,9,Angle,Multi-Vehicle,152.9316546,-27.10424909,Caboolture River Rd,Cresthaven Dr,,Morayfield,Moreton Bay Region,4506,Caboolture,Moreton,Southern,SEQ North,North Coast and Wide Bay/Burnett,Caboolture - South,Caboolture,Moreton Bay - North,Major Cities,Morayfield,Longman,Locally-controlled,Intersection - T-Junction,Give way sign,60 km/h,Sealed - Wet,Raining,Daylight,Straight,Level,104,Veh'S Adjacent Approach: Thru-Right,Intersection from adjacent approaches,W,0,0,0,1,1,2,0,0,0,0,0,0
6229,Hospitalisation,2003,August,Saturday,22,Hit object,Single Vehicle,153.1551636,-27.63343033,Daisy Hill Rd,,,Daisy Hill,Logan City,4127,Springwood,Logan,South Eastern,SEQ South,South Coast,Daisy Hill,Springwood - Kingston,Logan - Beaudesert,Major Cities,Springwood,Rankin,Locally-controlled,No Roadway Feature,No traffic control,60 km/h,Sealed - Wet,Clear,Darkness - Lighted,Straight,Crest,703,Off Path-Straight: Left Off Cway Hit Obj,Off carriageway on straight hit object,N,0,1,0,0,1,1,0,0,0,0,0,0
6230,Hospitalisation,2003,August,Saturday,8,Angle,Multi-Vehicle,153.0270272,-27.4374743,Cox Rd,Newmarket Rd,,Windsor,Brisbane City,4030,Stafford,North Brisbane,Brisbane,SEQ North,Metropolitan,Windsor,Brisbane Inner - North,Brisbane Inner City,Major Cities,Clayfield,Brisbane,Locally-controlled,Intersection - Cross,Operating traffic lights,60 km/h,Sealed - Wet,Raining,Daylight,Straight,Crest,202,Veh'S Opposite Approach: Thru-Right,Opposing vehicles turning,W,0,1,0,0,1,1,0,1,0,0,0,0
6231,Minor injury,2003,August,Saturday,14,Hit object,Single Vehicle,153.0310786,-27.43824502,Lutwyche Rd,,,Windsor,Brisbane City,4030,Stafford,North Brisbane,Brisbane,SEQ North,Metropolitan,Windsor,Brisbane Inner - North,Brisbane Inner City,Major Cities,Clayfield,Brisbane,Locally-controlled,No Roadway Feature,No traffic control,60 km/h,Sealed - Wet,Raining,Daylight,Straight,Grade,703,Off Path-Straight: Left Off Cway Hit Obj,Off carriageway on straight hit object,S,0,0,0,1,1,1,0,0,0,0,0,0
6232,Property damage only,2003,August,Saturday,20,Hit object,Single Vehicle,153.0591633,-27.41113006,East - West Arterial Rd,Sandgate Rd,East-West Arterial Road,Clayfield,Brisbane City,4011,Hendra,North Brisbane,Brisbane,SEQ North,Metropolitan,Clayfield,Brisbane Inner - North,Brisbane Inner City,Major Cities,Clayfield,Brisbane,State-controlled,Intersection - T-Junction,No traffic control,60 km/h,Sealed - Wet,Raining,Darkness - Lighted,Straight,Level,103,Veh'S Adjacent Approach: Left-Thru,Intersection from adjacent approaches,W,0,0,0,0,0,2,0,0,0,0,0,0
6233,Medical treatment,2003,August,Saturday,11,Rear-end,Multi-Vehicle,152.9706348,-27.41159811,Samford Rd,,Samford Sub-Arterial Road,Mitchelton,Brisbane City,4053,Ferny Grove,North Brisbane,Brisbane,SEQ North,Metropolitan,Mitchelton,The Gap - Enoggera,Brisbane - West,Major Cities,Ferny Grove,Ryan,State-controlled,No Roadway Feature,No traffic control,60 km/h,Sealed - Wet,Clear,Daylight,Straight,Level,301,Veh'S Same Direction: Rear End,Rear-end,E,0,0,1,1,2,2,0,0,0,0,0,0
6234,Medical treatment,2003,August,Saturday,13,Angle,Multi-Vehicle,153.4301934,-28.03432875,Casino Dr,Nerang - Broadbeach Rd,Nerang - Broadbeach Road,Broadbeach,Gold Coast City,4218,Broadbeach,Gold Coast,South Eastern,SEQ South,South Coast,Mermaid Beach - Broadbeach,Broadbeach - Burleigh,Gold Coast,Major Cities,Surfers Paradise,Moncrieff,State-controlled,Intersection - T-Junction,Operating traffic lights,0 - 50 km/h,Sealed - Wet,Raining,Daylight,Straight,Level,104,Veh'S Adjacent Approach: Thru-Right,Intersection from adjacent approaches,E,0,0,1,0,1,2,0,0,0,0,0,0
6235,Property damage only,2003,August,Saturday,1,Angle,Multi-Vehicle,153.039686,-26.63573215,Maroochydore - Noosa Rd,,Maroochydore - Noosa Road,Diddillibah,Sunshine Coast Region,4559,Maroochydore,Sunshine Coast,Central,SEQ North,North Coast and Wide Bay/Burnett,Diddillibah - Rosemount,Nambour,Sunshine Coast,Major Cities,Ninderry,Fairfax,State-controlled,No Roadway Feature,No traffic control,60 km/h,Sealed - Wet,Raining,Darkness - Lighted,Curved - view open,Level,308,Veh'S Same Direction: Right Turn S/Swipe,Parallel lanes turning,S,0,0,0,0,0,2,0,0,0,0,0,0
6236,Medical treatment,2003,August,Saturday,20,Angle,Multi-Vehicle,152.8975588,-25.28557233,Elizabeth St,,,Urangan,Fraser Coast Region,4655,Hervey Bay,Wide Bay Burnett,Central,Southern,North Coast and Wide Bay/Burnett,Urangan - Wondunna,Hervey Bay,Wide Bay,Inner Regional,Hervey Bay,Hinkler,Locally-controlled,No Roadway Feature,No traffic control,60 km/h,Sealed - Wet,Raining,Darkness - Not lighted,Straight,Level,202,Veh'S Opposite Approach: Thru-Right,Opposing vehicles turning,S,0,0,1,0,1,1,1,0,0,0,0,0
6237,Property damage only,2003,August,Saturday,16,Angle,Multi-Vehicle,149.185588,-21.14749227,Juliet St,Shakespeare St,,Mackay,Mackay Region,4740,Mackay,Mackay,Central,Central,Central Queensland,Mackay,Mackay,Mackay - Isaac - Whitsunday,Inner Regional,Mackay,Dawson,Locally-controlled,Intersection - T-Junction,No traffic control,60 km/h,Sealed - Wet,Raining,Daylight,Straight,Level,202,Veh'S Opposite Approach: Thru-Right,Opposing vehicles turning,E,0,0,0,0,0,2,0,0,0,0,0,0
6238,Property damage only,2003,August,Sunday,15,Non-collision - miscellaneous,Other,153.124988,-27.50861441,Gateway Arterial Rd,,Gateway Motorway (Eight Mile Plains - Nudgee),Belmont,Brisbane City,4153,Carina,South Brisbane,Brisbane,SEQ South,Metropolitan,Carindale,Carindale,Brisbane - South,Major Cities,Chatsworth,Bonner,State-controlled,No Roadway Feature,No traffic control,100 - 110 km/h,Sealed - Dry,Clear,Daylight,Curved - view open,Grade,805,Off Path-Curve: Out Of Control On Cway,Out of control on curve,N,0,0,0,0,0,1,0,0,0,0,0,0
6239,Property damage only,2003,August,Sunday,0,Hit object,Single Vehicle,152.9486913,-27.05251456,Dances Rd,,,Caboolture,Moreton Bay Region,4510,Caboolture,Moreton,Southern,SEQ North,North Coast and Wide Bay/Burnett,Caboolture,Caboolture,Moreton Bay - North,Major Cities,Pumicestone,Longman,Locally-controlled,No Roadway Feature,No traffic control,60 km/h,Sealed - Dry,Clear,Darkness - Not lighted,Straight,Level,700,Off Path-Straight: Other,Other,N,0,0,0,0,0,1,0,0,0,0,0,0
6240,Hospitalisation,2003,August,Sunday,18,Rear-end,Multi-Vehicle,153.0795799,-27.41214034,Airport Dr,,,Brisbane Airport,Brisbane City,4008,Hendra,North Brisbane,Brisbane,SEQ North,Metropolitan,Brisbane Airport,Nundah,Brisbane - North,Major Cities,Clayfield,Lilley,Locally-controlled,No Roadway Feature,No traffic control,60 km/h,Sealed - Dry,Clear,Darkness - Lighted,Straight,Level,301,Veh'S Same Direction: Rear End,Rear-end,W,0,1,0,0,1,3,0,0,0,0,0,0
6241,Minor injury,2003,August,Sunday,15,Hit object,Single Vehicle,153.4032695,-28.05011741,Markeri St,Port Jackson Blvd,,Clear Island Waters,Gold Coast City,4226,Broadbeach,Gold Coast,South Eastern,SEQ South,South Coast,Clear Island Waters,Robina,Gold Coast,Major Cities,Mermaid Beach,Mcpherson,Locally-controlled,Intersection - Roundabout,Give way sign,60 km/h,Sealed - Wet,Raining,Daylight,Straight,Level,703,Off Path-Straight: Left Off Cway Hit Obj,Off carriageway on straight hit object,E,0,0,0,1,1,1,0,0,0,0,0,0
6242,Medical treatment,2003,August,Sunday,15,Hit object,Single Vehicle,152.9602354,-26.55848707,Yandina - Coolum Rd,,Yandina - Coolum Road,Yandina,Sunshine Coast Region,4561,Nambour,Sunshine Coast,Central,SEQ North,North Coast and Wide Bay/Burnett,Eumundi - Yandina,Nambour,Sunshine Coast,Inner Regional,Nicklin,Fairfax,State-controlled,No Roadway Feature,No traffic control,60 km/h,Sealed - Dry,Clear,Daylight,Straight,Level,703,Off Path-Straight: Left Off Cway Hit Obj,Off carriageway on straight hit object,E,0,0,1,0,1,0,1,0,0,0,0,0
6243,Minor injury,2003,August,Sunday,15,Hit object,Single Vehicle,152.8504445,-25.3218715,Doolong South Rd,,,Kawungan,Fraser Coast Region,4655,Hervey Bay,Wide Bay Burnett,Central,Southern,North Coast and Wide Bay/Burnett,Urangan - Wondunna,Hervey Bay,Wide Bay,Inner Regional,Hervey Bay,Hinkler,Locally-controlled,No Roadway Feature,No traffic control,70 km/h,Sealed - Wet,Raining,Daylight,Straight,Level,704,Off Path-Straight:Right Off Cway Hit Obj,Off carriageway on straight hit object,S,0,0,0,1,1,1,0,0,0,0,0,0
6244,Property damage only,2003,August,Sunday,14,Overturned,Single Vehicle,148.3125549,-23.47506906,Foley Rd,,,Emerald,Central Highlands Region,4720,Emerald,Capricornia,Central,Central,Central Queensland,Central Highlands - West,Central Highlands (qld),Central Queensland,Outer Regional,Gregory,Flynn,Locally-controlled,No Roadway Feature,No traffic control,100 - 110 km/h,Sealed - Dry,Clear,Daylight,Curved - view open,Level,805,Off Path-Curve: Out Of Control On Cway,Out of control on curve,N,0,0,0,0,0,1,0,0,0,0,0,0
6245,Property damage only,2003,August,Monday,4,Angle,Multi-Vehicle,153.0397626,-27.48708739,Stanley St,Wellington Rd,,East Brisbane,Brisbane City,4169,Dutton Park,South Brisbane,Brisbane,SEQ South,Metropolitan,Woolloongabba,Holland Park - Yeronga,Brisbane - South,Major Cities,South Brisbane,Griffith,Locally-controlled,Intersection - Cross,Operating traffic lights,60 km/h,Sealed - Dry,Clear,Dawn/Dusk,Straight,Level,101,Veh'S Adjacent Approach: Thru-Thru,Intersection from adjacent approaches,N,0,0,0,0,0,1,0,0,0,0,0,1
6246,Property damage only,2003,August,Monday,12,Hit object,Single Vehicle,152.7324439,-27.62380663,Toongarra Rd,,,Leichhardt,Ipswich City,4305,Ipswich,Ipswich,Southern,SEQ South,Metropolitan,Leichhardt - One Mile,Ipswich Inner,Ipswich,Major Cities,Ipswich West,Blair,Locally-controlled,No Roadway Feature,No traffic control,60 km/h,Sealed - Dry,Clear,Daylight,Straight,Level,700,Off Path-Straight: Other,Other,E,0,0,0,0,0,1,0,0,0,0,0,0
6247,Hospitalisation,2003,August,Monday,17,Rear-end,Multi-Vehicle,153.0471775,-27.42119169,Bonney Ave,,,Clayfield,Brisbane City,4011,Hendra,North Brisbane,Brisbane,SEQ North,Metropolitan,Wooloowin - Lutwyche,Brisbane Inner - North,Brisbane Inner City,Major Cities,Clayfield,Brisbane,Locally-controlled,No Roadway Feature,No traffic control,60 km/h,Sealed - Dry,Clear,Dawn/Dusk,Straight,Level,301,Veh'S Same Direction: Rear End,Rear-end,N,0,2,0,0,2,4,0,0,0,0,0,0
6248,Medical treatment,2003,August,Monday,7,Sideswipe,Multi-Vehicle,152.9759634,-27.4142564,Samford Rd,,Samford Sub-Arterial Road,Mitchelton,Brisbane City,4053,Ferny Grove,North Brisbane,Brisbane,SEQ North,Metropolitan,Mitchelton,The Gap - Enoggera,Brisbane - West,Major Cities,Ferny Grove,Ryan,State-controlled,No Roadway Feature,No traffic control,60 km/h,Sealed - Dry,Clear,Daylight,Straight,Level,307,Veh'S Same Direction: Lane Change Left,Lane changes,E,0,0,1,0,1,2,0,0,0,0,0,0
6249,Hospitalisation,2003,August,Monday,15,Angle,Multi-Vehicle,153.3753443,-27.99854238,Ashmore Rd,Warrungen Way,,Ashmore,Gold Coast City,4214,Southport,Gold Coast,South Eastern,SEQ South,South Coast,Ashmore,Southport,Gold Coast,Major Cities,Southport,Moncrieff,Locally-controlled,Intersection - T-Junction,Give way sign,60 km/h,Sealed - Dry,Clear,Daylight,Straight,Grade,104,Veh'S Adjacent Approach: Thru-Right,Intersection from adjacent approaches,E,0,5,0,0,5,2,0,0,0,0,0,0
6250,Property damage only,2003,August,Monday,12,Angle,Multi-Vehicle,153.3824574,-27.9808069,Labrador - Carrara Rd,Tyalla Dr,Labrador - Carrara Road,Ashmore,Gold Coast City,4214,Southport,Gold Coast,South Eastern,SEQ South,South Coast,Ashmore,Southport,Gold Coast,Major Cities,Southport,Moncrieff,State-controlled,Intersection - Cross,Operating traffic lights,60 km/h,Sealed - Dry,Clear,Daylight,Straight,Level,101,Veh'S Adjacent Approach: Thru-Thru,Intersection from adjacent approaches,N,0,0,0,0,0,2,0,0,0,0,0,0
6251,Property damage only,2003,August,Monday,18,Hit animal,Other,151.7881316,-26.62624738,Stuart Valley Dr,,,Goodger,South Burnett Region,4610,Kingaroy,South West,Southern,Southern,North Coast and Wide Bay/Burnett,Kingaroy Region - South,Burnett,Wide Bay,Inner Regional,Nanango,Maranoa,Locally-controlled,No Roadway Feature,No traffic control,100 - 110 km/h,Sealed - Dry,Clear,Darkness - Not lighted,Straight,Level,609,Pass & Misc: Hit Animal,Hit animal,S,0,0,0,0,0,1,0,0,0,0,0,1
6252,Property damage only,2003,August,Monday,5,Overturned,Single Vehicle,152.6247217,-25.65930352,Bruce Hwy,,Bruce Highway (Gympie - Maryborough),Owanyilla,Fraser Coast Region,4650,Maryborough,Wide Bay Burnett,Central,Southern,North Coast and Wide Bay/Burnett,Maryborough Region - South,Maryborough,Wide Bay,Inner Regional,Maryborough,Wide Bay,State-controlled,No Roadway Feature,No traffic control,100 - 110 km/h,Sealed - Dry,Clear,Dawn/Dusk,Straight,Grade,704,Off Path-Straight:Right Off Cway Hit Obj,Off carriageway on straight hit object,N,0,0,0,0,0,1,0,0,0,0,0,0