Crash_Ref_Number,Crash_Severity,Crash_Year,Crash_Month,Crash_Day_Of_Week,Crash_Hour,Crash_Nature,Crash_Type,Crash_Longitude_GDA94,Crash_Latitude_GDA94,Crash_Street,Crash_Street_Intersecting,State_Road_Name,Loc_Suburb,Loc_Local_Government_Area,Loc_Post_Code,Loc_Police_Division,Loc_Police_District,Loc_Police_Region,Loc_Queensland_Transport_Region,Loc_Main_Roads_Region,Loc_ABS_Statistical_Area_2,Loc_ABS_Statistical_Area_3,Loc_ABS_Statistical_Area_4,Loc_ABS_Remoteness,Loc_State_Electorate,Loc_Federal_Electorate,Crash_Controlling_Authority,Crash_Roadway_Feature,Crash_Traffic_Control,Crash_Speed_Limit,Crash_Road_Surface_Condition,Crash_Atmospheric_Condition,Crash_Lighting_Condition,Crash_Road_Horiz_Align,Crash_Road_Vert_Align,Crash_DCA_Code,Crash_DCA_Description,Crash_DCA_Group_Description,DCA_Key_Approach_Dir,Count_Casualty_Fatality,Count_Casualty_Hospitalised,Count_Casualty_MedicallyTreated,Count_Casualty_MinorInjury,Count_Casualty_Total,Count_Unit_Car,Count_Unit_Motorcycle_Moped,Count_Unit_Truck,Count_Unit_Bus,Count_Unit_Bicycle,Count_Unit_Pedestrian,Count_Unit_Other
6253,Property damage only,2003,August,Monday,0,Hit object,Single Vehicle,149.2649644,-21.43891036,Armstrong Beach Rd,,,Armstrong Beach,Mackay Region,4737,Sarina,Mackay,Central,Central,Central Queensland,Sarina,Mackay,Mackay - Isaac - Whitsunday,Outer Regional,Mirani,Capricornia,Locally-controlled,No Roadway Feature,No traffic control,60 km/h,Sealed - Dry,Fog,Darkness - Not lighted,Curved - view obscured,Crest,803,Off Path-Curve: Off Cway Rt Bend Hit Obj,Off carriageway on curve hit object,E,0,0,0,0,0,1,0,0,0,0,0,0
6254,Property damage only,2003,August,Tuesday,10,Sideswipe,Multi-Vehicle,153.0304054,-27.51519576,Chester Rd,Ipswich Rd,,Annerley,Brisbane City,4103,Annerley,South Brisbane,Brisbane,SEQ South,Metropolitan,Annerley,Holland Park - Yeronga,Brisbane - South,Major Cities,Miller,Moreton,Locally-controlled,Intersection - Cross,No traffic control,60 km/h,Sealed - Dry,Clear,Daylight,Straight,Level,306,Veh'S Same Direction: Lane Change Right,Lane changes,N,0,0,0,0,0,1,0,1,0,0,0,0
6255,Medical treatment,2003,August,Tuesday,15,Rear-end,Multi-Vehicle,153.0592099,-27.49442221,Cavendish Rd,Old Cleveland Rd,,Coorparoo,Brisbane City,4151,Coorparoo,South Brisbane,Brisbane,SEQ South,Metropolitan,Coorparoo,Holland Park - Yeronga,Brisbane - South,Major Cities,Greenslopes,Griffith,Locally-controlled,Intersection - Cross,Operating traffic lights,60 km/h,Sealed - Dry,Clear,Daylight,Straight,Level,301,Veh'S Same Direction: Rear End,Rear-end,N,0,0,1,0,1,3,0,0,0,0,0,0
6256,Medical treatment,2003,August,Tuesday,16,Rear-end,Multi-Vehicle,153.0638915,-27.46979943,Wynnum Rd,,,Morningside,Brisbane City,4170,Morningside,South Brisbane,Brisbane,SEQ South,Metropolitan,Morningside - Seven Hills,Brisbane Inner - East,Brisbane Inner City,Major Cities,Bulimba,Griffith,Locally-controlled,No Roadway Feature,No traffic control,60 km/h,Sealed - Dry,Clear,Daylight,Curved - view open,Level,301,Veh'S Same Direction: Rear End,Rear-end,W,0,0,1,0,1,3,0,0,0,0,0,0
6257,Medical treatment,2003,August,Tuesday,7,Rear-end,Multi-Vehicle,153.25847,-27.60168547,Bunker Rd,Double Jump Rd,,Mount Cotton,Redland City,4165,Redland Bay,South Brisbane,Brisbane,SEQ South,Metropolitan,Sheldon - Mount Cotton,Cleveland - Stradbroke,Brisbane - East,Major Cities,Springwood,Bowman,Locally-controlled,Intersection - T-Junction,Give way sign,80 - 90 km/h,Sealed - Dry,Clear,Daylight,Straight,Level,302,Veh'S Same Direction: Left Rear,Rear-end,W,0,0,2,0,2,2,0,0,0,0,0,0
6258,Minor injury,2003,August,Tuesday,7,Rear-end,Multi-Vehicle,153.0462622,-27.44123542,Kingsford Smith Dr,,,Albion,Brisbane City,4010,Hendra,North Brisbane,Brisbane,SEQ North,Metropolitan,Albion,Brisbane Inner - North,Brisbane Inner City,Major Cities,Clayfield,Brisbane,Locally-controlled,No Roadway Feature,No traffic control,60 km/h,Sealed - Dry,Clear,Daylight,Curved - view obscured,Grade,305,Veh'S Same Direction: Lane Side Swipe,Lane changes,E,0,0,0,2,2,2,0,0,0,0,0,0
6259,Minor injury,2003,August,Tuesday,13,Rear-end,Multi-Vehicle,152.412636,-24.81836578,Bundaberg - Port Rd,Grange Rd,Bundaberg - Port Road,Qunaba,Bundaberg Region,4670,Bargara,Wide Bay Burnett,Central,Southern,North Coast and Wide Bay/Burnett,Bargara - Burnett Heads,Bundaberg,Wide Bay,Inner Regional,Burnett,Hinkler,State-controlled,Intersection - T-Junction,No traffic control,100 - 110 km/h,Sealed - Dry,Clear,Daylight,Straight,Level,302,Veh'S Same Direction: Left Rear,Rear-end,S,0,0,0,1,1,2,0,0,0,0,0,0
6260,Medical treatment,2003,August,Tuesday,18,Rear-end,Multi-Vehicle,152.3738546,-24.87200644,Bundaberg - Port Rd,Novakoski St,Bundaberg - Port Road,Kepnock,Bundaberg Region,4670,Bundaberg,Wide Bay Burnett,Central,Southern,North Coast and Wide Bay/Burnett,Ashfield - Kepnock,Bundaberg,Wide Bay,Inner Regional,Bundaberg,Hinkler,State-controlled,Intersection - T-Junction,Give way sign,60 km/h,Sealed - Dry,Clear,Dawn/Dusk,Straight,Level,303,Veh'S Same Direction: Right Rear,Rear-end,N,0,0,1,0,1,2,0,0,0,0,0,0
6261,Medical treatment,2003,August,Tuesday,9,Hit animal,Other,148.7448583,-27.78408603,Carnarvon Hwy,,Carnarvon Highway (St.George - Surat),St George,Balonne Shire,4487,Saint George,South West,Southern,Southern,Downs South West,Balonne,Darling Downs (west) - Maranoa,Darling Downs - Maranoa,Remote,Warrego,Maranoa,State-controlled,No Roadway Feature,No traffic control,100 - 110 km/h,Sealed - Dry,Clear,Daylight,Straight,Level,609,Pass & Misc: Hit Animal,Hit animal,N,0,0,1,0,1,1,0,0,0,0,0,1
6262,Minor injury,2003,August,Tuesday,18,Hit object,Single Vehicle,150.491939,-23.31726911,Belmont Rd,,,Parkhurst,Rockhampton Region,4702,North Rockhampton,Capricornia,Central,Central,Central Queensland,Parkhurst - Kawana,Rockhampton,Central Queensland,Inner Regional,Rockhampton,Capricornia,Locally-controlled,No Roadway Feature,No traffic control,60 km/h,Sealed - Dry,Clear,Darkness - Lighted,Straight,Level,703,Off Path-Straight: Left Off Cway Hit Obj,Off carriageway on straight hit object,E,0,0,0,1,1,1,0,0,0,0,0,0
6263,Medical treatment,2003,August,Wednesday,16,Rear-end,Multi-Vehicle,152.9480487,-27.50745865,Cedarleigh Rd,Moggill Rd,Moggill Sub-Arterial Road,Kenmore,Brisbane City,4069,Indooroopilly,North Brisbane,Brisbane,SEQ North,Metropolitan,Kenmore,Kenmore - Brookfield - Moggill,Brisbane - West,Major Cities,Moggill,Ryan,State-controlled,Intersection - T-Junction,No traffic control,0 - 50 km/h,Sealed - Dry,Clear,Daylight,Straight,Level,302,Veh'S Same Direction: Left Rear,Rear-end,S,0,0,1,0,1,2,0,0,0,0,0,0
6264,Medical treatment,2003,August,Wednesday,6,Angle,Multi-Vehicle,152.987522,-27.53316215,Jerrold St,Sherwood Rd,,Sherwood,Brisbane City,4075,Sherwood,South Brisbane,Brisbane,SEQ South,Metropolitan,Sherwood,Sherwood - Indooroopilly,Brisbane - West,Major Cities,Mount Ommaney,Moreton,Locally-controlled,Intersection - T-Junction,Stop sign,60 km/h,Sealed - Dry,Clear,Daylight,Straight,Level,104,Veh'S Adjacent Approach: Thru-Right,Intersection from adjacent approaches,W,0,0,1,1,2,2,0,0,0,0,0,0
6265,Medical treatment,2003,August,Wednesday,16,Rear-end,Multi-Vehicle,153.0431318,-27.48396067,Elfin St,,,East Brisbane,Brisbane City,4169,Dutton Park,South Brisbane,Brisbane,SEQ South,Metropolitan,East Brisbane,Brisbane Inner - East,Brisbane Inner City,Major Cities,South Brisbane,Griffith,Locally-controlled,No Roadway Feature,No traffic control,60 km/h,Sealed - Dry,Clear,Daylight,Straight,Level,301,Veh'S Same Direction: Rear End,Rear-end,S,0,0,2,0,2,2,0,0,0,0,0,0
6266,Hospitalisation,2003,August,Wednesday,5,Angle,Multi-Vehicle,153.0319655,-27.43254031,Constitution Rd,Lutwyche Rd,,Windsor,Brisbane City,4030,Stafford,North Brisbane,Brisbane,SEQ North,Metropolitan,Windsor,Brisbane Inner - North,Brisbane Inner City,Major Cities,Clayfield,Brisbane,Locally-controlled,Intersection - T-Junction,Give way sign,60 km/h,Sealed - Dry,Clear,Darkness - Lighted,Curved - view open,Level,104,Veh'S Adjacent Approach: Thru-Right,Intersection from adjacent approaches,N,0,1,0,0,1,1,0,0,0,1,0,0
6267,Medical treatment,2003,August,Wednesday,8,Rear-end,Multi-Vehicle,153.4140466,-27.96730042,Scarborough St,,,Southport,Gold Coast City,4215,Southport,Gold Coast,South Eastern,SEQ South,South Coast,Southport - North,Southport,Gold Coast,Major Cities,Southport,Moncrieff,Locally-controlled,No Roadway Feature,No traffic control,60 km/h,Sealed - Dry,Clear,Daylight,Straight,Level,303,Veh'S Same Direction: Right Rear,Rear-end,N,0,0,1,0,1,2,0,0,0,0,0,0
6268,Property damage only,2003,August,Wednesday,15,Rear-end,Multi-Vehicle,153.1289932,-26.74033685,Nicklin Wy,,Nicklin Way,Bokarina,Sunshine Coast Region,4575,Kawana Waters,Sunshine Coast,Central,SEQ North,North Coast and Wide Bay/Burnett,Parrearra - Warana,Caloundra,Sunshine Coast,Major Cities,Kawana,Fisher,State-controlled,No Roadway Feature,No traffic control,70 km/h,Sealed - Dry,Clear,Daylight,Straight,Level,301,Veh'S Same Direction: Rear End,Rear-end,S,0,0,0,0,0,3,0,0,0,0,0,0
6269,Minor injury,2003,August,Wednesday,14,Overturned,Single Vehicle,151.6137045,-24.52169857,Bruce Hwy,,Bruce Highway (Gin Gin - Benaraby),Colosseum,Gladstone Region,4677,Miriam Vale,Capricornia,Central,Central,Central Queensland,Agnes Water - Miriam Vale,Gladstone,Central Queensland,Outer Regional,Burnett,Flynn,State-controlled,No Roadway Feature,No traffic control,100 - 110 km/h,Sealed - Dry,Clear,Daylight,Straight,Grade,705,Off Path-Straight:Out Of Control On Cway,Out of control on straight,S,0,0,0,2,2,1,0,0,0,0,0,0
6270,Property damage only,2003,August,Wednesday,10,Hit object,Single Vehicle,151.3695109,-25.13277309,Monto - Mount Perry Rd,,Monto - Mount Perry Road,Yarrol,North Burnett Region,4630,Mount Perry,Wide Bay Burnett,Central,Southern,North Coast and Wide Bay/Burnett,Monto - Eidsvold,Burnett,Wide Bay,Outer Regional,Callide,Flynn,State-controlled,No Roadway Feature,No traffic control,100 - 110 km/h,Unsealed - Dry,Clear,Daylight,Curved - view open,Grade,803,Off Path-Curve: Off Cway Rt Bend Hit Obj,Off carriageway on curve hit object,E,0,0,0,0,0,1,0,0,0,0,0,0
6271,Property damage only,2003,August,Thursday,12,Rear-end,Multi-Vehicle,153.0181251,-27.40401056,Webster Rd,,,Stafford Heights,Brisbane City,4053,Stafford,North Brisbane,Brisbane,SEQ North,Metropolitan,Stafford Heights,Chermside,Brisbane - North,Major Cities,Stafford,Lilley,Locally-controlled,No Roadway Feature,No traffic control,60 km/h,Sealed - Dry,Clear,Daylight,Straight,Crest,301,Veh'S Same Direction: Rear End,Rear-end,S,0,0,0,0,0,2,0,0,0,0,0,0
6272,Hospitalisation,2003,August,Thursday,12,Fall from vehicle,Single Vehicle,153.4002243,-27.96266831,Smith St Connection Rd,,Smith Street Connection,Southport,Gold Coast City,4215,Southport,Gold Coast,South Eastern,SEQ South,South Coast,Southport - North,Southport,Gold Coast,Major Cities,Bonney,Moncrieff,State-controlled,No Roadway Feature,No traffic control,60 km/h,Sealed - Dry,Clear,Daylight,Straight,Crest,701,Off Path-Straight: Left Off Cway,Off carriageway on straight,W,0,1,0,0,1,0,1,0,0,0,0,0
6273,Property damage only,2003,August,Thursday,19,Hit object,Single Vehicle,152.3508303,-24.85838207,Steuart St,,,Bundaberg North,Bundaberg Region,4670,Bundaberg,Wide Bay Burnett,Central,Southern,North Coast and Wide Bay/Burnett,Bundaberg North - Gooburrum,Bundaberg,Wide Bay,Inner Regional,Bundaberg,Hinkler,Locally-controlled,No Roadway Feature,No traffic control,60 km/h,Sealed - Wet,Clear,Darkness - Not lighted,Curved - view open,Level,700,Off Path-Straight: Other,Other,E,0,0,0,0,0,1,0,0,0,0,0,0
6274,Property damage only,2003,August,Thursday,13,Hit object,Single Vehicle,152.3740966,-25.26524291,Bruce Hwy,,Bruce Highway (Maryborough - Gin Gin),Isis River,Bundaberg Region,4660,Childers,Wide Bay Burnett,Central,Southern,North Coast and Wide Bay/Burnett,Bundaberg Region - South,Bundaberg,Wide Bay,Inner Regional,Burnett,Hinkler,State-controlled,No Roadway Feature,No traffic control,100 - 110 km/h,Sealed - Dry,Clear,Daylight,Straight,Grade,703,Off Path-Straight: Left Off Cway Hit Obj,Off carriageway on straight hit object,N,0,0,0,0,0,1,0,0,0,0,0,0
6275,Hospitalisation,2003,August,Thursday,7,Angle,Multi-Vehicle,149.184964,-21.1516383,Evan St,Juliet St,,South Mackay,Mackay Region,4740,Mackay,Mackay,Central,Central,Central Queensland,South Mackay,Mackay,Mackay - Isaac - Whitsunday,Inner Regional,Mackay,Dawson,Locally-controlled,Intersection - Roundabout,Give way sign,60 km/h,Sealed - Dry,Clear,Daylight,Straight,Level,101,Veh'S Adjacent Approach: Thru-Thru,Intersection from adjacent approaches,S,0,1,0,0,1,1,1,0,0,0,0,0
6276,Property damage only,2003,August,Friday,13,Rear-end,Multi-Vehicle,153.0209525,-27.55858905,Griffith Arterial Rd,,Griffith Arterial Road,Coopers Plains,Brisbane City,4108,Moorooka,South Brisbane,Brisbane,SEQ South,Metropolitan,Coopers Plains,Nathan,Brisbane - South,Major Cities,Toohey,Moreton,State-controlled,No Roadway Feature,No traffic control,80 - 90 km/h,Sealed - Dry,Clear,Daylight,Straight,Level,301,Veh'S Same Direction: Rear End,Rear-end,W,0,0,0,0,0,2,0,1,0,0,0,0
6277,Hospitalisation,2003,August,Friday,18,Hit object,Single Vehicle,153.2550195,-27.97203701,Beaudesert - Nerang Rd,,Beaudesert - Nerang Road,Mount Nathan,Gold Coast City,4211,Nerang,Gold Coast,South Eastern,SEQ South,South Coast,Nerang - Mount Nathan,Nerang,Gold Coast,Major Cities,Gaven,Wright,State-controlled,No Roadway Feature,No traffic control,80 - 90 km/h,Sealed - Dry,Clear,Darkness - Not lighted,Curved - view open,Grade,800,Off Path-Curve: Other,Other,W,0,1,0,0,1,1,0,0,0,0,0,0
6278,Hospitalisation,2003,August,Friday,19,Overturned,Single Vehicle,149.1356067,-21.07629118,Mackay - Habana Rd,,Mackay - Habana Road,Nindaroo,Mackay Region,4740,Mackay Northern Beaches,Mackay,Central,Central,Central Queensland,Mount Pleasant - Glenella,Mackay,Mackay - Isaac - Whitsunday,Inner Regional,Whitsunday,Dawson,State-controlled,Bridge/Causeway,No traffic control,100 - 110 km/h,Sealed - Dry,Clear,Darkness - Not lighted,Curved - view open,Level,800,Off Path-Curve: Other,Other,N,0,2,0,0,2,1,0,0,0,0,0,0
6279,Medical treatment,2003,August,Friday,17,Angle,Multi-Vehicle,147.4022312,-19.57375281,Wilmington St,Young St,,Ayr,Burdekin Shire,4807,Ayr,Townsville,Northern,Northern,North Queensland,Ayr,Charters Towers - Ayr - Ingham,Townsville,Outer Regional,Burdekin,Dawson,Locally-controlled,Intersection - Cross,No traffic control,0 - 50 km/h,Sealed - Dry,Clear,Dawn/Dusk,Straight,Level,101,Veh'S Adjacent Approach: Thru-Thru,Intersection from adjacent approaches,W,0,0,1,0,1,2,0,0,0,0,0,0
6280,Property damage only,2003,August,Saturday,21,Hit parked vehicle,Single Vehicle,153.0244965,-27.502009,Hefferan St,,,Fairfield,Brisbane City,4103,Annerley,South Brisbane,Brisbane,SEQ South,Metropolitan,Fairfield - Dutton Park,Holland Park - Yeronga,Brisbane - South,Major Cities,Miller,Moreton,Locally-controlled,No Roadway Feature,No traffic control,0 - 50 km/h,Sealed - Dry,Clear,Darkness - Lighted,Straight,Level,601,Veh'S On Path: Parked,Hit parked vehicle,S,0,0,0,0,0,3,0,0,0,0,0,0
6281,Medical treatment,2003,August,Saturday,9,Angle,Multi-Vehicle,153.0732589,-27.53159632,Logan Rd,Tudor St,,Mount Gravatt,Brisbane City,4122,Holland Park,South Brisbane,Brisbane,SEQ South,Metropolitan,Mount Gravatt,Mt Gravatt,Brisbane - South,Major Cities,Greenslopes,Bonner,Locally-controlled,Intersection - T-Junction,Give way sign,60 km/h,Sealed - Dry,Clear,Daylight,Straight,Level,408,Veh'S Manoeuvring: Entering From Footway,Vehicle leaving driveway,E,0,0,1,0,1,1,0,0,0,1,0,0
6282,Property damage only,2003,August,Saturday,16,Rear-end,Multi-Vehicle,152.9716411,-27.50122243,Musgrave Rd,Station Rd,,Indooroopilly,Brisbane City,4068,Indooroopilly,North Brisbane,Brisbane,SEQ North,Metropolitan,Indooroopilly,Sherwood - Indooroopilly,Brisbane - West,Major Cities,Maiwar,Ryan,Locally-controlled,Intersection - Cross,Operating traffic lights,60 km/h,Sealed - Dry,Clear,Daylight,Curved - view open,Level,302,Veh'S Same Direction: Left Rear,Rear-end,S,0,0,0,0,0,2,0,0,0,0,0,0
6283,Medical treatment,2003,August,Saturday,14,Angle,Multi-Vehicle,153.1352557,-27.48383066,Radstock Pl,Wallington St,,Tingalpa,Brisbane City,4173,Wynnum,South Brisbane,Brisbane,SEQ South,Metropolitan,Tingalpa,Wynnum - Manly,Brisbane - East,Major Cities,Chatsworth,Bonner,Locally-controlled,Intersection - T-Junction,No traffic control,0 - 50 km/h,Sealed - Dry,Clear,Daylight,Straight,Grade,104,Veh'S Adjacent Approach: Thru-Right,Intersection from adjacent approaches,N,0,0,1,0,1,1,0,0,0,1,0,0
6284,Medical treatment,2003,August,Saturday,15,Rear-end,Multi-Vehicle,153.0233778,-27.37367775,Gympie Rd,Webster Rd,Gympie Arterial Road,Aspley,Brisbane City,4034,Carseldine,North Brisbane,Brisbane,SEQ North,Metropolitan,Aspley,Chermside,Brisbane - North,Major Cities,Aspley,Lilley,State-controlled,Intersection - T-Junction,Give way sign,60 km/h,Sealed - Dry,Clear,Daylight,Straight,Grade,302,Veh'S Same Direction: Left Rear,Rear-end,N,0,0,2,0,2,2,0,0,0,0,0,0
6285,Medical treatment,2003,August,Saturday,14,Rear-end,Multi-Vehicle,153.0564828,-27.39163603,Hamilton Rd,Kinmond Ave,,Wavell Heights,Brisbane City,4012,Hendra,North Brisbane,Brisbane,SEQ North,Metropolitan,Wavell Heights,Chermside,Brisbane - North,Major Cities,Nudgee,Lilley,Locally-controlled,Intersection - T-Junction,No traffic control,60 km/h,Sealed - Dry,Clear,Daylight,Straight,Dip,303,Veh'S Same Direction: Right Rear,Rear-end,E,0,0,1,1,2,2,0,0,0,0,0,0
6286,Minor injury,2003,August,Saturday,17,Rear-end,Multi-Vehicle,152.9744914,-27.39834882,Camelia Ave,Violet St,,Everton Hills,Moreton Bay Region,4053,Ferny Grove,North Brisbane,Brisbane,SEQ North,North Coast and Wide Bay/Burnett,The Hills District,The Hills District,Moreton Bay - South,Major Cities,Everton,Dickson,Locally-controlled,Intersection - Cross,No traffic control,60 km/h,Sealed - Dry,Clear,Dawn/Dusk,Straight,Level,303,Veh'S Same Direction: Right Rear,Rear-end,E,0,0,0,3,3,2,0,0,0,0,0,0
6287,Property damage only,2003,August,Saturday,13,Angle,Multi-Vehicle,153.4810808,-28.13230584,Currumbin Creek Rd,Gold Coast Hwy On Ramp,Currumbin Creek Road,Currumbin,Gold Coast City,4223,Coolangatta,Gold Coast,South Eastern,SEQ South,South Coast,Currumbin - Tugun,Coolangatta,Gold Coast,Major Cities,Currumbin,Mcpherson,State-controlled,Intersection - Interchange,No traffic control,60 km/h,Sealed - Dry,Clear,Daylight,Straight,Level,308,Veh'S Same Direction: Right Turn S/Swipe,Parallel lanes turning,N,0,0,0,0,0,2,0,0,0,0,0,0
6288,Hospitalisation,2003,August,Saturday,18,Sideswipe,Multi-Vehicle,153.3414032,-27.94824004,Pacific Hwy,Smith St Connection Rd,Pacific Highway (Pacific Motorway),Arundel,Gold Coast City,4214,Nerang,Gold Coast,South Eastern,SEQ South,South Coast,Arundel,Gold Coast - North,Gold Coast,Major Cities,Bonney,Fadden,State-controlled,Intersection - T-Junction,No traffic control,100 - 110 km/h,Sealed - Dry,Clear,Darkness - Lighted,Straight,Level,309,Veh'S Same Direction: Left Turn S/Swipe,Parallel lanes turning,S,0,1,0,0,1,1,1,0,0,0,0,0
6289,Hospitalisation,2003,August,Saturday,17,Rear-end,Multi-Vehicle,152.2646333,-27.53601525,Warrego Hwy,,Warrego Highway (Ipswich - Toowoomba),Gatton,Lockyer Valley Region,4343,Gatton,Darling Downs,Southern,SEQ South,Downs South West,Gatton,Toowoomba,Toowoomba,Inner Regional,Lockyer,Wright,State-controlled,No Roadway Feature,No traffic control,60 km/h,Sealed - Dry,Clear,Dawn/Dusk,Straight,Level,304,Veh'S Same Direction: U-Turn,U-turn,W,0,1,0,1,2,2,0,0,0,0,0,0
6290,Hospitalisation,2003,August,Saturday,4,Hit object,Single Vehicle,151.3842185,-27.27127949,Warrego Hwy,,Warrego Highway (Toowoomba - Dalby),Bowenville,Toowoomba Region,4404,Dalby,South West,Southern,Southern,Downs South West,Jondaryan,Darling Downs - East,Darling Downs - Maranoa,Inner Regional,Condamine,Groom,State-controlled,No Roadway Feature,No traffic control,100 - 110 km/h,Sealed - Dry,Clear,Darkness - Not lighted,Straight,Level,703,Off Path-Straight: Left Off Cway Hit Obj,Off carriageway on straight hit object,N,0,1,0,0,1,1,0,0,0,0,0,0
6291,Hospitalisation,2003,August,Sunday,9,Hit object,Single Vehicle,152.8991872,-27.53765426,Moggill Rd,,Moggill Sub-Arterial Road,Pinjarra Hills,Brisbane City,4069,Indooroopilly,North Brisbane,Brisbane,SEQ North,Metropolitan,Pinjarra Hills - Pullenvale,Kenmore - Brookfield - Moggill,Brisbane - West,Major Cities,Moggill,Ryan,State-controlled,No Roadway Feature,No traffic control,70 km/h,Sealed - Wet,Clear,Daylight,Curved - view obscured,Grade,803,Off Path-Curve: Off Cway Rt Bend Hit Obj,Off carriageway on curve hit object,W,0,2,0,0,2,1,0,0,0,0,0,0
6292,Medical treatment,2003,August,Sunday,14,Hit object,Single Vehicle,153.0125066,-27.54233361,Ipswich Rd,,,Rocklea,Brisbane City,4106,Moorooka,South Brisbane,Brisbane,SEQ South,Metropolitan,Rocklea - Acacia Ridge,Rocklea - Acacia Ridge,Brisbane - South,Major Cities,Toohey,Moreton,Locally-controlled,No Roadway Feature,No traffic control,80 - 90 km/h,Sealed - Wet,Clear,Daylight,Straight,Level,703,Off Path-Straight: Left Off Cway Hit Obj,Off carriageway on straight hit object,S,0,0,1,0,1,1,0,0,0,0,0,0
6293,Property damage only,2003,August,Sunday,22,Hit object,Single Vehicle,152.9921585,-27.55837363,Donaldson Rd,,,Rocklea,Brisbane City,4106,Sherwood,South Brisbane,Brisbane,SEQ South,Metropolitan,Rocklea - Acacia Ridge,Rocklea - Acacia Ridge,Brisbane - South,Major Cities,Miller,Moreton,Locally-controlled,No Roadway Feature,No traffic control,70 km/h,Sealed - Dry,Clear,Darkness - Lighted,Curved - view open,Grade,803,Off Path-Curve: Off Cway Rt Bend Hit Obj,Off carriageway on curve hit object,N,0,0,0,0,0,0,0,1,0,0,0,0
6294,Hospitalisation,2003,August,Sunday,23,Angle,Multi-Vehicle,152.7696521,-27.6373066,Cascade St,Whitehill Rd,,Raceview,Ipswich City,4305,Yamanto,Ipswich,Southern,SEQ South,Metropolitan,Raceview,Ipswich Inner,Ipswich,Major Cities,Ipswich,Blair,Locally-controlled,Intersection - Cross,Give way sign,60 km/h,Sealed - Dry,Clear,Darkness - Lighted,Straight,Level,101,Veh'S Adjacent Approach: Thru-Thru,Intersection from adjacent approaches,E,0,1,0,0,1,2,0,0,0,0,0,0
6295,Property damage only,2003,August,Sunday,16,Angle,Multi-Vehicle,153.0302058,-27.44251891,Lutwyche Rd,Northey St,,Windsor,Brisbane City,4030,Stafford,North Brisbane,Brisbane,SEQ North,Metropolitan,Windsor,Brisbane Inner - North,Brisbane Inner City,Major Cities,Clayfield,Brisbane,Locally-controlled,Intersection - T-Junction,Operating traffic lights,0 - 50 km/h,Sealed - Dry,Clear,Daylight,Straight,Level,104,Veh'S Adjacent Approach: Thru-Right,Intersection from adjacent approaches,N,0,0,0,0,0,2,0,0,0,0,0,0
6296,Medical treatment,2003,August,Sunday,11,Rear-end,Multi-Vehicle,153.4944909,-28.14390407,Gold Coast Hwy,Toolona St,Gold Coast Highway (Broadbeach - Coolangatta),Tugun,Gold Coast City,4224,Coolangatta,Gold Coast,South Eastern,SEQ South,South Coast,Currumbin - Tugun,Coolangatta,Gold Coast,Major Cities,Currumbin,Mcpherson,State-controlled,Intersection - Cross,Operating traffic lights,70 km/h,Sealed - Dry,Clear,Daylight,Straight,Level,301,Veh'S Same Direction: Rear End,Rear-end,N,0,0,1,0,1,2,0,0,0,0,0,0
6297,Property damage only,2003,August,Sunday,12,Overturned,Single Vehicle,152.8427027,-26.38748099,Bruce Hwy,,Cooroy - Gympie Road,Pomona,Noosa Shire,4568,Pomona,Sunshine Coast,Central,SEQ North,North Coast and Wide Bay/Burnett,Noosa Hinterland,Noosa Hinterland,Sunshine Coast,Inner Regional,Nicklin,Wide Bay,State-controlled,No Roadway Feature,No traffic control,100 - 110 km/h,Sealed - Wet,Raining,Daylight,Straight,Level,701,Off Path-Straight: Left Off Cway,Off carriageway on straight,N,0,0,0,0,0,1,0,0,0,0,0,0
6298,Property damage only,2003,August,Sunday,0,Hit object,Single Vehicle,152.9311086,-26.45602784,Bruce Hwy,Main Camp Rd,Bruce Highway (Brisbane - Gympie),Eerwah Vale,Sunshine Coast Region,4562,Eumundi,Sunshine Coast,Central,SEQ North,North Coast and Wide Bay/Burnett,Eumundi - Yandina,Nambour,Sunshine Coast,Inner Regional,Nicklin,Fairfax,State-controlled,Intersection - T-Junction,No traffic control,80 - 90 km/h,Sealed - Dry,Clear,Darkness - Not lighted,Straight,Dip,704,Off Path-Straight:Right Off Cway Hit Obj,Off carriageway on straight hit object,S,0,0,0,0,0,1,0,0,0,0,0,0
6299,Hospitalisation,2003,August,Sunday,1,Hit object,Single Vehicle,151.9620938,-28.10507184,Alldridge Rd,Warwick - Allora Rd,Warwick - Allora Road,Deuchar,Southern Downs Region,4362,Allora,Darling Downs,Southern,Southern,Downs South West,Southern Downs - West,Granite Belt,Darling Downs - Maranoa,Inner Regional,Southern Downs,Maranoa,State-controlled,Intersection - T-Junction,No traffic control,100 - 110 km/h,Sealed - Dry,Clear,Darkness - Not lighted,Curved - view open,Level,803,Off Path-Curve: Off Cway Rt Bend Hit Obj,Off carriageway on curve hit object,S,0,2,0,1,3,1,0,0,0,0,0,0
6300,Hospitalisation,2003,August,Sunday,5,Overturned,Single Vehicle,150.3476462,-23.12173282,Bruce Hwy,,Bruce Highway (Rockhampton-St Lawrence),Yaamba,Livingstone Shire,4704,North Rockhampton,Capricornia,Central,Central,Central Queensland,Rockhampton Region - North,Rockhampton,Central Queensland,Outer Regional,Mirani,Capricornia,State-controlled,No Roadway Feature,No traffic control,100 - 110 km/h,Sealed - Dry,Clear,Dawn/Dusk,Curved - view open,Level,805,Off Path-Curve: Out Of Control On Cway,Out of control on curve,S,0,3,0,0,3,1,0,0,0,0,0,0