Crash_Ref_Number,Crash_Severity,Crash_Year,Crash_Month,Crash_Day_Of_Week,Crash_Hour,Crash_Nature,Crash_Type,Crash_Longitude_GDA94,Crash_Latitude_GDA94,Crash_Street,Crash_Street_Intersecting,State_Road_Name,Loc_Suburb,Loc_Local_Government_Area,Loc_Post_Code,Loc_Police_Division,Loc_Police_District,Loc_Police_Region,Loc_Queensland_Transport_Region,Loc_Main_Roads_Region,Loc_ABS_Statistical_Area_2,Loc_ABS_Statistical_Area_3,Loc_ABS_Statistical_Area_4,Loc_ABS_Remoteness,Loc_State_Electorate,Loc_Federal_Electorate,Crash_Controlling_Authority,Crash_Roadway_Feature,Crash_Traffic_Control,Crash_Speed_Limit,Crash_Road_Surface_Condition,Crash_Atmospheric_Condition,Crash_Lighting_Condition,Crash_Road_Horiz_Align,Crash_Road_Vert_Align,Crash_DCA_Code,Crash_DCA_Description,Crash_DCA_Group_Description,DCA_Key_Approach_Dir,Count_Casualty_Fatality,Count_Casualty_Hospitalised,Count_Casualty_MedicallyTreated,Count_Casualty_MinorInjury,Count_Casualty_Total,Count_Unit_Car,Count_Unit_Motorcycle_Moped,Count_Unit_Truck,Count_Unit_Bus,Count_Unit_Bicycle,Count_Unit_Pedestrian,Count_Unit_Other
6396,Medical treatment,2003,September,Saturday,16,Angle,Multi-Vehicle,152.9277573,-27.40477293,Mcginn Rd,Rinavore St,,Ferny Grove,Brisbane City,4055,Ferny Grove,North Brisbane,Brisbane,SEQ North,Metropolitan,Upper Kedron - Ferny Grove,The Gap - Enoggera,Brisbane - West,Major Cities,Ferny Grove,Ryan,Locally-controlled,Intersection - T-Junction,No traffic control,60 km/h,Sealed - Dry,Clear,Daylight,Straight,Level,202,Veh'S Opposite Approach: Thru-Right,Opposing vehicles turning,W,0,0,3,0,3,2,0,0,0,0,0,0
6397,Property damage only,2003,September,Saturday,0,Hit object,Single Vehicle,153.0990293,-26.55084672,Maroochydore - Noosa Rd,,Maroochydore - Noosa Road,Yaroomba,Sunshine Coast Region,4573,Coolum,Sunshine Coast,Central,SEQ North,North Coast and Wide Bay/Burnett,Coolum Beach,Maroochy,Sunshine Coast,Major Cities,Maroochydore,Fairfax,State-controlled,No Roadway Feature,No traffic control,60 km/h,Sealed - Dry,Clear,Darkness - Lighted,Curved - view open,Grade,803,Off Path-Curve: Off Cway Rt Bend Hit Obj,Off carriageway on curve hit object,S,0,0,0,0,0,1,0,0,0,0,0,0
6398,Property damage only,2003,September,Saturday,5,Hit animal,Other,151.9091603,-27.58149479,Euston Rd,,,Glenvale,Toowoomba Region,4350,Toowoomba,Darling Downs,Southern,Southern,Downs South West,Toowoomba - West,Toowoomba,Toowoomba,Inner Regional,Toowoomba South,Groom,Locally-controlled,No Roadway Feature,No traffic control,70 km/h,Sealed - Dry,Clear,Daylight,Straight,Level,609,Pass & Misc: Hit Animal,Hit animal,E,0,0,0,0,0,1,0,0,0,0,0,1
6399,Property damage only,2003,September,Saturday,1,Overturned,Single Vehicle,148.1694489,-23.56526074,Gregory Hwy,Pilot Farm Rd,Gregory Highway (Springsure - Emerald),Emerald,Central Highlands Region,4720,Emerald,Capricornia,Central,Central,Central Queensland,Emerald,Central Highlands (qld),Central Queensland,Outer Regional,Gregory,Flynn,State-controlled,Intersection - T-Junction,No traffic control,100 - 110 km/h,Sealed - Dry,Clear,Darkness - Not lighted,Straight,Level,705,Off Path-Straight:Out Of Control On Cway,Out of control on straight,S,0,0,0,0,0,1,0,0,0,0,0,0
6400,Minor injury,2003,September,Sunday,4,Hit object,Single Vehicle,153.0362091,-27.37038562,Murphy Rd,,,Geebung,Brisbane City,4034,Boondall,North Brisbane,Brisbane,SEQ North,Metropolitan,Geebung,Chermside,Brisbane - North,Major Cities,Aspley,Lilley,Locally-controlled,No Roadway Feature,No traffic control,60 km/h,Sealed - Dry,Clear,Darkness - Lighted,Straight,Grade,704,Off Path-Straight:Right Off Cway Hit Obj,Off carriageway on straight hit object,N,0,0,0,1,1,1,0,0,0,0,0,0
6401,Hospitalisation,2003,September,Sunday,18,Angle,Multi-Vehicle,152.9796154,-27.13975122,Bruce Hwy On Ramp,Uhlmann Rd,Bruce Highway (Brisbane - Gympie),Burpengary East,Moreton Bay Region,4505,Deception Bay,Moreton,Southern,SEQ North,North Coast and Wide Bay/Burnett,Burpengary - East,Caboolture,Moreton Bay - North,Major Cities,Bancroft,Longman,State-controlled,Intersection - Interchange,Give way sign,80 - 90 km/h,Sealed - Dry,Clear,Darkness - Lighted,Curved - view open,Grade,104,Veh'S Adjacent Approach: Thru-Right,Intersection from adjacent approaches,S,0,1,0,2,3,2,0,0,0,0,0,0
6402,Property damage only,2003,September,Sunday,18,Hit parked vehicle,Single Vehicle,153.4096597,-28.01108551,Ashmore Rd,Upton St,,Bundall,Gold Coast City,4217,Broadbeach,Gold Coast,South Eastern,SEQ South,South Coast,Bundall,Surfers Paradise,Gold Coast,Major Cities,Surfers Paradise,Moncrieff,Locally-controlled,Intersection - Roundabout,Give way sign,60 km/h,Sealed - Dry,Clear,Darkness - Lighted,Curved - view open,Level,601,Veh'S On Path: Parked,Hit parked vehicle,N,0,0,0,0,0,2,0,0,0,0,0,0
6403,Medical treatment,2003,September,Sunday,5,Angle,Multi-Vehicle,153.4186263,-28.06534418,Cottesloe Dr,Southport - Burleigh Rd,,Robina,Gold Coast City,4226,Robina,Gold Coast,South Eastern,SEQ South,South Coast,Robina,Robina,Gold Coast,Major Cities,Mermaid Beach,Mcpherson,Locally-controlled,Intersection - Cross,Operating traffic lights,60 km/h,Sealed - Dry,Clear,Dawn/Dusk,Straight,Level,101,Veh'S Adjacent Approach: Thru-Thru,Intersection from adjacent approaches,W,0,0,1,2,3,2,0,0,0,0,0,0
6404,Property damage only,2003,September,Sunday,14,Hit object,Single Vehicle,151.2195658,-24.79998536,Bukali Scrub Rd,,,Bancroft,North Burnett Region,4630,Monto,Wide Bay Burnett,Central,Southern,North Coast and Wide Bay/Burnett,Monto - Eidsvold,Burnett,Wide Bay,Outer Regional,Callide,Flynn,Locally-controlled,No Roadway Feature,No traffic control,100 - 110 km/h,Unsealed - Dry,Clear,Daylight,Curved - view open,Level,803,Off Path-Curve: Off Cway Rt Bend Hit Obj,Off carriageway on curve hit object,N,0,0,0,0,0,1,0,0,0,0,0,0
6405,Minor injury,2003,September,Monday,13,Angle,Multi-Vehicle,152.7167721,-25.54065794,Cambridge St,Odessa St,Maryborough - Cooloola Road,Granville,Fraser Coast Region,4650,Maryborough,Wide Bay Burnett,Central,Southern,North Coast and Wide Bay/Burnett,Granville,Maryborough,Wide Bay,Inner Regional,Maryborough,Wide Bay,State-controlled,Intersection - Cross,Operating traffic lights,60 km/h,Sealed - Dry,Clear,Daylight,Straight,Level,202,Veh'S Opposite Approach: Thru-Right,Opposing vehicles turning,N,0,0,0,1,1,1,0,0,0,1,0,0
6406,Property damage only,2003,September,Monday,12,Hit object,Single Vehicle,148.5512862,-25.9455717,Carnarvon Hwy,,Carnarvon Highway (Roma - Injune),Gunnewin,Maranoa Region,4455,Injune,South West,Southern,Southern,Downs South West,Roma Region,Darling Downs (west) - Maranoa,Darling Downs - Maranoa,Remote,Warrego,Maranoa,State-controlled,No Roadway Feature,No traffic control,100 - 110 km/h,Sealed - Dry,Clear,Daylight,Straight,Grade,704,Off Path-Straight:Right Off Cway Hit Obj,Off carriageway on straight hit object,N,0,0,0,0,0,0,0,1,0,0,0,0
6407,Medical treatment,2003,September,Tuesday,10,Rear-end,Multi-Vehicle,153.02071,-27.55860312,Griffith Arterial Rd,Mt Lindesay Art. Rd,Mount Lindesay Arterial Road,Archerfield,Brisbane City,4108,Moorooka,South Brisbane,Brisbane,SEQ South,Metropolitan,Rocklea - Acacia Ridge,Rocklea - Acacia Ridge,Brisbane - South,Major Cities,Algester,Moreton,State-controlled,Intersection - T-Junction,Give way sign,60 km/h,Sealed - Dry,Clear,Daylight,Straight,Level,302,Veh'S Same Direction: Left Rear,Rear-end,N,0,0,1,0,1,1,0,0,0,0,0,1
6408,Medical treatment,2003,September,Tuesday,8,Angle,Multi-Vehicle,152.9788261,-27.51928292,Oxley Rd,,,Graceville,Brisbane City,4075,Sherwood,South Brisbane,Brisbane,SEQ South,Metropolitan,Chelmer - Graceville,Sherwood - Indooroopilly,Brisbane - West,Major Cities,Miller,Moreton,Locally-controlled,No Roadway Feature,No traffic control,60 km/h,Sealed - Dry,Clear,Daylight,Straight,Level,400,Veh'S Manoeuvring: Other,Other,,0,0,1,0,1,1,0,0,0,1,0,0
6409,Hospitalisation,2003,September,Tuesday,15,Hit object,Single Vehicle,152.9769475,-27.11567803,Bruce Hwy,,Bruce Highway (Brisbane - Gympie),Morayfield,Moreton Bay Region,4506,Deception Bay,Moreton,Southern,SEQ North,North Coast and Wide Bay/Burnett,Burpengary - East,Caboolture,Moreton Bay - North,Major Cities,Bancroft,Longman,State-controlled,No Roadway Feature,No traffic control,100 - 110 km/h,Sealed - Dry,Clear,Daylight,Straight,Level,703,Off Path-Straight: Left Off Cway Hit Obj,Off carriageway on straight hit object,S,0,3,0,0,3,1,0,0,0,0,0,0
6410,Minor injury,2003,September,Tuesday,13,Rear-end,Multi-Vehicle,150.514975,-23.38031568,East St,,,Rockhampton City,Rockhampton Region,4700,Rockhampton,Capricornia,Central,Central,Central Queensland,Rockhampton City,Rockhampton,Central Queensland,Inner Regional,Rockhampton,Capricornia,Locally-controlled,No Roadway Feature,No traffic control,0 - 50 km/h,Sealed - Dry,Clear,Daylight,Straight,Level,303,Veh'S Same Direction: Right Rear,Rear-end,S,0,0,0,2,2,2,0,0,0,0,0,0
6411,Minor injury,2003,September,Wednesday,21,Rear-end,Multi-Vehicle,152.9727603,-27.16575905,Torelli Dr,,,Burpengary,Moreton Bay Region,4505,Burpengary,Moreton,Southern,SEQ North,North Coast and Wide Bay/Burnett,Burpengary,Narangba - Burpengary,Moreton Bay - North,Major Cities,Kurwongbah,Longman,Locally-controlled,No Roadway Feature,No traffic control,60 km/h,Sealed - Dry,Clear,Darkness - Lighted,Straight,Level,301,Veh'S Same Direction: Rear End,Rear-end,W,0,0,0,1,1,0,1,0,0,0,0,1
6412,Minor injury,2003,September,Wednesday,14,Rear-end,Multi-Vehicle,153.1285198,-26.70281919,Point Cartwright Dr,,,Buddina,Sunshine Coast Region,4575,Kawana Waters,Sunshine Coast,Central,SEQ North,North Coast and Wide Bay/Burnett,Buddina - Minyama,Caloundra,Sunshine Coast,Major Cities,Kawana,Fisher,Locally-controlled,No Roadway Feature,No traffic control,60 km/h,Sealed - Dry,Clear,Daylight,Straight,Level,303,Veh'S Same Direction: Right Rear,Rear-end,W,0,0,0,5,5,2,0,0,0,0,0,0
6413,Property damage only,2003,September,Thursday,22,Rear-end,Multi-Vehicle,153.0284213,-27.47917205,South East Arterial Rd,,South-East Arterial Road (Pacific Motorway),Brisbane City,Brisbane City,4000,Brisbane City,North Brisbane,Brisbane,SEQ North,Metropolitan,Brisbane City,Brisbane Inner,Brisbane Inner City,Major Cities,Mcconnel,Brisbane,State-controlled,Bridge/Causeway,No traffic control,80 - 90 km/h,Sealed - Dry,Clear,Darkness - Lighted,Straight,Level,608,Veh'S On Path: Accident Or Broken Down,Hit parked vehicle,S,0,0,0,0,0,2,0,0,0,0,0,0
6414,Property damage only,2003,September,Thursday,15,Rear-end,Multi-Vehicle,152.9650337,-27.13562651,Burpengary - Caboolture Rd,,Burpengary - Caboolture Road,Burpengary,Moreton Bay Region,4505,Burpengary,Moreton,Southern,SEQ North,North Coast and Wide Bay/Burnett,Burpengary,Narangba - Burpengary,Moreton Bay - North,Major Cities,Kurwongbah,Longman,State-controlled,No Roadway Feature,No traffic control,80 - 90 km/h,Sealed - Dry,Clear,Daylight,Straight,Level,301,Veh'S Same Direction: Rear End,Rear-end,E,0,0,0,0,0,3,0,0,0,0,0,0
6415,Minor injury,2003,September,Thursday,15,Sideswipe,Multi-Vehicle,153.155237,-27.06455504,Caboolture - Bribie Island Rd,Sunderland Dr,,Bongaree,Moreton Bay Region,4507,Bribie Island,Moreton,Southern,SEQ North,North Coast and Wide Bay/Burnett,Bribie Island,Bribie - Beachmere,Moreton Bay - North,Inner Regional,Pumicestone,Longman,Locally-controlled,Intersection - Roundabout,No traffic control,0 - 50 km/h,Sealed - Dry,Clear,Daylight,Curved - view open,Level,308,Veh'S Same Direction: Right Turn S/Swipe,Parallel lanes turning,S,0,0,0,1,1,2,0,0,0,0,0,0
6416,Property damage only,2003,September,Thursday,14,Angle,Multi-Vehicle,153.0551849,-26.65414681,Fishermans Rd,,,Kuluin,Sunshine Coast Region,4558,Maroochydore,Sunshine Coast,Central,SEQ North,North Coast and Wide Bay/Burnett,Maroochydore - Kuluin,Maroochy,Sunshine Coast,Major Cities,Ninderry,Fairfax,Locally-controlled,No Roadway Feature,No traffic control,60 km/h,Sealed - Dry,Clear,Daylight,Straight,Level,406,Veh'S Manoeuvring: Leaving Driveway,Vehicle leaving driveway,N,0,0,0,0,0,2,0,0,0,0,0,0
6417,Minor injury,2003,September,Thursday,18,Rear-end,Multi-Vehicle,151.954258,-27.56894773,Neil St,Warrego Hwy,Warrego Highway (Ipswich - Toowoomba),Toowoomba City,Toowoomba Region,4350,Toowoomba,Darling Downs,Southern,Southern,Downs South West,Toowoomba - Central,Toowoomba,Toowoomba,Inner Regional,Toowoomba North,Groom,State-controlled,Intersection - Cross,Operating traffic lights,60 km/h,Sealed - Dry,Clear,Dawn/Dusk,Straight,Level,303,Veh'S Same Direction: Right Rear,Rear-end,S,0,0,0,1,1,2,0,0,0,0,0,0
6418,Property damage only,2003,September,Friday,18,Angle,Multi-Vehicle,153.0907983,-27.56946079,Holmead Rd,,,Eight Mile Plains,Brisbane City,4113,Upper Mount Gravatt,South Brisbane,Brisbane,SEQ South,Metropolitan,Eight Mile Plains,Mt Gravatt,Brisbane - South,Major Cities,Toohey,Bonner,Locally-controlled,No Roadway Feature,No traffic control,60 km/h,Sealed - Dry,Clear,Darkness - Lighted,Straight,Level,202,Veh'S Opposite Approach: Thru-Right,Opposing vehicles turning,E,0,0,0,0,0,2,0,0,0,0,0,0
6419,Hospitalisation,2003,September,Friday,20,Angle,Multi-Vehicle,153.0144992,-27.47603902,Manning St,Melbourne St,,South Brisbane,Brisbane City,4101,West End,South Brisbane,Brisbane,SEQ South,Metropolitan,South Brisbane,Brisbane Inner,Brisbane Inner City,Major Cities,South Brisbane,Griffith,Locally-controlled,Intersection - Cross,Operating traffic lights,60 km/h,Sealed - Dry,Clear,Darkness - Lighted,Straight,Level,101,Veh'S Adjacent Approach: Thru-Thru,Intersection from adjacent approaches,N,0,1,0,0,1,1,0,0,1,0,0,0
6420,Minor injury,2003,September,Friday,10,Rear-end,Multi-Vehicle,152.9783734,-27.08578199,Bruce Hwy Off Ramp,Caboolture - Bribie Island Rd,Caboolture - Bribie Island Road,Caboolture,Moreton Bay Region,4510,Caboolture,Moreton,Southern,SEQ North,North Coast and Wide Bay/Burnett,Caboolture,Caboolture,Moreton Bay - North,Major Cities,Pumicestone,Longman,State-controlled,Intersection - Interchange,No traffic control,60 km/h,Sealed - Dry,Clear,Daylight,Straight,Level,302,Veh'S Same Direction: Left Rear,Rear-end,E,0,0,0,1,1,2,0,0,0,0,0,0
6421,Hospitalisation,2003,September,Friday,18,Rear-end,Multi-Vehicle,153.1316449,-27.50496611,Cleveland Sub-Arterial Rd,,Cleveland Sub-Arterial Road,Belmont,Brisbane City,4153,Capalaba,South Brisbane,Brisbane,SEQ South,Metropolitan,Belmont - Gumdale,Capalaba,Brisbane - East,Major Cities,Chatsworth,Bonner,State-controlled,No Roadway Feature,No traffic control,80 - 90 km/h,Sealed - Dry,Clear,Dawn/Dusk,Straight,Level,301,Veh'S Same Direction: Rear End,Rear-end,E,0,1,0,0,1,1,1,0,0,0,0,0
6422,Property damage only,2003,September,Friday,13,Rear-end,Multi-Vehicle,152.9487898,-27.41455648,Samford Rd,Settlement Rd,Samford Sub-Arterial Road,Keperra,Brisbane City,4054,Ferny Grove,North Brisbane,Brisbane,SEQ North,Metropolitan,Keperra,The Gap - Enoggera,Brisbane - West,Major Cities,Ferny Grove,Ryan,State-controlled,Intersection - T-Junction,No traffic control,70 km/h,Sealed - Dry,Clear,Daylight,Straight,Level,107,Veh'S Adjacent Approach: Thru-Left,Intersection from adjacent approaches,W,0,0,0,0,0,2,0,0,0,0,0,0
6423,Property damage only,2003,September,Friday,17,Angle,Multi-Vehicle,153.1174927,-26.81931607,Beattie St,Coronation Ave,,Golden Beach,Sunshine Coast Region,4551,Caloundra,Sunshine Coast,Central,SEQ North,North Coast and Wide Bay/Burnett,Golden Beach - Pelican Waters,Caloundra,Sunshine Coast,Major Cities,Caloundra,Fisher,Locally-controlled,Intersection - Cross,Stop sign,0 - 50 km/h,Sealed - Dry,Clear,Daylight,Straight,Level,101,Veh'S Adjacent Approach: Thru-Thru,Intersection from adjacent approaches,W,0,0,0,0,0,2,0,0,0,0,0,0
6424,Hospitalisation,2003,September,Friday,18,Angle,Multi-Vehicle,153.3762614,-28.17529929,Petsch Ck Rd,,,Tallebudgera Valley,Gold Coast City,4228,Palm Beach,Gold Coast,South Eastern,SEQ South,South Coast,Currumbin Valley - Tallebudgera,Mudgeeraba - Tallebudgera,Gold Coast,Major Cities,Currumbin,Mcpherson,Locally-controlled,No Roadway Feature,No traffic control,60 km/h,Sealed - Dry,Clear,Darkness - Lighted,Curved - view open,Crest,308,Veh'S Same Direction: Right Turn S/Swipe,Parallel lanes turning,N,0,1,0,0,1,0,0,1,0,1,0,0
6425,Hospitalisation,2003,September,Friday,3,Hit object,Single Vehicle,151.590586,-27.73357504,Gore Hwy,,Gore Highway (Toowoomba-Millmerran),Yarranlea,Toowoomba Region,4356,Pittsworth,Darling Downs,Southern,Southern,Downs South West,Pittsworth,Darling Downs - East,Darling Downs - Maranoa,Inner Regional,Condamine,Groom,State-controlled,No Roadway Feature,No traffic control,100 - 110 km/h,Sealed - Dry,Clear,Darkness - Not lighted,Curved - view open,Level,804,Off Path-Curve: Off Cway Lt Bend Hit Obj,Off carriageway on curve hit object,N,0,1,0,0,1,0,0,1,0,0,0,0
6426,Hospitalisation,2003,September,Friday,3,Hit object,Single Vehicle,149.1452874,-21.25432908,Bruce Hwy,,Bruce Highway (St. Lawrence - Mackay),Chelona,Mackay Region,4740,Mackay,Mackay,Central,Central,Central Queensland,Walkerston - Eton,Mackay,Mackay - Isaac - Whitsunday,Outer Regional,Mirani,Capricornia,State-controlled,No Roadway Feature,No traffic control,100 - 110 km/h,Sealed - Dry,Clear,Darkness - Not lighted,Straight,Level,703,Off Path-Straight: Left Off Cway Hit Obj,Off carriageway on straight hit object,S,0,1,0,0,1,1,0,0,0,0,0,0
6427,Property damage only,2003,September,Saturday,14,Angle,Multi-Vehicle,153.0234772,-27.37360124,Gympie Rd,Webster Rd,Gympie Arterial Road,Aspley,Brisbane City,4034,Carseldine,North Brisbane,Brisbane,SEQ North,Metropolitan,Aspley,Chermside,Brisbane - North,Major Cities,Aspley,Lilley,State-controlled,Intersection - Cross,Operating traffic lights,60 km/h,Sealed - Dry,Clear,Daylight,Straight,Level,202,Veh'S Opposite Approach: Thru-Right,Opposing vehicles turning,N,0,0,0,0,0,2,0,0,0,0,0,0
6428,Hospitalisation,2003,September,Saturday,11,Hit object,Single Vehicle,152.6553376,-26.19252764,Gympie - Woolooga Rd,,Gympie - Woolooga Road,Southside,Gympie Region,4570,Gympie,Wide Bay Burnett,Central,Southern,North Coast and Wide Bay/Burnett,Gympie - South,Gympie - Cooloola,Wide Bay,Inner Regional,Gympie,Wide Bay,State-controlled,Bridge/Causeway,No traffic control,60 km/h,Sealed - Dry,Clear,Daylight,Curved - view open,Level,803,Off Path-Curve: Off Cway Rt Bend Hit Obj,Off carriageway on curve hit object,N,0,2,0,0,2,1,0,0,0,0,0,0
6429,Property damage only,2003,September,Saturday,11,Overturned,Single Vehicle,148.7296405,-20.28416312,Penticost St,,,Jubilee Pocket,Whitsunday Region,4802,Whitsunday,Mackay,Central,Central,Central Queensland,Airlie - Whitsundays,Whitsunday,Mackay - Isaac - Whitsunday,Outer Regional,Whitsunday,Dawson,Locally-controlled,No Roadway Feature,No traffic control,0 - 50 km/h,Sealed - Dry,Clear,Daylight,Straight,Level,701,Off Path-Straight: Left Off Cway,Off carriageway on straight,W,0,0,0,0,0,1,0,0,0,0,0,0
6430,Hospitalisation,2003,September,Saturday,12,Hit object,Single Vehicle,149.1772395,-21.14644922,Shakespeare St,,,Mackay,Mackay Region,4740,Mackay,Mackay,Central,Central,Central Queensland,Mackay,Mackay,Mackay - Isaac - Whitsunday,Inner Regional,Mackay,Dawson,Locally-controlled,No Roadway Feature,No traffic control,60 km/h,Sealed - Dry,Clear,Daylight,Straight,Level,703,Off Path-Straight: Left Off Cway Hit Obj,Off carriageway on straight hit object,W,0,1,0,0,1,1,0,0,0,0,0,0
6431,Hospitalisation,2003,September,Sunday,4,Hit pedestrian,Hit pedestrian,153.1079173,-27.23762073,Macdonnell Rd,,Brighton - Redcliffe Road,Margate,Moreton Bay Region,4019,Redcliffe,Moreton,Southern,SEQ North,North Coast and Wide Bay/Burnett,Margate - Woody Point,Redcliffe,Moreton Bay - North,Major Cities,Redcliffe,Petrie,State-controlled,No Roadway Feature,No traffic control,60 km/h,Sealed - Dry,Clear,Darkness - Lighted,Straight,Level,5,Ped'N: Hit Walking With Traffic,Pedestrian,W,0,1,0,0,1,1,0,0,0,0,1,0
6432,Property damage only,2003,September,Sunday,16,Rear-end,Multi-Vehicle,153.5049252,-28.15483786,Gold Coast Hwy,Loongana Ave,Gold Coast Highway (Broadbeach - Coolangatta),Bilinga,Gold Coast City,4225,Coolangatta,Gold Coast,South Eastern,SEQ South,South Coast,Currumbin - Tugun,Coolangatta,Gold Coast,Major Cities,Currumbin,Mcpherson,State-controlled,Intersection - Cross,Give way sign,70 km/h,Sealed - Dry,Clear,Daylight,Straight,Level,303,Veh'S Same Direction: Right Rear,Rear-end,E,0,0,0,0,0,2,0,0,0,0,0,0
6433,Property damage only,2003,September,Sunday,11,Hit object,Single Vehicle,152.6272086,-27.59596334,Mt Marrow Quarry Rd,,,Mount Marrow,Ipswich City,4306,Marburg,Ipswich,Southern,SEQ South,Metropolitan,Rosewood,Ipswich Hinterland,Ipswich,Inner Regional,Ipswich West,Blair,Locally-controlled,No Roadway Feature,No traffic control,80 - 90 km/h,Sealed - Dry,Clear,Daylight,Straight,Crest,703,Off Path-Straight: Left Off Cway Hit Obj,Off carriageway on straight hit object,S,0,0,0,0,0,1,0,0,0,0,0,0
6434,Minor injury,2003,September,Sunday,20,Hit pedestrian,Hit pedestrian,151.9563724,-27.56943701,Hume St,,,South Toowoomba,Toowoomba Region,4350,Toowoomba,Darling Downs,Southern,Southern,Downs South West,Toowoomba - Central,Toowoomba,Toowoomba,Inner Regional,Toowoomba South,Groom,Locally-controlled,No Roadway Feature,No traffic control,60 km/h,Sealed - Dry,Clear,Darkness - Lighted,Straight,Level,4,Ped'N: Play; Work; Stand; Lie On C'Way,Pedestrian,S,0,0,0,1,1,1,0,0,0,0,1,0
6435,Hospitalisation,2003,September,Sunday,10,Rear-end,Multi-Vehicle,149.1631852,-21.12889139,Bruce Hwy,Rockleigh - North Mackay Rd,Bruce Highway (Mackay - Proserpine),Mount Pleasant,Mackay Region,4740,Mackay,Mackay,Central,Central,Central Queensland,Mount Pleasant - Glenella,Mackay,Mackay - Isaac - Whitsunday,Inner Regional,Mackay,Dawson,State-controlled,Intersection - T-Junction,Give way sign,80 - 90 km/h,Sealed - Dry,Clear,Daylight,Straight,Level,302,Veh'S Same Direction: Left Rear,Rear-end,W,0,2,0,0,2,2,0,0,0,0,0,0
6436,Hospitalisation,2003,September,Monday,16,Rear-end,Multi-Vehicle,152.9904203,-27.44238913,Dalmore St,Western Arterial Rd,Western Arterial Road (Toowong - Everton Park),Ashgrove,Brisbane City,4060,The Gap,North Brisbane,Brisbane,SEQ North,Metropolitan,Ashgrove,Brisbane Inner - West,Brisbane Inner City,Major Cities,Cooper,Brisbane,State-controlled,Intersection - T-Junction,No traffic control,60 km/h,Sealed - Dry,Clear,Daylight,Straight,Level,303,Veh'S Same Direction: Right Rear,Rear-end,N,0,1,0,0,1,2,0,0,0,0,0,0
6437,Medical treatment,2003,September,Monday,0,Hit object,Single Vehicle,152.9872438,-27.64155346,Logan Mwy,,Logan Motorway (Gailes - Loganholme),Heathwood,Brisbane City,4110,Inala,South Brisbane,Brisbane,SEQ South,Metropolitan,Pallara - Willawong,Rocklea - Acacia Ridge,Brisbane - South,Major Cities,Algester,Oxley,State-controlled,No Roadway Feature,No traffic control,100 - 110 km/h,Sealed - Dry,Clear,Darkness - Lighted,Straight,Level,708,Off Path-Straight: Mounts Traffic Island,Off carriageway on straight hit object,W,0,0,1,0,1,1,0,0,0,0,0,0
6438,Property damage only,2003,September,Monday,19,Hit object,Single Vehicle,153.1004616,-27.20107439,Endeavour Esp,,,Newport,Moreton Bay Region,4020,Redcliffe,Moreton,Southern,SEQ North,North Coast and Wide Bay/Burnett,Scarborough - Newport - Moreton Island,Redcliffe,Moreton Bay - North,Major Cities,Redcliffe,Petrie,Locally-controlled,No Roadway Feature,No traffic control,60 km/h,Sealed - Dry,Clear,Darkness - Lighted,Curved - view open,Level,803,Off Path-Curve: Off Cway Rt Bend Hit Obj,Off carriageway on curve hit object,N,0,0,0,0,0,1,0,0,0,0,0,0
6439,Property damage only,2003,September,Monday,16,Angle,Multi-Vehicle,153.0938846,-26.65759774,Maud St,,,Maroochydore,Sunshine Coast Region,4558,Maroochydore,Sunshine Coast,Central,SEQ North,North Coast and Wide Bay/Burnett,Maroochydore - Kuluin,Maroochy,Sunshine Coast,Major Cities,Maroochydore,Fairfax,Locally-controlled,No Roadway Feature,No traffic control,60 km/h,Sealed - Dry,Clear,Daylight,Straight,Level,202,Veh'S Opposite Approach: Thru-Right,Opposing vehicles turning,S,0,0,0,0,0,2,0,0,0,0,0,0
6440,Minor injury,2003,September,Tuesday,16,Rear-end,Multi-Vehicle,153.0158375,-27.35509325,Gympie Arterial Rd,,Gympie Arterial Road,Carseldine,Brisbane City,4034,Carseldine,North Brisbane,Brisbane,SEQ North,Metropolitan,Carseldine,Bald Hills - Everton Park,Brisbane - North,Major Cities,Aspley,Petrie,State-controlled,No Roadway Feature,No traffic control,60 km/h,Sealed - Dry,Clear,Daylight,Straight,Level,301,Veh'S Same Direction: Rear End,Rear-end,S,0,0,0,1,1,2,0,0,0,0,0,0
6441,Hospitalisation,2003,September,Tuesday,8,Angle,Multi-Vehicle,153.2033273,-27.70876431,Beenleigh Connection Rd,City Rd,Beenleigh Connection Road,Beenleigh,Logan City,4207,Beenleigh,Logan,South Eastern,SEQ South,South Coast,Beenleigh,Beenleigh,Logan - Beaudesert,Major Cities,Macalister,Forde,State-controlled,Intersection - Cross,Operating traffic lights,60 km/h,Sealed - Dry,Clear,Daylight,Straight,Grade,202,Veh'S Opposite Approach: Thru-Right,Opposing vehicles turning,S,0,1,0,0,1,2,0,0,0,0,0,0
6442,Hospitalisation,2003,September,Tuesday,17,Angle,Multi-Vehicle,153.5049459,-28.15480304,Gold Coast Hwy,Loongana Ave,Gold Coast Highway (Broadbeach - Coolangatta),Bilinga,Gold Coast City,4225,Coolangatta,Gold Coast,South Eastern,SEQ South,South Coast,Currumbin - Tugun,Coolangatta,Gold Coast,Major Cities,Currumbin,Mcpherson,State-controlled,Intersection - Cross,Give way sign,80 - 90 km/h,Sealed - Dry,Clear,Dawn/Dusk,Straight,Level,202,Veh'S Opposite Approach: Thru-Right,Opposing vehicles turning,W,0,1,0,0,1,1,0,0,0,1,0,0