Crash_Ref_Number,Crash_Severity,Crash_Year,Crash_Month,Crash_Day_Of_Week,Crash_Hour,Crash_Nature,Crash_Type,Crash_Longitude_GDA94,Crash_Latitude_GDA94,Crash_Street,Crash_Street_Intersecting,State_Road_Name,Loc_Suburb,Loc_Local_Government_Area,Loc_Post_Code,Loc_Police_Division,Loc_Police_District,Loc_Police_Region,Loc_Queensland_Transport_Region,Loc_Main_Roads_Region,Loc_ABS_Statistical_Area_2,Loc_ABS_Statistical_Area_3,Loc_ABS_Statistical_Area_4,Loc_ABS_Remoteness,Loc_State_Electorate,Loc_Federal_Electorate,Crash_Controlling_Authority,Crash_Roadway_Feature,Crash_Traffic_Control,Crash_Speed_Limit,Crash_Road_Surface_Condition,Crash_Atmospheric_Condition,Crash_Lighting_Condition,Crash_Road_Horiz_Align,Crash_Road_Vert_Align,Crash_DCA_Code,Crash_DCA_Description,Crash_DCA_Group_Description,DCA_Key_Approach_Dir,Count_Casualty_Fatality,Count_Casualty_Hospitalised,Count_Casualty_MedicallyTreated,Count_Casualty_MinorInjury,Count_Casualty_Total,Count_Unit_Car,Count_Unit_Motorcycle_Moped,Count_Unit_Truck,Count_Unit_Bus,Count_Unit_Bicycle,Count_Unit_Pedestrian,Count_Unit_Other
6586,Minor injury,2003,October,Wednesday,18,Angle,Multi-Vehicle,151.950362,-27.55109478,Bridge St,Mort St,,Toowoomba City,Toowoomba Region,4350,Toowoomba,Darling Downs,Southern,Southern,Downs South West,Toowoomba - Central,Toowoomba,Toowoomba,Inner Regional,Toowoomba North,Groom,Locally-controlled,Intersection - T-Junction,No traffic control,60 km/h,Sealed - Dry,Clear,Dawn/Dusk,Straight,Level,406,Veh'S Manoeuvring: Leaving Driveway,Vehicle leaving driveway,W,0,0,0,1,1,1,1,0,0,0,0,0
6587,Hospitalisation,2003,October,Thursday,5,Angle,Multi-Vehicle,153.0167706,-27.55801447,Beatty Rd,Griffith Arterial Rd,Griffith Arterial Road,Archerfield,Brisbane City,4108,Moorooka,South Brisbane,Brisbane,SEQ South,Metropolitan,Rocklea - Acacia Ridge,Rocklea - Acacia Ridge,Brisbane - South,Major Cities,Algester,Moreton,State-controlled,Intersection - Cross,Operating traffic lights,60 km/h,Sealed - Dry,Clear,Daylight,Straight,Level,306,Veh'S Same Direction: Lane Change Right,Lane changes,W,0,2,0,0,2,2,0,0,0,0,0,0
6588,Medical treatment,2003,October,Thursday,17,Angle,Multi-Vehicle,153.0547476,-27.49681059,Old Cleveland Rd,St Leonards St,,Coorparoo,Brisbane City,4151,Coorparoo,South Brisbane,Brisbane,SEQ South,Metropolitan,Coorparoo,Holland Park - Yeronga,Brisbane - South,Major Cities,Greenslopes,Griffith,Locally-controlled,Intersection - Cross,No traffic control,60 km/h,Sealed - Dry,Clear,Daylight,Straight,Level,101,Veh'S Adjacent Approach: Thru-Thru,Intersection from adjacent approaches,E,0,0,2,1,3,2,0,0,0,0,0,0
6589,Minor injury,2003,October,Thursday,6,Angle,Multi-Vehicle,152.9595455,-27.59539703,Progress Rd,Tamarind St,,Richlands,Brisbane City,4077,Inala,South Brisbane,Brisbane,SEQ South,Metropolitan,Inala - Richlands,Forest Lake - Oxley,Ipswich,Major Cities,Inala,Oxley,Locally-controlled,Intersection - Roundabout,Give way sign,60 km/h,Sealed - Dry,Clear,Daylight,Straight,Level,204,Veh'S Opposite Approach: Right-Right,Opposing vehicles turning,E,0,0,0,1,1,1,0,0,1,0,0,0
6590,Hospitalisation,2003,October,Thursday,19,Angle,Multi-Vehicle,153.034383,-27.3323935,Mustang St,Telegraph Rd,,Bracken Ridge,Brisbane City,4017,Sandgate,North Brisbane,Brisbane,SEQ North,Metropolitan,Bracken Ridge,Sandgate,Brisbane - North,Major Cities,Sandgate,Petrie,Locally-controlled,Intersection - T-Junction,No traffic control,60 km/h,Sealed - Dry,Clear,Darkness - Lighted,Straight,Level,104,Veh'S Adjacent Approach: Thru-Right,Intersection from adjacent approaches,E,0,1,0,0,1,1,0,0,0,1,0,0
6591,Minor injury,2003,October,Thursday,1,Hit object,Single Vehicle,152.9833503,-27.53067184,Oxley Rd,,,Sherwood,Brisbane City,4075,Sherwood,South Brisbane,Brisbane,SEQ South,Metropolitan,Sherwood,Sherwood - Indooroopilly,Brisbane - West,Major Cities,Miller,Moreton,Locally-controlled,No Roadway Feature,No traffic control,60 km/h,Sealed - Dry,Clear,Darkness - Lighted,Curved - view open,Level,804,Off Path-Curve: Off Cway Lt Bend Hit Obj,Off carriageway on curve hit object,N,0,0,0,1,1,1,0,0,0,0,0,0
6592,Hospitalisation,2003,October,Thursday,15,Rear-end,Multi-Vehicle,153.0201348,-27.4803167,Merivale St,,,South Brisbane,Brisbane City,4101,West End,South Brisbane,Brisbane,SEQ South,Metropolitan,South Brisbane,Brisbane Inner,Brisbane Inner City,Major Cities,South Brisbane,Griffith,Locally-controlled,No Roadway Feature,No traffic control,60 km/h,Sealed - Dry,Clear,Daylight,Straight,Level,303,Veh'S Same Direction: Right Rear,Rear-end,E,0,1,0,0,1,4,0,0,0,0,0,0
6593,Hospitalisation,2003,October,Thursday,11,Rear-end,Multi-Vehicle,152.9842086,-27.17851777,Bruce Hwy On Ramp,Deception Bay Rd,Deception Bay Road,Deception Bay,Moreton Bay Region,4508,Deception Bay,Moreton,Southern,SEQ North,North Coast and Wide Bay/Burnett,Deception Bay,Narangba - Burpengary,Moreton Bay - North,Major Cities,Bancroft,Petrie,State-controlled,Intersection - Interchange,No traffic control,70 km/h,Sealed - Dry,Clear,Daylight,Straight,Level,303,Veh'S Same Direction: Right Rear,Rear-end,E,0,2,0,0,2,2,0,0,0,0,0,0
6594,Medical treatment,2003,October,Thursday,8,Hit parked vehicle,Single Vehicle,152.8665907,-25.28416159,Charlton Esp,,,Torquay,Fraser Coast Region,4655,Hervey Bay,Wide Bay Burnett,Central,Southern,North Coast and Wide Bay/Burnett,Torquay - Scarness - Kawungan,Hervey Bay,Wide Bay,Inner Regional,Hervey Bay,Hinkler,Locally-controlled,No Roadway Feature,No traffic control,0 - 50 km/h,Unknown,Clear,Daylight,Straight,Level,400,Veh'S Manoeuvring: Other,Other,,0,0,1,0,1,1,0,0,0,1,0,0
6595,Property damage only,2003,October,Thursday,16,Angle,Multi-Vehicle,152.6827923,-25.52772754,Edward St,Neptune St,,Maryborough,Fraser Coast Region,4650,Maryborough,Wide Bay Burnett,Central,Southern,North Coast and Wide Bay/Burnett,Maryborough (qld),Maryborough,Wide Bay,Inner Regional,Maryborough,Wide Bay,Locally-controlled,Intersection - Cross,No traffic control,0 - 50 km/h,Sealed - Dry,Clear,Daylight,Straight,Level,101,Veh'S Adjacent Approach: Thru-Thru,Intersection from adjacent approaches,W,0,0,0,0,0,2,0,0,0,0,0,0
6596,Property damage only,2003,October,Thursday,14,Angle,Multi-Vehicle,149.1883098,-21.14153081,Brisbane St,Victoria St,,Mackay,Mackay Region,4740,Mackay,Mackay,Central,Central,Central Queensland,Mackay,Mackay,Mackay - Isaac - Whitsunday,Inner Regional,Mackay,Dawson,Locally-controlled,Intersection - Cross,Give way sign,60 km/h,Sealed - Dry,Clear,Daylight,Straight,Level,101,Veh'S Adjacent Approach: Thru-Thru,Intersection from adjacent approaches,W,0,0,0,0,0,2,0,0,0,0,0,0
6597,Minor injury,2003,October,Friday,11,Angle,Multi-Vehicle,153.0240812,-27.4727224,William St,,,Brisbane City,Brisbane City,4000,Brisbane City,North Brisbane,Brisbane,SEQ North,Metropolitan,Brisbane City,Brisbane Inner,Brisbane Inner City,Major Cities,Mcconnel,Brisbane,Locally-controlled,No Roadway Feature,No traffic control,0 - 50 km/h,Sealed - Dry,Clear,Daylight,Straight,Level,207,Veh'S Opposite Approach: U-Turn,U-turn,S,0,0,0,1,1,1,1,0,0,0,0,0
6598,Minor injury,2003,October,Friday,13,Rear-end,Multi-Vehicle,153.0479361,-27.47815288,Lytton Rd,,,East Brisbane,Brisbane City,4169,Dutton Park,South Brisbane,Brisbane,SEQ South,Metropolitan,East Brisbane,Brisbane Inner - East,Brisbane Inner City,Major Cities,South Brisbane,Griffith,Locally-controlled,No Roadway Feature,No traffic control,60 km/h,Sealed - Dry,Clear,Daylight,Straight,Level,301,Veh'S Same Direction: Rear End,Rear-end,E,0,0,0,2,2,2,0,1,0,0,0,0
6599,Property damage only,2003,October,Friday,21,Hit object,Single Vehicle,153.1327847,-27.59863871,Kerstin Ct,Parfrey Rd,,Rochedale South,Logan City,4123,Springwood,Logan,South Eastern,SEQ South,South Coast,Rochedale South - Priestdale,Springwood - Kingston,Logan - Beaudesert,Major Cities,Springwood,Rankin,Locally-controlled,Intersection - T-Junction,No traffic control,60 km/h,Sealed - Dry,Clear,Darkness - Lighted,Curved - view open,Grade,803,Off Path-Curve: Off Cway Rt Bend Hit Obj,Off carriageway on curve hit object,W,0,0,0,0,0,1,0,0,0,0,0,0
6600,Medical treatment,2003,October,Friday,22,Angle,Multi-Vehicle,153.3904577,-27.93439335,Gold Coast Hwy,Oxenford - Southport Rd,Gold Coast Highway (Helensvale - Southport),Biggera Waters,Gold Coast City,4216,Runaway Bay,Gold Coast,South Eastern,SEQ South,South Coast,Biggera Waters,Gold Coast - North,Gold Coast,Major Cities,Bonney,Fadden,State-controlled,Intersection - Cross,Operating traffic lights,70 km/h,Sealed - Dry,Clear,Darkness - Lighted,Straight,Level,202,Veh'S Opposite Approach: Thru-Right,Opposing vehicles turning,W,0,0,2,0,2,2,0,0,0,0,0,0
6601,Property damage only,2003,October,Friday,15,Sideswipe,Multi-Vehicle,149.1561292,-21.16432032,Bruce Hwy,,Bruce Highway (St. Lawrence - Mackay),West Mackay,Mackay Region,4740,Mackay,Mackay,Central,Central,Central Queensland,West Mackay,Mackay,Mackay - Isaac - Whitsunday,Inner Regional,Mackay,Dawson,State-controlled,No Roadway Feature,No traffic control,60 km/h,Sealed - Dry,Clear,Daylight,Straight,Level,307,Veh'S Same Direction: Lane Change Left,Lane changes,N,0,0,0,0,0,1,0,1,0,0,0,0
6602,Medical treatment,2003,October,Saturday,6,Angle,Multi-Vehicle,153.0386374,-27.50410227,Duke St,Juliette St,South-East Arterial Road (Pacific Motorway),Annerley,Brisbane City,4103,Annerley,South Brisbane,Brisbane,SEQ South,Metropolitan,Annerley,Holland Park - Yeronga,Brisbane - South,Major Cities,South Brisbane,Moreton,State-controlled,Intersection - Cross,Operating traffic lights,60 km/h,Sealed - Dry,Clear,Daylight,Straight,Level,101,Veh'S Adjacent Approach: Thru-Thru,Intersection from adjacent approaches,W,0,0,3,0,3,2,0,0,0,0,0,0
6603,Minor injury,2003,October,Saturday,12,Angle,Multi-Vehicle,153.0314777,-27.5125114,Ekibin Rd,Ipswich Rd,,Annerley,Brisbane City,4103,Annerley,South Brisbane,Brisbane,SEQ South,Metropolitan,Annerley,Holland Park - Yeronga,Brisbane - South,Major Cities,Miller,Moreton,Locally-controlled,Intersection - T-Junction,Operating traffic lights,60 km/h,Sealed - Dry,Clear,Daylight,Straight,Level,104,Veh'S Adjacent Approach: Thru-Right,Intersection from adjacent approaches,S,0,0,0,1,1,2,0,0,0,0,0,0
6604,Medical treatment,2003,October,Saturday,11,Angle,Multi-Vehicle,153.0678341,-27.32128501,Hancock St,Rainbow St,,Sandgate,Brisbane City,4017,Sandgate,North Brisbane,Brisbane,SEQ North,Metropolitan,Sandgate - Shorncliffe,Sandgate,Brisbane - North,Major Cities,Sandgate,Lilley,Locally-controlled,Intersection - T-Junction,No traffic control,60 km/h,Sealed - Dry,Clear,Daylight,Straight,Level,104,Veh'S Adjacent Approach: Thru-Right,Intersection from adjacent approaches,E,0,0,1,0,1,2,0,0,0,0,0,0
6605,Property damage only,2003,October,Saturday,1,Hit object,Single Vehicle,152.9721079,-27.35978439,Strathford Ave,,,Albany Creek,Moreton Bay Region,4035,Albany Creek,North Brisbane,Brisbane,SEQ North,North Coast and Wide Bay/Burnett,Albany Creek,The Hills District,Moreton Bay - South,Major Cities,Everton,Dickson,Locally-controlled,No Roadway Feature,No traffic control,0 - 50 km/h,Sealed - Dry,Clear,Darkness - Not lighted,Curved - view obscured,Level,607,Veh'S On Path: Temporary Object On C'Way,Other,N,0,0,0,0,0,2,0,0,0,0,0,0
6606,Property damage only,2003,October,Saturday,14,Rear-end,Multi-Vehicle,152.9953973,-27.31520839,Brisbane - Woodford Rd,,Brisbane - Woodford Road,Strathpine,Moreton Bay Region,4500,Petrie,North Brisbane,Brisbane,SEQ North,North Coast and Wide Bay/Burnett,Strathpine - Brendale,Strathpine,Moreton Bay - South,Major Cities,Pine Rivers,Dickson,State-controlled,No Roadway Feature,No traffic control,60 km/h,Sealed - Dry,Clear,Daylight,Straight,Level,301,Veh'S Same Direction: Rear End,Rear-end,E,0,0,0,0,0,2,0,0,0,0,0,0
6607,Property damage only,2003,October,Saturday,12,Angle,Multi-Vehicle,153.0975036,-27.23990323,Acacia St,Magnolia St,,Margate,Moreton Bay Region,4019,Redcliffe,Moreton,Southern,SEQ North,North Coast and Wide Bay/Burnett,Margate - Woody Point,Redcliffe,Moreton Bay - North,Major Cities,Redcliffe,Petrie,Locally-controlled,Intersection - T-Junction,No traffic control,60 km/h,Sealed - Dry,Clear,Daylight,Straight,Level,104,Veh'S Adjacent Approach: Thru-Right,Intersection from adjacent approaches,W,0,0,0,0,0,2,0,0,0,0,0,0
6608,Minor injury,2003,October,Saturday,8,Angle,Multi-Vehicle,153.4110071,-27.98404089,Benowa Rd,Southport - Burleigh Rd,,Southport,Gold Coast City,4215,Southport,Gold Coast,South Eastern,SEQ South,South Coast,Southport - South,Southport,Gold Coast,Major Cities,Southport,Moncrieff,Locally-controlled,Intersection - T-Junction,Pedestrian crossing sign,60 km/h,Sealed - Dry,Clear,Daylight,Straight,Level,103,Veh'S Adjacent Approach: Left-Thru,Intersection from adjacent approaches,E,0,0,0,1,1,1,0,0,0,1,0,0
6609,Medical treatment,2003,October,Saturday,12,Overturned,Single Vehicle,152.3073769,-27.56168242,Chadwick Rd,,,Gatton,Lockyer Valley Region,4343,Gatton,Darling Downs,Southern,SEQ South,Downs South West,Gatton,Toowoomba,Toowoomba,Inner Regional,Lockyer,Wright,Locally-controlled,No Roadway Feature,No traffic control,100 - 110 km/h,Unsealed - Dry,Clear,Daylight,Straight,Level,702,Off Path-Straight: Right Off Cway,Off carriageway on straight,W,0,0,1,0,1,1,0,0,0,0,0,0
6610,Hospitalisation,2003,October,Saturday,11,Angle,Multi-Vehicle,151.9525692,-28.57798415,Granite Belt Dr,New England Hwy,New England Highway (Warwick - Wallangarra),The Summit,Southern Downs Region,4377,Stanthorpe,Darling Downs,Southern,Southern,Downs South West,Stanthorpe Region,Granite Belt,Darling Downs - Maranoa,Outer Regional,Southern Downs,Maranoa,State-controlled,Intersection - T-Junction,Give way sign,100 - 110 km/h,Sealed - Dry,Clear,Daylight,Straight,Level,104,Veh'S Adjacent Approach: Thru-Right,Intersection from adjacent approaches,N,0,1,1,0,2,3,0,0,0,0,0,0
6611,Medical treatment,2003,October,Saturday,10,Angle,Multi-Vehicle,151.2663219,-27.19469333,Alfred St,Charles St,,Dalby,Western Downs Region,4405,Dalby,South West,Southern,Southern,Downs South West,Wambo,Darling Downs - East,Darling Downs - Maranoa,Inner Regional,Warrego,Maranoa,Locally-controlled,Intersection - Cross,No traffic control,0 - 50 km/h,Sealed - Dry,Clear,Daylight,Straight,Level,101,Veh'S Adjacent Approach: Thru-Thru,Intersection from adjacent approaches,E,0,0,1,2,3,2,0,0,0,0,0,0
6612,Property damage only,2003,October,Saturday,11,Struck by external load,Other,149.7901884,-22.76494245,Bruce Hwy,,Bruce Highway (Rockhampton-St Lawrence),Ogmore,Livingstone Shire,4706,Marlborough,Capricornia,Central,Central,Central Queensland,Rockhampton Region - North,Rockhampton,Central Queensland,Remote,Mirani,Capricornia,State-controlled,No Roadway Feature,No traffic control,100 - 110 km/h,Sealed - Dry,Clear,Daylight,Straight,Level,610,Pass & Misc: Load Hit Vehicle,Other,N,0,0,0,0,0,1,0,1,0,0,0,0
6613,Property damage only,2003,October,Sunday,7,Hit parked vehicle,Single Vehicle,153.0282713,-27.47002983,Charlotte St,,,Brisbane City,Brisbane City,4000,Brisbane City,North Brisbane,Brisbane,SEQ North,Metropolitan,Brisbane City,Brisbane Inner,Brisbane Inner City,Major Cities,Mcconnel,Brisbane,Locally-controlled,No Roadway Feature,No traffic control,0 - 50 km/h,Sealed - Dry,Clear,Daylight,Straight,Level,601,Veh'S On Path: Parked,Hit parked vehicle,W,0,0,0,0,0,2,0,0,0,0,0,0
6614,Medical treatment,2003,October,Sunday,2,Hit pedestrian,Hit pedestrian,153.0129295,-27.46516534,Petrie Tce,,,Petrie Terrace,Brisbane City,4000,Brisbane City,North Brisbane,Brisbane,SEQ North,Metropolitan,Brisbane City,Brisbane Inner,Brisbane Inner City,Major Cities,Mcconnel,Brisbane,Locally-controlled,No Roadway Feature,No traffic control,60 km/h,Sealed - Dry,Clear,Darkness - Lighted,Straight,Level,4,Ped'N: Play; Work; Stand; Lie On C'Way,Pedestrian,N,0,0,1,0,1,1,0,0,0,0,1,0
6615,Property damage only,2003,October,Sunday,7,Hit object,Single Vehicle,152.9767722,-27.04030115,Bruce Hwy On Ramp,Pumicestone Rd,,Caboolture,Moreton Bay Region,4516,Caboolture,Moreton,Southern,SEQ North,North Coast and Wide Bay/Burnett,Elimbah,Caboolture,Moreton Bay - North,Major Cities,Pumicestone,Longman,Locally-controlled,Intersection - Interchange,No traffic control,80 - 90 km/h,Sealed - Dry,Clear,Daylight,Straight,Level,201,Veh'S Opposite Approach: Head On,Head-on,E,0,0,0,0,0,2,0,0,0,0,0,0
6616,Medical treatment,2003,October,Sunday,15,Angle,Multi-Vehicle,153.0710445,-27.7793685,Alfred Rd,Mollenhagen Rd,,Stockleigh,Logan City,4280,Jimboomba,Logan,South Eastern,SEQ South,South Coast,Logan Village,Jimboomba,Logan - Beaudesert,Major Cities,Logan,Wright,Locally-controlled,Intersection - T-Junction,No traffic control,80 - 90 km/h,Sealed - Dry,Clear,Daylight,Curved - view open,Level,104,Veh'S Adjacent Approach: Thru-Right,Intersection from adjacent approaches,W,0,0,1,0,1,2,0,0,0,0,0,0
6617,Medical treatment,2003,October,Sunday,11,Sideswipe,Multi-Vehicle,152.2195092,-27.65088241,Mount Sylvia Rd,,Mount Sylvia Road,Upper Tenthill,Lockyer Valley Region,4343,Gatton,Darling Downs,Southern,SEQ South,Downs South West,Lockyer Valley - West,Toowoomba,Toowoomba,Inner Regional,Lockyer,Wright,State-controlled,No Roadway Feature,No traffic control,100 - 110 km/h,Sealed - Dry,Clear,Daylight,Straight,Level,305,Veh'S Same Direction: Lane Side Swipe,Lane changes,S,0,0,1,0,1,1,0,0,0,1,0,0
6618,Hospitalisation,2003,October,Sunday,0,Hit object,Single Vehicle,152.5802936,-26.20425607,Gympie - Woolooga Rd,,Gympie - Woolooga Road,The Palms,Gympie Region,4570,Gympie,Wide Bay Burnett,Central,Southern,North Coast and Wide Bay/Burnett,Gympie Region,Gympie - Cooloola,Wide Bay,Inner Regional,Gympie,Wide Bay,State-controlled,No Roadway Feature,No traffic control,60 km/h,Sealed - Dry,Clear,Darkness - Not lighted,Curved - view open,Level,804,Off Path-Curve: Off Cway Lt Bend Hit Obj,Off carriageway on curve hit object,W,0,2,0,0,2,1,0,0,0,0,0,0
6619,Hospitalisation,2003,October,Sunday,20,Hit object,Single Vehicle,151.9873815,-26.66856373,D'Aguilar Hwy,,D'Aguilar Highway (Yarraman - Kingaroy),Nanango,South Burnett Region,4615,Nanango,South West,Southern,Southern,North Coast and Wide Bay/Burnett,Nanango,Burnett,Wide Bay,Inner Regional,Nanango,Maranoa,State-controlled,No Roadway Feature,No traffic control,60 km/h,Sealed - Dry,Clear,Darkness - Not lighted,Curved - view open,Level,502,Veh'S Overtaking: Out Of Control,Off carriageway on straight,E,0,1,0,0,1,1,0,0,0,0,0,0
6620,Property damage only,2003,October,Sunday,16,Hit object,Single Vehicle,151.2530695,-23.83605999,Flinders Pde,,,Gladstone Central,Gladstone Region,4680,Gladstone,Capricornia,Central,Central,Central Queensland,Gladstone,Gladstone,Central Queensland,Inner Regional,Gladstone,Flynn,Locally-controlled,No Roadway Feature,No traffic control,0 - 50 km/h,Sealed - Dry,Clear,Daylight,Straight,Level,400,Veh'S Manoeuvring: Other,Other,E,0,0,0,0,0,1,0,0,0,0,0,0
6621,Medical treatment,2003,October,Monday,6,Sideswipe,Multi-Vehicle,153.0463276,-27.55808202,Griffith Arterial Rd,,Griffith Arterial Road,Salisbury,Brisbane City,4107,Upper Mount Gravatt,South Brisbane,Brisbane,SEQ South,Metropolitan,Salisbury - Nathan,Nathan,Brisbane - South,Major Cities,Toohey,Moreton,State-controlled,No Roadway Feature,No traffic control,60 km/h,Sealed - Dry,Clear,Daylight,Straight,Level,307,Veh'S Same Direction: Lane Change Left,Lane changes,E,0,0,2,0,2,1,0,0,0,2,0,0
6622,Hospitalisation,2003,October,Monday,17,Angle,Multi-Vehicle,153.138852,-27.54566763,Mt Gravatt - Capalaba Rd,Prout Rd,,Mackenzie,Brisbane City,4156,Capalaba,South Brisbane,Brisbane,SEQ South,Metropolitan,Rochedale - Burbank,Mt Gravatt,Brisbane - South,Major Cities,Mansfield,Bonner,Locally-controlled,Intersection - T-Junction,No traffic control,80 - 90 km/h,Sealed - Dry,Clear,Dawn/Dusk,Straight,Level,104,Veh'S Adjacent Approach: Thru-Right,Intersection from adjacent approaches,E,0,1,0,0,1,2,0,0,0,0,0,0
6623,Minor injury,2003,October,Monday,11,Angle,Multi-Vehicle,152.9907287,-27.42254595,Samford Rd,Wardell St,Samford Sub-Arterial Road,Enoggera,Brisbane City,4051,Ferny Grove,North Brisbane,Brisbane,SEQ North,Metropolitan,Enoggera,The Gap - Enoggera,Brisbane - West,Major Cities,Ferny Grove,Brisbane,State-controlled,Intersection - Cross,Operating traffic lights,60 km/h,Sealed - Dry,Clear,Daylight,Straight,Level,101,Veh'S Adjacent Approach: Thru-Thru,Intersection from adjacent approaches,S,0,0,0,1,1,3,0,0,0,0,0,0
6624,Property damage only,2003,October,Monday,17,Rear-end,Multi-Vehicle,151.9412914,-27.47452184,Cawdor Rd,New England Hwy,New England Highway (Yarraman-Toowoomba),Highfields,Toowoomba Region,4352,Toowoomba,Darling Downs,Southern,Southern,Downs South West,Highfields,Toowoomba,Toowoomba,Inner Regional,Toowoomba North,Groom,State-controlled,Intersection - T-Junction,Operating traffic lights,70 km/h,Sealed - Dry,Clear,Daylight,Curved - view open,Level,301,Veh'S Same Direction: Rear End,Rear-end,S,0,0,0,0,0,2,0,0,0,0,0,0
6625,Medical treatment,2003,October,Tuesday,22,Angle,Multi-Vehicle,153.0170806,-27.36412442,Gympie Rd,,Gympie Arterial Road,Aspley,Brisbane City,4034,Carseldine,North Brisbane,Brisbane,SEQ North,Metropolitan,Aspley,Chermside,Brisbane - North,Major Cities,Aspley,Lilley,State-controlled,No Roadway Feature,No traffic control,70 km/h,Sealed - Dry,Clear,Darkness - Lighted,Straight,Level,309,Veh'S Same Direction: Left Turn S/Swipe,Parallel lanes turning,N,0,0,1,0,1,1,1,0,0,0,0,0
6626,Property damage only,2003,October,Tuesday,16,Rear-end,Multi-Vehicle,153.0766825,-27.34515216,Gateway Arterial Rd,,Gateway Arterial Road (Gateway Motorway - North),Boondall,Brisbane City,4034,Boondall,North Brisbane,Brisbane,SEQ North,Metropolitan,Boondall,Nundah,Brisbane - North,Major Cities,Nudgee,Lilley,State-controlled,No Roadway Feature,No traffic control,100 - 110 km/h,Sealed - Dry,Clear,Daylight,Curved - view open,Level,301,Veh'S Same Direction: Rear End,Rear-end,N,0,0,0,0,0,3,0,0,0,0,0,0
6627,Medical treatment,2003,October,Tuesday,12,Rear-end,Multi-Vehicle,153.4105445,-28.02695451,Southport - Burleigh Rd,,Southport - Burleigh Road,Broadbeach Waters,Gold Coast City,4218,Broadbeach,Gold Coast,South Eastern,SEQ South,South Coast,Broadbeach Waters,Broadbeach - Burleigh,Gold Coast,Major Cities,Surfers Paradise,Moncrieff,State-controlled,No Roadway Feature,No traffic control,70 km/h,Sealed - Dry,Clear,Daylight,Straight,Level,301,Veh'S Same Direction: Rear End,Rear-end,S,0,0,1,0,1,2,0,0,0,0,0,0
6628,Property damage only,2003,October,Tuesday,12,Angle,Multi-Vehicle,149.190653,-21.15195061,Evan St,Wentford St,,Mackay,Mackay Region,4740,Mackay,Mackay,Central,Central,Central Queensland,Mackay,Mackay,Mackay - Isaac - Whitsunday,Inner Regional,Mackay,Dawson,Locally-controlled,Intersection - T-Junction,No traffic control,60 km/h,Sealed - Dry,Clear,Daylight,Straight,Level,202,Veh'S Opposite Approach: Thru-Right,Opposing vehicles turning,W,0,0,0,0,0,2,0,0,1,0,0,0
6629,Medical treatment,2003,October,Wednesday,13,Rear-end,Multi-Vehicle,153.0146982,-27.52165864,Cardross St,Fairfield Rd,,Yeronga,Brisbane City,4104,Annerley,South Brisbane,Brisbane,SEQ South,Metropolitan,Yeronga,Holland Park - Yeronga,Brisbane - South,Major Cities,Miller,Moreton,Locally-controlled,Intersection - T-Junction,Operating traffic lights,60 km/h,Sealed - Dry,Clear,Daylight,Straight,Level,302,Veh'S Same Direction: Left Rear,Rear-end,S,0,0,1,0,1,2,0,0,0,0,0,0
6630,Medical treatment,2003,October,Wednesday,15,Rear-end,Multi-Vehicle,153.0278791,-27.56891222,Boundary Rd,,,Coopers Plains,Brisbane City,4108,Acacia Ridge,South Brisbane,Brisbane,SEQ South,Metropolitan,Coopers Plains,Nathan,Brisbane - South,Major Cities,Toohey,Moreton,Locally-controlled,No Roadway Feature,No traffic control,60 km/h,Sealed - Dry,Clear,Daylight,Straight,Level,301,Veh'S Same Direction: Rear End,Rear-end,E,0,0,1,0,1,3,0,0,0,0,0,0
6631,Property damage only,2003,October,Wednesday,9,Angle,Multi-Vehicle,153.0773947,-27.41146426,Airport Dr,Southern Cross Wy Ramp Xd,East-West Arterial Road,Hendra,Brisbane City,4011,Hendra,North Brisbane,Brisbane,SEQ North,Metropolitan,Brisbane Airport,Nundah,Brisbane - North,Major Cities,Clayfield,Lilley,State-controlled,Intersection - Roundabout,Give way sign,60 km/h,Sealed - Dry,Clear,Daylight,Straight,Level,308,Veh'S Same Direction: Right Turn S/Swipe,Parallel lanes turning,E,0,0,0,0,0,1,0,1,0,0,0,0
6632,Property damage only,2003,October,Wednesday,18,Angle,Multi-Vehicle,153.0916667,-26.65572108,Maroochydore - Mooloolaba Rd,Plaza Pde,Maroochydore - Mooloolaba Road,Maroochydore,Sunshine Coast Region,4558,Maroochydore,Sunshine Coast,Central,SEQ North,North Coast and Wide Bay/Burnett,Maroochydore - Kuluin,Maroochy,Sunshine Coast,Major Cities,Maroochydore,Fairfax,State-controlled,Intersection - T-Junction,Operating traffic lights,60 km/h,Sealed - Dry,Clear,Darkness - Lighted,Straight,Level,202,Veh'S Opposite Approach: Thru-Right,Opposing vehicles turning,S,0,0,0,0,0,2,0,0,0,0,0,0
6633,Property damage only,2003,October,Wednesday,5,Hit object,Single Vehicle,152.7160927,-25.60307618,Bidwill Rd,,,Bidwill,Fraser Coast Region,4650,Maryborough,Wide Bay Burnett,Central,Southern,North Coast and Wide Bay/Burnett,Granville,Maryborough,Wide Bay,Inner Regional,Maryborough,Wide Bay,Locally-controlled,No Roadway Feature,No traffic control,100 - 110 km/h,Sealed - Dry,Clear,Daylight,Curved - view obscured,Grade,800,Off Path-Curve: Other,Other,N,0,0,0,0,0,1,0,0,0,0,0,0