Crash_Ref_Number,Crash_Severity,Crash_Year,Crash_Month,Crash_Day_Of_Week,Crash_Hour,Crash_Nature,Crash_Type,Crash_Longitude_GDA94,Crash_Latitude_GDA94,Crash_Street,Crash_Street_Intersecting,State_Road_Name,Loc_Suburb,Loc_Local_Government_Area,Loc_Post_Code,Loc_Police_Division,Loc_Police_District,Loc_Police_Region,Loc_Queensland_Transport_Region,Loc_Main_Roads_Region,Loc_ABS_Statistical_Area_2,Loc_ABS_Statistical_Area_3,Loc_ABS_Statistical_Area_4,Loc_ABS_Remoteness,Loc_State_Electorate,Loc_Federal_Electorate,Crash_Controlling_Authority,Crash_Roadway_Feature,Crash_Traffic_Control,Crash_Speed_Limit,Crash_Road_Surface_Condition,Crash_Atmospheric_Condition,Crash_Lighting_Condition,Crash_Road_Horiz_Align,Crash_Road_Vert_Align,Crash_DCA_Code,Crash_DCA_Description,Crash_DCA_Group_Description,DCA_Key_Approach_Dir,Count_Casualty_Fatality,Count_Casualty_Hospitalised,Count_Casualty_MedicallyTreated,Count_Casualty_MinorInjury,Count_Casualty_Total,Count_Unit_Car,Count_Unit_Motorcycle_Moped,Count_Unit_Truck,Count_Unit_Bus,Count_Unit_Bicycle,Count_Unit_Pedestrian,Count_Unit_Other
6634,Property damage only,2003,October,Wednesday,9,Overturned,Single Vehicle,150.2423548,-23.92501892,Mortons Rd,,,Dixalea,Banana Shire,4702,Wowan,Capricornia,Central,Central,Central Queensland,Banana,Biloela,Central Queensland,Outer Regional,Callide,Flynn,Locally-controlled,No Roadway Feature,No traffic control,100 - 110 km/h,Unsealed - Dry,Clear,Daylight,Straight,Grade,702,Off Path-Straight: Right Off Cway,Off carriageway on straight,S,0,0,0,0,0,1,0,0,0,0,0,0
6635,Minor injury,2003,October,Thursday,8,Angle,Multi-Vehicle,153.0130473,-27.36340614,Albany Creek Rd,,Albany Creek Sub-Arterial Road,Aspley,Brisbane City,4034,Carseldine,North Brisbane,Brisbane,SEQ North,Metropolitan,Aspley,Chermside,Brisbane - North,Major Cities,Aspley,Petrie,State-controlled,Median Opening,No traffic control,60 km/h,Sealed - Dry,Clear,Daylight,Straight,Level,100,Veh'S Adjacent Approach: Other,Intersection from adjacent approaches,E,0,0,0,2,2,2,0,0,0,0,0,0
6636,Minor injury,2003,October,Thursday,14,Rear-end,Multi-Vehicle,152.9521818,-27.08252158,Beerburrum Rd,,Beerburrum Road,Caboolture,Moreton Bay Region,4510,Caboolture,Moreton,Southern,SEQ North,North Coast and Wide Bay/Burnett,Caboolture,Caboolture,Moreton Bay - North,Major Cities,Morayfield,Longman,State-controlled,No Roadway Feature,No traffic control,60 km/h,Sealed - Dry,Clear,Daylight,Straight,Level,303,Veh'S Same Direction: Right Rear,Rear-end,N,0,0,0,1,1,2,0,0,0,0,0,0
6637,Medical treatment,2003,October,Thursday,15,Hit object,Single Vehicle,152.9822245,-27.30600697,Leitchs Rd,,,Brendale,Moreton Bay Region,4500,Petrie,North Brisbane,Brisbane,SEQ North,North Coast and Wide Bay/Burnett,Strathpine - Brendale,Strathpine,Moreton Bay - South,Major Cities,Pine Rivers,Dickson,Locally-controlled,No Roadway Feature,No traffic control,60 km/h,Sealed - Wet,Raining,Daylight,Straight,Grade,700,Off Path-Straight: Other,Other,S,0,0,2,2,4,1,0,0,0,0,0,0
6638,Property damage only,2003,October,Thursday,22,Hit object,Single Vehicle,153.0272552,-27.6829855,Macauley Dr,Maclean Dr,,Boronia Heights,Logan City,4124,Browns Plains,Logan,South Eastern,SEQ South,South Coast,Boronia Heights - Park Ridge,Browns Plains,Logan - Beaudesert,Major Cities,Logan,Forde,Locally-controlled,Intersection - T-Junction,No traffic control,0 - 50 km/h,Sealed - Wet,Raining,Darkness - Lighted,Straight,Dip,700,Off Path-Straight: Other,Other,S,0,0,0,0,0,1,0,0,0,0,0,0
6639,Property damage only,2003,October,Thursday,16,Hit parked vehicle,Single Vehicle,153.1180665,-27.68566852,Carnation St,Muchow Rd,,Waterford West,Logan City,4133,Crestmead,Logan,South Eastern,SEQ South,South Coast,Waterford West,Loganlea - Carbrook,Logan - Beaudesert,Major Cities,Waterford,Forde,Locally-controlled,Intersection - T-Junction,Give way sign,60 km/h,Sealed - Dry,Clear,Daylight,Straight,Level,608,Veh'S On Path: Accident Or Broken Down,Hit parked vehicle,E,0,0,0,0,0,2,0,0,0,0,0,0
6640,Property damage only,2003,October,Thursday,15,Rear-end,Multi-Vehicle,153.3345709,-27.92494319,Gold Coast Hwy,,Gold Coast Highway (Helensvale - Southport),Helensvale,Gold Coast City,4212,Coomera,Gold Coast,South Eastern,SEQ South,South Coast,Helensvale,Ormeau - Oxenford,Gold Coast,Major Cities,Theodore,Fadden,State-controlled,No Roadway Feature,No traffic control,80 - 90 km/h,Sealed - Dry,Clear,Daylight,Straight,Grade,301,Veh'S Same Direction: Rear End,Rear-end,W,0,0,0,0,0,2,0,0,0,0,0,0
6641,Property damage only,2003,October,Thursday,17,Hit object,Single Vehicle,150.507393,-24.39192613,Kroombit St,,,Biloela,Banana Shire,4715,Biloela,Capricornia,Central,Central,Central Queensland,Biloela,Biloela,Central Queensland,Outer Regional,Callide,Flynn,Locally-controlled,No Roadway Feature,No traffic control,0 - 50 km/h,Sealed - Dry,Clear,Dawn/Dusk,Curved - view open,Level,405,Veh'S Manoeuvring: Rev Into Fixed Object,Other,N,0,0,0,0,0,1,0,0,0,0,0,0
6642,Minor injury,2003,October,Thursday,3,Overturned,Single Vehicle,149.1957939,-21.33965806,Bruce Hwy,,Bruce Highway (St. Lawrence - Mackay),Alligator Creek,Mackay Region,4740,Sarina,Mackay,Central,Central,Central Queensland,Sarina,Mackay,Mackay - Isaac - Whitsunday,Outer Regional,Mirani,Capricornia,State-controlled,No Roadway Feature,No traffic control,100 - 110 km/h,Sealed - Dry,Clear,Darkness - Not lighted,Curved - view obscured,Grade,802,Off Path-Curve: Off Cway Left Bend,Off carriageway on curve,S,0,0,0,1,1,1,0,0,0,0,0,0
6643,Minor injury,2003,October,Friday,6,Hit pedestrian,Hit pedestrian,153.0240539,-27.46925355,Adelaide St,,,Brisbane City,Brisbane City,4000,Brisbane City,North Brisbane,Brisbane,SEQ North,Metropolitan,Brisbane City,Brisbane Inner,Brisbane Inner City,Major Cities,Mcconnel,Brisbane,Locally-controlled,No Roadway Feature,No traffic control,0 - 50 km/h,Sealed - Wet,Raining,Daylight,Straight,Level,2,Ped'N: Hit Emerging Behind Vehicle,Pedestrian,W,0,0,0,1,1,0,0,0,1,0,1,0
6644,Medical treatment,2003,October,Friday,8,Rear-end,Multi-Vehicle,153.1207826,-27.53502869,Gateway Arterial Rd,,Gateway Motorway (Eight Mile Plains - Nudgee),Mackenzie,Brisbane City,4156,Carina,South Brisbane,Brisbane,SEQ South,Metropolitan,Carindale,Carindale,Brisbane - South,Major Cities,Mansfield,Bonner,State-controlled,No Roadway Feature,No traffic control,100 - 110 km/h,Sealed - Wet,Raining,Daylight,Straight,Level,301,Veh'S Same Direction: Rear End,Rear-end,N,0,0,1,1,2,3,0,0,0,0,0,0
6645,Property damage only,2003,October,Friday,12,Hit parked vehicle,Single Vehicle,153.1093443,-27.6590858,Juers St,,,Kingston,Logan City,4114,Logan Central,Logan,South Eastern,SEQ South,South Coast,Kingston (qld.),Springwood - Kingston,Logan - Beaudesert,Major Cities,Woodridge,Rankin,Locally-controlled,No Roadway Feature,No traffic control,60 km/h,Sealed - Dry,Clear,Daylight,Straight,Level,200,Veh'S Opposite Approach: Other,Other,E,0,0,0,0,0,2,0,0,0,0,0,0
6646,Property damage only,2003,October,Friday,21,Hit object,Single Vehicle,153.0118996,-27.69822798,Middle Rd,,,Greenbank,Logan City,4124,Browns Plains,Logan,South Eastern,SEQ South,South Coast,Boronia Heights - Park Ridge,Browns Plains,Logan - Beaudesert,Major Cities,Logan,Forde,Locally-controlled,No Roadway Feature,No traffic control,0 - 50 km/h,Sealed - Dry,Clear,Darkness - Lighted,Straight,Level,704,Off Path-Straight:Right Off Cway Hit Obj,Off carriageway on straight hit object,N,0,0,0,0,0,1,0,0,0,0,0,0
6647,Property damage only,2003,October,Friday,15,Angle,Multi-Vehicle,153.0724545,-27.39266942,Oates Pde,Toombul Rd,,Northgate,Brisbane City,4013,Hendra,North Brisbane,Brisbane,SEQ North,Metropolitan,Northgate - Virginia,Nundah,Brisbane - North,Major Cities,Nudgee,Lilley,Locally-controlled,Intersection - Cross,Operating traffic lights,60 km/h,Sealed - Dry,Clear,Daylight,Straight,Level,101,Veh'S Adjacent Approach: Thru-Thru,Intersection from adjacent approaches,S,0,0,0,0,0,2,0,0,0,0,0,0
6648,Medical treatment,2003,October,Friday,18,Rear-end,Multi-Vehicle,153.3349736,-28.01296222,Alexander Dr,,,Highland Park,Gold Coast City,4211,Nerang,Gold Coast,South Eastern,SEQ South,South Coast,Highland Park,Nerang,Gold Coast,Major Cities,Gaven,Moncrieff,Locally-controlled,No Roadway Feature,No traffic control,60 km/h,Sealed - Dry,Clear,Dawn/Dusk,Straight,Grade,301,Veh'S Same Direction: Rear End,Rear-end,E,0,0,1,0,1,3,0,0,0,0,0,0
6649,Hospitalisation,2003,October,Friday,5,Angle,Multi-Vehicle,151.9563993,-27.5692949,Hume St,Warrego Hwy,Warrego Highway (Ipswich - Toowoomba),South Toowoomba,Toowoomba Region,4350,Toowoomba,Darling Downs,Southern,Southern,Downs South West,Toowoomba - Central,Toowoomba,Toowoomba,Inner Regional,Toowoomba South,Groom,State-controlled,Intersection - Cross,Operating traffic lights,60 km/h,Sealed - Dry,Clear,Dawn/Dusk,Straight,Level,101,Veh'S Adjacent Approach: Thru-Thru,Intersection from adjacent approaches,W,0,1,0,0,1,2,0,0,0,0,0,0
6650,Medical treatment,2003,October,Friday,4,Overturned,Single Vehicle,149.9967659,-23.70087823,Capricorn Hwy,,Capricorn Highway (Rockhampton - Duaringa),Gogango,Rockhampton Region,4702,Westwood,Capricornia,Central,Central,Central Queensland,Rockhampton Region - West,Rockhampton,Central Queensland,Outer Regional,Mirani,Flynn,State-controlled,No Roadway Feature,No traffic control,100 - 110 km/h,Sealed - Dry,Clear,Darkness - Not lighted,Curved - view open,Level,805,Off Path-Curve: Out Of Control On Cway,Out of control on curve,W,0,0,1,0,1,0,0,1,0,0,0,0
6651,Property damage only,2003,October,Saturday,17,Angle,Multi-Vehicle,152.9897579,-27.30634732,Brisbane - Woodford Rd,Learmonth St,Brisbane - Woodford Road,Strathpine,Moreton Bay Region,4500,Petrie,North Brisbane,Brisbane,SEQ North,North Coast and Wide Bay/Burnett,Strathpine - Brendale,Strathpine,Moreton Bay - South,Major Cities,Pine Rivers,Dickson,State-controlled,Intersection - T-Junction,Operating traffic lights,60 km/h,Sealed - Dry,Clear,Daylight,Straight,Level,104,Veh'S Adjacent Approach: Thru-Right,Intersection from adjacent approaches,S,0,0,0,0,0,2,0,0,0,0,0,0
6652,Hospitalisation,2003,October,Saturday,16,Angle,Multi-Vehicle,152.7563266,-27.58787395,Ipswich - Warrego Hwy Connection Rd,Waterworks Rd,Ipswich - Warrego Hwy Connection Road,North Ipswich,Ipswich City,4305,Karana Downs,Ipswich,Southern,SEQ South,Metropolitan,North Ipswich - Tivoli,Ipswich Inner,Ipswich,Major Cities,Ipswich West,Blair,State-controlled,Intersection - T-Junction,Give way sign,60 km/h,Sealed - Dry,Clear,Daylight,Curved - view open,Grade,202,Veh'S Opposite Approach: Thru-Right,Opposing vehicles turning,W,0,1,1,0,2,2,0,0,0,0,0,0
6653,Hospitalisation,2003,October,Saturday,12,Hit object,Single Vehicle,152.7691415,-26.80845461,Maleny - Stanley River Rd,Skermans La,Maleny - Stanley River Road,Booroobin,Moreton Bay Region,4552,Woodford,Moreton,Southern,SEQ North,North Coast and Wide Bay/Burnett,Woodford - Daguilar,Caboolture Hinterland,Moreton Bay - North,Inner Regional,Glass House,Longman,State-controlled,Intersection - T-Junction,No traffic control,100 - 110 km/h,Sealed - Dry,Clear,Daylight,Curved - view open,Grade,804,Off Path-Curve: Off Cway Lt Bend Hit Obj,Off carriageway on curve hit object,W,0,1,0,0,1,0,1,0,0,0,0,0
6654,Property damage only,2003,October,Saturday,16,Head-on,Multi-Vehicle,152.9561181,-26.90065368,Burgess St,,,Glass House Mountains,Sunshine Coast Region,4518,Beerwah,Sunshine Coast,Central,SEQ North,North Coast and Wide Bay/Burnett,Glass House Mountains,Sunshine Coast Hinterland,Sunshine Coast,Inner Regional,Glass House,Fisher,Locally-controlled,No Roadway Feature,No traffic control,60 km/h,Sealed - Dry,Clear,Daylight,Curved - view obscured,Level,201,Veh'S Opposite Approach: Head On,Head-on,W,0,0,0,0,0,2,0,0,0,0,0,0
6655,Minor injury,2003,October,Saturday,11,Angle,Multi-Vehicle,151.9935355,-26.6701894,Cairns St,D'Aguilar Hwy,D'Aguilar Highway (Yarraman - Kingaroy),Nanango,South Burnett Region,4615,Nanango,South West,Southern,Southern,North Coast and Wide Bay/Burnett,Nanango,Burnett,Wide Bay,Inner Regional,Nanango,Maranoa,State-controlled,Intersection - Cross,Give way sign,60 km/h,Sealed - Dry,Clear,Daylight,Straight,Level,101,Veh'S Adjacent Approach: Thru-Thru,Intersection from adjacent approaches,N,0,0,0,1,1,2,0,0,0,0,0,0
6656,Medical treatment,2003,October,Saturday,15,Angle,Multi-Vehicle,151.2620925,-27.19531449,Moreton St,Orpen St,,Dalby,Western Downs Region,4405,Dalby,South West,Southern,Southern,Downs South West,Wambo,Darling Downs - East,Darling Downs - Maranoa,Inner Regional,Warrego,Maranoa,Locally-controlled,Intersection - Cross,No traffic control,0 - 50 km/h,Sealed - Dry,Clear,Daylight,Straight,Level,101,Veh'S Adjacent Approach: Thru-Thru,Intersection from adjacent approaches,S,0,0,1,1,2,2,0,0,0,0,0,0
6657,Medical treatment,2003,October,Sunday,4,Rear-end,Multi-Vehicle,153.01122,-27.46863098,Coronation Dr,Coronation Dr On Ramp,,Brisbane City,Brisbane City,4000,Brisbane City,North Brisbane,Brisbane,SEQ North,Metropolitan,Brisbane City,Brisbane Inner,Brisbane Inner City,Major Cities,Cooper,Brisbane,Locally-controlled,Intersection - Interchange,Operating traffic lights,60 km/h,Sealed - Wet,Raining,Darkness - Lighted,Straight,Level,301,Veh'S Same Direction: Rear End,Rear-end,W,0,0,1,0,1,2,0,0,0,0,0,0
6658,Medical treatment,2003,October,Sunday,0,Hit pedestrian,Hit pedestrian,153.033195,-27.45702529,Brunswick St,,,Fortitude Valley,Brisbane City,4006,Fortitude Valley,North Brisbane,Brisbane,SEQ North,Metropolitan,Fortitude Valley,Brisbane Inner,Brisbane Inner City,Major Cities,Mcconnel,Brisbane,Locally-controlled,No Roadway Feature,No traffic control,0 - 50 km/h,Sealed - Dry,Clear,Darkness - Lighted,Straight,Level,4,Ped'N: Play; Work; Stand; Lie On C'Way,Pedestrian,E,0,0,1,0,1,1,0,0,0,0,1,0
6659,Hospitalisation,2003,October,Sunday,9,Angle,Multi-Vehicle,152.8578969,-26.76262332,Landsborough - Maleny Rd,,Landsborough - Maleny Road,Maleny,Sunshine Coast Region,4552,Maleny,Sunshine Coast,Central,SEQ North,North Coast and Wide Bay/Burnett,Caloundra Hinterland,Sunshine Coast Hinterland,Sunshine Coast,Inner Regional,Glass House,Fisher,State-controlled,No Roadway Feature,No traffic control,80 - 90 km/h,Sealed - Wet,Clear,Daylight,Curved - view open,Grade,202,Veh'S Opposite Approach: Thru-Right,Opposing vehicles turning,W,0,1,3,0,4,2,0,0,0,0,0,0
6660,Property damage only,2003,October,Sunday,2,Hit animal,Other,151.732329,-27.464459,Warrego Hwy,,Warrego Highway (Toowoomba - Dalby),Oakey,Toowoomba Region,4401,Oakey,Darling Downs,Southern,Southern,Downs South West,Jondaryan,Darling Downs - East,Darling Downs - Maranoa,Inner Regional,Condamine,Groom,State-controlled,No Roadway Feature,No traffic control,100 - 110 km/h,Sealed - Dry,Clear,Darkness - Not lighted,Straight,Level,609,Pass & Misc: Hit Animal,Hit animal,N,0,0,0,0,0,1,0,0,0,0,0,1
6661,Property damage only,2003,October,Sunday,8,Hit object,Single Vehicle,148.1604349,-23.51560967,Harris St,,,Emerald,Central Highlands Region,4720,Emerald,Capricornia,Central,Central,Central Queensland,Emerald,Central Highlands (qld),Central Queensland,Outer Regional,Gregory,Flynn,Locally-controlled,No Roadway Feature,No traffic control,0 - 50 km/h,Sealed - Dry,Clear,Daylight,Straight,Level,703,Off Path-Straight: Left Off Cway Hit Obj,Off carriageway on straight hit object,E,0,0,0,0,0,1,0,0,0,0,0,0
6662,Minor injury,2003,October,Sunday,16,Angle,Multi-Vehicle,150.6875119,-23.31253199,Cawarral Rd,Rockhampton - Emu Park Rd,Rockhampton - Emu Park Road,Tungamull,Livingstone Shire,4702,Lakes Creek,Capricornia,Central,Central,Central Queensland,Rockhampton Region - East,Rockhampton,Central Queensland,Inner Regional,Keppel,Capricornia,State-controlled,Intersection - T-Junction,Give way sign,100 - 110 km/h,Sealed - Dry,Clear,Daylight,Straight,Level,104,Veh'S Adjacent Approach: Thru-Right,Intersection from adjacent approaches,N,0,0,0,1,1,2,0,0,0,0,0,0
6663,Property damage only,2003,October,Monday,15,Rear-end,Multi-Vehicle,153.1376664,-27.63776725,Pacific Hwy,Pacific Hwy Ramp Cb,Pacific Highway (Pacific Motorway),Daisy Hill,Logan City,4127,Springwood,Logan,South Eastern,SEQ South,South Coast,Slacks Creek,Springwood - Kingston,Logan - Beaudesert,Major Cities,Waterford,Rankin,State-controlled,Intersection - Interchange,No traffic control,100 - 110 km/h,Sealed - Dry,Clear,Daylight,Straight,Level,302,Veh'S Same Direction: Left Rear,Rear-end,W,0,0,0,0,0,3,0,0,0,0,0,0
6664,Property damage only,2003,October,Monday,12,Rear-end,Multi-Vehicle,153.1219014,-27.67422368,Brisbane - Beenleigh Rd,Monash Rd,Brisbane - Beenleigh Road,Loganlea,Logan City,4131,Logan Central,Logan,South Eastern,SEQ South,South Coast,Loganlea,Loganlea - Carbrook,Logan - Beaudesert,Major Cities,Waterford,Forde,State-controlled,Intersection - Cross,Operating traffic lights,70 km/h,Sealed - Wet,Raining,Daylight,Straight,Level,301,Veh'S Same Direction: Rear End,Rear-end,S,0,0,0,0,0,2,0,0,0,0,0,0
6665,Minor injury,2003,October,Monday,11,Angle,Multi-Vehicle,152.3746144,-24.9163882,Goodwood Rd,Langbeckers Rd,Goodwood Road,Thabeban,Bundaberg Region,4670,Bundaberg,Wide Bay Burnett,Central,Southern,North Coast and Wide Bay/Burnett,Walkervale - Avenell Heights,Bundaberg,Wide Bay,Inner Regional,Bundaberg,Hinkler,State-controlled,Intersection - Cross,Stop sign,100 - 110 km/h,Sealed - Dry,Clear,Daylight,Straight,Level,101,Veh'S Adjacent Approach: Thru-Thru,Intersection from adjacent approaches,W,0,0,0,1,1,2,0,0,0,0,0,0
6666,Medical treatment,2003,October,Monday,8,Fall from vehicle,Single Vehicle,150.5123445,-23.38354943,Denison St,,,Rockhampton City,Rockhampton Region,4700,Rockhampton,Capricornia,Central,Central,Central Queensland,Rockhampton City,Rockhampton,Central Queensland,Inner Regional,Rockhampton,Capricornia,Locally-controlled,No Roadway Feature,No traffic control,60 km/h,Sealed - Dry,Clear,Daylight,Straight,Level,901,Pass & Misc: Fell In/From Vehicle,Other,N,0,0,1,0,1,1,0,0,0,0,0,0
6667,Medical treatment,2003,October,Tuesday,18,Angle,Multi-Vehicle,152.97962,-27.1397488,Bruce Hwy On Ramp,Uhlmann Rd,Bruce Highway (Brisbane - Gympie),Burpengary East,Moreton Bay Region,4505,Deception Bay,Moreton,Southern,SEQ North,North Coast and Wide Bay/Burnett,Burpengary - East,Caboolture,Moreton Bay - North,Major Cities,Bancroft,Longman,State-controlled,Intersection - Interchange,Give way sign,80 - 90 km/h,Sealed - Dry,Clear,Darkness - Lighted,Curved - view open,Level,104,Veh'S Adjacent Approach: Thru-Right,Intersection from adjacent approaches,S,0,0,1,0,1,2,0,0,0,0,0,0
6668,Medical treatment,2003,October,Tuesday,10,Angle,Multi-Vehicle,153.1247884,-27.61412484,Pacific Hwy Connection Rd,Pacific Hwy Service Rd,Pacific Highway Connection Road,Springwood,Logan City,4127,Springwood,Logan,South Eastern,SEQ South,South Coast,Springwood,Springwood - Kingston,Logan - Beaudesert,Major Cities,Springwood,Rankin,State-controlled,Intersection - Cross,Operating traffic lights,60 km/h,Sealed - Dry,Clear,Daylight,Straight,Level,101,Veh'S Adjacent Approach: Thru-Thru,Intersection from adjacent approaches,N,0,0,1,0,1,2,0,0,0,0,0,0
6669,Property damage only,2003,October,Tuesday,15,Rear-end,Multi-Vehicle,153.0158875,-27.18017229,Old Bay Rd,,,Deception Bay,Moreton Bay Region,4508,Deception Bay,Moreton,Southern,SEQ North,North Coast and Wide Bay/Burnett,Deception Bay,Narangba - Burpengary,Moreton Bay - North,Major Cities,Bancroft,Petrie,Locally-controlled,No Roadway Feature,Pedestrian crossing sign,60 km/h,Sealed - Dry,Clear,Daylight,Straight,Level,301,Veh'S Same Direction: Rear End,Rear-end,E,0,0,0,0,0,2,0,0,0,0,0,0
6670,Property damage only,2003,October,Tuesday,16,Angle,Multi-Vehicle,153.4249132,-28.03766393,Melody St,Sunshine Blvd,,Broadbeach Waters,Gold Coast City,4218,Broadbeach,Gold Coast,South Eastern,SEQ South,South Coast,Broadbeach Waters,Broadbeach - Burleigh,Gold Coast,Major Cities,Mermaid Beach,Moncrieff,Locally-controlled,Intersection - T-Junction,Operating traffic lights,60 km/h,Sealed - Dry,Clear,Daylight,Straight,Level,202,Veh'S Opposite Approach: Thru-Right,Opposing vehicles turning,N,0,0,0,0,0,2,0,0,0,0,0,0
6671,Property damage only,2003,October,Tuesday,19,Sideswipe,Multi-Vehicle,153.3360922,-27.91709081,Mildura Dr,,,Helensvale,Gold Coast City,4212,Coomera,Gold Coast,South Eastern,SEQ South,South Coast,Helensvale,Ormeau - Oxenford,Gold Coast,Major Cities,Theodore,Fadden,Locally-controlled,No Roadway Feature,No traffic control,60 km/h,Sealed - Dry,Clear,Darkness - Lighted,Straight,Level,201,Veh'S Opposite Approach: Head On,Head-on,E,0,0,0,0,0,2,0,0,0,0,0,0
6672,Medical treatment,2003,October,Tuesday,14,Overturned,Single Vehicle,153.0059429,-26.43637641,Beddington Rd,Wust Rd,,Doonan,Noosa Shire,4562,Noosa Heads,Sunshine Coast,Central,SEQ North,North Coast and Wide Bay/Burnett,Noosa Hinterland,Noosa Hinterland,Sunshine Coast,Major Cities,Noosa,Fairfax,Locally-controlled,Intersection - T-Junction,No traffic control,80 - 90 km/h,Sealed - Dry,Clear,Daylight,Curved - view obscured,Level,804,Off Path-Curve: Off Cway Lt Bend Hit Obj,Off carriageway on curve hit object,N,0,0,1,0,1,1,0,0,0,0,0,0
6673,Minor injury,2003,October,Tuesday,18,Angle,Multi-Vehicle,152.2787886,-27.55865784,Gatton - Helidon Rd,William St,Gatton - Helidon Road,Gatton,Lockyer Valley Region,4343,Gatton,Darling Downs,Southern,SEQ South,Downs South West,Gatton,Toowoomba,Toowoomba,Inner Regional,Lockyer,Wright,State-controlled,Intersection - Cross,Operating traffic lights,60 km/h,Sealed - Dry,Clear,Dawn/Dusk,Straight,Level,408,Veh'S Manoeuvring: Entering From Footway,Vehicle leaving driveway,E,0,0,0,1,1,1,0,0,0,1,0,0
6674,Property damage only,2003,October,Tuesday,14,Sideswipe,Multi-Vehicle,152.3042561,-27.55473711,Gatton - Helidon Rd,Gatton - Laidley Rd,Gatton - Helidon Road,Gatton,Lockyer Valley Region,4343,Gatton,Darling Downs,Southern,SEQ South,Downs South West,Gatton,Toowoomba,Toowoomba,Inner Regional,Lockyer,Wright,State-controlled,Intersection - T-Junction,No traffic control,100 - 110 km/h,Sealed - Dry,Clear,Daylight,Curved - view open,Level,303,Veh'S Same Direction: Right Rear,Rear-end,E,0,0,0,0,0,2,0,0,0,0,0,0
6675,Minor injury,2003,October,Tuesday,17,Rear-end,Multi-Vehicle,150.5049212,-23.37336833,Bruce Hwy,Denison St,Bruce Highway (Rockhampton-St Lawrence),Rockhampton City,Rockhampton Region,4700,Rockhampton,Capricornia,Central,Central,Central Queensland,Rockhampton City,Rockhampton,Central Queensland,Inner Regional,Rockhampton,Capricornia,State-controlled,Intersection - Cross,No traffic control,60 km/h,Sealed - Dry,Clear,Daylight,Straight,Level,301,Veh'S Same Direction: Rear End,Rear-end,N,0,0,0,1,1,3,0,0,0,0,0,0
6676,Minor injury,2003,October,Wednesday,17,Rear-end,Multi-Vehicle,152.9781102,-27.30261165,Samsonvale Rd,,,Strathpine,Moreton Bay Region,4500,Petrie,North Brisbane,Brisbane,SEQ North,North Coast and Wide Bay/Burnett,Strathpine - Brendale,Strathpine,Moreton Bay - South,Major Cities,Pine Rivers,Dickson,Locally-controlled,No Roadway Feature,No traffic control,60 km/h,Sealed - Dry,Clear,Daylight,Straight,Level,301,Veh'S Same Direction: Rear End,Rear-end,E,0,0,0,1,1,2,0,0,0,0,0,0
6677,Property damage only,2003,October,Wednesday,15,Rear-end,Multi-Vehicle,153.0567113,-27.21655559,Mewes Rd,Redcliffe Rd,Redcliffe Road,Rothwell,Moreton Bay Region,4022,Redcliffe,Moreton,Southern,SEQ North,North Coast and Wide Bay/Burnett,Rothwell - Kippa-ring,Redcliffe,Moreton Bay - North,Major Cities,Murrumba,Petrie,State-controlled,Intersection - T-Junction,Operating traffic lights,60 km/h,Sealed - Dry,Clear,Daylight,Straight,Level,301,Veh'S Same Direction: Rear End,Rear-end,W,0,0,0,0,0,2,0,0,0,0,0,0
6678,Minor injury,2003,October,Wednesday,19,Angle,Multi-Vehicle,153.1001989,-27.64352282,Bardon Rd,Springwood Connection Rd,Springwood Connection Road,Logan Central,Logan City,4114,Logan Central,Logan,South Eastern,SEQ South,South Coast,Logan Central,Springwood - Kingston,Logan - Beaudesert,Major Cities,Woodridge,Rankin,State-controlled,Intersection - T-Junction,Operating traffic lights,60 km/h,Sealed - Dry,Clear,Darkness - Lighted,Straight,Level,202,Veh'S Opposite Approach: Thru-Right,Opposing vehicles turning,E,0,0,0,2,2,2,0,0,0,0,0,0
6679,Minor injury,2003,October,Wednesday,8,Rear-end,Multi-Vehicle,153.0856071,-26.64546317,Bream St,Maroochydore - Noosa Rd,Maroochydore - Noosa Road,Maroochydore,Sunshine Coast Region,4558,Maroochydore,Sunshine Coast,Central,SEQ North,North Coast and Wide Bay/Burnett,Maroochydore - Kuluin,Maroochy,Sunshine Coast,Major Cities,Maroochydore,Fairfax,State-controlled,Intersection - T-Junction,No traffic control,60 km/h,Sealed - Dry,Clear,Daylight,Straight,Level,301,Veh'S Same Direction: Rear End,Rear-end,S,0,0,0,2,2,3,0,0,0,0,0,0
6680,Medical treatment,2003,October,Wednesday,15,Angle,Multi-Vehicle,152.9782995,-26.61550369,Bruce Hwy On Ramp,Nambour - Bli Bli Rd,Nambour - Bli Bli Road,Nambour,Sunshine Coast Region,4560,Nambour,Sunshine Coast,Central,SEQ North,North Coast and Wide Bay/Burnett,Bli Bli,Nambour,Sunshine Coast,Major Cities,Nicklin,Fairfax,State-controlled,Intersection - Interchange,No traffic control,60 km/h,Sealed - Dry,Clear,Daylight,Straight,Level,309,Veh'S Same Direction: Left Turn S/Swipe,Parallel lanes turning,E,0,0,1,0,1,1,1,0,0,0,0,0