Crash_Ref_Number,Crash_Severity,Crash_Year,Crash_Month,Crash_Day_Of_Week,Crash_Hour,Crash_Nature,Crash_Type,Crash_Longitude_GDA94,Crash_Latitude_GDA94,Crash_Street,Crash_Street_Intersecting,State_Road_Name,Loc_Suburb,Loc_Local_Government_Area,Loc_Post_Code,Loc_Police_Division,Loc_Police_District,Loc_Police_Region,Loc_Queensland_Transport_Region,Loc_Main_Roads_Region,Loc_ABS_Statistical_Area_2,Loc_ABS_Statistical_Area_3,Loc_ABS_Statistical_Area_4,Loc_ABS_Remoteness,Loc_State_Electorate,Loc_Federal_Electorate,Crash_Controlling_Authority,Crash_Roadway_Feature,Crash_Traffic_Control,Crash_Speed_Limit,Crash_Road_Surface_Condition,Crash_Atmospheric_Condition,Crash_Lighting_Condition,Crash_Road_Horiz_Align,Crash_Road_Vert_Align,Crash_DCA_Code,Crash_DCA_Description,Crash_DCA_Group_Description,DCA_Key_Approach_Dir,Count_Casualty_Fatality,Count_Casualty_Hospitalised,Count_Casualty_MedicallyTreated,Count_Casualty_MinorInjury,Count_Casualty_Total,Count_Unit_Car,Count_Unit_Motorcycle_Moped,Count_Unit_Truck,Count_Unit_Bus,Count_Unit_Bicycle,Count_Unit_Pedestrian,Count_Unit_Other
6681,Minor injury,2003,October,Wednesday,15,Rear-end,Multi-Vehicle,152.2843803,-27.55774612,Crescent St,Gatton - Helidon Rd,Gatton - Helidon Road,Gatton,Lockyer Valley Region,4343,Gatton,Darling Downs,Southern,SEQ South,Downs South West,Gatton,Toowoomba,Toowoomba,Inner Regional,Lockyer,Wright,State-controlled,Intersection - T-Junction,No traffic control,60 km/h,Sealed - Dry,Clear,Daylight,Straight,Grade,303,Veh'S Same Direction: Right Rear,Rear-end,W,0,0,0,1,1,2,0,0,0,0,0,0
6682,Property damage only,2003,October,Wednesday,7,Overturned,Single Vehicle,151.5630023,-24.33116107,Bruce Hwy,,Bruce Highway (Gin Gin - Benaraby),Miriam Vale,Gladstone Region,4677,Miriam Vale,Capricornia,Central,Central,Central Queensland,Agnes Water - Miriam Vale,Gladstone,Central Queensland,Outer Regional,Burnett,Flynn,State-controlled,No Roadway Feature,No traffic control,60 km/h,Sealed - Dry,Clear,Daylight,Curved - view open,Grade,805,Off Path-Curve: Out Of Control On Cway,Out of control on curve,S,0,0,0,0,0,0,0,1,0,0,0,0
6683,Hospitalisation,2003,October,Thursday,7,Sideswipe,Multi-Vehicle,153.0082277,-27.47073104,Coronation Dr,,,Milton,Brisbane City,4064,Brisbane City,North Brisbane,Brisbane,SEQ North,Metropolitan,Paddington - Milton,Brisbane Inner - West,Brisbane Inner City,Major Cities,Cooper,Brisbane,Locally-controlled,No Roadway Feature,LATM device,60 km/h,Sealed - Dry,Clear,Daylight,Straight,Level,201,Veh'S Opposite Approach: Head On,Head-on,W,0,1,0,0,1,5,0,0,1,0,0,0
6684,Medical treatment,2003,October,Thursday,15,Rear-end,Multi-Vehicle,153.0112194,-27.46342673,Hale St,,,Petrie Terrace,Brisbane City,4000,Brisbane City,North Brisbane,Brisbane,SEQ North,Metropolitan,Brisbane City,Brisbane Inner,Brisbane Inner City,Major Cities,Mcconnel,Brisbane,Locally-controlled,No Roadway Feature,No traffic control,60 km/h,Sealed - Dry,Clear,Daylight,Straight,Grade,301,Veh'S Same Direction: Rear End,Rear-end,S,0,0,1,0,1,2,0,0,0,0,0,0
6685,Property damage only,2003,October,Thursday,7,Rear-end,Multi-Vehicle,152.9770359,-27.04928872,Bruce Hwy,,Bruce Highway (Brisbane - Gympie),Caboolture,Moreton Bay Region,4510,Caboolture,Moreton,Southern,SEQ North,North Coast and Wide Bay/Burnett,Caboolture,Caboolture,Moreton Bay - North,Major Cities,Pumicestone,Longman,State-controlled,No Roadway Feature,No traffic control,100 - 110 km/h,Sealed - Dry,Clear,Daylight,Straight,Level,301,Veh'S Same Direction: Rear End,Rear-end,N,0,0,0,0,0,2,0,0,0,0,0,0
6686,Medical treatment,2003,October,Thursday,23,Hit object,Single Vehicle,153.2526863,-27.55684987,Panorama Dr,,,Thornlands,Redland City,4164,Cleveland,South Brisbane,Brisbane,SEQ South,Metropolitan,Thornlands,Cleveland - Stradbroke,Brisbane - East,Major Cities,Redlands,Bowman,Locally-controlled,No Roadway Feature,No traffic control,70 km/h,Sealed - Dry,Clear,Darkness - Lighted,Curved - view open,Level,804,Off Path-Curve: Off Cway Lt Bend Hit Obj,Off carriageway on curve hit object,S,0,0,1,0,1,1,0,0,0,0,0,0
6687,Minor injury,2003,October,Thursday,14,Rear-end,Multi-Vehicle,153.0842792,-27.22615124,Clontarf - Anzac Ave Rd,Redcliffe Rd,Clontarf - Anzac Avenue Road,Kippa-ring,Moreton Bay Region,4021,Redcliffe,Moreton,Southern,SEQ North,North Coast and Wide Bay/Burnett,Rothwell - Kippa-ring,Redcliffe,Moreton Bay - North,Major Cities,Redcliffe,Petrie,State-controlled,Intersection - Cross,Operating traffic lights,60 km/h,Sealed - Dry,Clear,Daylight,Straight,Level,301,Veh'S Same Direction: Rear End,Rear-end,N,0,0,0,1,1,2,0,0,0,0,0,0
6688,Minor injury,2003,October,Thursday,11,Rear-end,Multi-Vehicle,153.0637022,-27.38165371,Toombul Rd,Whitfield St,,Virginia,Brisbane City,4014,Boondall,North Brisbane,Brisbane,SEQ North,Metropolitan,Northgate - Virginia,Nundah,Brisbane - North,Major Cities,Nudgee,Lilley,Locally-controlled,Intersection - Roundabout,Give way sign,60 km/h,Sealed - Dry,Clear,Daylight,Straight,Grade,301,Veh'S Same Direction: Rear End,Rear-end,N,0,0,0,2,2,1,0,1,0,0,0,0
6689,Medical treatment,2003,October,Thursday,19,Angle,Multi-Vehicle,153.1026938,-26.40151529,Maroochydore - Noosa Rd,Solway Dr,,Noosa Heads,Noosa Shire,4567,Noosa Heads,Sunshine Coast,Central,SEQ North,North Coast and Wide Bay/Burnett,Sunshine Beach,Noosa,Sunshine Coast,Major Cities,Noosa,Wide Bay,Locally-controlled,Intersection - T-Junction,Give way sign,60 km/h,Sealed - Dry,Clear,Darkness - Lighted,Straight,Level,202,Veh'S Opposite Approach: Thru-Right,Opposing vehicles turning,N,0,0,4,0,4,2,0,0,0,0,0,0
6690,Minor injury,2003,October,Thursday,15,Rear-end,Multi-Vehicle,151.9675925,-27.5534986,Bridge St,Mary St,,East Toowoomba,Toowoomba Region,4350,Toowoomba,Darling Downs,Southern,Southern,Downs South West,Toowoomba - East,Toowoomba,Toowoomba,Inner Regional,Toowoomba North,Groom,Locally-controlled,Intersection - Cross,No traffic control,60 km/h,Sealed - Dry,Clear,Daylight,Straight,Level,303,Veh'S Same Direction: Right Rear,Rear-end,N,0,0,0,1,1,2,0,0,0,0,0,0
6691,Hospitalisation,2003,October,Friday,6,Rear-end,Multi-Vehicle,152.9870842,-27.38324143,Beckett Rd,Savalas St,,Mcdowall,Brisbane City,4053,Albany Creek,North Brisbane,Brisbane,SEQ North,Metropolitan,Mcdowall,Bald Hills - Everton Park,Brisbane - North,Major Cities,Aspley,Lilley,Locally-controlled,Intersection - T-Junction,No traffic control,60 km/h,Sealed - Dry,Clear,Daylight,Straight,Level,303,Veh'S Same Direction: Right Rear,Rear-end,S,0,1,0,0,1,3,0,0,0,0,0,0
6692,Hospitalisation,2003,October,Friday,18,Rear-end,Multi-Vehicle,152.9522548,-27.08253643,Beerburrum Rd,,Beerburrum Road,Caboolture,Moreton Bay Region,4510,Caboolture,Moreton,Southern,SEQ North,North Coast and Wide Bay/Burnett,Caboolture,Caboolture,Moreton Bay - North,Major Cities,Morayfield,Longman,State-controlled,No Roadway Feature,No traffic control,60 km/h,Sealed - Dry,Clear,Darkness - Lighted,Straight,Level,301,Veh'S Same Direction: Rear End,Rear-end,S,0,1,0,0,1,2,0,0,0,0,0,0
6693,Property damage only,2003,October,Friday,19,Hit object,Single Vehicle,152.7272941,-27.22539848,Laceys Creek Rd,,,Laceys Creek,Moreton Bay Region,4521,Dayboro,North Brisbane,Brisbane,SEQ North,North Coast and Wide Bay/Burnett,Dayboro,The Hills District,Moreton Bay - South,Inner Regional,Pine Rivers,Dickson,Locally-controlled,Bridge/Causeway,No traffic control,80 - 90 km/h,Unsealed - Wet,Raining,Darkness - Not lighted,Straight,Dip,600,Veh'S On Path: Other,Other,N,0,0,0,0,0,1,0,0,0,0,0,0
6694,Minor injury,2003,October,Friday,21,Angle,Multi-Vehicle,153.093236,-26.65676513,First Ave,Maroochydore - Mooloolaba Rd,Maroochydore - Mooloolaba Road,Maroochydore,Sunshine Coast Region,4558,Maroochydore,Sunshine Coast,Central,SEQ North,North Coast and Wide Bay/Burnett,Maroochydore - Kuluin,Maroochy,Sunshine Coast,Major Cities,Maroochydore,Fairfax,State-controlled,Intersection - T-Junction,Operating traffic lights,60 km/h,Sealed - Dry,Clear,Darkness - Lighted,Straight,Level,202,Veh'S Opposite Approach: Thru-Right,Opposing vehicles turning,N,0,0,0,3,3,2,0,0,0,0,0,0
6695,Medical treatment,2003,October,Friday,12,Sideswipe,Multi-Vehicle,153.4703034,-28.13314848,Pacific Hwy,,Pacific Highway (Pacific Motorway),Palm Beach,Gold Coast City,4221,Palm Beach,Gold Coast,South Eastern,SEQ South,South Coast,Palm Beach,Coolangatta,Gold Coast,Major Cities,Burleigh,Mcpherson,State-controlled,No Roadway Feature,No traffic control,100 - 110 km/h,Sealed - Dry,Clear,Daylight,Straight,Level,306,Veh'S Same Direction: Lane Change Right,Lane changes,S,0,0,1,1,2,2,0,0,0,0,0,0
6696,Property damage only,2003,October,Friday,11,Overturned,Single Vehicle,150.4341513,-23.15561852,Bruce Hwy,,Bruce Highway (Rockhampton-St Lawrence),Milman,Livingstone Shire,4702,North Rockhampton,Capricornia,Central,Central,Central Queensland,Rockhampton Region - North,Rockhampton,Central Queensland,Outer Regional,Mirani,Capricornia,State-controlled,No Roadway Feature,No traffic control,100 - 110 km/h,Sealed - Dry,Clear,Daylight,Straight,Level,701,Off Path-Straight: Left Off Cway,Off carriageway on straight,N,0,0,0,0,0,1,0,0,0,0,0,0
6697,Medical treatment,2003,October,Saturday,18,Rear-end,Multi-Vehicle,153.0596813,-27.48264428,Canara St,Hope St,,Norman Park,Brisbane City,4170,Morningside,South Brisbane,Brisbane,SEQ South,Metropolitan,Norman Park,Brisbane Inner - East,Brisbane Inner City,Major Cities,Bulimba,Griffith,Locally-controlled,Intersection - T-Junction,No traffic control,60 km/h,Sealed - Wet,Clear,Darkness - Not lighted,Straight,Level,301,Veh'S Same Direction: Rear End,Rear-end,W,0,0,2,0,2,2,0,0,0,0,0,0
6698,Medical treatment,2003,October,Saturday,9,Angle,Multi-Vehicle,153.2055102,-27.53507145,Capalaba - Victoria Point Rd,Neumann Rd,Capalaba - Victoria Point Road,Capalaba,Redland City,4157,Capalaba,South Brisbane,Brisbane,SEQ South,Metropolitan,Capalaba,Capalaba,Brisbane - East,Major Cities,Capalaba,Bowman,State-controlled,Intersection - Cross,Operating traffic lights,70 km/h,Sealed - Dry,Clear,Daylight,Straight,Level,104,Veh'S Adjacent Approach: Thru-Right,Intersection from adjacent approaches,E,0,0,3,0,3,2,0,0,0,0,0,0
6699,Property damage only,2003,October,Saturday,12,Rear-end,Multi-Vehicle,153.3526048,-27.98445712,Herbertson Dr,Southport - Nerang Rd,Southport - Nerang Road,Ashmore,Gold Coast City,4214,Nerang,Gold Coast,South Eastern,SEQ South,South Coast,Ashmore,Southport,Gold Coast,Major Cities,Southport,Moncrieff,State-controlled,Intersection - T-Junction,Give way sign,80 - 90 km/h,Sealed - Dry,Clear,Daylight,Straight,Level,102,Veh'S Adjacent Approach: Right-Thru,Intersection from adjacent approaches,W,0,0,0,0,0,1,0,0,0,0,0,1
6700,Minor injury,2003,October,Saturday,9,Overturned,Single Vehicle,151.7592546,-24.89111972,Bruce Hwy,,Bruce Highway (Gin Gin - Benaraby),Takilberan,Bundaberg Region,4671,Gin Gin,Wide Bay Burnett,Central,Southern,North Coast and Wide Bay/Burnett,Gin Gin,Burnett,Wide Bay,Outer Regional,Callide,Flynn,State-controlled,No Roadway Feature,No traffic control,100 - 110 km/h,Sealed - Dry,Clear,Daylight,Straight,Level,701,Off Path-Straight: Left Off Cway,Off carriageway on straight,S,0,0,0,1,1,1,0,0,0,0,0,0
6701,Minor injury,2003,October,Saturday,16,Struck by external load,Other,150.4242747,-23.60064916,Burnett Hwy,,Burnett Highway (Mt Morgan-Rockhampton),Struck Oil,Rockhampton Region,4714,Mount Morgan,Capricornia,Central,Central,Central Queensland,Mount Morgan,Rockhampton,Central Queensland,Inner Regional,Mirani,Flynn,State-controlled,No Roadway Feature,No traffic control,100 - 110 km/h,Sealed - Dry,Clear,Daylight,Straight,Crest,610,Pass & Misc: Load Hit Vehicle,Other,N,0,0,0,1,1,2,0,0,0,0,0,0
6702,Property damage only,2003,October,Sunday,22,Overturned,Single Vehicle,153.0440929,-27.51465813,South East Arterial Rd,,South-East Arterial Road (Pacific Motorway),Greenslopes,Brisbane City,4120,Coorparoo,South Brisbane,Brisbane,SEQ South,Metropolitan,Greenslopes,Holland Park - Yeronga,Brisbane - South,Major Cities,Greenslopes,Griffith,State-controlled,No Roadway Feature,No traffic control,100 - 110 km/h,Sealed - Dry,Clear,Darkness - Lighted,Curved - view open,Level,802,Off Path-Curve: Off Cway Left Bend,Off carriageway on curve,S,0,0,0,0,0,1,0,0,0,0,0,0
6703,Hospitalisation,2003,October,Sunday,8,Angle,Multi-Vehicle,153.0394771,-27.56318851,Musgrave Rd,Orange Grove Rd,,Coopers Plains,Brisbane City,4108,Upper Mount Gravatt,South Brisbane,Brisbane,SEQ South,Metropolitan,Coopers Plains,Nathan,Brisbane - South,Major Cities,Toohey,Moreton,Locally-controlled,Intersection - Cross,Operating traffic lights,60 km/h,Sealed - Dry,Clear,Daylight,Straight,Level,101,Veh'S Adjacent Approach: Thru-Thru,Intersection from adjacent approaches,N,0,1,0,0,1,2,0,0,0,0,0,0
6704,Property damage only,2003,October,Sunday,0,Hit object,Single Vehicle,153.306724,-27.86991089,Reserve Rd,,,Upper Coomera,Gold Coast City,4209,Coomera,Gold Coast,South Eastern,SEQ South,South Coast,Upper Coomera - Willow Vale,Ormeau - Oxenford,Gold Coast,Major Cities,Theodore,Forde,Locally-controlled,No Roadway Feature,No traffic control,60 km/h,Sealed - Dry,Clear,Darkness - Not lighted,Curved - view open,Grade,800,Off Path-Curve: Other,Other,W,0,0,0,0,0,1,0,0,0,0,0,0
6705,Property damage only,2003,October,Sunday,15,Hit parked vehicle,Single Vehicle,153.4088535,-27.95768216,Stevens St,,,Southport,Gold Coast City,4215,Southport,Gold Coast,South Eastern,SEQ South,South Coast,Southport - North,Southport,Gold Coast,Major Cities,Bonney,Moncrieff,Locally-controlled,No Roadway Feature,No traffic control,0 - 50 km/h,Sealed - Dry,Clear,Daylight,Straight,Level,601,Veh'S On Path: Parked,Hit parked vehicle,W,0,0,0,0,0,2,0,0,0,0,0,0
6706,Hospitalisation,2003,October,Sunday,1,Hit object,Single Vehicle,153.4138045,-27.96301287,Gold Coast Hwy,Nind St,,Southport,Gold Coast City,4215,Southport,Gold Coast,South Eastern,SEQ South,South Coast,Southport - North,Southport,Gold Coast,Major Cities,Southport,Moncrieff,Locally-controlled,Intersection - T-Junction,Operating traffic lights,60 km/h,Sealed - Wet,Clear,Darkness - Lighted,Straight,Level,610,Pass & Misc: Load Hit Vehicle,Other,N,0,1,0,0,1,3,0,0,0,0,0,0
6707,Property damage only,2003,October,Sunday,1,Hit object,Single Vehicle,152.623355,-27.56835284,Warrego Hwy,,Warrego Highway (Ipswich - Toowoomba),Haigslea,Ipswich City,4306,Marburg,Ipswich,Southern,SEQ South,Metropolitan,Rosewood,Ipswich Hinterland,Ipswich,Inner Regional,Ipswich West,Blair,State-controlled,No Roadway Feature,No traffic control,100 - 110 km/h,Sealed - Wet,Clear,Darkness - Not lighted,Straight,Grade,703,Off Path-Straight: Left Off Cway Hit Obj,Off carriageway on straight hit object,E,0,0,0,0,0,1,0,0,0,0,0,0
6708,Hospitalisation,2003,October,Monday,17,Rear-end,Multi-Vehicle,153.1036633,-27.50040519,Old Cleveland Rd,,,Carindale,Brisbane City,4152,Carina,South Brisbane,Brisbane,SEQ South,Metropolitan,Carindale,Carindale,Brisbane - South,Major Cities,Chatsworth,Bonner,Locally-controlled,No Roadway Feature,No traffic control,70 km/h,Sealed - Dry,Clear,Daylight,Straight,Level,301,Veh'S Same Direction: Rear End,Rear-end,E,0,1,0,0,1,0,1,0,1,0,0,0
6709,Hospitalisation,2003,October,Monday,15,Rear-end,Multi-Vehicle,152.9592922,-27.08128992,Payne St,,,Caboolture,Moreton Bay Region,4510,Caboolture,Moreton,Southern,SEQ North,North Coast and Wide Bay/Burnett,Caboolture,Caboolture,Moreton Bay - North,Major Cities,Morayfield,Longman,Locally-controlled,No Roadway Feature,No traffic control,0 - 50 km/h,Sealed - Dry,Clear,Daylight,Straight,Level,301,Veh'S Same Direction: Rear End,Rear-end,N,0,1,1,0,2,2,0,0,0,0,0,0
6710,Medical treatment,2003,October,Monday,16,Rear-end,Multi-Vehicle,152.9786214,-27.26956471,Redcliffe Rd,,Redcliffe Road,Petrie,Moreton Bay Region,4502,Petrie,North Brisbane,Brisbane,SEQ North,North Coast and Wide Bay/Burnett,Petrie,Strathpine,Moreton Bay - South,Major Cities,Kurwongbah,Dickson,State-controlled,No Roadway Feature,No traffic control,60 km/h,Sealed - Dry,Clear,Daylight,Straight,Level,301,Veh'S Same Direction: Rear End,Rear-end,N,0,0,3,0,3,3,0,0,0,0,0,0
6711,Property damage only,2003,October,Monday,6,Hit object,Single Vehicle,153.1218276,-27.66876152,Brisbane - Beenleigh Rd,Station Rd,Brisbane - Beenleigh Road,Loganlea,Logan City,4131,Logan Central,Logan,South Eastern,SEQ South,South Coast,Loganlea,Loganlea - Carbrook,Logan - Beaudesert,Major Cities,Waterford,Forde,State-controlled,Intersection - T-Junction,Operating traffic lights,70 km/h,Sealed - Dry,Clear,Daylight,Straight,Level,700,Off Path-Straight: Other,Other,N,0,0,0,0,0,1,0,0,0,0,0,0
6712,Property damage only,2003,October,Monday,10,Sideswipe,Multi-Vehicle,153.0327165,-27.66922792,Mt Lindesay Hwy,,Mount Lindesay Highway (Brisbane-Beaudesert),Hillcrest,Logan City,4118,Browns Plains,Logan,South Eastern,SEQ South,South Coast,Hillcrest,Browns Plains,Logan - Beaudesert,Major Cities,Algester,Rankin,State-controlled,No Roadway Feature,No traffic control,80 - 90 km/h,Sealed - Dry,Clear,Daylight,Straight,Level,307,Veh'S Same Direction: Lane Change Left,Lane changes,N,0,0,0,0,0,0,0,2,0,0,0,0
6713,Property damage only,2003,October,Monday,18,Sideswipe,Multi-Vehicle,152.638338,-26.96522395,Neurum Rd,Westvale Rd,,Mount Archer,Somerset Region,4514,Kilcoy,Moreton,Southern,SEQ North,North Coast and Wide Bay/Burnett,Kilcoy,Caboolture Hinterland,Moreton Bay - North,Inner Regional,Nanango,Blair,Locally-controlled,Intersection - T-Junction,No traffic control,100 - 110 km/h,Sealed - Dry,Clear,Dawn/Dusk,Straight,Level,506,Veh'S Overtaking: Overtake-Right Turn,Overtaking same direction,E,0,0,0,0,0,2,0,0,0,0,0,0
6714,Medical treatment,2003,October,Monday,7,Hit object,Single Vehicle,149.1956387,-21.3395583,Bruce Hwy,,Bruce Highway (St. Lawrence - Mackay),Alligator Creek,Mackay Region,4740,Sarina,Mackay,Central,Central,Central Queensland,Sarina,Mackay,Mackay - Isaac - Whitsunday,Outer Regional,Mirani,Capricornia,State-controlled,No Roadway Feature,No traffic control,100 - 110 km/h,Sealed - Dry,Clear,Daylight,Curved - view obscured,Level,800,Off Path-Curve: Other,Other,N,0,0,1,0,1,1,0,0,0,0,0,0
6715,Hospitalisation,2003,October,Tuesday,15,Rear-end,Multi-Vehicle,153.1390592,-27.47626138,Manly Rd,,,Tingalpa,Brisbane City,4173,Wynnum,South Brisbane,Brisbane,SEQ South,Metropolitan,Tingalpa,Wynnum - Manly,Brisbane - East,Major Cities,Lytton,Bonner,Locally-controlled,No Roadway Feature,No traffic control,70 km/h,Sealed - Dry,Clear,Daylight,Straight,Crest,301,Veh'S Same Direction: Rear End,Rear-end,E,0,1,0,0,1,1,1,0,0,0,0,0
6716,Hospitalisation,2003,October,Tuesday,7,Rear-end,Multi-Vehicle,153.1222819,-27.61040194,Rochedale Rd,Springwood Rd,,Rochedale South,Logan City,4123,Springwood,Logan,South Eastern,SEQ South,South Coast,Springwood,Springwood - Kingston,Logan - Beaudesert,Major Cities,Springwood,Rankin,Locally-controlled,Intersection - Cross,Operating traffic lights,60 km/h,Sealed - Dry,Clear,Daylight,Straight,Level,301,Veh'S Same Direction: Rear End,Rear-end,N,0,1,0,0,1,2,0,0,0,0,0,0
6717,Hospitalisation,2003,October,Tuesday,17,Rear-end,Multi-Vehicle,152.7409721,-27.62749116,Old Toowoomba Rd,Toongarra Rd,,Leichhardt,Ipswich City,4305,Ipswich,Ipswich,Southern,SEQ South,Metropolitan,Leichhardt - One Mile,Ipswich Inner,Ipswich,Major Cities,Ipswich West,Blair,Locally-controlled,Intersection - Roundabout,Give way sign,60 km/h,Sealed - Dry,Clear,Daylight,Straight,Level,302,Veh'S Same Direction: Left Rear,Rear-end,S,0,1,0,0,1,2,0,0,0,0,0,0
6718,Minor injury,2003,October,Tuesday,8,Rear-end,Multi-Vehicle,153.0480711,-27.40164514,Shaw Rd,,,Wavell Heights,Brisbane City,4012,Hendra,North Brisbane,Brisbane,SEQ North,Metropolitan,Nundah,Nundah,Brisbane - North,Major Cities,Nudgee,Lilley,Locally-controlled,No Roadway Feature,No traffic control,60 km/h,Sealed - Dry,Clear,Daylight,Straight,Crest,301,Veh'S Same Direction: Rear End,Rear-end,S,0,0,0,1,1,2,0,0,0,0,0,0
6719,Property damage only,2003,October,Tuesday,22,Hit parked vehicle,Single Vehicle,153.3703647,-28.04862188,Inwood Crct,,,Merrimac,Gold Coast City,4226,Mudgeeraba,Gold Coast,South Eastern,SEQ South,South Coast,Merrimac,Robina,Gold Coast,Major Cities,Mudgeeraba,Mcpherson,Locally-controlled,No Roadway Feature,No traffic control,0 - 50 km/h,Sealed - Wet,Raining,Darkness - Lighted,Straight,Level,200,Veh'S Opposite Approach: Other,Other,W,0,0,0,0,0,2,0,0,0,0,0,0
6720,Hospitalisation,2003,October,Tuesday,18,Angle,Multi-Vehicle,151.8431831,-26.55225726,Earl St,Hodge St,,Kingaroy,South Burnett Region,4610,Kingaroy,South West,Southern,Southern,North Coast and Wide Bay/Burnett,Kingaroy,Burnett,Wide Bay,Inner Regional,Nanango,Maranoa,Locally-controlled,Intersection - Cross,No traffic control,0 - 50 km/h,Sealed - Dry,Clear,Dawn/Dusk,Straight,Level,101,Veh'S Adjacent Approach: Thru-Thru,Intersection from adjacent approaches,S,0,1,1,0,2,2,0,0,0,0,0,0
6721,Minor injury,2003,October,Tuesday,6,Overturned,Single Vehicle,151.3897196,-28.33683663,Cunningham Hwy,,Cunningham Highway (Warwick - Inglewood),Gore,Goondiwindi Region,4352,Inglewood,Darling Downs,Southern,Southern,Downs South West,Inglewood - Waggamba,Darling Downs (west) - Maranoa,Darling Downs - Maranoa,Outer Regional,Southern Downs,Maranoa,State-controlled,No Roadway Feature,No traffic control,100 - 110 km/h,Sealed - Dry,Clear,Daylight,Curved - view open,Dip,801,Off Path-Curve: Off Cway Right Bend,Off carriageway on curve,E,0,0,0,1,1,0,0,1,0,0,0,0
6722,Property damage only,2003,October,Wednesday,11,Sideswipe,Multi-Vehicle,153.2012274,-27.70430106,Pacific Hwy,,Pacific Highway (Pacific Motorway),Beenleigh,Logan City,4207,Beenleigh,Logan,South Eastern,SEQ South,South Coast,Beenleigh,Beenleigh,Logan - Beaudesert,Major Cities,Macalister,Forde,State-controlled,No Roadway Feature,No traffic control,100 - 110 km/h,Sealed - Dry,Clear,Daylight,Straight,Level,307,Veh'S Same Direction: Lane Change Left,Lane changes,N,0,0,0,0,0,1,0,1,0,0,0,0
6723,Property damage only,2003,October,Wednesday,18,Hit object,Single Vehicle,153.2311315,-27.74034394,Pacific Hwy,,Pacific Highway (Pacific Motorway),Stapylton,Gold Coast City,4207,Coomera,Gold Coast,South Eastern,SEQ South,South Coast,Ormeau - Yatala,Ormeau - Oxenford,Gold Coast,Major Cities,Coomera,Fadden,State-controlled,No Roadway Feature,No traffic control,100 - 110 km/h,Sealed - Dry,Smoke/Dust,Darkness - Lighted,Straight,Level,704,Off Path-Straight:Right Off Cway Hit Obj,Off carriageway on straight hit object,N,0,0,0,0,0,1,0,0,0,0,0,0
6724,Property damage only,2003,October,Wednesday,20,Rear-end,Multi-Vehicle,152.9718631,-27.13914705,Aquatic Centre Dr,Burpengary - Caboolture Rd,Burpengary - Caboolture Road,Burpengary,Moreton Bay Region,4505,Burpengary,Moreton,Southern,SEQ North,North Coast and Wide Bay/Burnett,Burpengary,Narangba - Burpengary,Moreton Bay - North,Major Cities,Kurwongbah,Longman,State-controlled,Intersection - Roundabout,Give way sign,60 km/h,Sealed - Dry,Clear,Darkness - Lighted,Curved - view open,Level,306,Veh'S Same Direction: Lane Change Right,Lane changes,E,0,0,0,0,0,1,0,1,0,0,0,0
6725,Property damage only,2003,October,Wednesday,10,Rear-end,Multi-Vehicle,153.0875513,-26.68279079,Mooloolaba Rd,,Mooloolaba Road,Buderim,Sunshine Coast Region,4556,Maroochydore,Sunshine Coast,Central,SEQ North,North Coast and Wide Bay/Burnett,Buderim - North,Buderim,Sunshine Coast,Major Cities,Buderim,Fairfax,State-controlled,No Roadway Feature,No traffic control,60 km/h,Sealed - Dry,Clear,Daylight,Curved - view open,Grade,301,Veh'S Same Direction: Rear End,Rear-end,E,0,0,0,0,0,3,0,0,0,0,0,0
6726,Medical treatment,2003,October,Wednesday,16,Rear-end,Multi-Vehicle,152.7186369,-25.47775869,Maryborough - Hervey Bay Rd,,Maryborough - Hervey Bay Road,St Helens,Fraser Coast Region,4650,Maryborough,Wide Bay Burnett,Central,Southern,North Coast and Wide Bay/Burnett,Maryborough (qld),Maryborough,Wide Bay,Inner Regional,Maryborough,Wide Bay,State-controlled,No Roadway Feature,Road/Rail worker,60 km/h,Sealed - Dry,Clear,Daylight,Straight,Level,301,Veh'S Same Direction: Rear End,Rear-end,S,0,0,1,0,1,2,0,0,0,0,0,0
6727,Property damage only,2003,October,Wednesday,14,Hit object,Single Vehicle,151.9601279,-28.4589659,New England Hwy,,New England Highway (Warwick - Wallangarra),Dalveen,Southern Downs Region,4374,Warwick,Darling Downs,Southern,Southern,Downs South West,Southern Downs - West,Granite Belt,Darling Downs - Maranoa,Inner Regional,Southern Downs,Maranoa,State-controlled,No Roadway Feature,No traffic control,100 - 110 km/h,Sealed - Dry,Clear,Daylight,Straight,Level,703,Off Path-Straight: Left Off Cway Hit Obj,Off carriageway on straight hit object,S,0,0,0,0,0,1,0,0,0,0,0,0
6728,Property damage only,2003,October,Wednesday,15,Rear-end,Multi-Vehicle,151.2616868,-23.87403957,Gladstone - Benaraby Rd,,Gladstone - Benaraby Road,Sun Valley,Gladstone Region,4680,Gladstone,Capricornia,Central,Central,Central Queensland,Gladstone,Gladstone,Central Queensland,Inner Regional,Gladstone,Flynn,State-controlled,No Roadway Feature,No traffic control,60 km/h,Sealed - Dry,Clear,Daylight,Straight,Dip,301,Veh'S Same Direction: Rear End,Rear-end,W,0,0,0,0,0,2,0,0,0,0,0,0
6729,Property damage only,2003,October,Wednesday,14,Overturned,Single Vehicle,150.5038123,-23.26494287,Angela Rd,Bruce Hwy,Bruce Highway (Rockhampton-St Lawrence),Glenlee,Livingstone Shire,4711,North Rockhampton,Capricornia,Central,Central,Central Queensland,Glenlee - Rockyview,Rockhampton,Central Queensland,Inner Regional,Mirani,Capricornia,State-controlled,Intersection - T-Junction,No traffic control,80 - 90 km/h,Sealed - Dry,Clear,Daylight,Straight,Grade,707,Off Path-Straight: Right Turn,Off carriageway on straight,N,0,0,0,0,0,0,0,1,0,0,0,0